# Beveled gear / 倒角齿轮
v 0.45 -0.1 0
v 0.44903651545737155 -0.1 0.02943140815356438
v 0.4461501876182147 -0.1 0.05873678649902321
v 0.4413533761814537 -0.1 0.08779064490725771
v 0.43466662183008076 -0.1 0.11646857029613433
v 0.42611855827279754 -0.1 0.14464775938642271
v 0.415745789630079 -0.1 0.1722075445642904
v 0.4035927336897097 -0.1 0.1990299105985506
v 0.38971143170299744 -0.1 0.22499999999999998
v 0.37416132553614534 -0.1 0.250006604858821
v 0.3570090031310558 -0.1 0.2739426430539243
v 0.33832791336553986 -0.1 0.296705616795031
v 0.3181980515339464 -0.1 0.31819805153394637
v 0.29670561679503105 -0.1 0.3383279133655398
v 0.2739426430539243 -0.1 0.3570090031310558
v 0.25000660485882104 -0.1 0.37416132553614534
v 0.22500000000000006 -0.1 0.3897114317029974
v 0.19902991059855057 -0.1 0.40359273368970977
v 0.17220754456429044 -0.1 0.415745789630079
v 0.14464775938642277 -0.1 0.42611855827279754
v 0.11646857029613433 -0.1 0.43466662183008076
v 0.08779064490725776 -0.1 0.4413533761814537
v 0.05873678649902327 -0.1 0.4461501876182147
v 0.029431408153564372 -0.1 0.44903651545737155
v 2.7554552980815448e-17 -0.1 0.45
v -0.029431408153564417 -0.1 0.44903651545737155
v -0.05873678649902312 -0.1 0.44615018761821473
v -0.08779064490725769 -0.1 0.4413533761814537
v -0.11646857029613439 -0.1 0.43466662183008076
v -0.14464775938642263 -0.1 0.42611855827279754
v -0.17220754456429038 -0.1 0.415745789630079
v -0.19902991059855052 -0.1 0.40359273368970977
v -0.2249999999999999 -0.1 0.38971143170299744
v -0.25000660485882087 -0.1 0.3741613255361454
v -0.2739426430539243 -0.1 0.3570090031310558
v -0.296705616795031 -0.1 0.33832791336553986
v -0.31819805153394637 -0.1 0.3181980515339464
v -0.3383279133655398 -0.1 0.29670561679503105
v -0.35700900313105577 -0.1 0.2739426430539244
v -0.3741613255361454 -0.1 0.250006604858821
v -0.38971143170299744 -0.1 0.22499999999999998
v -0.4035927336897097 -0.1 0.1990299105985506
v -0.415745789630079 -0.1 0.17220754456429047
v -0.42611855827279754 -0.1 0.1446477593864228
v -0.4346666218300807 -0.1 0.11646857029613446
v -0.4413533761814537 -0.1 0.08779064490725788
v -0.4461501876182147 -0.1 0.05873678649902321
v -0.44903651545737155 -0.1 0.029431408153564403
v -0.45 -0.1 5.5109105961630896e-17
v -0.44903651545737155 -0.1 -0.029431408153564292
v -0.4461501876182147 -0.1 -0.058736786499023294
v -0.4413533761814537 -0.1 -0.08779064490725777
v -0.4346666218300808 -0.1 -0.11646857029613417
v -0.42611855827279754 -0.1 -0.1446477593864227
v -0.4157457896300791 -0.1 -0.17220754456429035
v -0.40359273368970977 -0.1 -0.1990299105985505
v -0.3897114317029974 -0.1 -0.22500000000000006
v -0.37416132553614545 -0.1 -0.25000660485882087
v -0.35700900313105594 -0.1 -0.27394264305392413
v -0.33832791336553986 -0.1 -0.296705616795031
v -0.3181980515339465 -0.1 -0.31819805153394637
v -0.2967056167950311 -0.1 -0.3383279133655398
v -0.2739426430539244 -0.1 -0.3570090031310557
v -0.250006604858821 -0.1 -0.37416132553614534
v -0.2250000000000002 -0.1 -0.3897114317029973
v -0.1990299105985506 -0.1 -0.4035927336897097
v -0.17220754456429066 -0.1 -0.41574578963007897
v -0.14464775938642283 -0.1 -0.42611855827279754
v -0.11646857029613429 -0.1 -0.43466662183008076
v -0.0877906449072579 -0.1 -0.44135337618145365
v -0.05873678649902323 -0.1 -0.4461501876182147
v -0.02943140815356423 -0.1 -0.44903651545737155
v -8.266365894244634e-17 -0.1 -0.45
v 0.029431408153564067 -0.1 -0.4490365154573716
v 0.05873678649902307 -0.1 -0.44615018761821473
v 0.08779064490725774 -0.1 -0.4413533761814537
v 0.11646857029613414 -0.1 -0.4346666218300808
v 0.14464775938642266 -0.1 -0.42611855827279754
v 0.1722075445642905 -0.1 -0.41574578963007897
v 0.19902991059855046 -0.1 -0.4035927336897098
v 0.22500000000000006 -0.1 -0.3897114317029974
v 0.2500066048588208 -0.1 -0.37416132553614545
v 0.27394264305392424 -0.1 -0.3570090031310558
v 0.2967056167950311 -0.1 -0.33832791336553975
v 0.3181980515339463 -0.1 -0.3181980515339465
v 0.33832791336553963 -0.1 -0.2967056167950312
v 0.3570090031310557 -0.1 -0.2739426430539244
v 0.37416132553614534 -0.1 -0.250006604858821
v 0.38971143170299727 -0.1 -0.2250000000000002
v 0.4035927336897097 -0.1 -0.19902991059855063
v 0.41574578963007897 -0.1 -0.1722075445642907
v 0.42611855827279754 -0.1 -0.14464775938642285
v 0.43466662183008076 -0.1 -0.1164685702961343
v 0.44135337618145365 -0.1 -0.08779064490725792
v 0.4461501876182147 -0.1 -0.05873678649902326
v 0.44903651545737155 -0.1 -0.02943140815356426
v 0.5 -0.16 0
v 0.49892946161930174 -0.16 0.03270156461507153
v 0.4957224306869052 -0.16 0.06526309611002579
v 0.4903926402016152 -0.16 0.09754516100806412
v 0.48296291314453416 -0.16 0.12940952255126037
v 0.47346506474755284 -0.16 0.1607197326515808
v 0.46193976625564337 -0.16 0.1913417161825449
v 0.44843637076634413 -0.16 0.22114434510950065
v 0.43301270189221935 -0.16 0.24999999999999997
v 0.4157348061512726 -0.16 0.2777851165098011
v 0.3966766701456176 -0.16 0.30438071450436033
v 0.3759199037394887 -0.16 0.3296729075500344
v 0.3535533905932738 -0.16 0.35355339059327373
v 0.3296729075500345 -0.16 0.37591990373948864
v 0.30438071450436033 -0.16 0.3966766701456176
v 0.27778511650980114 -0.16 0.4157348061512726
v 0.25000000000000006 -0.16 0.4330127018922193
v 0.22114434510950062 -0.16 0.4484363707663442
v 0.19134171618254492 -0.16 0.46193976625564337
v 0.16071973265158085 -0.16 0.4734650647475528
v 0.12940952255126037 -0.16 0.48296291314453416
v 0.09754516100806417 -0.16 0.4903926402016152
v 0.06526309611002586 -0.16 0.4957224306869052
v 0.032701564615071524 -0.16 0.49892946161930174
v 3.061616997868383e-17 -0.16 0.5
v -0.03270156461507157 -0.16 0.49892946161930174
v -0.06526309611002569 -0.16 0.49572243068690525
v -0.0975451610080641 -0.16 0.4903926402016152
v -0.12940952255126043 -0.16 0.48296291314453416
v -0.16071973265158068 -0.16 0.47346506474755284
v -0.19134171618254486 -0.16 0.46193976625564337
v -0.22114434510950057 -0.16 0.4484363707663442
v -0.2499999999999999 -0.16 0.43301270189221935
v -0.277785116509801 -0.16 0.4157348061512727
v -0.30438071450436033 -0.16 0.3966766701456176
v -0.3296729075500344 -0.16 0.3759199037394887
v -0.35355339059327373 -0.16 0.3535533905932738
v -0.37591990373948864 -0.16 0.3296729075500345
v -0.3966766701456175 -0.16 0.30438071450436044
v -0.4157348061512727 -0.16 0.2777851165098011
v -0.43301270189221935 -0.16 0.24999999999999997
v -0.44843637076634413 -0.16 0.22114434510950065
v -0.46193976625564337 -0.16 0.19134171618254495
v -0.4734650647475528 -0.16 0.16071973265158088
v -0.4829629131445341 -0.16 0.1294095225512605
v -0.4903926402016152 -0.16 0.0975451610080643
v -0.4957224306869052 -0.16 0.06526309611002579
v -0.49892946161930174 -0.16 0.03270156461507156
v -0.5 -0.16 6.123233995736766e-17
v -0.49892946161930174 -0.16 -0.032701564615071434
v -0.4957224306869052 -0.16 -0.06526309611002588
v -0.4903926402016152 -0.16 -0.09754516100806418
v -0.4829629131445342 -0.16 -0.12940952255126018
v -0.47346506474755284 -0.16 -0.16071973265158077
v -0.4619397662556434 -0.16 -0.19134171618254484
v -0.4484363707663442 -0.16 -0.22114434510950054
v -0.4330127018922193 -0.16 -0.25000000000000006
v -0.41573480615127273 -0.16 -0.277785116509801
v -0.3966766701456177 -0.16 -0.30438071450436016
v -0.3759199037394887 -0.16 -0.3296729075500344
v -0.35355339059327384 -0.16 -0.35355339059327373
v -0.32967290755003453 -0.16 -0.37591990373948864
v -0.30438071450436044 -0.16 -0.39667667014561747
v -0.2777851165098011 -0.16 -0.4157348061512726
v -0.2500000000000002 -0.16 -0.43301270189221924
v -0.22114434510950068 -0.16 -0.44843637076634413
v -0.19134171618254517 -0.16 -0.46193976625564326
v -0.1607197326515809 -0.16 -0.4734650647475528
v -0.12940952255126031 -0.16 -0.48296291314453416
v -0.09754516100806433 -0.16 -0.49039264020161516
v -0.06526309611002581 -0.16 -0.4957224306869052
v -0.032701564615071364 -0.16 -0.49892946161930174
v -9.184850993605148e-17 -0.16 -0.5
v 0.032701564615071184 -0.16 -0.4989294616193018
v 0.06526309611002563 -0.16 -0.49572243068690525
v 0.09754516100806415 -0.16 -0.4903926402016152
v 0.12940952255126015 -0.16 -0.4829629131445342
v 0.16071973265158074 -0.16 -0.47346506474755284
v 0.191341716182545 -0.16 -0.4619397662556433
v 0.2211443451095005 -0.16 -0.44843637076634424
v 0.25000000000000006 -0.16 -0.4330127018922193
v 0.2777851165098009 -0.16 -0.41573480615127273
v 0.3043807145043603 -0.16 -0.3966766701456176
v 0.32967290755003453 -0.16 -0.3759199037394886
v 0.3535533905932737 -0.16 -0.35355339059327384
v 0.37591990373948847 -0.16 -0.3296729075500347
v 0.39667667014561747 -0.16 -0.30438071450436044
v 0.4157348061512726 -0.16 -0.2777851165098011
v 0.4330127018922192 -0.16 -0.2500000000000002
v 0.44843637076634413 -0.16 -0.2211443451095007
v 0.46193976625564326 -0.16 -0.1913417161825452
v 0.4734650647475528 -0.16 -0.16071973265158093
v 0.48296291314453416 -0.16 -0.12940952255126034
v 0.49039264020161516 -0.16 -0.09754516100806436
v 0.4957224306869052 -0.16 -0.06526309611002584
v 0.49892946161930174 -0.16 -0.0327015646150714
v 1.4137142857142857 -0.16 0
v 1.2373450648158684 -0.16 0.0810998802453774
v 1.2293916281035249 -0.16 0.16185247835286395
v 1.2161737477000056 -0.16 0.24191199929999901
v 1.3655431395652313 -0.16 0.3658961814763636
v 1.174193360573931 -0.16 0.39858493697592035
v 1.1456106203139955 -0.16 0.4745274561327113
v 1.1121221995005335 -0.16 0.5484379758715616
v 1.2243124851215437 -0.16 0.7068571428571427
v 1.0310223192551562 -0.16 0.6889070889443067
v 0.9837581419611316 -0.16 0.7548641719708136
v 0.9322813612739319 -0.16 0.8175888107240854
v 0.9996469580888678 -0.16 0.9996469580888676
v 0.8175888107240855 -0.16 0.9322813612739318
v 0.7548641719708136 -0.16 0.9837581419611316
v 0.6889070889443069 -0.16 1.0310223192551562
v 0.706857142857143 -0.16 1.2243124851215434
v 0.5484379758715615 -0.16 1.1121221995005335
v 0.4745274561327114 -0.16 1.1456106203139955
v 0.3985849369759205 -0.16 1.174193360573931
v 0.3658961814763636 -0.16 1.3655431395652313
v 0.24191199929999913 -0.16 1.2161737477000056
v 0.16185247835286412 -0.16 1.2293916281035249
v 0.08109988024537738 -0.16 1.2373450648158684
v 8.656503374544434e-17 -0.16 1.4137142857142857
v -0.0810998802453775 -0.16 1.2373450648158684
v -0.1618524783528637 -0.16 1.229391628103525
v -0.24191199929999896 -0.16 1.2161737477000056
v -0.36589618147636377 -0.16 1.3655431395652313
v -0.39858493697592007 -0.16 1.174193360573931
v -0.47452745613271125 -0.16 1.1456106203139955
v -0.5484379758715614 -0.16 1.1121221995005335
v -0.7068571428571425 -0.16 1.2243124851215437
v -0.6889070889443064 -0.16 1.0310223192551562
v -0.7548641719708136 -0.16 0.9837581419611316
v -0.8175888107240854 -0.16 0.9322813612739319
v -0.9996469580888676 -0.16 0.9996469580888678
v -0.9322813612739318 -0.16 0.8175888107240855
v -0.9837581419611314 -0.16 0.7548641719708139
v -1.0310223192551562 -0.16 0.6889070889443067
v -1.2243124851215437 -0.16 0.7068571428571427
v -1.1121221995005335 -0.16 0.5484379758715616
v -1.1456106203139955 -0.16 0.47452745613271147
v -1.174193360573931 -0.16 0.39858493697592057
v -1.3655431395652313 -0.16 0.365896181476364
v -1.2161737477000056 -0.16 0.2419119992999995
v -1.2293916281035249 -0.16 0.16185247835286395
v -1.2373450648158684 -0.16 0.08109988024537747
v -1.4137142857142857 -0.16 1.7313006749088868e-16
v -1.2373450648158684 -0.16 -0.08109988024537715
v -1.2293916281035249 -0.16 -0.1618524783528642
v -1.2161737477000056 -0.16 -0.24191199929999915
v -1.3655431395652315 -0.16 -0.36589618147636305
v -1.174193360573931 -0.16 -0.3985849369759203
v -1.1456106203139957 -0.16 -0.4745274561327112
v -1.1121221995005335 -0.16 -0.5484379758715613
v -1.2243124851215434 -0.16 -0.706857142857143
v -1.0310223192551564 -0.16 -0.6889070889443064
v -0.9837581419611319 -0.16 -0.7548641719708132
v -0.9322813612739319 -0.16 -0.8175888107240854
v -0.9996469580888679 -0.16 -0.9996469580888676
v -0.8175888107240856 -0.16 -0.9322813612739318
v -0.7548641719708139 -0.16 -0.9837581419611313
v -0.6889070889443067 -0.16 -1.0310223192551562
v -0.7068571428571435 -0.16 -1.2243124851215432
v -0.5484379758715617 -0.16 -1.1121221995005335
v -0.474527456132712 -0.16 -1.1456106203139953
v -0.3985849369759206 -0.16 -1.174193360573931
v -0.36589618147636344 -0.16 -1.3655431395652313
v -0.24191199929999954 -0.16 -1.2161737477000056
v -0.161852478352864 -0.16 -1.2293916281035249
v -0.08109988024537698 -0.16 -1.2373450648158684
v -2.59695101236333e-16 -0.16 -1.4137142857142857
v 0.08109988024537654 -0.16 -1.2373450648158684
v 0.16185247835286357 -0.16 -1.229391628103525
v 0.2419119992999991 -0.16 -1.2161737477000056
v 0.365896181476363 -0.16 -1.3655431395652315
v 0.39858493697592023 -0.16 -1.174193360573931
v 0.4745274561327116 -0.16 -1.1456106203139955
v 0.5484379758715613 -0.16 -1.1121221995005337
v 0.706857142857143 -0.16 -1.2243124851215434
v 0.6889070889443063 -0.16 -1.0310223192551564
v 0.7548641719708135 -0.16 -0.9837581419611316
v 0.8175888107240856 -0.16 -0.9322813612739317
v 0.9996469580888675 -0.16 -0.9996469580888679
v 0.9322813612739314 -0.16 -0.8175888107240861
v 0.9837581419611313 -0.16 -0.7548641719708139
v 1.0310223192551562 -0.16 -0.6889070889443067
v 1.2243124851215432 -0.16 -0.7068571428571435
v 1.1121221995005335 -0.16 -0.5484379758715617
v 1.1456106203139953 -0.16 -0.4745274561327121
v 1.174193360573931 -0.16 -0.39858493697592073
v 1.3655431395652313 -0.16 -0.36589618147636355
v 1.2161737477000056 -0.16 -0.2419119992999996
v 1.2293916281035249 -0.16 -0.1618524783528641
v 1.2373450648158684 -0.16 -0.08109988024537707
v 1.4900000000000002 -0.1 0
v 1.2972166002101846 -0.1 0.08502406799918598
v 1.2888783197859535 -0.1 0.16968404988606706
v 1.2750208645241996 -0.1 0.2536174186209667
v 1.439229481170712 -0.1 0.38564037720275596
v 1.2310091683436375 -0.1 0.41787130489411006
v 1.2010433922646728 -0.1 0.4974884620746167
v 1.1659345639924947 -0.1 0.5749752972847018
v 1.2903778516388138 -0.1 0.745
v 1.080910495993309 -0.1 0.7222413029254828
v 1.0313593423786058 -0.1 0.7913898577113369
v 0.9773917497226706 -0.1 0.8571495596300895
v 1.0535891039679561 -0.1 1.053589103967956
v 0.8571495596300897 -0.1 0.9773917497226705
v 0.7913898577113369 -0.1 1.0313593423786058
v 0.722241302925483 -0.1 1.080910495993309
v 0.7450000000000002 -0.1 1.2903778516388138
v 0.5749752972847016 -0.1 1.165934563992495
v 0.49748846207461683 -0.1 1.2010433922646728
v 0.41787130489411023 -0.1 1.2310091683436373
v 0.38564037720275596 -0.1 1.439229481170712
v 0.2536174186209668 -0.1 1.2750208645241996
v 0.16968404988606722 -0.1 1.2888783197859535
v 0.08502406799918596 -0.1 1.2972166002101846
v 9.123618653647782e-17 -0.1 1.4900000000000002
v -0.08502406799918609 -0.1 1.2972166002101846
v -0.1696840498860668 -0.1 1.2888783197859537
v -0.25361741862096665 -0.1 1.2750208645241996
v -0.3856403772027561 -0.1 1.439229481170712
v -0.4178713048941098 -0.1 1.2310091683436375
v -0.49748846207461667 -0.1 1.2010433922646728
v -0.5749752972847015 -0.1 1.165934563992495
v -0.7449999999999998 -0.1 1.2903778516388138
v -0.7222413029254826 -0.1 1.080910495993309
v -0.7913898577113369 -0.1 1.0313593423786058
v -0.8571495596300895 -0.1 0.9773917497226706
v -1.053589103967956 -0.1 1.0535891039679561
v -0.9773917497226705 -0.1 0.8571495596300897
v -1.0313593423786056 -0.1 0.7913898577113372
v -1.080910495993309 -0.1 0.7222413029254828
v -1.2903778516388138 -0.1 0.745
v -1.1659345639924947 -0.1 0.5749752972847018
v -1.2010433922646728 -0.1 0.4974884620746169
v -1.2310091683436373 -0.1 0.4178713048941103
v -1.4392294811707118 -0.1 0.38564037720275635
v -1.2750208645241996 -0.1 0.2536174186209672
v -1.2888783197859535 -0.1 0.16968404988606706
v -1.2972166002101846 -0.1 0.08502406799918606
v -1.4900000000000002 -0.1 1.8247237307295564e-16
v -1.2972166002101846 -0.1 -0.08502406799918573
v -1.2888783197859535 -0.1 -0.1696840498860673
v -1.2750208645241996 -0.1 -0.2536174186209669
v -1.4392294811707123 -0.1 -0.3856403772027554
v -1.2310091683436375 -0.1 -0.41787130489411
v -1.201043392264673 -0.1 -0.4974884620746166
v -1.165934563992495 -0.1 -0.5749752972847014
v -1.2903778516388138 -0.1 -0.7450000000000002
v -1.0809104959933091 -0.1 -0.7222413029254826
v -1.031359342378606 -0.1 -0.7913898577113364
v -0.9773917497226706 -0.1 -0.8571495596300895
v -1.0535891039679561 -0.1 -1.053589103967956
v -0.8571495596300898 -0.1 -0.9773917497226705
v -0.7913898577113372 -0.1 -1.0313593423786054
v -0.7222413029254828 -0.1 -1.080910495993309
v -0.7450000000000008 -0.1 -1.2903778516388136
v -0.5749752972847018 -0.1 -1.1659345639924947
v -0.49748846207461744 -0.1 -1.2010433922646726
v -0.41787130489411034 -0.1 -1.2310091683436373
v -0.3856403772027558 -0.1 -1.439229481170712
v -0.25361741862096726 -0.1 -1.2750208645241994
v -0.1696840498860671 -0.1 -1.2888783197859535
v -0.08502406799918555 -0.1 -1.2972166002101846
v -2.7370855960943346e-16 -0.1 -1.4900000000000002
v 0.08502406799918508 -0.1 -1.2972166002101848
v 0.16968404988606667 -0.1 -1.2888783197859537
v 0.2536174186209668 -0.1 -1.2750208645241996
v 0.3856403772027553 -0.1 -1.4392294811707123
v 0.41787130489410995 -0.1 -1.2310091683436375
v 0.497488462074617 -0.1 -1.2010433922646726
v 0.5749752972847013 -0.1 -1.165934563992495
v 0.7450000000000002 -0.1 -1.2903778516388138
v 0.7222413029254824 -0.1 -1.0809104959933091
v 0.7913898577113367 -0.1 -1.0313593423786058
v 0.8571495596300898 -0.1 -0.9773917497226704
v 1.0535891039679557 -0.1 -1.0535891039679561
v 0.9773917497226701 -0.1 -0.8571495596300902
v 1.0313593423786054 -0.1 -0.7913898577113372
v 1.080910495993309 -0.1 -0.7222413029254828
v 1.2903778516388134 -0.1 -0.7450000000000008
v 1.1659345639924947 -0.1 -0.5749752972847019
v 1.2010433922646726 -0.1 -0.49748846207461755
v 1.2310091683436373 -0.1 -0.41787130489411045
v 1.439229481170712 -0.1 -0.3856403772027559
v 1.2750208645241994 -0.1 -0.25361741862096737
v 1.2888783197859535 -0.1 -0.1696840498860672
v 1.2972166002101846 -0.1 -0.08502406799918565
v 1.4900000000000002 0.1 0
v 1.2972166002101846 0.1 0.08502406799918598
v 1.2888783197859535 0.1 0.16968404988606706
v 1.2750208645241996 0.1 0.2536174186209667
v 1.439229481170712 0.1 0.38564037720275596
v 1.2310091683436375 0.1 0.41787130489411006
v 1.2010433922646728 0.1 0.4974884620746167
v 1.1659345639924947 0.1 0.5749752972847018
v 1.2903778516388138 0.1 0.745
v 1.080910495993309 0.1 0.7222413029254828
v 1.0313593423786058 0.1 0.7913898577113369
v 0.9773917497226706 0.1 0.8571495596300895
v 1.0535891039679561 0.1 1.053589103967956
v 0.8571495596300897 0.1 0.9773917497226705
v 0.7913898577113369 0.1 1.0313593423786058
v 0.722241302925483 0.1 1.080910495993309
v 0.7450000000000002 0.1 1.2903778516388138
v 0.5749752972847016 0.1 1.165934563992495
v 0.49748846207461683 0.1 1.2010433922646728
v 0.41787130489411023 0.1 1.2310091683436373
v 0.38564037720275596 0.1 1.439229481170712
v 0.2536174186209668 0.1 1.2750208645241996
v 0.16968404988606722 0.1 1.2888783197859535
v 0.08502406799918596 0.1 1.2972166002101846
v 9.123618653647782e-17 0.1 1.4900000000000002
v -0.08502406799918609 0.1 1.2972166002101846
v -0.1696840498860668 0.1 1.2888783197859537
v -0.25361741862096665 0.1 1.2750208645241996
v -0.3856403772027561 0.1 1.439229481170712
v -0.4178713048941098 0.1 1.2310091683436375
v -0.49748846207461667 0.1 1.2010433922646728
v -0.5749752972847015 0.1 1.165934563992495
v -0.7449999999999998 0.1 1.2903778516388138
v -0.7222413029254826 0.1 1.080910495993309
v -0.7913898577113369 0.1 1.0313593423786058
v -0.8571495596300895 0.1 0.9773917497226706
v -1.053589103967956 0.1 1.0535891039679561
v -0.9773917497226705 0.1 0.8571495596300897
v -1.0313593423786056 0.1 0.7913898577113372
v -1.080910495993309 0.1 0.7222413029254828
v -1.2903778516388138 0.1 0.745
v -1.1659345639924947 0.1 0.5749752972847018
v -1.2010433922646728 0.1 0.4974884620746169
v -1.2310091683436373 0.1 0.4178713048941103
v -1.4392294811707118 0.1 0.38564037720275635
v -1.2750208645241996 0.1 0.2536174186209672
v -1.2888783197859535 0.1 0.16968404988606706
v -1.2972166002101846 0.1 0.08502406799918606
v -1.4900000000000002 0.1 1.8247237307295564e-16
v -1.2972166002101846 0.1 -0.08502406799918573
v -1.2888783197859535 0.1 -0.1696840498860673
v -1.2750208645241996 0.1 -0.2536174186209669
v -1.4392294811707123 0.1 -0.3856403772027554
v -1.2310091683436375 0.1 -0.41787130489411
v -1.201043392264673 0.1 -0.4974884620746166
v -1.165934563992495 0.1 -0.5749752972847014
v -1.2903778516388138 0.1 -0.7450000000000002
v -1.0809104959933091 0.1 -0.7222413029254826
v -1.031359342378606 0.1 -0.7913898577113364
v -0.9773917497226706 0.1 -0.8571495596300895
v -1.0535891039679561 0.1 -1.053589103967956
v -0.8571495596300898 0.1 -0.9773917497226705
v -0.7913898577113372 0.1 -1.0313593423786054
v -0.7222413029254828 0.1 -1.080910495993309
v -0.7450000000000008 0.1 -1.2903778516388136
v -0.5749752972847018 0.1 -1.1659345639924947
v -0.49748846207461744 0.1 -1.2010433922646726
v -0.41787130489411034 0.1 -1.2310091683436373
v -0.3856403772027558 0.1 -1.439229481170712
v -0.25361741862096726 0.1 -1.2750208645241994
v -0.1696840498860671 0.1 -1.2888783197859535
v -0.08502406799918555 0.1 -1.2972166002101846
v -2.7370855960943346e-16 0.1 -1.4900000000000002
v 0.08502406799918508 0.1 -1.2972166002101848
v 0.16968404988606667 0.1 -1.2888783197859537
v 0.2536174186209668 0.1 -1.2750208645241996
v 0.3856403772027553 0.1 -1.4392294811707123
v 0.41787130489410995 0.1 -1.2310091683436375
v 0.497488462074617 0.1 -1.2010433922646726
v 0.5749752972847013 0.1 -1.165934563992495
v 0.7450000000000002 0.1 -1.2903778516388138
v 0.7222413029254824 0.1 -1.0809104959933091
v 0.7913898577113367 0.1 -1.0313593423786058
v 0.8571495596300898 0.1 -0.9773917497226704
v 1.0535891039679557 0.1 -1.0535891039679561
v 0.9773917497226701 0.1 -0.8571495596300902
v 1.0313593423786054 0.1 -0.7913898577113372
v 1.080910495993309 0.1 -0.7222413029254828
v 1.2903778516388134 0.1 -0.7450000000000008
v 1.1659345639924947 0.1 -0.5749752972847019
v 1.2010433922646726 0.1 -0.49748846207461755
v 1.2310091683436373 0.1 -0.41787130489411045
v 1.439229481170712 0.1 -0.3856403772027559
v 1.2750208645241994 0.1 -0.25361741862096737
v 1.2888783197859535 0.1 -0.1696840498860672
v 1.2972166002101846 0.1 -0.08502406799918565
v 1.4137142857142857 0.16 0
v 1.2373450648158684 0.16 0.0810998802453774
v 1.2293916281035249 0.16 0.16185247835286395
v 1.2161737477000056 0.16 0.24191199929999901
v 1.3655431395652313 0.16 0.3658961814763636
v 1.174193360573931 0.16 0.39858493697592035
v 1.1456106203139955 0.16 0.4745274561327113
v 1.1121221995005335 0.16 0.5484379758715616
v 1.2243124851215437 0.16 0.7068571428571427
v 1.0310223192551562 0.16 0.6889070889443067
v 0.9837581419611316 0.16 0.7548641719708136
v 0.9322813612739319 0.16 0.8175888107240854
v 0.9996469580888678 0.16 0.9996469580888676
v 0.8175888107240855 0.16 0.9322813612739318
v 0.7548641719708136 0.16 0.9837581419611316
v 0.6889070889443069 0.16 1.0310223192551562
v 0.706857142857143 0.16 1.2243124851215434
v 0.5484379758715615 0.16 1.1121221995005335
v 0.4745274561327114 0.16 1.1456106203139955
v 0.3985849369759205 0.16 1.174193360573931
v 0.3658961814763636 0.16 1.3655431395652313
v 0.24191199929999913 0.16 1.2161737477000056
v 0.16185247835286412 0.16 1.2293916281035249
v 0.08109988024537738 0.16 1.2373450648158684
v 8.656503374544434e-17 0.16 1.4137142857142857
v -0.0810998802453775 0.16 1.2373450648158684
v -0.1618524783528637 0.16 1.229391628103525
v -0.24191199929999896 0.16 1.2161737477000056
v -0.36589618147636377 0.16 1.3655431395652313
v -0.39858493697592007 0.16 1.174193360573931
v -0.47452745613271125 0.16 1.1456106203139955
v -0.5484379758715614 0.16 1.1121221995005335
v -0.7068571428571425 0.16 1.2243124851215437
v -0.6889070889443064 0.16 1.0310223192551562
v -0.7548641719708136 0.16 0.9837581419611316
v -0.8175888107240854 0.16 0.9322813612739319
v -0.9996469580888676 0.16 0.9996469580888678
v -0.9322813612739318 0.16 0.8175888107240855
v -0.9837581419611314 0.16 0.7548641719708139
v -1.0310223192551562 0.16 0.6889070889443067
v -1.2243124851215437 0.16 0.7068571428571427
v -1.1121221995005335 0.16 0.5484379758715616
v -1.1456106203139955 0.16 0.47452745613271147
v -1.174193360573931 0.16 0.39858493697592057
v -1.3655431395652313 0.16 0.365896181476364
v -1.2161737477000056 0.16 0.2419119992999995
v -1.2293916281035249 0.16 0.16185247835286395
v -1.2373450648158684 0.16 0.08109988024537747
v -1.4137142857142857 0.16 1.7313006749088868e-16
v -1.2373450648158684 0.16 -0.08109988024537715
v -1.2293916281035249 0.16 -0.1618524783528642
v -1.2161737477000056 0.16 -0.24191199929999915
v -1.3655431395652315 0.16 -0.36589618147636305
v -1.174193360573931 0.16 -0.3985849369759203
v -1.1456106203139957 0.16 -0.4745274561327112
v -1.1121221995005335 0.16 -0.5484379758715613
v -1.2243124851215434 0.16 -0.706857142857143
v -1.0310223192551564 0.16 -0.6889070889443064
v -0.9837581419611319 0.16 -0.7548641719708132
v -0.9322813612739319 0.16 -0.8175888107240854
v -0.9996469580888679 0.16 -0.9996469580888676
v -0.8175888107240856 0.16 -0.9322813612739318
v -0.7548641719708139 0.16 -0.9837581419611313
v -0.6889070889443067 0.16 -1.0310223192551562
v -0.7068571428571435 0.16 -1.2243124851215432
v -0.5484379758715617 0.16 -1.1121221995005335
v -0.474527456132712 0.16 -1.1456106203139953
v -0.3985849369759206 0.16 -1.174193360573931
v -0.36589618147636344 0.16 -1.3655431395652313
v -0.24191199929999954 0.16 -1.2161737477000056
v -0.161852478352864 0.16 -1.2293916281035249
v -0.08109988024537698 0.16 -1.2373450648158684
v -2.59695101236333e-16 0.16 -1.4137142857142857
v 0.08109988024537654 0.16 -1.2373450648158684
v 0.16185247835286357 0.16 -1.229391628103525
v 0.2419119992999991 0.16 -1.2161737477000056
v 0.365896181476363 0.16 -1.3655431395652315
v 0.39858493697592023 0.16 -1.174193360573931
v 0.4745274561327116 0.16 -1.1456106203139955
v 0.5484379758715613 0.16 -1.1121221995005337
v 0.706857142857143 0.16 -1.2243124851215434
v 0.6889070889443063 0.16 -1.0310223192551564
v 0.7548641719708135 0.16 -0.9837581419611316
v 0.8175888107240856 0.16 -0.9322813612739317
v 0.9996469580888675 0.16 -0.9996469580888679
v 0.9322813612739314 0.16 -0.8175888107240861
v 0.9837581419611313 0.16 -0.7548641719708139
v 1.0310223192551562 0.16 -0.6889070889443067
v 1.2243124851215432 0.16 -0.7068571428571435
v 1.1121221995005335 0.16 -0.5484379758715617
v 1.1456106203139953 0.16 -0.4745274561327121
v 1.174193360573931 0.16 -0.39858493697592073
v 1.3655431395652313 0.16 -0.36589618147636355
v 1.2161737477000056 0.16 -0.2419119992999996
v 1.2293916281035249 0.16 -0.1618524783528641
v 1.2373450648158684 0.16 -0.08109988024537707
v 0.5 0.16 0
v 0.49892946161930174 0.16 0.03270156461507153
v 0.4957224306869052 0.16 0.06526309611002579
v 0.4903926402016152 0.16 0.09754516100806412
v 0.48296291314453416 0.16 0.12940952255126037
v 0.47346506474755284 0.16 0.1607197326515808
v 0.46193976625564337 0.16 0.1913417161825449
v 0.44843637076634413 0.16 0.22114434510950065
v 0.43301270189221935 0.16 0.24999999999999997
v 0.4157348061512726 0.16 0.2777851165098011
v 0.3966766701456176 0.16 0.30438071450436033
v 0.3759199037394887 0.16 0.3296729075500344
v 0.3535533905932738 0.16 0.35355339059327373
v 0.3296729075500345 0.16 0.37591990373948864
v 0.30438071450436033 0.16 0.3966766701456176
v 0.27778511650980114 0.16 0.4157348061512726
v 0.25000000000000006 0.16 0.4330127018922193
v 0.22114434510950062 0.16 0.4484363707663442
v 0.19134171618254492 0.16 0.46193976625564337
v 0.16071973265158085 0.16 0.4734650647475528
v 0.12940952255126037 0.16 0.48296291314453416
v 0.09754516100806417 0.16 0.4903926402016152
v 0.06526309611002586 0.16 0.4957224306869052
v 0.032701564615071524 0.16 0.49892946161930174
v 3.061616997868383e-17 0.16 0.5
v -0.03270156461507157 0.16 0.49892946161930174
v -0.06526309611002569 0.16 0.49572243068690525
v -0.0975451610080641 0.16 0.4903926402016152
v -0.12940952255126043 0.16 0.48296291314453416
v -0.16071973265158068 0.16 0.47346506474755284
v -0.19134171618254486 0.16 0.46193976625564337
v -0.22114434510950057 0.16 0.4484363707663442
v -0.2499999999999999 0.16 0.43301270189221935
v -0.277785116509801 0.16 0.4157348061512727
v -0.30438071450436033 0.16 0.3966766701456176
v -0.3296729075500344 0.16 0.3759199037394887
v -0.35355339059327373 0.16 0.3535533905932738
v -0.37591990373948864 0.16 0.3296729075500345
v -0.3966766701456175 0.16 0.30438071450436044
v -0.4157348061512727 0.16 0.2777851165098011
v -0.43301270189221935 0.16 0.24999999999999997
v -0.44843637076634413 0.16 0.22114434510950065
v -0.46193976625564337 0.16 0.19134171618254495
v -0.4734650647475528 0.16 0.16071973265158088
v -0.4829629131445341 0.16 0.1294095225512605
v -0.4903926402016152 0.16 0.0975451610080643
v -0.4957224306869052 0.16 0.06526309611002579
v -0.49892946161930174 0.16 0.03270156461507156
v -0.5 0.16 6.123233995736766e-17
v -0.49892946161930174 0.16 -0.032701564615071434
v -0.4957224306869052 0.16 -0.06526309611002588
v -0.4903926402016152 0.16 -0.09754516100806418
v -0.4829629131445342 0.16 -0.12940952255126018
v -0.47346506474755284 0.16 -0.16071973265158077
v -0.4619397662556434 0.16 -0.19134171618254484
v -0.4484363707663442 0.16 -0.22114434510950054
v -0.4330127018922193 0.16 -0.25000000000000006
v -0.41573480615127273 0.16 -0.277785116509801
v -0.3966766701456177 0.16 -0.30438071450436016
v -0.3759199037394887 0.16 -0.3296729075500344
v -0.35355339059327384 0.16 -0.35355339059327373
v -0.32967290755003453 0.16 -0.37591990373948864
v -0.30438071450436044 0.16 -0.39667667014561747
v -0.2777851165098011 0.16 -0.4157348061512726
v -0.2500000000000002 0.16 -0.43301270189221924
v -0.22114434510950068 0.16 -0.44843637076634413
v -0.19134171618254517 0.16 -0.46193976625564326
v -0.1607197326515809 0.16 -0.4734650647475528
v -0.12940952255126031 0.16 -0.48296291314453416
v -0.09754516100806433 0.16 -0.49039264020161516
v -0.06526309611002581 0.16 -0.4957224306869052
v -0.032701564615071364 0.16 -0.49892946161930174
v -9.184850993605148e-17 0.16 -0.5
v 0.032701564615071184 0.16 -0.4989294616193018
v 0.06526309611002563 0.16 -0.49572243068690525
v 0.09754516100806415 0.16 -0.4903926402016152
v 0.12940952255126015 0.16 -0.4829629131445342
v 0.16071973265158074 0.16 -0.47346506474755284
v 0.191341716182545 0.16 -0.4619397662556433
v 0.2211443451095005 0.16 -0.44843637076634424
v 0.25000000000000006 0.16 -0.4330127018922193
v 0.2777851165098009 0.16 -0.41573480615127273
v 0.3043807145043603 0.16 -0.3966766701456176
v 0.32967290755003453 0.16 -0.3759199037394886
v 0.3535533905932737 0.16 -0.35355339059327384
v 0.37591990373948847 0.16 -0.3296729075500347
v 0.39667667014561747 0.16 -0.30438071450436044
v 0.4157348061512726 0.16 -0.2777851165098011
v 0.4330127018922192 0.16 -0.2500000000000002
v 0.44843637076634413 0.16 -0.2211443451095007
v 0.46193976625564326 0.16 -0.1913417161825452
v 0.4734650647475528 0.16 -0.16071973265158093
v 0.48296291314453416 0.16 -0.12940952255126034
v 0.49039264020161516 0.16 -0.09754516100806436
v 0.4957224306869052 0.16 -0.06526309611002584
v 0.49892946161930174 0.16 -0.0327015646150714
v 0.45 0.1 0
v 0.44903651545737155 0.1 0.02943140815356438
v 0.4461501876182147 0.1 0.05873678649902321
v 0.4413533761814537 0.1 0.08779064490725771
v 0.43466662183008076 0.1 0.11646857029613433
v 0.42611855827279754 0.1 0.14464775938642271
v 0.415745789630079 0.1 0.1722075445642904
v 0.4035927336897097 0.1 0.1990299105985506
v 0.38971143170299744 0.1 0.22499999999999998
v 0.37416132553614534 0.1 0.250006604858821
v 0.3570090031310558 0.1 0.2739426430539243
v 0.33832791336553986 0.1 0.296705616795031
v 0.3181980515339464 0.1 0.31819805153394637
v 0.29670561679503105 0.1 0.3383279133655398
v 0.2739426430539243 0.1 0.3570090031310558
v 0.25000660485882104 0.1 0.37416132553614534
v 0.22500000000000006 0.1 0.3897114317029974
v 0.19902991059855057 0.1 0.40359273368970977
v 0.17220754456429044 0.1 0.415745789630079
v 0.14464775938642277 0.1 0.42611855827279754
v 0.11646857029613433 0.1 0.43466662183008076
v 0.08779064490725776 0.1 0.4413533761814537
v 0.05873678649902327 0.1 0.4461501876182147
v 0.029431408153564372 0.1 0.44903651545737155
v 2.7554552980815448e-17 0.1 0.45
v -0.029431408153564417 0.1 0.44903651545737155
v -0.05873678649902312 0.1 0.44615018761821473
v -0.08779064490725769 0.1 0.4413533761814537
v -0.11646857029613439 0.1 0.43466662183008076
v -0.14464775938642263 0.1 0.42611855827279754
v -0.17220754456429038 0.1 0.415745789630079
v -0.19902991059855052 0.1 0.40359273368970977
v -0.2249999999999999 0.1 0.38971143170299744
v -0.25000660485882087 0.1 0.3741613255361454
v -0.2739426430539243 0.1 0.3570090031310558
v -0.296705616795031 0.1 0.33832791336553986
v -0.31819805153394637 0.1 0.3181980515339464
v -0.3383279133655398 0.1 0.29670561679503105
v -0.35700900313105577 0.1 0.2739426430539244
v -0.3741613255361454 0.1 0.250006604858821
v -0.38971143170299744 0.1 0.22499999999999998
v -0.4035927336897097 0.1 0.1990299105985506
v -0.415745789630079 0.1 0.17220754456429047
v -0.42611855827279754 0.1 0.1446477593864228
v -0.4346666218300807 0.1 0.11646857029613446
v -0.4413533761814537 0.1 0.08779064490725788
v -0.4461501876182147 0.1 0.05873678649902321
v -0.44903651545737155 0.1 0.029431408153564403
v -0.45 0.1 5.5109105961630896e-17
v -0.44903651545737155 0.1 -0.029431408153564292
v -0.4461501876182147 0.1 -0.058736786499023294
v -0.4413533761814537 0.1 -0.08779064490725777
v -0.4346666218300808 0.1 -0.11646857029613417
v -0.42611855827279754 0.1 -0.1446477593864227
v -0.4157457896300791 0.1 -0.17220754456429035
v -0.40359273368970977 0.1 -0.1990299105985505
v -0.3897114317029974 0.1 -0.22500000000000006
v -0.37416132553614545 0.1 -0.25000660485882087
v -0.35700900313105594 0.1 -0.27394264305392413
v -0.33832791336553986 0.1 -0.296705616795031
v -0.3181980515339465 0.1 -0.31819805153394637
v -0.2967056167950311 0.1 -0.3383279133655398
v -0.2739426430539244 0.1 -0.3570090031310557
v -0.250006604858821 0.1 -0.37416132553614534
v -0.2250000000000002 0.1 -0.3897114317029973
v -0.1990299105985506 0.1 -0.4035927336897097
v -0.17220754456429066 0.1 -0.41574578963007897
v -0.14464775938642283 0.1 -0.42611855827279754
v -0.11646857029613429 0.1 -0.43466662183008076
v -0.0877906449072579 0.1 -0.44135337618145365
v -0.05873678649902323 0.1 -0.4461501876182147
v -0.02943140815356423 0.1 -0.44903651545737155
v -8.266365894244634e-17 0.1 -0.45
v 0.029431408153564067 0.1 -0.4490365154573716
v 0.05873678649902307 0.1 -0.44615018761821473
v 0.08779064490725774 0.1 -0.4413533761814537
v 0.11646857029613414 0.1 -0.4346666218300808
v 0.14464775938642266 0.1 -0.42611855827279754
v 0.1722075445642905 0.1 -0.41574578963007897
v 0.19902991059855046 0.1 -0.4035927336897098
v 0.22500000000000006 0.1 -0.3897114317029974
v 0.2500066048588208 0.1 -0.37416132553614545
v 0.27394264305392424 0.1 -0.3570090031310558
v 0.2967056167950311 0.1 -0.33832791336553975
v 0.3181980515339463 0.1 -0.3181980515339465
v 0.33832791336553963 0.1 -0.2967056167950312
v 0.3570090031310557 0.1 -0.2739426430539244
v 0.37416132553614534 0.1 -0.250006604858821
v 0.38971143170299727 0.1 -0.2250000000000002
v 0.4035927336897097 0.1 -0.19902991059855063
v 0.41574578963007897 0.1 -0.1722075445642907
v 0.42611855827279754 0.1 -0.14464775938642285
v 0.43466662183008076 0.1 -0.1164685702961343
v 0.44135337618145365 0.1 -0.08779064490725792
v 0.4461501876182147 0.1 -0.05873678649902326
v 0.44903651545737155 0.1 -0.02943140815356426
vt 0.7897639810295272 0.0694952880613986
vt 0.7887050016890148 0.0590861853521975
vt 0.7931114662988655 0.05876159226334297
vt 0.793831401922743 0.06936222937156025
vt 0.797488616215342 0.058582398735370064
vt 0.7979516298046583 0.06925312427248215
vt 0.8018228616447615 0.05849451159680918
vt 0.8021037089284433 0.06916943125400431
vt 0.8061142328252109 0.058460274937431334
vt 0.8062730530030496 0.0691083385251185
vt 0.8103688414639154 0.05845507330304641
vt 0.8104501551995542 0.06906553437015743
vt 0.8145945942819038 0.058463829681255006
vt 0.8146292387269717 0.06903667035378216
vt 0.8187990092603894 0.0584779906394916
vt 0.8188070866871947 0.0690180189646676
vt 0.822988301817131 0.0584931882486268
vt 0.8229821302749094 0.06900667202249451
vt 0.8271671761705928 0.05850756009187407
vt 0.8271537911087615 0.06900050421020577
vt 0.8313389627571628 0.058520618689512936
vt 0.8313220371068991 0.06899803749876665
vt 0.8355058888724918 0.05853253810808856
vt 0.8354871012331507 0.06899828208478188
vt 0.8396693674239838 0.05854373525806544
vt 0.8396493157015855 0.06900059111737983
vt 0.8438302497169262 0.058554646324283026
vt 0.8438090229250634 0.06900454370651316
vt 0.8479890236755574 0.05856562424344165
vt 0.8479665342241358 0.06900985838465971
vt 0.8521459575331489 0.05857690574541542
vt 0.8521221161290139 0.06901633331338337
vt 0.8563011973105265 0.05858861441718854
vt 0.8562759910597807 0.06902380753460675
vt 0.8604548288519374 0.058600779357396604
vt 0.860428344305294 0.06903213749562953
vt 0.8646069146001761 0.05861335794177528
vt 0.8645793327540214 0.06904118395625426
vt 0.8687575135080433 0.058626256957850106
vt 0.8687290930546342 0.06905080551428441
vt 0.8729066903783673 0.05863934981930218
vt 0.8728777482858061 0.06906085605069977
vt 0.8770545190358788 0.05865248941313308
vt 0.8770254129331012 0.06907118429775894
vt 0.8812010822019913 0.05866551707528386
vt 0.8811721963436563 0.06908163438623549
vt 0.8853464698222379 0.058678268458818975
vt 0.8853182049945129 0.06909204670029104
vt 0.8894907768024094 0.05869057709031076
vt 0.8894635438841643 0.06910225867026538
vt 0.8936341006203055 0.058702276244114344
vt 0.8936083173926661 0.06911210531636346
vt 0.8977765389697141 0.05871319952626867
vt 0.8977526298612566 0.0691214194636228
vt 0.9019181874619877 0.05872318035515752
vt 0.9018965861473262 0.0691300316080772
vt 0.9060591374035815 0.05873205024163345
vt 0.9060402924058512 0.06913776945563094
vt 0.9101994737686241 0.0587396355735474
vt 0.9101838573178708 0.06914445720640353
vt 0.9143392737603453 0.058745752397772404
vt 0.9143273940733005 0.06914991475320979
vt 0.9184786067759596 0.05875019853517084
vt 0.9184710233516233 0.06915395710506059
vt 0.9226175372701984 0.05875274242203718
vt 0.9226148775594333 0.06915639462555719
vt 0.9267561329916394 0.058753108301298505
vt 0.9267591064209326 0.06915703505859204
vt 0.9308944823397458 0.058750958253233516
vt 0.9309038836369908 0.06915568889928174
vt 0.9350327262361976 0.05874587319305304
vt 0.9350494137120601 0.06915218045210803
vt 0.9391711116196728 0.058737337973958324
vt 0.9391959367372364 0.06914636783731856
vt 0.9433100751730292 0.058724740804393
vt 0.9433437269928784 0.06913817625492913
vt 0.947450366262467 0.05870740489014874
vt 0.947493078142938 0.06912764957938672
vt 0.951593215796826 0.05868468160159074
vt 0.951644263380382 0.06911502542802463
vt 0.9557405503883561 0.05865614977490564
vt 0.9557974530514072 0.06910083722294957
vt 0.9598952348952692 0.05862198499803491
vt 0.9599525649838829 0.06908604186052272
vt 0.9640612956559704 0.0585835840045458
vt 0.9641090150623687 0.06907216117464254
vt 0.9682440240305804 0.0585445478829613
vt 0.9682653292823327 0.06906140592400689
vt 0.9724497758577884 0.0585121340891882
vt 0.9724185776691235 0.06905671809485858
vt 0.9766851571325803 0.058499263657203274
vt 0.9765636022110478 0.06906161543015155
vt 0.980955110862188 0.0585270874581748
vt 0.9806920466575233 0.06907964525098675
vt 0.9852591926069685 0.05862792892399881
vt 0.9847912737490087 0.06911314835734035
vt 0.9895850555543606 0.05884806448302287
vt 0.9888434003495744 0.0691608975618131
vt 0.7900282345604941 0.013705824258766007
vt 0.7892865793557081 0.0033929911799762177
vt 0.7936124423031001 0.0031728556209516027
vt 0.7940803611610601 0.013658075054293634
vt 0.7979165240478806 0.003072014155128084
vt 0.7981795882525454 0.013624571947939784
vt 0.8021864777774885 0.0030441903541560816
vt 0.8023080326990211 0.013606542127104812
vt 0.8064218590522801 0.003057060786141277
vt 0.8064530572409453 0.013601644791811675
vt 0.8106276108794886 0.0030894745799140136
vt 0.8106063056277362 0.013606332620960074
vt 0.8148103392540984 0.003128510701498606
vt 0.8147626198477005 0.013617087871595615
vt 0.8189764000148002 0.003166911694987591
vt 0.8189190699261863 0.013630968557475781
vt 0.8231310845217132 0.0032010764718582085
vt 0.8230741818586623 0.01364576391990269
vt 0.8272784191132438 0.003229608298543513
vt 0.8272273715296876 0.013659952124977684
vt 0.8314212686476028 0.003252331587101298
vt 0.8313785567671316 0.013672576276339964
vt 0.8355615597370409 0.003269667501345999
vt 0.8355279079171914 0.013683102951882319
vt 0.8397005232903975 0.0032822646709112476
vt 0.8396756981728334 0.013691294534272005
vt 0.8438389086738729 0.003290799890006466
vt 0.8438222211980099 0.01369710714906151
vt 0.8479771525703249 0.003295884950187013
vt 0.8479677512730791 0.01370061559623548
vt 0.8521155019184311 0.0032980349982524933
vt 0.8521125284891374 0.013701961755545871
vt 0.8562540976398725 0.0032976691189913624
vt 0.8562567573506366 0.013701321322511208
vt 0.8603930281341107 0.0032951252321253583
vt 0.8604006115584466 0.013698883802014769
vt 0.864532361149725 0.0032906790947272333
vt 0.8645442408367692 0.01369484145016402
vt 0.8686721611414457 0.0032845622705022946
vt 0.8686877775921988 0.013689383903357877
vt 0.8728124975064881 0.0032769769385886647
vt 0.8728313425042182 0.013682696152585258
vt 0.8769534474480813 0.0032681070521125045
vt 0.876975048762743 0.013674958305031567
vt 0.8810950959403547 0.0032581262232238583
vt 0.8811190050488124 0.013666346160577013
vt 0.8852375342897629 0.0032472029410691335
vt 0.8852633175174026 0.013657032013317603
vt 0.8893808581076584 0.0032355037872655507
vt 0.8894080910259041 0.0136471853672194
vt 0.8935251650878299 0.0032231951557733255
vt 0.8935534299155554 0.013636973397244845
vt 0.897670552708076 0.003210443772237946
vt 0.8976994385664119 0.013626561083189097
vt 0.9018171158741886 0.003197416110086788
vt 0.9018462219769668 0.013616110994712338
vt 0.9059649445317 0.003184276516255541
vt 0.9059938866242617 0.013605782747653051
vt 0.910114121402024 0.003171183654803179
vt 0.9101425418554335 0.01359573221123753
vt 0.9142647203098913 0.0031582846387281055
vt 0.9142923021560465 0.01358611065320724
vt 0.9184168060581304 0.003145706054349279
vt 0.9184432906047738 0.013577064192582457
vt 0.9225704375995413 0.003133541114141022
vt 0.9225956438502871 0.013568734231559628
vt 0.926725677376919 0.0031218324423680907
vt 0.9267495187810539 0.013561260010336324
vt 0.9308826112345108 0.003110550940394353
vt 0.9309051006859321 0.013554785081612668
vt 0.9350413851931421 0.0030995730212357905
vt 0.9350626119850043 0.013549470403466275
vt 0.9392022674860845 0.0030886619550184046
vt 0.9392223192084825 0.013545517814332969
vt 0.9433657460375766 0.003077464805041687
vt 0.9433845336769171 0.013543208781735237
vt 0.9475326721529057 0.003065545386466375
vt 0.9475495978031688 0.01354296419572
vt 0.9517044587394756 0.003052486788827566
vt 0.9517178438013065 0.013545430907159303
vt 0.9558833330929373 0.0030381149455804956
vt 0.9558895046351585 0.01355159871944811
vt 0.9600726256496789 0.003022917336445261
vt 0.9600645482228736 0.0135629456616213
vt 0.9642770406281644 0.003008756378208759
vt 0.9642423961830964 0.01358159705073586
vt 0.9685027934461526 0.003
vt 0.968421479710514 0.01361046106711123
vt 0.9727574020848573 0.0030052016343848887
vt 0.9725985819070184 0.01365326522207232
vt 0.977048773265307 0.0030394382937625544
vt 0.9767679259816249 0.013714357950958139
vt 0.9813830186947265 0.003127325432323498
vt 0.9809200051054102 0.013798050969436003
vt 0.9857601686112034 0.0033065189602964153
vt 0.9850402329873257 0.013907156068514174
vt 0.9901666332210545 0.0036311120491510063
vt 0.9891076538805414 0.014040214758352706
vt 0.6158996900296738 0.25984315170270395
vt 0.6640916728682027 0.376188890269132
vt 0.6444627711294519 0.35800876165722784
vt 0.6116792470367373 0.26143161396585207
vt 0.6337608343135273 0.36125515869851393
vt 0.6073639499335418 0.26274064503088684
vt 0.6228694866405975 0.36379466479795186
vt 0.6029722774847798 0.26376463942582146
vt 0.6149604233924029 0.38935356888930456
vt 0.5985230355060986 0.2644992122494505
vt 0.6007057237884271 0.3667125795333748
vt 0.5940352763347111 0.26494121794816944
vt 0.5895282172443623 0.3670784932104963
vt 0.5895282172443624 0.26508876378571844
vt 0.5783507107002976 0.3667125795333748
vt 0.5850211581540137 0.26494121794816944
vt 0.5640960110963219 0.38935356888930456
vt 0.5805333989826262 0.26449921224945044
vt 0.5561869478481274 0.36379466479795175
vt 0.5760841570039451 0.2637646394258214
vt 0.5452956001751975 0.3612551586985139
vt 0.5716924845551831 0.26274064503088673
vt 0.5345936633592728 0.3580087616572278
vt 0.5673771874519876 0.26143161396585207
vt 0.5149647616205221 0.37618889026913194
vt 0.5631567444590511 0.2598431517027039
vt 0.513940324318128 0.34945386851809584
vt 0.5590492281612034 0.2579820602807182
vt 0.5040773628614403 0.34418200578604286
vt 0.5550722275738293 0.2558563091790839
vt 0.4945803150818742 0.33827636197403105
vt 0.5512427728240042 0.25347500119036953
vt 0.47091488842355045 0.35075668412109146
vt 0.5475772622248756 0.25084833344096763
vt 0.4768448907761524 0.3246674922609926
vt 0.5440913920555681 0.24798755372543463
vt 0.46868246005966563 0.3170225416293489
vt 0.5408000893473073 0.24490491234170736
vt 0.4610375094280219 0.3088601109128622
vt 0.53771744796358 0.24161360963344658
vt 0.4349483175679232 0.31479011326546413
vt 0.534856668248047 0.2381277394641391
vt 0.4474286397149836 0.29112468660714036
vt 0.5322300004986452 0.2344622288650104
vt 0.44152299590297184 0.2816276388275742
vt 0.5298486925099307 0.23063277411518532
vt 0.4362511331709188 0.27176467737088655
vt 0.5277229414082965 0.22665577352781122
vt 0.4095161114198827 0.2707402400684925
vt 0.5258618499863108 0.22254825722996358
vt 0.42769624003178686 0.2511113383297417
vt 0.5242733877231627 0.21832781423702702
vt 0.4244498429905008 0.2404094015138171
vt 0.5229643566581279 0.2140125171338316
vt 0.4219103368910629 0.22951805384088722
vt 0.5219403622631933 0.20962084468506959
vt 0.39635143279971025 0.2216089905926926
vt 0.5212057894395643 0.20517160270638843
vt 0.4189924221556399 0.207354290988717
vt 0.5207637837408453 0.20068384353500093
vt 0.41862650847851846 0.19617678444465214
vt 0.5206162379032964 0.19617678444465222
vt 0.4189924221556399 0.18499927790058743
vt 0.5207637837408453 0.19166972535430352
vt 0.3963514327997102 0.17074457829661172
vt 0.5212057894395643 0.18718196618291602
vt 0.421910336891063 0.16283551504841715
vt 0.5219403622631933 0.18273272420423484
vt 0.42444984299050087 0.1519441673754873
vt 0.522964356658128 0.17834105175547288
vt 0.427696240031787 0.14124223055956264
vt 0.5242733877231627 0.1740257546522774
vt 0.4095161114198828 0.12161332882081191
vt 0.5258618499863108 0.1698053116593409
vt 0.4362511331709189 0.12058889151841784
vt 0.5277229414082966 0.1656977953614932
vt 0.4415229959029719 0.11072593006173022
vt 0.5298486925099308 0.1617207947741192
vt 0.4474286397149837 0.10122888228216398
vt 0.5322300004986452 0.15789134002429409
vt 0.4349483175679233 0.07756345562384016
vt 0.5348566682480471 0.15422582942516536
vt 0.46103750942802213 0.08349345797644221
vt 0.53771744796358 0.1507399592558579
vt 0.4686824600596658 0.0753310272599555
vt 0.5408000893473073 0.1474486565475971
vt 0.47684489077615255 0.06768607662831178
vt 0.5440913920555681 0.14436601516386985
vt 0.47091488842355056 0.04159688476821298
vt 0.5475772622248756 0.14150523544833685
vt 0.49458031508187433 0.05407720691527343
vt 0.5512427728240044 0.138878567698935
vt 0.5040773628614406 0.04817156310326162
vt 0.5550722275738295 0.13649725971022056
vt 0.5139403243181282 0.04289970037120863
vt 0.5590492281612035 0.1343715086085863
vt 0.5149647616205222 0.016164678620172512
vt 0.5631567444590512 0.13251041718660062
vt 0.5345936633592729 0.034344807232076724
vt 0.5673771874519877 0.13092195492345246
vt 0.5452956001751977 0.031098410190790644
vt 0.5716924845551832 0.12961292385841772
vt 0.5561869478481275 0.02855890409135267
vt 0.5760841570039452 0.12858892946348308
vt 0.564096011096322 0.003
vt 0.5805333989826262 0.12785435663985403
vt 0.5783507107002978 0.025640989355929702
vt 0.5850211581540138 0.1274123509411351
vt 0.5895282172443626 0.02527507567880822
vt 0.5895282172443624 0.12726480510358615
vt 0.6007057237884273 0.025640989355929792
vt 0.5940352763347112 0.12741235094113515
vt 0.6149604233924031 0.003
vt 0.5985230355060988 0.1278543566398541
vt 0.6228694866405976 0.028558904091352717
vt 0.6029722774847799 0.1285889294634831
vt 0.6337608343135274 0.03109841019079069
vt 0.6073639499335418 0.12961292385841774
vt 0.6444627711294522 0.034344807232076814
vt 0.6116792470367374 0.1309219549234525
vt 0.6640916728682029 0.016164678620172606
vt 0.6158996900296738 0.13251041718660062
vt 0.6651161101705969 0.04289970037120872
vt 0.6200072063275215 0.1343715086085863
vt 0.6749790716272845 0.04817156310326172
vt 0.6239842069148955 0.1364972597102206
vt 0.6844761194068507 0.05407720691527352
vt 0.6278136616647206 0.138878567698935
vt 0.7081415460651745 0.04159688476821303
vt 0.6314791722638493 0.14150523544833687
vt 0.7022115437125726 0.06768607662831189
vt 0.6349650424331569 0.14436601516386985
vt 0.7103739744290593 0.07533102725995552
vt 0.6382563451414176 0.14744865654759715
vt 0.718018925060703 0.08349345797644231
vt 0.6413389865251449 0.15073995925585792
vt 0.7441081169208017 0.07756345562384041
vt 0.6441997662406779 0.15422582942516544
vt 0.7316277947737413 0.10122888228216412
vt 0.6468264339900798 0.15789134002429414
vt 0.737533438585753 0.11072593006173032
vt 0.6492077419787943 0.16172079477411924
vt 0.7428053013178062 0.12058889151841802
vt 0.6513334930804284 0.1656977953614933
vt 0.7695403230688422 0.12161332882081205
vt 0.6531945845024141 0.16980531165934099
vt 0.751360194456938 0.1412422305595627
vt 0.6547830467655623 0.1740257546522775
vt 0.7546065914982241 0.15194416737548747
vt 0.656092077830597 0.1783410517554729
vt 0.757146097597662 0.1628355150484173
vt 0.6571160722255317 0.18273272420423498
vt 0.7827050016890147 0.17074457829661185
vt 0.6578506450491607 0.18718196618291608
vt 0.7600640123330851 0.18499927790058762
vt 0.6582926507478797 0.1916697253543036
vt 0.7604299260102065 0.19617678444465242
vt 0.6584401965854286 0.1961767844446523
vt 0.7600640123330851 0.2073542909887171
vt 0.6582926507478797 0.20068384353500096
vt 0.7827050016890147 0.22160899059269287
vt 0.6578506450491606 0.2051716027063885
vt 0.757146097597662 0.22951805384088741
vt 0.6571160722255316 0.20962084468506967
vt 0.7546065914982241 0.2404094015138172
vt 0.656092077830597 0.21401251713383163
vt 0.7513601944569379 0.251111338329742
vt 0.6547830467655622 0.21832781423702716
vt 0.769540323068842 0.2707402400684927
vt 0.6531945845024141 0.2225482572299636
vt 0.742805301317806 0.2717646773708866
vt 0.6513334930804284 0.22665577352781124
vt 0.737533438585753 0.2816276388275743
vt 0.6492077419787942 0.23063277411518537
vt 0.7316277947737413 0.2911246866071405
vt 0.6468264339900798 0.23446222886501042
vt 0.7441081169208017 0.3147901132654643
vt 0.6441997662406779 0.23812773946413915
vt 0.7180189250607029 0.30886011091286236
vt 0.6413389865251449 0.24161360963344666
vt 0.7103739744290591 0.317022541629349
vt 0.6382563451414176 0.24490491234170736
vt 0.7022115437125724 0.32466749226099273
vt 0.6349650424331568 0.2479875537254347
vt 0.7081415460651743 0.35075668412109157
vt 0.6314791722638493 0.2508483334409677
vt 0.6844761194068505 0.3382763619740311
vt 0.6278136616647205 0.25347500119036953
vt 0.6749790716272844 0.34418200578604297
vt 0.6239842069148955 0.25585630917908403
vt 0.6651161101705967 0.34945386851809596
vt 0.6200072063275214 0.2579820602807183
vt 0.9150193578365704 0.509042659645064
vt 0.9133816102676601 0.5170880367942947
vt 0.8919006076235384 0.5111438518810223
vt 0.8891283926217043 0.49874385606696936
vt 0.8784640299360721 0.5109622562515674
vt 0.8779764813073279 0.4996290101945051
vt 0.865371505411181 0.5105752943658254
vt 0.8672768471302039 0.5001826871353872
vt 0.8423760703289943 0.5147319608563576
vt 0.8435526237691506 0.5058895323537549
vt 0.8193631656420436 0.5093602348551297
vt 0.815874656398277 0.49659481968511365
vt 0.8054420809885176 0.5096616216177168
vt 0.8045172776468041 0.4980603327268655
vt 0.7919918536177284 0.5096174157206557
vt 0.7937105098893763 0.49899552395798674
vt 0.7686457282423952 0.5142202990576763
vt 0.7697223233896252 0.505205007375588
vt 0.7453003740416372 0.5089729473507255
vt 0.7416563926057814 0.49612817087464933
vt 0.7312740800364051 0.5093791622287321
vt 0.7302543791948584 0.4977196515093553
vt 0.7177461629560966 0.50940933865717
vt 0.719424325272701 0.4987376381179781
vt 0.6943238075137863 0.5141090505458645
vt 0.6953787327184558 0.5050561941034055
vt 0.6709061725795239 0.5088885626483758
vt 0.6672285113454854 0.49602646083323343
vt 0.6568569261659889 0.5093174315466109
vt 0.6558167424675097 0.4976451743839685
vt 0.6433119996297245 0.509363624967679
vt 0.6449815338490439 0.4986809801326857
vt 0.6198726673720469 0.5140841428520349
vt 0.6209230322689026 0.5050229704165035
vt 0.5964388602371886 0.5088688500351102
vt 0.592754228469249 0.49600254697111457
vt 0.5823841200825804 0.509302154700132
vt 0.5813400418580656 0.49762664143890184
vt 0.5688348436699887 0.509351218288061
vt 0.5705032570270776 0.4986655966092959
vt 0.5453898601490081 0.5140752576807175
vt 0.5464398996136824 0.505011540937522
vt 0.5219503322109527 0.5088581580308196
vt 0.518265760050118 0.4959889170463636
vt 0.5078920472707809 0.5092902028697097
vt 0.5068496684700856 0.4976117318456488
vt 0.49433880088130744 0.5093370924057803
vt 0.49601043647636894 0.49864805726272254
vt 0.4708835368125681 0.5140573102663215
vt 0.47193656764201247 0.5049896378956582
vt 0.4474325901193837 0.5088263010247068
vt 0.4437552767078232 0.4959470911787017
vt 0.43336270207806454 0.5092478340802689
vt 0.43233241414704565 0.4975583525695588
vt 0.4197946571472363 0.5092813680472967
vt 0.42148295459089485 0.4985788456597251
vt 0.3962954600113479 0.5139796334404512
vt 0.39736324366993026 0.5048954265047684
vt 0.37279515835904986 0.5086833424569293
vt 0.36915279473417584 0.49575898916429256
vt 0.35867285139879546 0.5090554351391
vt 0.35769917973375104 0.4973158066628899
vt 0.3450374006269229 0.5090267268655345
vt 0.34680283863180955 0.49826256735936264
vt 0.32133658842157925 0.5136229327269313
vt 0.32247253573150336 0.504462933253838
vt 0.29760966012798584 0.5080256891590333
vt 0.2941286050259877 0.49489356990223643
vt 0.28324613269174465 0.5081698378080388
vt 0.28253343376538376 0.4961993502681027
vt 0.2693003760921994 0.507854287414235
vt 0.2714211949703901 0.49680632684973475
vt 0.2446711237804114 0.5119802210397439
vt 0.24612104099924131 0.5024711847085154
vt 0.2199008529011226 0.5049970702125199
vt 0.21716197014362063 0.49090868196360476
vt 0.2044275659293055 0.5040911336787275
vt 0.20491509040502678 0.4910600423239374
vt 0.18905527014027268 0.502452853317445
vt 0.19281102292895755 0.4901061304647362
vt 0.16016016089283683 0.5043921053456907
vt 0.16305009531407524 0.4932954421375535
vt 0.13072009641334909 0.4906809171678694
vt 0.1320475161924587 0.4726605234233373
vt 0.10969223739782363 0.48404367289928174
vt 0.11806864349443807 0.46691763566108935
vt 0.08587187287973991 0.4745066028628025
vt 0.10393526403509763 0.4560829162928801
vt 0.018696741592480304 0.46081549060876736
vt 0.04419713041308988 0.4441638158217462
vt 0.03339221306846054 0.3963514327997102
vt 0.7415108168847494 0.6796769537528646
vt 0.7050757910835735 0.6771019469925049
vt 0.7018960763266696 0.6575173194203444
vt 0.6840374869112712 0.6772583441266172
vt 0.6831022883969221 0.6601239142000304
vt 0.6654534113814216 0.6766338763281144
vt 0.6678686279663446 0.663155977742548
vt 0.637188221560057 0.6810048039150933
vt 0.6391197805767845 0.6705294766684758
vt 0.6130937862708816 0.6741002630881672
vt 0.609354435170882 0.6609110470755548
vt 0.5992792280061555 0.6743337599471901
vt 0.5980874987652165 0.6630842168564887
vt 0.5865497729271211 0.674255574862664
vt 0.588053523633648 0.6645642818451659
vt 0.5655592520228867 0.6782298063727976
vt 0.5666230670574195 0.6702163388214284
vt 0.5454666084281493 0.6734346312493344
vt 0.5423180710374516 0.6624226426867282
vt 0.5335641510086139 0.673761897502467
vt 0.5326427164650867 0.6639243614114854
vt 0.522217707969884 0.6737773306453614
vt 0.5236002190807564 0.6649046785374397
vt 0.5028101489221327 0.6776340211113239
vt 0.5037056535315361 0.6701530914041383
vt 0.48360111191775407 0.6732903125186055
vt 0.4805823213828618 0.6627487451450487
vt 0.4721131843537935 0.6736366166051915
vt 0.47125108884024347 0.6641044914373497
vt 0.4610663534068023 0.6736715501227813
vt 0.4624231520260605 0.6649759952339956
vt 0.4420008162478218 0.6775018860479542
vt 0.4428603181517946 0.6701359417695945
vt 0.4229818231772389 0.6732537913132423
vt 0.4199924718336588 0.6628127146680489
vt 0.41158198865772144 0.673602430301401
vt 0.41073483411817435 0.664134790303951
vt 0.4005977569306898 0.673639334499286
vt 0.40195177696105294 0.6649799895445835
vt 0.3815991495073217 0.6774602383070745
vt 0.3824533123710343 0.6701165044605195
vt 0.36261318185023655 0.673221964975443
vt 0.35963608446468215 0.6627951557203454
vt 0.3512237073789556 0.6735628269846772
vt 0.35038928080710385 0.664100798117607
vt 0.34024179008270455 0.6735897348157903
vt 0.34160812204773267 0.6649279383543524
vt 0.3212239730132981 0.6773915001650143
vt 0.32208838783103066 0.6700399050997478
vt 0.3022072481460883 0.6731049828551378
vt 0.2992598142255447 0.6626464965581342
vt 0.29077964871768947 0.673406000542923
vt 0.2899916701224647 0.6639065498684663
vt 0.27974629508025906 0.6733827237869678
vt 0.2811747879357389 0.6646728933669191
vt 0.26056889719236515 0.6771016135715479
vt 0.26148809784135874 0.6696898921781493
vt 0.24137079969844263 0.672572587564807
vt 0.2385541819334087 0.6619470494729169
vt 0.2297489585257017 0.6726892090385651
vt 0.2291722729111505 0.6630036535917454
vt 0.21846520862143304 0.6724338851667668
vt 0.22018118649736057 0.6634948288166681
vt 0.19853737585416484 0.6757722107932329
vt 0.19971053145546624 0.6680783421978886
vt 0.1784955378354565 0.6701220569141637
vt 0.17627948029630586 0.6587230260805343
vt 0.16597598746069123 0.669389057332736
vt 0.16637043808107382 0.6588455113252002
vt 0.1535381647005626 0.6680635151844441
vt 0.1565769628228657 0.6580737112384051
vt 0.13015897556985923 0.6696325730339822
vt 0.13249723824730644 0.6606542050367815
vt 0.10633888115086798 0.6585387816054613
vt 0.10741290075450868 0.6439583975059063
vt 0.08932514637669982 0.6531685577199653
vt 0.09610253156954768 0.6393118054081247
vt 0.07005198655961482 0.6454520723384073
vt 0.08466715351418247 0.630545389743672
vt 0.015700304678803904 0.6343745311242609
vt 0.036332777860363506 0.6209015920254264
vt 0.996468890421287 0.5407736820905846
vt 0.996999998530865 0.5419223922310946
vt 0.9943536056695702 0.5407544793735589
vt 0.9943719550242559 0.5396578403232639
vt 0.9931990302433784 0.5403226175498559
vt 0.993601746581622 0.5393988914213883
vt 0.9920900965688499 0.5397386751112829
vt 0.9928410663430443 0.5388789600105797
vt 0.9896492818666626 0.53885611940726
vt 0.9903336275161414 0.5379543362705179
vt 0.9871576095996697 0.5358956469276898
vt 0.9886277354608077 0.5337380692863957
vt 0.9846730571695983 0.5337767521450043
vt 0.987135471444193 0.5313893701586183
vt 0.981520942825421 0.5311446487511373
vt 0.9849166516001321 0.5281365183127484
vt 0.9721952378308256 0.5273700528227474
vt 0.9753479165924115 0.523498389439057
vt 0.9573820782196114 0.5193270851211454
vt 0.9579082883268922 0.5086889432466126
vt 0.9461967500857372 0.5169457578567747
vt 0.9477312621129552 0.5068717621151005
vt 0.9347599752386876 0.5149871825392001
vt 0.9375282667145896 0.5056545128473978
vt 0.9125000452396528 0.5338616540220971
vt 0.8909668779988813 0.5378812501338631
vt 0.8782419816856984 0.537868343077212
vt 0.8648346127618632 0.5382607267056144
vt 0.8421304915319375 0.5331230839448625
vt 0.8191018440446272 0.537696248534804
vt 0.8057314274773093 0.537733258960674
vt 0.7918166804227469 0.5381592590135628
vt 0.7685383666957168 0.532962752612236
vt 0.7451850088192379 0.5376560761959137
vt 0.7316744176314817 0.5377039191877329
vt 0.7176494734709402 0.5381372151763834
vt 0.6942464048056907 0.532927881809367
vt 0.6708223806852383 0.5376473064841906
vt 0.657281208340234 0.5376974925375166
vt 0.6432321347154878 0.5381323644435585
vt 0.6198015426627547 0.5329200262224397
vt 0.5963613948972264 0.5376451813712595
vt 0.5828128998889972 0.5376958355853348
vt 0.5687576431458239 0.53813101234085
vt 0.5453190567611196 0.5329170083368457
vt 0.5218718083085272 0.5376437012455189
vt 0.50831857605909 0.5376942703724261
vt 0.49425762638699094 0.5381293413695774
vt 0.47080800484648583 0.5329103076995864
vt 0.4473426326096733 0.5376386876846245
vt 0.4337738744072245 0.5376883784170283
vt 0.4196916503050288 0.5381226346134736
vt 0.39619679959214943 0.532881008259946
vt 0.3726511144525797 0.5376159868535526
vt 0.3590122102162588 0.5376615257342062
vt 0.3448330691493803 0.5380919575095113
vt 0.32113110579272774 0.5327463920692408
vt 0.2972161821976298 0.5375115103768288
vt 0.2832544789695294 0.537537901748613
vt 0.26862916796990194 0.5379506998128885
vt 0.24397356127566794 0.5321263913784274
vt 0.21835806969674867 0.5370301207243995
vt 0.2029098756834776 0.536967868926577
vt 0.1862301408398242 0.5372987560974118
vt 0.15717676740767172 0.5292894486187759
vt 0.12374741405343563 0.5348801697086953
vt 0.10131594000301646 0.5348253268109782
vt 0.07472976721400844 0.5360210097399949
vt 0.003 0.523498389439057
vt 0.7661140278037718 0.6850915277525853
vt 0.753878466530043 0.7386145374218971
vt 0.6966687230581092 0.7280204070898403
vt 0.6765972623899099 0.7197757599606838
vt 0.6589451332369428 0.7138284927629726
vt 0.6344269695445708 0.7018131806131572
vt 0.6104266089887489 0.7030048736745399
vt 0.5977821237941523 0.7014626739402685
vt 0.5851007805656153 0.7005577998285815
vt 0.5649096100631235 0.6946842546304761
vt 0.5448421160616224 0.6979416515188428
vt 0.533512837282614 0.6976392026462246
vt 0.5218556631279305 0.6977184231968491
vt 0.5026251695871986 0.6931408547488436
vt 0.4834175738477298 0.6968421722967278
vt 0.47237444142428575 0.6968086769604149
vt 0.4609393170955422 0.6971015888642925
vt 0.4419158626633279 0.692804707323649
vt 0.4228920495364577 0.6966026435263162
vt 0.4119084949745193 0.6966273891870101
vt 0.4005180589995398 0.696966555946084
vt 0.38153202968359334 0.6927268364072652
vt 0.36253470012950273 0.6965468439169835
vt 0.3515523504382163 0.6965835382488194
vt 0.34015540333656624 0.6969321064976449
vt 0.32114284245904484 0.6926874007254258
vt 0.3020894646775763 0.6965172427773713
vt 0.29105334833764784 0.696553326267041
vt 0.27958030874872297 0.6969009844436345
vt 0.2604023569927015 0.6925750673875053
vt 0.24105216649599118 0.6964302716084643
vt 0.22975552099332752 0.6964514594133423
vt 0.2179219878993692 0.6967853242590276
vt 0.1979729135834747 0.6920726806358621
vt 0.17724720702821573 0.6960402474906656
vt 0.16474797612472392 0.6959898432689379
vt 0.1512523091840462 0.6962575366851517
vt 0.12774508540332483 0.6897771369809274
vt 0.10069724093865735 0.6943005979202526
vt 0.0825478382592528 0.6942562163647172
vt 0.06103685293805002 0.6952236418105265
vt 0.003 0.6850915277525853
vt 0.9960343618760351 0.5444279538132738
vt 0.9932627501103473 0.543549962598815
vt 0.9920930502009448 0.5430447088414594
vt 0.9908197064311022 0.5426709657366557
vt 0.9885275421370818 0.5412893785039494
vt 0.9847562284757009 0.541491988828664
vt 0.981611182851685 0.5412817465794478
vt 0.9773367920636584 0.5411346229964251
vt 0.9682916356649623 0.5371330129825279
vt 0.9534310120663683 0.5387336959989342
vt 0.9436453612727463 0.5384960038664783
vt 0.9325622818919622 0.5387318692406331
vt 0.9113679711971819 0.5420097486988351
vt 0.8893654875479036 0.5476790432791234
vt 0.8793039238031451 0.5488622609571381
vt 0.8684381788480463 0.5506195532103889
vt 0.8410635659856616 0.5419876557368724
vt 0.817449186741499 0.5481890146630799
vt 0.8067809356368582 0.5492608908958748
vt 0.795485664960879 0.5509157519693723
vt 0.7674855759083712 0.5419828583591699
vt 0.7435212169240052 0.5482997309228846
vt 0.7327212342851859 0.5493474509321217
vt 0.7213326760724559 0.5509800924632982
vt 0.6931966651918879 0.541981812102826
vt 0.6691561590783472 0.5483238078704576
vt 0.6583274708621978 0.5493663376409569
vt 0.6469184898170852 0.5509942283846
vt 0.6187523842055367 0.5419815637228498
vt 0.5946945887969374 0.5483292185236233
vt 0.583859181100538 0.5493708713044214
vt 0.572444984994774 0.5509980674091727
vt 0.5442696500817816 0.5419814118646475
vt 0.520204612864915 0.5483312378818073
vt 0.5093655018349962 0.5493738507736837
vt 0.49794657542758486 0.5510024476842157
vt 0.4697568200545837 0.5419809274823685
vt 0.4456741433958987 0.5483355672490048
vt 0.43482389006852146 0.5493836880195614
vt 0.4233873637469038 0.5510197354518676
vt 0.3951372865246893 0.5419787437912342
vt 0.3709767745956597 0.5483544288819957
vt 0.3600764843784319 0.5494281546971492
vt 0.348559801407058 0.5510987365390063
vt 0.32003320245070055 0.5419686951756573
vt 0.2955149176013658 0.5484410723283852
vt 0.284384432694548 0.5496327872528779
vt 0.27249873911409633 0.5514624835318067
vt 0.24269874985745388 0.5419223923473033
vt 0.21653251730130746 0.5488399750140305
vt 0.20434121324065715 0.5505746866629526
vt 0.19075518600572158 0.5531356350150815
vt 0.15509655235554093 0.5417017328029664
vt 0.12140884468211201 0.5506177568307338
vt 0.10473090214145521 0.5547506921508508
vt 0.0846145372796938 0.5609850521579904
vt 0.023219240200263856 0.5494804403382825
vt 0.015721521127825405 0.6149015920254264
vt 0.6814629769485914 0.7438423319005496
vt 0.6692606524262086 0.7343362354860034
vt 0.6574470747223401 0.7290516278761994
vt 0.6318657721049752 0.7110212791445549
vt 0.6071288981803582 0.7131786058523607
vt 0.5971946848289874 0.7121595077065501
vt 0.5871942002813735 0.7120984528342569
vt 0.5636847819307111 0.7024294269880228
vt 0.5430686268174612 0.7069215437870124
vt 0.5340470894635179 0.7073582067995368
vt 0.5246454782083394 0.7083746888520264
vt 0.5016947668006985 0.7005636738369851
vt 0.48197660811164017 0.7055608059777265
vt 0.47315319239259945 0.7063152806817246
vt 0.46388089463795207 0.7075665781001224
vt 0.4410490843660285 0.700158526962489
vt 0.4215230665302919 0.7052660649533841
vt 0.41274084688149615 0.7060904698003146
vt 0.40349371217292124 0.7073940023538229
vt 0.38067766949213777 0.700070201982132
vt 0.36118036660219 0.705205223036713
vt 0.35239872629144176 0.706049097908335
vt 0.34314364537756725 0.7073697532887775
vt 0.3202847522430298 0.7000493442403548
vt 0.3007338051529354 0.7052065144382392
vt 0.29191376265877933 0.7060743659510066
vt 0.2825951931589397 0.7074253719892946
vt 0.25951385822172723 0.7000370692200448
vt 0.23967546190083128 0.7052735851849309
vt 0.23066962015584708 0.7062376098967128
vt 0.22105277928610925 0.7077178790151978
vt 0.196941419501026 0.6999987054649395
vt 0.17577010119830347 0.7055956804952165
vt 0.16590604410932666 0.7069991998446472
vt 0.15491352032155092 0.7090712417388395
vt 0.12606196660455343 0.6998199735619315
vt 0.098805085810863 0.7070339487715525
vt 0.08531089109899831 0.7103779149328443
vt 0.06903465611018254 0.715422154729163
vt 0.01935946846014312 0.7061137158599606
vt 0.9949085315327976 0.5450319748167538
vt 0.9924547366258144 0.5443184329589056
vt 0.9917887798108348 0.5440033479600492
vt 0.9908848151398387 0.5439767200250025
vt 0.9880897255197466 0.5425802606196353
vt 0.9844230966039064 0.543389826381412
vt 0.9821986274051333 0.5444330586114157
vt 0.9787022602666319 0.5459006768082748
vt 0.9667156029232625 0.5421115076774852
vt 0.9520137484398324 0.545396411774987
vt 0.9447397282187774 0.5470487091625985
vt 0.935855685106738 0.54926200922308
vt 0.004085923057807677 0.167125104588937
vt 0.12856089458324577 0.1862243076146678
vt 0.12802317880592934 0.1907016073769015
vt 0.02641742316691913 0.18185992602293022
vt 0.12777944373431932 0.1952044891911334
vt 0.02581296018932649 0.19302707292222526
vt 0.12783073307941142 0.19971367102613996
vt 0.025940157765154896 0.20420984387304142
vt 0.1281768272123558 0.20420984387304142
vt 0.003 0.21797792367832705
vt 0.1288162441049418 0.20867375442944244
vt 0.028384225108470135 0.22643085071323174
vt 0.12974624567587037 0.21308628754502848
vt 0.030690629004372954 0.2373739328398851
vt 0.13096284951563827 0.21742854807557419
vt 0.03370780652699735 0.2481427389556384
vt 0.13246084593982727 0.2216819417948517
vt 0.015112756950587836 0.2673790325452513
vt 0.13423382029777237 0.22582825501796233
vt 0.04181981406668994 0.26897401217276107
vt 0.1362741804410809 0.22984973259513108
vt 0.046879907222095014 0.27894727656413953
vt 0.13857318923437736 0.233729153941984
vt 0.05258144902947032 0.2885682415043349
vt 0.14112100196905866 0.23744990678073435
vt 0.03959872954066607 0.3119618272596211
vt 0.14390670851984758 0.24099605827650622
vt 0.0658085768574364 0.3065901642539498
vt 0.14691838006362415 0.24435242326417952
vt 0.0732775222860023 0.31491394942337964
vt 0.1501431201604777 0.24750462927359862
vt 0.08127487772619908 0.32273142032673896
vt 0.15356711997824243 0.2504391780746956
vt 0.07478923920320385 0.3486880640382042
vt 0.15717571742403655 0.25314350347898423
vt 0.0987157189398251 0.33671582835609537
vt 0.16095345992959534 0.25560602514990766
vt 0.10808452035361095 0.34282288209998524
vt 0.1648841706215404 0.25781619819161766
vt 0.11783268286963461 0.34830411124342625
vt 0.16895101759323505 0.2597645583038379
vt 0.11828611085976604 0.37505491053751605
vt 0.17313658598159282 0.26144276230945
vt 0.1382986729625648 0.3572979902556503
vt 0.17742295254019474 0.2628436238812595
vt 0.14892886202789746 0.3607721269537379
vt 0.18179176238938177 0.2639611443149516
vt 0.15976351045388124 0.36354357762929435
vt 0.1862243076146678 0.2647905382164645
vt 0.16712510458893698 0.3892655097419025
vt 0.1907016073769015 0.2653282539937809
vt 0.1818599260229302 0.36693400963279105
vt 0.19520448919113337 0.26557198906539087
vt 0.19302707292222518 0.36753847261038375
vt 0.19971367102613985 0.2655206997202988
vt 0.20420984387304145 0.36741127503455534
vt 0.20420984387304142 0.26517460558735445
vt 0.2179779236783271 0.3903514327997102
vt 0.20867375442944244 0.2645351886947684
vt 0.2264308507132317 0.3649672076912401
vt 0.21308628754502842 0.26360518712383985
vt 0.2373739328398851 0.3626608037953372
vt 0.21742854807557416 0.26238858328407194
vt 0.24814273895563835 0.35964362627271285
vt 0.2216819417948517 0.2608905868598829
vt 0.2673790325452512 0.37823867584912235
vt 0.2258282550179624 0.2591176125019378
vt 0.2689740121727611 0.35153161873302025
vt 0.22984973259513108 0.2570772523586293
vt 0.27894727656413953 0.34647152557761524
vt 0.233729153941984 0.25477824356533285
vt 0.2885682415043349 0.34076998377023987
vt 0.2374499067807344 0.25223043083065155
vt 0.3119618272596211 0.3537527032590441
vt 0.24099605827650622 0.2494447242798626
vt 0.30659016425394975 0.3275428559422738
vt 0.24435242326417947 0.2464330527360861
vt 0.3149139494233795 0.3200739105137079
vt 0.24750462927359862 0.2432083126392325
vt 0.3227314203267389 0.312076555073511
vt 0.2504391780746956 0.2397843128214678
vt 0.34868806403820424 0.3185621935965064
vt 0.25314350347898423 0.23617571537567367
vt 0.33671582835609537 0.29463571385988513
vt 0.2556060251499076 0.23239797287011485
vt 0.34282288209998524 0.2852669124460993
vt 0.2578161981916176 0.2284672621781698
vt 0.3483041112434262 0.27551874993007563
vt 0.2597645583038379 0.2244004152064752
vt 0.37505491053751605 0.2750653219399443
vt 0.26144276230945 0.22021484681811732
vt 0.35729799025565034 0.2550527598371455
vt 0.2628436238812595 0.21592848025951547
vt 0.36077212695373784 0.24442257077181279
vt 0.2639611443149516 0.21155967041032844
vt 0.36354357762929435 0.233587922345829
vt 0.2647905382164645 0.2071271251850424
vt 0.38926550974190255 0.2262263282107733
vt 0.26532825399378096 0.2026498254228087
vt 0.366934009632791 0.21149150677678005
vt 0.26557198906539087 0.19814694360857682
vt 0.3675384726103837 0.20032435987748495
vt 0.2655206997202988 0.19363776177357025
vt 0.3674112750345553 0.18914158892666874
vt 0.26517460558735445 0.1891415889266688
vt 0.3903514327997102 0.17537350912138322
vt 0.2645351886947684 0.18467767837026777
vt 0.36496720769124 0.16692058208647848
vt 0.26360518712383985 0.18026514525468176
vt 0.3626608037953373 0.15597749995982516
vt 0.2623885832840719 0.17592288472413609
vt 0.35964362627271285 0.14520869384407192
vt 0.2608905868598829 0.17166949100485848
vt 0.3782386758491224 0.12597240025445897
vt 0.2591176125019379 0.16752317778174786
vt 0.3515316187330203 0.12437742062694922
vt 0.2570772523586293 0.16350170020457913
vt 0.3464715255776152 0.11440415623557075
vt 0.25477824356533285 0.15962227885772617
vt 0.3407699837702399 0.10478319129537536
vt 0.25223043083065155 0.15590152601897586
vt 0.35375270325904407 0.08138960554008907
vt 0.2494447242798627 0.15235537452320405
vt 0.32754285594227384 0.08676126854576048
vt 0.2464330527360861 0.14899900953553075
vt 0.3200739105137079 0.07843748337633064
vt 0.24320831263923257 0.14584680352611162
vt 0.312076555073511 0.07062001247297123
vt 0.2397843128214679 0.1429122547250146
vt 0.31856219359650645 0.04466336876150602
vt 0.23617571537567367 0.140207929320726
vt 0.29463571385988513 0.05663560444361487
vt 0.2323979728701149 0.13774540764980267
vt 0.28526691244609936 0.050528550699724964
vt 0.22846726217816984 0.1355352346080926
vt 0.27551874993007563 0.04504732155628399
vt 0.2244004152064752 0.13358687449587237
vt 0.2750653219399442 0.01829652226219416
vt 0.22021484681811737 0.13190867049026025
vt 0.25505275983714554 0.03605344254405984
vt 0.21592848025951547 0.13050780891845076
vt 0.24442257077181273 0.03257930584597237
vt 0.21155967041032844 0.12939028848475864
vt 0.23358792234582892 0.029807855170415856
vt 0.2071271251850424 0.1285608945832458
vt 0.22622632821077324 0.004085923057807736
vt 0.20264982542280868 0.1280231788059293
vt 0.21149150677678016 0.026417423166919175
vt 0.19814694360857685 0.1277794437343194
vt 0.200324359877485 0.02581296018932649
vt 0.19363776177357025 0.12783073307941145
vt 0.18914158892666874 0.025940157765154927
vt 0.18914158892666882 0.1281768272123558
vt 0.17537350912138322 0.003
vt 0.18467767837026777 0.1288162441049418
vt 0.16692058208647845 0.028384225108470183
vt 0.1802651452546817 0.1297462456758704
vt 0.15597749995982507 0.030690629004372968
vt 0.17592288472413603 0.13096284951563825
vt 0.1452086938440719 0.03370780652699738
vt 0.1716694910048585 0.13246084593982732
vt 0.1259724002544589 0.01511275695058788
vt 0.16752317778174786 0.1342338202977724
vt 0.12437742062694918 0.04181981406668991
vt 0.16350170020457913 0.13627418044108092
vt 0.11440415623557065 0.04687990722209503
vt 0.15962227885772612 0.13857318923437736
vt 0.10478319129537526 0.05258144902947037
vt 0.15590152601897583 0.14112100196905866
vt 0.08138960554008909 0.039598729540666094
vt 0.15235537452320408 0.14390670851984755
vt 0.08676126854576054 0.06580857685743637
vt 0.1489990095355307 0.14691838006362412
vt 0.07843748337633066 0.07327752228600226
vt 0.14584680352611162 0.1501431201604777
vt 0.07062001247297127 0.08127487772619911
vt 0.14291225472501454 0.15356711997824238
vt 0.04466336876150599 0.07478923920320378
vt 0.140207929320726 0.15717571742403655
vt 0.056635604443614845 0.09871571893982513
vt 0.13774540764980267 0.1609534599295953
vt 0.05052855069972494 0.10808452035361085
vt 0.13553523460809255 0.16488417062154037
vt 0.04504732155628397 0.11783268286963458
vt 0.13358687449587237 0.16895101759323505
vt 0.018296522262194182 0.11828611085976605
vt 0.13190867049026023 0.17313658598159287
vt 0.03605344254405984 0.13829867296256473
vt 0.13050780891845074 0.17742295254019474
vt 0.03257930584597232 0.14892886202789746
vt 0.12939028848475861 0.1817917623893818
vt 0.029807855170415835 0.15976351045388126
vt 0.7892865793621843 0.10751715542821721
vt 0.7900282345622991 0.09720432235487703
vt 0.7940803611608197 0.09725207155866086
vt 0.7936124423050818 0.10773729098707839
vt 0.7981795882532035 0.09728557466455814
vt 0.7979165240466568 0.10783813245278989
vt 0.8023080326979627 0.0973036044841098
vt 0.8021864777747233 0.10786595625914383
vt 0.8064530572394721 0.09730850181844808
vt 0.8064218590511237 0.10785308582867001
vt 0.8106063056280401 0.09730381398871055
vt 0.8106276108815584 0.1078206720354751
vt 0.8147626198470512 0.0972930587371457
vt 0.814810339258606 0.10778163591132559
vt 0.818919069927781 0.09727917805238606
vt 0.8189764000180428 0.10774323491541968
vt 0.8230741818594863 0.09726438269082464
vt 0.8231310845216027 0.10770907013884744
vt 0.8272273715306283 0.09725019448718639
vt 0.8272784191116092 0.1076805383143486
vt 0.8313785567687677 0.09723757033677873
vt 0.8314212686451676 0.10765781503059026
vt 0.8355279079169368 0.09722704365986926
vt 0.8355615597368888 0.1076404791164188
vt 0.8396756981728398 0.09721885207619776
vt 0.8397005232930205 0.10762788194592149
vt 0.8438222211957519 0.09721303945899615
vt 0.8438389086756898 0.10761934672413077
vt 0.847967751270003 0.09720953101125074
vt 0.8479771525714132 0.10761426166058254
vt 0.8521125284859377 0.09720818485261301
vt 0.8521155019186062 0.10761211161336606
vt 0.8562567573472096 0.09720882528733168
vt 0.8562540976396922 0.10761247749279698
vt 0.8604006115583062 0.09721126281030745
vt 0.8603930281357259 0.10761502137871515
vt 0.8645442408378587 0.09721530516333005
vt 0.8645323611513519 0.10761946751558704
vt 0.8686877775956025 0.09722076271114145
vt 0.868672161141421 0.10762558433788777
vt 0.8728313425082148 0.09722745046128878
vt 0.8728124975029986 0.10763316967084552
vt 0.876975048765827 0.09723518830782012
vt 0.8769534474439934 0.10764203955904414
vt 0.8811190050514057 0.0972438004507134
vt 0.881095095935832 0.10765202039032279
vt 0.8852633175175868 0.09725311459610206
vt 0.8852375342875035 0.10766294367196666
vt 0.8894080910245709 0.09726296124185593
vt 0.8893808581062654 0.1076746428235404
vt 0.8935534299126482 0.0972731732114589
vt 0.8935251650868545 0.10768695145502828
vt 0.8976994385627629 0.09728358552725663
vt 0.8976705527072528 0.10769970283728213
vt 0.9018462219744767 0.09729403561738256
vt 0.9018171158771483 0.10771273049935781
vt 0.9059938866225068 0.09730436386507026
vt 0.9059649445380367 0.10772587008961765
vt 0.9101425418555256 0.0973144144026257
vt 0.9101141214067333 0.10773896294683458
vt 0.9142923021564493 0.0973240359598799
vt 0.9142647203108908 0.10775186195888917
vt 0.9184432906050013 0.09733308242156542
vt 0.9184168060556518 0.10776444055132595
vt 0.9225956438516916 0.09734141238161355
vt 0.9225704375989857 0.10777660549878092
vt 0.9267495187820732 0.09734888660255724
vt 0.9267256773853058 0.10778831417269016
vt 0.9309051006869976 0.09735536152936966
vt 0.9308826112521976 0.10779959566968225
vt 0.9350626119840667 0.09736067620523739
vt 0.9350413851944803 0.10781057359049148
vt 0.9392223192064099 0.09736462879707364
vt 0.9392022674771889 0.10782148467014158
vt 0.9433845336756417 0.09736693782947738
vt 0.9433657460352581 0.10783268180498842
vt 0.947549597800359 0.09736718241670514
vt 0.9475326721442037 0.10784460120881034
vt 0.9517178437991797 0.09736471570651245
vt 0.9517044587336942 0.10785765982062995
vt 0.9558895046368765 0.09735854789289726
vt 0.955883333099933 0.10787203167239764
vt 0.9600645482277034 0.09734720094929473
vt 0.9600726256598494 0.1078872292765515
vt 0.9642423961885247 0.09732854955716133
vt 0.9642770406412392 0.10790139022973734
vt 0.9684214797134513 0.09729968553898981
vt 0.9685027934502984 0.10791014660609227
vt 0.9725985819059022 0.09725688138474665
vt 0.9727574020826519 0.10790494497558026
vt 0.9767679259743698 0.09719578865672605
vt 0.9770487732644144 0.10787070835029869
vt 0.9809200051023015 0.09711209563910311
vt 0.9813830187246382 0.10778282124225641
vt 0.9850402329861083 0.09700299053464062
vt 0.9857601686353735 0.10760362767197673
vt 0.9891076538779974 0.09686993184569619
vt 0.990166633221052 0.1072790345620911
vt 0.7887050016890148 0.051823961259045793
vt 0.7897639810320707 0.041414858542649736
vt 0.7938314019239596 0.04154791723159443
vt 0.7931114662746941 0.05214855436893163
vt 0.797951629807767 0.041657022336056886
vt 0.79748861618543 0.0523277479392113
vt 0.8021037089356987 0.04174071535367998
vt 0.8018228616456544 0.05241563504725332
vt 0.8062730530041665 0.04180180808170043
vt 0.806114232827417 0.052449871672534835
vt 0.8104501551966177 0.041844612235943685
vt 0.810368841459771 0.05245507330304641
vt 0.8146292387215444 0.04187347625411499
vt 0.8145945942688302 0.05244631692669149
vt 0.8188070866823658 0.04189212764624852
vt 0.81879900925022 0.05243215597350518
vt 0.8229821302731928 0.041903474589850824
vt 0.8229883018101365 0.052416958369351487
vt 0.8271537911108897 0.041909642403466174
vt 0.827167176176375 0.05240258651758348
vt 0.8313220371097103 0.041912109113658745
vt 0.8313389627658657 0.05238952790576407
vt 0.8354871012344277 0.04191186452643113
vt 0.835505888874811 0.05237760850194209
vt 0.8396493157036595 0.04190955549402739
vt 0.8396693674328805 0.052366411367095404
vt 0.8438090229260029 0.041905602902191176
vt 0.843830249715589 0.052355500287445476
vt 0.8479665342230719 0.04190028822632355
vt 0.8479890236578718 0.05234452236663621
vt 0.8521221161279964 0.0418938132995111
vt 0.8521459575247636 0.05233324086964444
vt 0.8562759910583781 0.04188633907856751
vt 0.8563011973110839 0.05232153219573502
vt 0.8604283443050683 0.04187800911851928
vt 0.8604548288544182 0.05230936724828028
vt 0.8645793327536204 0.041868962656833826
vt 0.864606914599179 0.05229678865584318
vt 0.868729093054544 0.04185934109957949
vt 0.868757513503337 0.052283889643788606
vt 0.8728777482875631 0.04184929056202392
vt 0.8729066903720335 0.052270796786571344
vt 0.877025412935593 0.041838962314336064
vt 0.8770545190329222 0.05225765719631123
vt 0.8811721963473069 0.0418285122242099
vt 0.8812010822028173 0.05224462953423529
vt 0.8853182049974212 0.04181809990841206
vt 0.885346469823216 0.05223187815198091
vt 0.8894635438854985 0.041807887938808755
vt 0.8894907768038046 0.052219569520492906
vt 0.8936083173924824 0.04179804129305482
vt 0.8936341006225663 0.052207870368918524
vt 0.8977526298586632 0.04178872714766588
vt 0.8977765389742374 0.05219694708727468
vt 0.9018965861442416 0.041780115004772606
vt 0.9019181874660755 0.052186966255995504
vt 0.9060402924018535 0.041772377158240996
vt 0.90605913740707 0.052178096367797175
vt 0.9101838573144656 0.04176568940809378
vt 0.9101994737686471 0.0521705110348391
vt 0.914327394072209 0.04176023186028227
vt 0.9143392737587159 0.05216439421253852
vt 0.9184710233517616 0.041756189507259775
vt 0.9184786067743413 0.05215994807566681
vt 0.9226148775628578 0.0417537519842841
vt 0.9226175372703749 0.052157404189748846
vt 0.9267591064241297 0.04175311154956554
vt 0.9267561329914605 0.05215703831031827
vt 0.9309038836400642 0.041754457708203546
vt 0.9308944823386537 0.05215918835753485
vt 0.9350494137143154 0.04175796615594902
vt 0.9350327262343766 0.05216427342108376
vt 0.9391959367372273 0.04176377877315089
vt 0.9391711116170461 0.052172808642874505
vt 0.9433437269931304 0.041771970356822535
vt 0.9433100751731778 0.05218540581337242
vt 0.9474930781412995 0.04178249703373228
vt 0.9474503662648991 0.05220274172754387
vt 0.951644263379439 0.04179512118413997
vt 0.9515932157984578 0.05222546501130274
vt 0.9557974530505812 0.04180930938777846
vt 0.9557405503884644 0.05225399683580159
vt 0.9599525649822866 0.04182410474933997
vt 0.9598952348920247 0.052288161612373846
vt 0.9641090150630164 0.04183798543409955
vt 0.9640612956514614 0.05232656260827976
vt 0.9682653292820275 0.04184874068566452
vt 0.9682440240285092 0.05236559873242924
vt 0.9724185776705958 0.0418534285154021
vt 0.9724497758589439 0.052398012525624316
vt 0.9765636022121051 0.04184853118106403
vt 0.9766851571353445 0.05241088295609789
vt 0.9806920466568644 0.04183050136151226
vt 0.980955110863411 0.05238305914974411
vt 0.9847912737492482 0.0417969982556152
vt 0.9852591926049861 0.052282217684032364
vt 0.9888434003477686 0.04174924905183127
vt 0.9895850555478832 0.05206208212517156
usemtl atlas-page-1
f 1/1 97/2 98/3
f 1/1 98/3 2/4
f 2/4 98/3 99/5
f 2/4 99/5 3/6
f 3/6 99/5 100/7
f 3/6 100/7 4/8
f 4/8 100/7 101/9
f 4/8 101/9 5/10
f 5/10 101/9 102/11
f 5/10 102/11 6/12
f 6/12 102/11 103/13
f 6/12 103/13 7/14
f 7/14 103/13 104/15
f 7/14 104/15 8/16
f 8/16 104/15 105/17
f 8/16 105/17 9/18
f 9/18 105/17 106/19
f 9/18 106/19 10/20
f 10/20 106/19 107/21
f 10/20 107/21 11/22
f 11/22 107/21 108/23
f 11/22 108/23 12/24
f 12/24 108/23 109/25
f 12/24 109/25 13/26
f 13/26 109/25 110/27
f 13/26 110/27 14/28
f 14/28 110/27 111/29
f 14/28 111/29 15/30
f 15/30 111/29 112/31
f 15/30 112/31 16/32
f 16/32 112/31 113/33
f 16/32 113/33 17/34
f 17/34 113/33 114/35
f 17/34 114/35 18/36
f 18/36 114/35 115/37
f 18/36 115/37 19/38
f 19/38 115/37 116/39
f 19/38 116/39 20/40
f 20/40 116/39 117/41
f 20/40 117/41 21/42
f 21/42 117/41 118/43
f 21/42 118/43 22/44
f 22/44 118/43 119/45
f 22/44 119/45 23/46
f 23/46 119/45 120/47
f 23/46 120/47 24/48
f 24/48 120/47 121/49
f 24/48 121/49 25/50
f 25/50 121/49 122/51
f 25/50 122/51 26/52
f 26/52 122/51 123/53
f 26/52 123/53 27/54
f 27/54 123/53 124/55
f 27/54 124/55 28/56
f 28/56 124/55 125/57
f 28/56 125/57 29/58
f 29/58 125/57 126/59
f 29/58 126/59 30/60
f 30/60 126/59 127/61
f 30/60 127/61 31/62
f 31/62 127/61 128/63
f 31/62 128/63 32/64
f 32/64 128/63 129/65
f 32/64 129/65 33/66
f 33/66 129/65 130/67
f 33/66 130/67 34/68
f 34/68 130/67 131/69
f 34/68 131/69 35/70
f 35/70 131/69 132/71
f 35/70 132/71 36/72
f 36/72 132/71 133/73
f 36/72 133/73 37/74
f 37/74 133/73 134/75
f 37/74 134/75 38/76
f 38/76 134/75 135/77
f 38/76 135/77 39/78
f 39/78 135/77 136/79
f 39/78 136/79 40/80
f 40/80 136/79 137/81
f 40/80 137/81 41/82
f 41/82 137/81 138/83
f 41/82 138/83 42/84
f 42/84 138/83 139/85
f 42/84 139/85 43/86
f 43/86 139/85 140/87
f 43/86 140/87 44/88
f 44/88 140/87 141/89
f 44/88 141/89 45/90
f 45/90 141/89 142/91
f 45/90 142/91 46/92
f 46/92 142/91 143/93
f 46/92 143/93 47/94
f 47/94 143/93 144/95
f 47/94 144/95 48/96
f 48/96 144/95 145/97
f 48/96 145/97 49/98
f 49/99 145/100 146/101
f 49/99 146/101 50/102
f 50/102 146/101 147/103
f 50/102 147/103 51/104
f 51/104 147/103 148/105
f 51/104 148/105 52/106
f 52/106 148/105 149/107
f 52/106 149/107 53/108
f 53/108 149/107 150/109
f 53/108 150/109 54/110
f 54/110 150/109 151/111
f 54/110 151/111 55/112
f 55/112 151/111 152/113
f 55/112 152/113 56/114
f 56/114 152/113 153/115
f 56/114 153/115 57/116
f 57/116 153/115 154/117
f 57/116 154/117 58/118
f 58/118 154/117 155/119
f 58/118 155/119 59/120
f 59/120 155/119 156/121
f 59/120 156/121 60/122
f 60/122 156/121 157/123
f 60/122 157/123 61/124
f 61/124 157/123 158/125
f 61/124 158/125 62/126
f 62/126 158/125 159/127
f 62/126 159/127 63/128
f 63/128 159/127 160/129
f 63/128 160/129 64/130
f 64/130 160/129 161/131
f 64/130 161/131 65/132
f 65/132 161/131 162/133
f 65/132 162/133 66/134
f 66/134 162/133 163/135
f 66/134 163/135 67/136
f 67/136 163/135 164/137
f 67/136 164/137 68/138
f 68/138 164/137 165/139
f 68/138 165/139 69/140
f 69/140 165/139 166/141
f 69/140 166/141 70/142
f 70/142 166/141 167/143
f 70/142 167/143 71/144
f 71/144 167/143 168/145
f 71/144 168/145 72/146
f 72/146 168/145 169/147
f 72/146 169/147 73/148
f 73/148 169/147 170/149
f 73/148 170/149 74/150
f 74/150 170/149 171/151
f 74/150 171/151 75/152
f 75/152 171/151 172/153
f 75/152 172/153 76/154
f 76/154 172/153 173/155
f 76/154 173/155 77/156
f 77/156 173/155 174/157
f 77/156 174/157 78/158
f 78/158 174/157 175/159
f 78/158 175/159 79/160
f 79/160 175/159 176/161
f 79/160 176/161 80/162
f 80/162 176/161 177/163
f 80/162 177/163 81/164
f 81/164 177/163 178/165
f 81/164 178/165 82/166
f 82/166 178/165 179/167
f 82/166 179/167 83/168
f 83/168 179/167 180/169
f 83/168 180/169 84/170
f 84/170 180/169 181/171
f 84/170 181/171 85/172
f 85/172 181/171 182/173
f 85/172 182/173 86/174
f 86/174 182/173 183/175
f 86/174 183/175 87/176
f 87/176 183/175 184/177
f 87/176 184/177 88/178
f 88/178 184/177 185/179
f 88/178 185/179 89/180
f 89/180 185/179 186/181
f 89/180 186/181 90/182
f 90/182 186/181 187/183
f 90/182 187/183 91/184
f 91/184 187/183 188/185
f 91/184 188/185 92/186
f 92/186 188/185 189/187
f 92/186 189/187 93/188
f 93/188 189/187 190/189
f 93/188 190/189 94/190
f 94/190 190/189 191/191
f 94/190 191/191 95/192
f 95/192 191/191 192/193
f 95/192 192/193 96/194
f 96/194 192/193 97/195
f 96/194 97/195 1/196
f 97/197 193/198 194/199
f 97/197 194/199 98/200
f 98/200 194/199 195/201
f 98/200 195/201 99/202
f 99/202 195/201 196/203
f 99/202 196/203 100/204
f 100/204 196/203 197/205
f 100/204 197/205 101/206
f 101/206 197/205 198/207
f 101/206 198/207 102/208
f 102/208 198/207 199/209
f 102/208 199/209 103/210
f 103/210 199/209 200/211
f 103/210 200/211 104/212
f 104/212 200/211 201/213
f 104/212 201/213 105/214
f 105/214 201/213 202/215
f 105/214 202/215 106/216
f 106/216 202/215 203/217
f 106/216 203/217 107/218
f 107/218 203/217 204/219
f 107/218 204/219 108/220
f 108/220 204/219 205/221
f 108/220 205/221 109/222
f 109/222 205/221 206/223
f 109/222 206/223 110/224
f 110/224 206/223 207/225
f 110/224 207/225 111/226
f 111/226 207/225 208/227
f 111/226 208/227 112/228
f 112/228 208/227 209/229
f 112/228 209/229 113/230
f 113/230 209/229 210/231
f 113/230 210/231 114/232
f 114/232 210/231 211/233
f 114/232 211/233 115/234
f 115/234 211/233 212/235
f 115/234 212/235 116/236
f 116/236 212/235 213/237
f 116/236 213/237 117/238
f 117/238 213/237 214/239
f 117/238 214/239 118/240
f 118/240 214/239 215/241
f 118/240 215/241 119/242
f 119/242 215/241 216/243
f 119/242 216/243 120/244
f 120/244 216/243 217/245
f 120/244 217/245 121/246
f 121/246 217/245 218/247
f 121/246 218/247 122/248
f 122/248 218/247 219/249
f 122/248 219/249 123/250
f 123/250 219/249 220/251
f 123/250 220/251 124/252
f 124/252 220/251 221/253
f 124/252 221/253 125/254
f 125/254 221/253 222/255
f 125/254 222/255 126/256
f 126/256 222/255 223/257
f 126/256 223/257 127/258
f 127/258 223/257 224/259
f 127/258 224/259 128/260
f 128/260 224/259 225/261
f 128/260 225/261 129/262
f 129/262 225/261 226/263
f 129/262 226/263 130/264
f 130/264 226/263 227/265
f 130/264 227/265 131/266
f 131/266 227/265 228/267
f 131/266 228/267 132/268
f 132/268 228/267 229/269
f 132/268 229/269 133/270
f 133/270 229/269 230/271
f 133/270 230/271 134/272
f 134/272 230/271 231/273
f 134/272 231/273 135/274
f 135/274 231/273 232/275
f 135/274 232/275 136/276
f 136/276 232/275 233/277
f 136/276 233/277 137/278
f 137/278 233/277 234/279
f 137/278 234/279 138/280
f 138/280 234/279 235/281
f 138/280 235/281 139/282
f 139/282 235/281 236/283
f 139/282 236/283 140/284
f 140/284 236/283 237/285
f 140/284 237/285 141/286
f 141/286 237/285 238/287
f 141/286 238/287 142/288
f 142/288 238/287 239/289
f 142/288 239/289 143/290
f 143/290 239/289 240/291
f 143/290 240/291 144/292
f 144/292 240/291 241/293
f 144/292 241/293 145/294
f 145/294 241/293 242/295
f 145/294 242/295 146/296
f 146/296 242/295 243/297
f 146/296 243/297 147/298
f 147/298 243/297 244/299
f 147/298 244/299 148/300
f 148/300 244/299 245/301
f 148/300 245/301 149/302
f 149/302 245/301 246/303
f 149/302 246/303 150/304
f 150/304 246/303 247/305
f 150/304 247/305 151/306
f 151/306 247/305 248/307
f 151/306 248/307 152/308
f 152/308 248/307 249/309
f 152/308 249/309 153/310
f 153/310 249/309 250/311
f 153/310 250/311 154/312
f 154/312 250/311 251/313
f 154/312 251/313 155/314
f 155/314 251/313 252/315
f 155/314 252/315 156/316
f 156/316 252/315 253/317
f 156/316 253/317 157/318
f 157/318 253/317 254/319
f 157/318 254/319 158/320
f 158/320 254/319 255/321
f 158/320 255/321 159/322
f 159/322 255/321 256/323
f 159/322 256/323 160/324
f 160/324 256/323 257/325
f 160/324 257/325 161/326
f 161/326 257/325 258/327
f 161/326 258/327 162/328
f 162/328 258/327 259/329
f 162/328 259/329 163/330
f 163/330 259/329 260/331
f 163/330 260/331 164/332
f 164/332 260/331 261/333
f 164/332 261/333 165/334
f 165/334 261/333 262/335
f 165/334 262/335 166/336
f 166/336 262/335 263/337
f 166/336 263/337 167/338
f 167/338 263/337 264/339
f 167/338 264/339 168/340
f 168/340 264/339 265/341
f 168/340 265/341 169/342
f 169/342 265/341 266/343
f 169/342 266/343 170/344
f 170/344 266/343 267/345
f 170/344 267/345 171/346
f 171/346 267/345 268/347
f 171/346 268/347 172/348
f 172/348 268/347 269/349
f 172/348 269/349 173/350
f 173/350 269/349 270/351
f 173/350 270/351 174/352
f 174/352 270/351 271/353
f 174/352 271/353 175/354
f 175/354 271/353 272/355
f 175/354 272/355 176/356
f 176/356 272/355 273/357
f 176/356 273/357 177/358
f 177/358 273/357 274/359
f 177/358 274/359 178/360
f 178/360 274/359 275/361
f 178/360 275/361 179/362
f 179/362 275/361 276/363
f 179/362 276/363 180/364
f 180/364 276/363 277/365
f 180/364 277/365 181/366
f 181/366 277/365 278/367
f 181/366 278/367 182/368
f 182/368 278/367 279/369
f 182/368 279/369 183/370
f 183/370 279/369 280/371
f 183/370 280/371 184/372
f 184/372 280/371 281/373
f 184/372 281/373 185/374
f 185/374 281/373 282/375
f 185/374 282/375 186/376
f 186/376 282/375 283/377
f 186/376 283/377 187/378
f 187/378 283/377 284/379
f 187/378 284/379 188/380
f 188/380 284/379 285/381
f 188/380 285/381 189/382
f 189/382 285/381 286/383
f 189/382 286/383 190/384
f 190/384 286/383 287/385
f 190/384 287/385 191/386
f 191/386 287/385 288/387
f 191/386 288/387 192/388
f 192/388 288/387 193/198
f 192/388 193/198 97/197
f 193/389 289/390 290/391
f 193/389 290/391 194/392
f 194/392 290/391 291/393
f 194/392 291/393 195/394
f 195/394 291/393 292/395
f 195/394 292/395 196/396
f 196/396 292/395 293/397
f 196/396 293/397 197/398
f 197/398 293/397 294/399
f 197/398 294/399 198/400
f 198/400 294/399 295/401
f 198/400 295/401 199/402
f 199/402 295/401 296/403
f 199/402 296/403 200/404
f 200/404 296/403 297/405
f 200/404 297/405 201/406
f 201/406 297/405 298/407
f 201/406 298/407 202/408
f 202/408 298/407 299/409
f 202/408 299/409 203/410
f 203/410 299/409 300/411
f 203/410 300/411 204/412
f 204/412 300/411 301/413
f 204/412 301/413 205/414
f 205/414 301/413 302/415
f 205/414 302/415 206/416
f 206/416 302/415 303/417
f 206/416 303/417 207/418
f 207/418 303/417 304/419
f 207/418 304/419 208/420
f 208/420 304/419 305/421
f 208/420 305/421 209/422
f 209/422 305/421 306/423
f 209/422 306/423 210/424
f 210/424 306/423 307/425
f 210/424 307/425 211/426
f 211/426 307/425 308/427
f 211/426 308/427 212/428
f 212/428 308/427 309/429
f 212/428 309/429 213/430
f 213/430 309/429 310/431
f 213/430 310/431 214/432
f 214/432 310/431 311/433
f 214/432 311/433 215/434
f 215/434 311/433 312/435
f 215/434 312/435 216/436
f 216/436 312/435 313/437
f 216/436 313/437 217/438
f 217/438 313/437 314/439
f 217/438 314/439 218/440
f 218/440 314/439 315/441
f 218/440 315/441 219/442
f 219/442 315/441 316/443
f 219/442 316/443 220/444
f 220/444 316/443 317/445
f 220/444 317/445 221/446
f 221/446 317/445 318/447
f 221/446 318/447 222/448
f 222/448 318/447 319/449
f 222/448 319/449 223/450
f 223/450 319/449 320/451
f 223/450 320/451 224/452
f 224/452 320/451 321/453
f 224/452 321/453 225/454
f 225/454 321/453 322/455
f 225/454 322/455 226/456
f 226/456 322/455 323/457
f 226/456 323/457 227/458
f 227/458 323/457 324/459
f 227/458 324/459 228/460
f 228/460 324/459 325/461
f 228/460 325/461 229/462
f 229/462 325/461 326/463
f 229/462 326/463 230/464
f 230/464 326/463 327/465
f 230/464 327/465 231/466
f 231/466 327/465 328/467
f 231/466 328/467 232/468
f 232/468 328/467 329/469
f 232/468 329/469 233/470
f 233/470 329/469 330/471
f 233/470 330/471 234/472
f 234/472 330/471 331/473
f 234/472 331/473 235/474
f 235/474 331/473 332/475
f 235/474 332/475 236/476
f 236/476 332/475 333/477
f 236/476 333/477 237/478
f 237/478 333/477 334/479
f 237/480 334/481 238/482
f 238/482 334/481 335/483
f 238/482 335/483 239/484
f 239/484 335/483 336/485
f 239/484 336/485 240/486
f 240/486 336/485 337/487
f 240/486 337/487 241/488
f 241/488 337/487 338/489
f 241/488 338/489 242/490
f 242/490 338/489 339/491
f 242/490 339/491 243/492
f 243/492 339/491 340/493
f 243/492 340/493 244/494
f 244/494 340/493 341/495
f 244/494 341/495 245/496
f 245/496 341/495 342/497
f 245/496 342/497 246/498
f 246/498 342/497 343/499
f 246/498 343/499 247/500
f 247/500 343/499 344/501
f 247/500 344/501 248/502
f 248/502 344/501 345/503
f 248/502 345/503 249/504
f 249/504 345/503 346/505
f 249/504 346/505 250/506
f 250/506 346/505 347/507
f 250/506 347/507 251/508
f 251/508 347/507 348/509
f 251/508 348/509 252/510
f 252/510 348/509 349/511
f 252/510 349/511 253/512
f 253/512 349/511 350/513
f 253/512 350/513 254/514
f 254/514 350/513 351/515
f 254/514 351/515 255/516
f 255/516 351/515 352/517
f 255/516 352/517 256/518
f 256/518 352/517 353/519
f 256/518 353/519 257/520
f 257/520 353/519 354/521
f 257/520 354/521 258/522
f 258/522 354/521 355/523
f 258/522 355/523 259/524
f 259/524 355/523 356/525
f 259/524 356/525 260/526
f 260/526 356/525 357/527
f 260/526 357/527 261/528
f 261/528 357/527 358/529
f 261/528 358/529 262/530
f 262/530 358/529 359/531
f 262/530 359/531 263/532
f 263/532 359/531 360/533
f 263/532 360/533 264/534
f 264/534 360/533 361/535
f 264/534 361/535 265/536
f 265/536 361/535 362/537
f 265/536 362/537 266/538
f 266/538 362/537 363/539
f 266/538 363/539 267/540
f 267/540 363/539 364/541
f 267/540 364/541 268/542
f 268/542 364/541 365/543
f 268/542 365/543 269/544
f 269/544 365/543 366/545
f 269/544 366/545 270/546
f 270/546 366/545 367/547
f 270/546 367/547 271/548
f 271/548 367/547 368/549
f 271/548 368/549 272/550
f 272/550 368/549 369/551
f 272/550 369/551 273/552
f 273/552 369/551 370/553
f 273/552 370/553 274/554
f 274/554 370/553 371/555
f 274/554 371/555 275/556
f 275/556 371/555 372/557
f 275/556 372/557 276/558
f 276/558 372/557 373/559
f 276/558 373/559 277/560
f 277/561 373/562 374/563
f 277/561 374/563 278/564
f 278/564 374/563 375/565
f 278/564 375/565 279/566
f 279/566 375/565 376/567
f 279/566 376/567 280/568
f 280/568 376/567 377/569
f 280/568 377/569 281/570
f 281/570 377/569 378/571
f 281/570 378/571 282/572
f 282/572 378/571 379/573
f 282/572 379/573 283/574
f 283/574 379/573 380/575
f 283/574 380/575 284/576
f 284/576 380/575 381/577
f 284/576 381/577 285/578
f 285/578 381/577 382/579
f 285/578 382/579 286/580
f 286/580 382/579 383/581
f 286/580 383/581 287/582
f 287/582 383/581 384/583
f 287/582 384/583 288/584
f 288/584 384/583 289/390
f 288/584 289/390 193/389
f 289/390 385/585 386/586
f 289/390 386/586 290/391
f 290/391 386/586 387/587
f 290/391 387/587 291/393
f 291/393 387/587 388/588
f 291/393 388/588 292/395
f 292/395 388/588 389/589
f 292/395 389/589 293/397
f 293/397 389/589 390/590
f 293/397 390/590 294/399
f 294/399 390/590 391/591
f 294/399 391/591 295/401
f 295/401 391/591 392/592
f 295/401 392/592 296/403
f 296/403 392/592 393/593
f 296/403 393/593 297/405
f 297/405 393/593 394/594
f 297/405 394/594 298/407
f 298/407 394/594 395/595
f 298/407 395/595 299/409
f 299/409 395/595 396/596
f 299/409 396/596 300/411
f 300/411 396/596 397/597
f 300/411 397/597 301/413
f 301/413 397/597 398/598
f 301/413 398/598 302/415
f 302/415 398/598 399/599
f 302/415 399/599 303/417
f 303/417 399/599 400/600
f 303/417 400/600 304/419
f 304/419 400/600 401/601
f 304/419 401/601 305/421
f 305/421 401/601 402/602
f 305/421 402/602 306/423
f 306/423 402/602 403/603
f 306/423 403/603 307/425
f 307/425 403/603 404/604
f 307/425 404/604 308/427
f 308/427 404/604 405/605
f 308/427 405/605 309/429
f 309/429 405/605 406/606
f 309/429 406/606 310/431
f 310/431 406/606 407/607
f 310/431 407/607 311/433
f 311/433 407/607 408/608
f 311/433 408/608 312/435
f 312/435 408/608 409/609
f 312/435 409/609 313/437
f 313/437 409/609 410/610
f 313/437 410/610 314/439
f 314/439 410/610 411/611
f 314/439 411/611 315/441
f 315/441 411/611 412/612
f 315/441 412/612 316/443
f 316/443 412/612 413/613
f 316/443 413/613 317/445
f 317/445 413/613 414/614
f 317/445 414/614 318/447
f 318/447 414/614 415/615
f 318/447 415/615 319/449
f 319/449 415/615 416/616
f 319/449 416/616 320/451
f 320/451 416/616 417/617
f 320/451 417/617 321/453
f 321/453 417/617 418/618
f 321/453 418/618 322/455
f 322/455 418/618 419/619
f 322/455 419/619 323/457
f 323/457 419/619 420/620
f 323/457 420/620 324/459
f 324/459 420/620 421/621
f 324/459 421/621 325/461
f 325/461 421/621 422/622
f 325/461 422/622 326/463
f 326/463 422/622 423/623
f 326/463 423/623 327/465
f 327/465 423/623 424/624
f 327/465 424/624 328/467
f 328/467 424/624 425/625
f 328/467 425/625 329/469
f 329/469 425/625 426/626
f 329/469 426/626 330/471
f 330/471 426/626 427/627
f 330/471 427/627 331/473
f 331/473 427/627 428/628
f 331/473 428/628 332/475
f 332/475 428/628 429/629
f 332/475 429/629 333/477
f 333/630 429/631 430/632
f 333/630 430/632 334/481
f 334/481 430/632 431/633
f 334/481 431/633 335/483
f 335/483 431/633 432/634
f 335/483 432/634 336/485
f 336/485 432/634 433/635
f 336/485 433/635 337/487
f 337/487 433/635 434/636
f 337/487 434/636 338/489
f 338/489 434/636 435/637
f 338/489 435/637 339/491
f 339/491 435/637 436/638
f 339/491 436/638 340/493
f 340/493 436/638 437/639
f 340/493 437/639 341/495
f 341/495 437/639 438/640
f 341/495 438/640 342/497
f 342/497 438/640 439/641
f 342/497 439/641 343/499
f 343/499 439/641 440/642
f 343/499 440/642 344/501
f 344/501 440/642 441/643
f 344/501 441/643 345/503
f 345/503 441/643 442/644
f 345/503 442/644 346/505
f 346/505 442/644 443/645
f 346/505 443/645 347/507
f 347/507 443/645 444/646
f 347/507 444/646 348/509
f 348/509 444/646 445/647
f 348/509 445/647 349/511
f 349/511 445/647 446/648
f 349/511 446/648 350/513
f 350/513 446/648 447/649
f 350/513 447/649 351/515
f 351/515 447/649 448/650
f 351/515 448/650 352/517
f 352/517 448/650 449/651
f 352/517 449/651 353/519
f 353/519 449/651 450/652
f 353/519 450/652 354/521
f 354/521 450/652 451/653
f 354/521 451/653 355/523
f 355/523 451/653 452/654
f 355/523 452/654 356/525
f 356/525 452/654 453/655
f 356/525 453/655 357/527
f 357/527 453/655 454/656
f 357/527 454/656 358/529
f 358/529 454/656 455/657
f 358/529 455/657 359/531
f 359/531 455/657 456/658
f 359/531 456/658 360/533
f 360/533 456/658 457/659
f 360/533 457/659 361/535
f 361/535 457/659 458/660
f 361/535 458/660 362/537
f 362/537 458/660 459/661
f 362/537 459/661 363/539
f 363/539 459/661 460/662
f 363/539 460/662 364/541
f 364/541 460/662 461/663
f 364/541 461/663 365/543
f 365/543 461/663 462/664
f 365/543 462/664 366/545
f 366/545 462/664 463/665
f 366/545 463/665 367/547
f 367/547 463/665 464/666
f 367/547 464/666 368/549
f 368/549 464/666 465/667
f 368/549 465/667 369/551
f 369/551 465/667 466/668
f 369/551 466/668 370/553
f 370/553 466/668 467/669
f 370/553 467/669 371/555
f 371/555 467/669 468/670
f 371/555 468/670 372/557
f 372/557 468/670 469/671
f 372/557 469/671 373/559
f 373/562 469/672 470/673
f 373/562 470/673 374/563
f 374/563 470/673 471/674
f 374/563 471/674 375/565
f 375/565 471/674 472/675
f 375/565 472/675 376/567
f 376/567 472/675 473/676
f 376/567 473/676 377/569
f 377/569 473/676 474/677
f 377/569 474/677 378/571
f 378/571 474/677 475/678
f 378/571 475/678 379/573
f 379/573 475/678 476/679
f 379/573 476/679 380/575
f 380/575 476/679 477/680
f 380/575 477/680 381/577
f 381/577 477/680 478/681
f 381/577 478/681 382/579
f 382/579 478/681 479/682
f 382/579 479/682 383/581
f 383/581 479/682 480/683
f 383/581 480/683 384/583
f 384/583 480/683 385/585
f 384/583 385/585 289/390
f 385/585 481/684 482/685
f 385/585 482/685 386/586
f 386/586 482/685 483/686
f 386/586 483/686 387/587
f 387/587 483/686 484/687
f 387/587 484/687 388/588
f 388/588 484/687 485/688
f 388/588 485/688 389/589
f 389/589 485/688 486/689
f 389/589 486/689 390/590
f 390/590 486/689 487/690
f 390/590 487/690 391/591
f 391/591 487/690 488/691
f 391/591 488/691 392/592
f 392/592 488/691 489/692
f 392/592 489/692 393/593
f 393/593 489/692 490/693
f 393/593 490/693 394/594
f 394/594 490/693 491/694
f 394/594 491/694 395/595
f 395/595 491/694 492/695
f 395/595 492/695 396/596
f 396/596 492/695 493/696
f 396/596 493/696 397/597
f 397/597 493/696 494/697
f 397/597 494/697 398/598
f 398/598 494/697 495/698
f 398/598 495/698 399/599
f 399/599 495/698 496/699
f 399/599 496/699 400/600
f 400/600 496/699 497/700
f 400/600 497/700 401/601
f 401/601 497/700 498/701
f 401/601 498/701 402/602
f 402/602 498/701 499/702
f 402/602 499/702 403/603
f 403/603 499/702 500/703
f 403/603 500/703 404/604
f 404/604 500/703 501/704
f 404/604 501/704 405/605
f 405/605 501/704 502/705
f 405/605 502/705 406/606
f 406/606 502/705 503/706
f 406/606 503/706 407/607
f 407/607 503/706 504/707
f 407/607 504/707 408/608
f 408/608 504/707 505/708
f 408/608 505/708 409/609
f 409/609 505/708 506/709
f 409/609 506/709 410/610
f 410/610 506/709 507/710
f 410/610 507/710 411/611
f 411/611 507/710 508/711
f 411/611 508/711 412/612
f 412/612 508/711 509/712
f 412/612 509/712 413/613
f 413/613 509/712 510/713
f 413/613 510/713 414/614
f 414/614 510/713 511/714
f 414/614 511/714 415/615
f 415/615 511/714 512/715
f 415/615 512/715 416/616
f 416/616 512/715 513/716
f 416/616 513/716 417/617
f 417/617 513/716 514/717
f 417/617 514/717 418/618
f 418/618 514/717 515/718
f 418/618 515/718 419/619
f 419/619 515/718 516/719
f 419/619 516/719 420/620
f 420/620 516/719 517/720
f 420/620 517/720 421/621
f 421/621 517/720 518/721
f 421/621 518/721 422/622
f 422/622 518/721 519/722
f 422/622 519/722 423/623
f 423/623 519/722 520/723
f 423/623 520/723 424/624
f 424/624 520/723 521/724
f 424/624 521/724 425/625
f 425/625 521/724 522/725
f 425/625 522/725 426/626
f 426/626 522/725 523/726
f 426/626 523/726 427/627
f 427/627 523/726 524/727
f 427/627 524/727 428/628
f 428/628 524/727 525/728
f 428/628 525/728 429/629
f 429/629 525/728 526/729
f 429/631 526/730 430/632
f 430/632 526/730 527/731
f 430/632 527/731 431/633
f 431/633 527/731 528/732
f 431/633 528/732 432/634
f 432/634 528/732 529/733
f 432/634 529/733 433/635
f 433/635 529/733 530/734
f 433/635 530/734 434/636
f 434/636 530/734 531/735
f 434/636 531/735 435/637
f 435/637 531/735 532/736
f 435/637 532/736 436/638
f 436/638 532/736 533/737
f 436/638 533/737 437/639
f 437/639 533/737 534/738
f 437/639 534/738 438/640
f 438/640 534/738 535/739
f 438/640 535/739 439/641
f 439/641 535/739 536/740
f 439/641 536/740 440/642
f 440/642 536/740 537/741
f 440/642 537/741 441/643
f 441/643 537/741 538/742
f 441/643 538/742 442/644
f 442/644 538/742 539/743
f 442/644 539/743 443/645
f 443/645 539/743 540/744
f 443/645 540/744 444/646
f 444/646 540/744 541/745
f 444/646 541/745 445/647
f 445/647 541/745 542/746
f 445/647 542/746 446/648
f 446/648 542/746 543/747
f 446/648 543/747 447/649
f 447/649 543/747 544/748
f 447/649 544/748 448/650
f 448/650 544/748 545/749
f 448/650 545/749 449/651
f 449/651 545/749 546/750
f 449/651 546/750 450/652
f 450/652 546/750 547/751
f 450/652 547/751 451/653
f 451/653 547/751 548/752
f 451/653 548/752 452/654
f 452/654 548/752 549/753
f 452/654 549/753 453/655
f 453/655 549/753 550/754
f 453/655 550/754 454/656
f 454/656 550/754 551/755
f 454/656 551/755 455/657
f 455/657 551/755 552/756
f 455/657 552/756 456/658
f 456/658 552/756 553/757
f 456/658 553/757 457/659
f 457/659 553/757 554/758
f 457/659 554/758 458/660
f 458/660 554/758 555/759
f 458/660 555/759 459/661
f 459/661 555/759 556/760
f 459/661 556/760 460/662
f 460/662 556/760 557/761
f 460/662 557/761 461/663
f 461/663 557/761 558/762
f 461/663 558/762 462/664
f 462/664 558/762 559/763
f 462/664 559/763 463/665
f 463/665 559/763 560/764
f 463/665 560/764 464/666
f 464/666 560/764 561/765
f 464/666 561/765 465/667
f 465/667 561/765 562/766
f 465/667 562/766 466/668
f 466/668 562/766 563/767
f 466/668 563/767 467/669
f 467/669 563/767 564/768
f 467/669 564/768 468/670
f 468/670 564/768 565/769
f 468/670 565/769 469/671
f 469/672 565/770 566/771
f 469/672 566/771 470/673
f 470/673 566/771 567/772
f 470/673 567/772 471/674
f 471/674 567/772 568/773
f 471/674 568/773 472/675
f 472/675 568/773 569/774
f 472/675 569/774 473/676
f 473/676 569/774 570/775
f 473/676 570/775 474/677
f 474/677 570/775 571/776
f 474/677 571/776 475/678
f 475/678 571/776 572/777
f 475/678 572/777 476/679
f 476/679 572/777 573/778
f 476/679 573/778 477/680
f 477/680 573/778 574/779
f 477/680 574/779 478/681
f 478/681 574/779 575/780
f 478/681 575/780 479/682
f 479/682 575/780 576/781
f 479/682 576/781 480/683
f 480/683 576/781 481/684
f 480/683 481/684 385/585
f 481/782 577/783 578/784
f 481/782 578/784 482/785
f 482/785 578/784 579/786
f 482/785 579/786 483/787
f 483/787 579/786 580/788
f 483/787 580/788 484/789
f 484/789 580/788 581/790
f 484/789 581/790 485/791
f 485/791 581/790 582/792
f 485/791 582/792 486/793
f 486/793 582/792 583/794
f 486/793 583/794 487/795
f 487/795 583/794 584/796
f 487/795 584/796 488/797
f 488/797 584/796 585/798
f 488/797 585/798 489/799
f 489/799 585/798 586/800
f 489/799 586/800 490/801
f 490/801 586/800 587/802
f 490/801 587/802 491/803
f 491/803 587/802 588/804
f 491/803 588/804 492/805
f 492/805 588/804 589/806
f 492/805 589/806 493/807
f 493/807 589/806 590/808
f 493/807 590/808 494/809
f 494/809 590/808 591/810
f 494/809 591/810 495/811
f 495/811 591/810 592/812
f 495/811 592/812 496/813
f 496/813 592/812 593/814
f 496/813 593/814 497/815
f 497/815 593/814 594/816
f 497/815 594/816 498/817
f 498/817 594/816 595/818
f 498/817 595/818 499/819
f 499/819 595/818 596/820
f 499/819 596/820 500/821
f 500/821 596/820 597/822
f 500/821 597/822 501/823
f 501/823 597/822 598/824
f 501/823 598/824 502/825
f 502/825 598/824 599/826
f 502/825 599/826 503/827
f 503/827 599/826 600/828
f 503/827 600/828 504/829
f 504/829 600/828 601/830
f 504/829 601/830 505/831
f 505/831 601/830 602/832
f 505/831 602/832 506/833
f 506/833 602/832 603/834
f 506/833 603/834 507/835
f 507/835 603/834 604/836
f 507/835 604/836 508/837
f 508/837 604/836 605/838
f 508/837 605/838 509/839
f 509/839 605/838 606/840
f 509/839 606/840 510/841
f 510/841 606/840 607/842
f 510/841 607/842 511/843
f 511/843 607/842 608/844
f 511/843 608/844 512/845
f 512/845 608/844 609/846
f 512/845 609/846 513/847
f 513/847 609/846 610/848
f 513/847 610/848 514/849
f 514/849 610/848 611/850
f 514/849 611/850 515/851
f 515/851 611/850 612/852
f 515/851 612/852 516/853
f 516/853 612/852 613/854
f 516/853 613/854 517/855
f 517/855 613/854 614/856
f 517/855 614/856 518/857
f 518/857 614/856 615/858
f 518/857 615/858 519/859
f 519/859 615/858 616/860
f 519/859 616/860 520/861
f 520/861 616/860 617/862
f 520/861 617/862 521/863
f 521/863 617/862 618/864
f 521/863 618/864 522/865
f 522/865 618/864 619/866
f 522/865 619/866 523/867
f 523/867 619/866 620/868
f 523/867 620/868 524/869
f 524/869 620/868 621/870
f 524/869 621/870 525/871
f 525/871 621/870 622/872
f 525/871 622/872 526/873
f 526/873 622/872 623/874
f 526/873 623/874 527/875
f 527/875 623/874 624/876
f 527/875 624/876 528/877
f 528/877 624/876 625/878
f 528/877 625/878 529/879
f 529/879 625/878 626/880
f 529/879 626/880 530/881
f 530/881 626/880 627/882
f 530/881 627/882 531/883
f 531/883 627/882 628/884
f 531/883 628/884 532/885
f 532/885 628/884 629/886
f 532/885 629/886 533/887
f 533/887 629/886 630/888
f 533/887 630/888 534/889
f 534/889 630/888 631/890
f 534/889 631/890 535/891
f 535/891 631/890 632/892
f 535/891 632/892 536/893
f 536/893 632/892 633/894
f 536/893 633/894 537/895
f 537/895 633/894 634/896
f 537/895 634/896 538/897
f 538/897 634/896 635/898
f 538/897 635/898 539/899
f 539/899 635/898 636/900
f 539/899 636/900 540/901
f 540/901 636/900 637/902
f 540/901 637/902 541/903
f 541/903 637/902 638/904
f 541/903 638/904 542/905
f 542/905 638/904 639/906
f 542/905 639/906 543/907
f 543/907 639/906 640/908
f 543/907 640/908 544/909
f 544/909 640/908 641/910
f 544/909 641/910 545/911
f 545/911 641/910 642/912
f 545/911 642/912 546/913
f 546/913 642/912 643/914
f 546/913 643/914 547/915
f 547/915 643/914 644/916
f 547/915 644/916 548/917
f 548/917 644/916 645/918
f 548/917 645/918 549/919
f 549/919 645/918 646/920
f 549/919 646/920 550/921
f 550/921 646/920 647/922
f 550/921 647/922 551/923
f 551/923 647/922 648/924
f 551/923 648/924 552/925
f 552/925 648/924 649/926
f 552/925 649/926 553/927
f 553/927 649/926 650/928
f 553/927 650/928 554/929
f 554/929 650/928 651/930
f 554/929 651/930 555/931
f 555/931 651/930 652/932
f 555/931 652/932 556/933
f 556/933 652/932 653/934
f 556/933 653/934 557/935
f 557/935 653/934 654/936
f 557/935 654/936 558/937
f 558/937 654/936 655/938
f 558/937 655/938 559/939
f 559/939 655/938 656/940
f 559/939 656/940 560/941
f 560/941 656/940 657/942
f 560/941 657/942 561/943
f 561/943 657/942 658/944
f 561/943 658/944 562/945
f 562/945 658/944 659/946
f 562/945 659/946 563/947
f 563/947 659/946 660/948
f 563/947 660/948 564/949
f 564/949 660/948 661/950
f 564/949 661/950 565/951
f 565/951 661/950 662/952
f 565/951 662/952 566/953
f 566/953 662/952 663/954
f 566/953 663/954 567/955
f 567/955 663/954 664/956
f 567/955 664/956 568/957
f 568/957 664/956 665/958
f 568/957 665/958 569/959
f 569/959 665/958 666/960
f 569/959 666/960 570/961
f 570/961 666/960 667/962
f 570/961 667/962 571/963
f 571/963 667/962 668/964
f 571/963 668/964 572/965
f 572/965 668/964 669/966
f 572/965 669/966 573/967
f 573/967 669/966 670/968
f 573/967 670/968 574/969
f 574/969 670/968 671/970
f 574/969 671/970 575/971
f 575/971 671/970 672/972
f 575/971 672/972 576/973
f 576/973 672/972 577/783
f 576/973 577/783 481/782
f 577/974 673/975 674/976
f 577/974 674/976 578/977
f 578/977 674/976 675/978
f 578/977 675/978 579/979
f 579/979 675/978 676/980
f 579/979 676/980 580/981
f 580/981 676/980 677/982
f 580/981 677/982 581/983
f 581/983 677/982 678/984
f 581/983 678/984 582/985
f 582/985 678/984 679/986
f 582/985 679/986 583/987
f 583/987 679/986 680/988
f 583/987 680/988 584/989
f 584/989 680/988 681/990
f 584/989 681/990 585/991
f 585/991 681/990 682/992
f 585/991 682/992 586/993
f 586/993 682/992 683/994
f 586/993 683/994 587/995
f 587/995 683/994 684/996
f 587/995 684/996 588/997
f 588/997 684/996 685/998
f 588/997 685/998 589/999
f 589/999 685/998 686/1000
f 589/999 686/1000 590/1001
f 590/1001 686/1000 687/1002
f 590/1001 687/1002 591/1003
f 591/1003 687/1002 688/1004
f 591/1003 688/1004 592/1005
f 592/1005 688/1004 689/1006
f 592/1005 689/1006 593/1007
f 593/1007 689/1006 690/1008
f 593/1007 690/1008 594/1009
f 594/1009 690/1008 691/1010
f 594/1009 691/1010 595/1011
f 595/1011 691/1010 692/1012
f 595/1011 692/1012 596/1013
f 596/1013 692/1012 693/1014
f 596/1013 693/1014 597/1015
f 597/1015 693/1014 694/1016
f 597/1015 694/1016 598/1017
f 598/1017 694/1016 695/1018
f 598/1017 695/1018 599/1019
f 599/1019 695/1018 696/1020
f 599/1019 696/1020 600/1021
f 600/1021 696/1020 697/1022
f 600/1021 697/1022 601/1023
f 601/1023 697/1022 698/1024
f 601/1023 698/1024 602/1025
f 602/1025 698/1024 699/1026
f 602/1025 699/1026 603/1027
f 603/1027 699/1026 700/1028
f 603/1027 700/1028 604/1029
f 604/1029 700/1028 701/1030
f 604/1029 701/1030 605/1031
f 605/1031 701/1030 702/1032
f 605/1031 702/1032 606/1033
f 606/1033 702/1032 703/1034
f 606/1033 703/1034 607/1035
f 607/1035 703/1034 704/1036
f 607/1035 704/1036 608/1037
f 608/1037 704/1036 705/1038
f 608/1037 705/1038 609/1039
f 609/1039 705/1038 706/1040
f 609/1039 706/1040 610/1041
f 610/1041 706/1040 707/1042
f 610/1041 707/1042 611/1043
f 611/1043 707/1042 708/1044
f 611/1043 708/1044 612/1045
f 612/1045 708/1044 709/1046
f 612/1045 709/1046 613/1047
f 613/1047 709/1046 710/1048
f 613/1047 710/1048 614/1049
f 614/1049 710/1048 711/1050
f 614/1049 711/1050 615/1051
f 615/1051 711/1050 712/1052
f 615/1051 712/1052 616/1053
f 616/1053 712/1052 713/1054
f 616/1053 713/1054 617/1055
f 617/1055 713/1054 714/1056
f 617/1055 714/1056 618/1057
f 618/1057 714/1056 715/1058
f 618/1057 715/1058 619/1059
f 619/1059 715/1058 716/1060
f 619/1059 716/1060 620/1061
f 620/1061 716/1060 717/1062
f 620/1061 717/1062 621/1063
f 621/1063 717/1062 718/1064
f 621/1063 718/1064 622/1065
f 622/1065 718/1064 719/1066
f 622/1065 719/1066 623/1067
f 623/1067 719/1066 720/1068
f 623/1067 720/1068 624/1069
f 624/1069 720/1068 721/1070
f 624/1069 721/1070 625/1071
f 625/1072 721/1073 722/1074
f 625/1072 722/1074 626/1075
f 626/1075 722/1074 723/1076
f 626/1075 723/1076 627/1077
f 627/1077 723/1076 724/1078
f 627/1077 724/1078 628/1079
f 628/1079 724/1078 725/1080
f 628/1079 725/1080 629/1081
f 629/1081 725/1080 726/1082
f 629/1081 726/1082 630/1083
f 630/1083 726/1082 727/1084
f 630/1083 727/1084 631/1085
f 631/1085 727/1084 728/1086
f 631/1085 728/1086 632/1087
f 632/1087 728/1086 729/1088
f 632/1087 729/1088 633/1089
f 633/1089 729/1088 730/1090
f 633/1089 730/1090 634/1091
f 634/1091 730/1090 731/1092
f 634/1091 731/1092 635/1093
f 635/1093 731/1092 732/1094
f 635/1093 732/1094 636/1095
f 636/1095 732/1094 733/1096
f 636/1095 733/1096 637/1097
f 637/1097 733/1096 734/1098
f 637/1097 734/1098 638/1099
f 638/1099 734/1098 735/1100
f 638/1099 735/1100 639/1101
f 639/1101 735/1100 736/1102
f 639/1101 736/1102 640/1103
f 640/1103 736/1102 737/1104
f 640/1103 737/1104 641/1105
f 641/1105 737/1104 738/1106
f 641/1105 738/1106 642/1107
f 642/1107 738/1106 739/1108
f 642/1107 739/1108 643/1109
f 643/1109 739/1108 740/1110
f 643/1109 740/1110 644/1111
f 644/1111 740/1110 741/1112
f 644/1111 741/1112 645/1113
f 645/1113 741/1112 742/1114
f 645/1113 742/1114 646/1115
f 646/1115 742/1114 743/1116
f 646/1115 743/1116 647/1117
f 647/1117 743/1116 744/1118
f 647/1117 744/1118 648/1119
f 648/1119 744/1118 745/1120
f 648/1119 745/1120 649/1121
f 649/1121 745/1120 746/1122
f 649/1121 746/1122 650/1123
f 650/1123 746/1122 747/1124
f 650/1123 747/1124 651/1125
f 651/1125 747/1124 748/1126
f 651/1125 748/1126 652/1127
f 652/1127 748/1126 749/1128
f 652/1127 749/1128 653/1129
f 653/1129 749/1128 750/1130
f 653/1129 750/1130 654/1131
f 654/1131 750/1130 751/1132
f 654/1131 751/1132 655/1133
f 655/1133 751/1132 752/1134
f 655/1133 752/1134 656/1135
f 656/1135 752/1134 753/1136
f 656/1135 753/1136 657/1137
f 657/1137 753/1136 754/1138
f 657/1137 754/1138 658/1139
f 658/1139 754/1138 755/1140
f 658/1139 755/1140 659/1141
f 659/1141 755/1140 756/1142
f 659/1141 756/1142 660/1143
f 660/1143 756/1142 757/1144
f 660/1143 757/1144 661/1145
f 661/1145 757/1144 758/1146
f 661/1145 758/1146 662/1147
f 662/1147 758/1146 759/1148
f 662/1147 759/1148 663/1149
f 663/1149 759/1148 760/1150
f 663/1149 760/1150 664/1151
f 664/1151 760/1150 761/1152
f 664/1151 761/1152 665/1153
f 665/1153 761/1152 762/1154
f 665/1153 762/1154 666/1155
f 666/1155 762/1154 763/1156
f 666/1155 763/1156 667/1157
f 667/1157 763/1156 764/1158
f 667/1157 764/1158 668/1159
f 668/1159 764/1158 765/1160
f 668/1159 765/1160 669/1161
f 669/1161 765/1160 766/1162
f 669/1161 766/1162 670/1163
f 670/1163 766/1162 767/1164
f 670/1163 767/1164 671/1165
f 671/1165 767/1164 768/1166
f 671/1165 768/1166 672/1167
f 672/1167 768/1166 673/1168
f 672/1167 673/1168 577/1169
f 673/975 1/1 2/4
f 673/975 2/4 674/976
f 674/976 2/4 3/6
f 674/976 3/6 675/978
f 675/978 3/6 4/8
f 675/978 4/8 676/980
f 676/980 4/8 5/10
f 676/980 5/10 677/982
f 677/982 5/10 6/12
f 677/982 6/12 678/984
f 678/984 6/12 7/14
f 678/984 7/14 679/986
f 679/986 7/14 8/16
f 679/986 8/16 680/988
f 680/988 8/16 9/18
f 680/988 9/18 681/990
f 681/990 9/18 10/20
f 681/990 10/20 682/992
f 682/992 10/20 11/22
f 682/992 11/22 683/994
f 683/994 11/22 12/24
f 683/994 12/24 684/996
f 684/996 12/24 13/26
f 684/996 13/26 685/998
f 685/998 13/26 14/28
f 685/998 14/28 686/1000
f 686/1000 14/28 15/30
f 686/1000 15/30 687/1002
f 687/1002 15/30 16/32
f 687/1002 16/32 688/1004
f 688/1004 16/32 17/34
f 688/1004 17/34 689/1006
f 689/1006 17/34 18/36
f 689/1006 18/36 690/1008
f 690/1008 18/36 19/38
f 690/1008 19/38 691/1010
f 691/1010 19/38 20/40
f 691/1010 20/40 692/1012
f 692/1012 20/40 21/42
f 692/1012 21/42 693/1014
f 693/1014 21/42 22/44
f 693/1014 22/44 694/1016
f 694/1016 22/44 23/46
f 694/1016 23/46 695/1018
f 695/1018 23/46 24/48
f 695/1018 24/48 696/1020
f 696/1020 24/48 25/50
f 696/1020 25/50 697/1022
f 697/1022 25/50 26/52
f 697/1022 26/52 698/1024
f 698/1024 26/52 27/54
f 698/1024 27/54 699/1026
f 699/1026 27/54 28/56
f 699/1026 28/56 700/1028
f 700/1028 28/56 29/58
f 700/1028 29/58 701/1030
f 701/1030 29/58 30/60
f 701/1030 30/60 702/1032
f 702/1032 30/60 31/62
f 702/1032 31/62 703/1034
f 703/1034 31/62 32/64
f 703/1034 32/64 704/1036
f 704/1036 32/64 33/66
f 704/1036 33/66 705/1038
f 705/1038 33/66 34/68
f 705/1038 34/68 706/1040
f 706/1040 34/68 35/70
f 706/1040 35/70 707/1042
f 707/1042 35/70 36/72
f 707/1042 36/72 708/1044
f 708/1044 36/72 37/74
f 708/1044 37/74 709/1046
f 709/1046 37/74 38/76
f 709/1046 38/76 710/1048
f 710/1048 38/76 39/78
f 710/1048 39/78 711/1050
f 711/1050 39/78 40/80
f 711/1050 40/80 712/1052
f 712/1052 40/80 41/82
f 712/1052 41/82 713/1054
f 713/1054 41/82 42/84
f 713/1054 42/84 714/1056
f 714/1056 42/84 43/86
f 714/1056 43/86 715/1058
f 715/1058 43/86 44/88
f 715/1058 44/88 716/1060
f 716/1060 44/88 45/90
f 716/1060 45/90 717/1062
f 717/1062 45/90 46/92
f 717/1062 46/92 718/1064
f 718/1064 46/92 47/94
f 718/1064 47/94 719/1066
f 719/1066 47/94 48/96
f 719/1066 48/96 720/1068
f 720/1068 48/96 49/98
f 720/1068 49/98 721/1070
f 721/1073 49/99 50/102
f 721/1073 50/102 722/1074
f 722/1074 50/102 51/104
f 722/1074 51/104 723/1076
f 723/1076 51/104 52/106
f 723/1076 52/106 724/1078
f 724/1078 52/106 53/108
f 724/1078 53/108 725/1080
f 725/1080 53/108 54/110
f 725/1080 54/110 726/1082
f 726/1082 54/110 55/112
f 726/1082 55/112 727/1084
f 727/1084 55/112 56/114
f 727/1084 56/114 728/1086
f 728/1086 56/114 57/116
f 728/1086 57/116 729/1088
f 729/1088 57/116 58/118
f 729/1088 58/118 730/1090
f 730/1090 58/118 59/120
f 730/1090 59/120 731/1092
f 731/1092 59/120 60/122
f 731/1092 60/122 732/1094
f 732/1094 60/122 61/124
f 732/1094 61/124 733/1096
f 733/1096 61/124 62/126
f 733/1096 62/126 734/1098
f 734/1098 62/126 63/128
f 734/1098 63/128 735/1100
f 735/1100 63/128 64/130
f 735/1100 64/130 736/1102
f 736/1102 64/130 65/132
f 736/1102 65/132 737/1104
f 737/1104 65/132 66/134
f 737/1104 66/134 738/1106
f 738/1106 66/134 67/136
f 738/1106 67/136 739/1108
f 739/1108 67/136 68/138
f 739/1108 68/138 740/1110
f 740/1110 68/138 69/140
f 740/1110 69/140 741/1112
f 741/1112 69/140 70/142
f 741/1112 70/142 742/1114
f 742/1114 70/142 71/144
f 742/1114 71/144 743/1116
f 743/1116 71/144 72/146
f 743/1116 72/146 744/1118
f 744/1118 72/146 73/148
f 744/1118 73/148 745/1120
f 745/1120 73/148 74/150
f 745/1120 74/150 746/1122
f 746/1122 74/150 75/152
f 746/1122 75/152 747/1124
f 747/1124 75/152 76/154
f 747/1124 76/154 748/1126
f 748/1126 76/154 77/156
f 748/1126 77/156 749/1128
f 749/1128 77/156 78/158
f 749/1128 78/158 750/1130
f 750/1130 78/158 79/160
f 750/1130 79/160 751/1132
f 751/1132 79/160 80/162
f 751/1132 80/162 752/1134
f 752/1134 80/162 81/164
f 752/1134 81/164 753/1136
f 753/1136 81/164 82/166
f 753/1136 82/166 754/1138
f 754/1138 82/166 83/168
f 754/1138 83/168 755/1140
f 755/1140 83/168 84/170
f 755/1140 84/170 756/1142
f 756/1142 84/170 85/172
f 756/1142 85/172 757/1144
f 757/1144 85/172 86/174
f 757/1144 86/174 758/1146
f 758/1146 86/174 87/176
f 758/1146 87/176 759/1148
f 759/1148 87/176 88/178
f 759/1148 88/178 760/1150
f 760/1150 88/178 89/180
f 760/1150 89/180 761/1152
f 761/1152 89/180 90/182
f 761/1152 90/182 762/1154
f 762/1154 90/182 91/184
f 762/1154 91/184 763/1156
f 763/1156 91/184 92/186
f 763/1156 92/186 764/1158
f 764/1158 92/186 93/188
f 764/1158 93/188 765/1160
f 765/1160 93/188 94/190
f 765/1160 94/190 766/1162
f 766/1162 94/190 95/192
f 766/1162 95/192 767/1164
f 767/1164 95/192 96/194
f 767/1164 96/194 768/1166
f 768/1166 96/194 1/196
f 768/1166 1/196 673/1168
