# Beveled gear / 倒角齿轮
v 0.45 -0.1 0
v 0.44903651545737155 -0.1 0.02943140815356438
v 0.4461501876182147 -0.1 0.05873678649902321
v 0.4413533761814537 -0.1 0.08779064490725771
v 0.43466662183008076 -0.1 0.11646857029613433
v 0.42611855827279754 -0.1 0.14464775938642271
v 0.415745789630079 -0.1 0.1722075445642904
v 0.4035927336897097 -0.1 0.1990299105985506
v 0.38971143170299744 -0.1 0.22499999999999998
v 0.37416132553614534 -0.1 0.250006604858821
v 0.3570090031310558 -0.1 0.2739426430539243
v 0.33832791336553986 -0.1 0.296705616795031
v 0.3181980515339464 -0.1 0.31819805153394637
v 0.29670561679503105 -0.1 0.3383279133655398
v 0.2739426430539243 -0.1 0.3570090031310558
v 0.25000660485882104 -0.1 0.37416132553614534
v 0.22500000000000006 -0.1 0.3897114317029974
v 0.19902991059855057 -0.1 0.40359273368970977
v 0.17220754456429044 -0.1 0.415745789630079
v 0.14464775938642277 -0.1 0.42611855827279754
v 0.11646857029613433 -0.1 0.43466662183008076
v 0.08779064490725776 -0.1 0.4413533761814537
v 0.05873678649902327 -0.1 0.4461501876182147
v 0.029431408153564372 -0.1 0.44903651545737155
v 2.7554552980815448e-17 -0.1 0.45
v -0.029431408153564417 -0.1 0.44903651545737155
v -0.05873678649902312 -0.1 0.44615018761821473
v -0.08779064490725769 -0.1 0.4413533761814537
v -0.11646857029613439 -0.1 0.43466662183008076
v -0.14464775938642263 -0.1 0.42611855827279754
v -0.17220754456429038 -0.1 0.415745789630079
v -0.19902991059855052 -0.1 0.40359273368970977
v -0.2249999999999999 -0.1 0.38971143170299744
v -0.25000660485882087 -0.1 0.3741613255361454
v -0.2739426430539243 -0.1 0.3570090031310558
v -0.296705616795031 -0.1 0.33832791336553986
v -0.31819805153394637 -0.1 0.3181980515339464
v -0.3383279133655398 -0.1 0.29670561679503105
v -0.35700900313105577 -0.1 0.2739426430539244
v -0.3741613255361454 -0.1 0.250006604858821
v -0.38971143170299744 -0.1 0.22499999999999998
v -0.4035927336897097 -0.1 0.1990299105985506
v -0.415745789630079 -0.1 0.17220754456429047
v -0.42611855827279754 -0.1 0.1446477593864228
v -0.4346666218300807 -0.1 0.11646857029613446
v -0.4413533761814537 -0.1 0.08779064490725788
v -0.4461501876182147 -0.1 0.05873678649902321
v -0.44903651545737155 -0.1 0.029431408153564403
v -0.45 -0.1 5.5109105961630896e-17
v -0.44903651545737155 -0.1 -0.029431408153564292
v -0.4461501876182147 -0.1 -0.058736786499023294
v -0.4413533761814537 -0.1 -0.08779064490725777
v -0.4346666218300808 -0.1 -0.11646857029613417
v -0.42611855827279754 -0.1 -0.1446477593864227
v -0.4157457896300791 -0.1 -0.17220754456429035
v -0.40359273368970977 -0.1 -0.1990299105985505
v -0.3897114317029974 -0.1 -0.22500000000000006
v -0.37416132553614545 -0.1 -0.25000660485882087
v -0.35700900313105594 -0.1 -0.27394264305392413
v -0.33832791336553986 -0.1 -0.296705616795031
v -0.3181980515339465 -0.1 -0.31819805153394637
v -0.2967056167950311 -0.1 -0.3383279133655398
v -0.2739426430539244 -0.1 -0.3570090031310557
v -0.250006604858821 -0.1 -0.37416132553614534
v -0.2250000000000002 -0.1 -0.3897114317029973
v -0.1990299105985506 -0.1 -0.4035927336897097
v -0.17220754456429066 -0.1 -0.41574578963007897
v -0.14464775938642283 -0.1 -0.42611855827279754
v -0.11646857029613429 -0.1 -0.43466662183008076
v -0.0877906449072579 -0.1 -0.44135337618145365
v -0.05873678649902323 -0.1 -0.4461501876182147
v -0.02943140815356423 -0.1 -0.44903651545737155
v -8.266365894244634e-17 -0.1 -0.45
v 0.029431408153564067 -0.1 -0.4490365154573716
v 0.05873678649902307 -0.1 -0.44615018761821473
v 0.08779064490725774 -0.1 -0.4413533761814537
v 0.11646857029613414 -0.1 -0.4346666218300808
v 0.14464775938642266 -0.1 -0.42611855827279754
v 0.1722075445642905 -0.1 -0.41574578963007897
v 0.19902991059855046 -0.1 -0.4035927336897098
v 0.22500000000000006 -0.1 -0.3897114317029974
v 0.2500066048588208 -0.1 -0.37416132553614545
v 0.27394264305392424 -0.1 -0.3570090031310558
v 0.2967056167950311 -0.1 -0.33832791336553975
v 0.3181980515339463 -0.1 -0.3181980515339465
v 0.33832791336553963 -0.1 -0.2967056167950312
v 0.3570090031310557 -0.1 -0.2739426430539244
v 0.37416132553614534 -0.1 -0.250006604858821
v 0.38971143170299727 -0.1 -0.2250000000000002
v 0.4035927336897097 -0.1 -0.19902991059855063
v 0.41574578963007897 -0.1 -0.1722075445642907
v 0.42611855827279754 -0.1 -0.14464775938642285
v 0.43466662183008076 -0.1 -0.1164685702961343
v 0.44135337618145365 -0.1 -0.08779064490725792
v 0.4461501876182147 -0.1 -0.05873678649902326
v 0.44903651545737155 -0.1 -0.02943140815356426
v 0.5 -0.16 0
v 0.49892946161930174 -0.16 0.03270156461507153
v 0.4957224306869052 -0.16 0.06526309611002579
v 0.4903926402016152 -0.16 0.09754516100806412
v 0.48296291314453416 -0.16 0.12940952255126037
v 0.47346506474755284 -0.16 0.1607197326515808
v 0.46193976625564337 -0.16 0.1913417161825449
v 0.44843637076634413 -0.16 0.22114434510950065
v 0.43301270189221935 -0.16 0.24999999999999997
v 0.4157348061512726 -0.16 0.2777851165098011
v 0.3966766701456176 -0.16 0.30438071450436033
v 0.3759199037394887 -0.16 0.3296729075500344
v 0.3535533905932738 -0.16 0.35355339059327373
v 0.3296729075500345 -0.16 0.37591990373948864
v 0.30438071450436033 -0.16 0.3966766701456176
v 0.27778511650980114 -0.16 0.4157348061512726
v 0.25000000000000006 -0.16 0.4330127018922193
v 0.22114434510950062 -0.16 0.4484363707663442
v 0.19134171618254492 -0.16 0.46193976625564337
v 0.16071973265158085 -0.16 0.4734650647475528
v 0.12940952255126037 -0.16 0.48296291314453416
v 0.09754516100806417 -0.16 0.4903926402016152
v 0.06526309611002586 -0.16 0.4957224306869052
v 0.032701564615071524 -0.16 0.49892946161930174
v 3.061616997868383e-17 -0.16 0.5
v -0.03270156461507157 -0.16 0.49892946161930174
v -0.06526309611002569 -0.16 0.49572243068690525
v -0.0975451610080641 -0.16 0.4903926402016152
v -0.12940952255126043 -0.16 0.48296291314453416
v -0.16071973265158068 -0.16 0.47346506474755284
v -0.19134171618254486 -0.16 0.46193976625564337
v -0.22114434510950057 -0.16 0.4484363707663442
v -0.2499999999999999 -0.16 0.43301270189221935
v -0.277785116509801 -0.16 0.4157348061512727
v -0.30438071450436033 -0.16 0.3966766701456176
v -0.3296729075500344 -0.16 0.3759199037394887
v -0.35355339059327373 -0.16 0.3535533905932738
v -0.37591990373948864 -0.16 0.3296729075500345
v -0.3966766701456175 -0.16 0.30438071450436044
v -0.4157348061512727 -0.16 0.2777851165098011
v -0.43301270189221935 -0.16 0.24999999999999997
v -0.44843637076634413 -0.16 0.22114434510950065
v -0.46193976625564337 -0.16 0.19134171618254495
v -0.4734650647475528 -0.16 0.16071973265158088
v -0.4829629131445341 -0.16 0.1294095225512605
v -0.4903926402016152 -0.16 0.0975451610080643
v -0.4957224306869052 -0.16 0.06526309611002579
v -0.49892946161930174 -0.16 0.03270156461507156
v -0.5 -0.16 6.123233995736766e-17
v -0.49892946161930174 -0.16 -0.032701564615071434
v -0.4957224306869052 -0.16 -0.06526309611002588
v -0.4903926402016152 -0.16 -0.09754516100806418
v -0.4829629131445342 -0.16 -0.12940952255126018
v -0.47346506474755284 -0.16 -0.16071973265158077
v -0.4619397662556434 -0.16 -0.19134171618254484
v -0.4484363707663442 -0.16 -0.22114434510950054
v -0.4330127018922193 -0.16 -0.25000000000000006
v -0.41573480615127273 -0.16 -0.277785116509801
v -0.3966766701456177 -0.16 -0.30438071450436016
v -0.3759199037394887 -0.16 -0.3296729075500344
v -0.35355339059327384 -0.16 -0.35355339059327373
v -0.32967290755003453 -0.16 -0.37591990373948864
v -0.30438071450436044 -0.16 -0.39667667014561747
v -0.2777851165098011 -0.16 -0.4157348061512726
v -0.2500000000000002 -0.16 -0.43301270189221924
v -0.22114434510950068 -0.16 -0.44843637076634413
v -0.19134171618254517 -0.16 -0.46193976625564326
v -0.1607197326515809 -0.16 -0.4734650647475528
v -0.12940952255126031 -0.16 -0.48296291314453416
v -0.09754516100806433 -0.16 -0.49039264020161516
v -0.06526309611002581 -0.16 -0.4957224306869052
v -0.032701564615071364 -0.16 -0.49892946161930174
v -9.184850993605148e-17 -0.16 -0.5
v 0.032701564615071184 -0.16 -0.4989294616193018
v 0.06526309611002563 -0.16 -0.49572243068690525
v 0.09754516100806415 -0.16 -0.4903926402016152
v 0.12940952255126015 -0.16 -0.4829629131445342
v 0.16071973265158074 -0.16 -0.47346506474755284
v 0.191341716182545 -0.16 -0.4619397662556433
v 0.2211443451095005 -0.16 -0.44843637076634424
v 0.25000000000000006 -0.16 -0.4330127018922193
v 0.2777851165098009 -0.16 -0.41573480615127273
v 0.3043807145043603 -0.16 -0.3966766701456176
v 0.32967290755003453 -0.16 -0.3759199037394886
v 0.3535533905932737 -0.16 -0.35355339059327384
v 0.37591990373948847 -0.16 -0.3296729075500347
v 0.39667667014561747 -0.16 -0.30438071450436044
v 0.4157348061512726 -0.16 -0.2777851165098011
v 0.4330127018922192 -0.16 -0.2500000000000002
v 0.44843637076634413 -0.16 -0.2211443451095007
v 0.46193976625564326 -0.16 -0.1913417161825452
v 0.4734650647475528 -0.16 -0.16071973265158093
v 0.48296291314453416 -0.16 -0.12940952255126034
v 0.49039264020161516 -0.16 -0.09754516100806436
v 0.4957224306869052 -0.16 -0.06526309611002584
v 0.49892946161930174 -0.16 -0.0327015646150714
v 1.4137142857142857 -0.16 0
v 1.2373450648158684 -0.16 0.0810998802453774
v 1.2293916281035249 -0.16 0.16185247835286395
v 1.2161737477000056 -0.16 0.24191199929999901
v 1.3655431395652313 -0.16 0.3658961814763636
v 1.174193360573931 -0.16 0.39858493697592035
v 1.1456106203139955 -0.16 0.4745274561327113
v 1.1121221995005335 -0.16 0.5484379758715616
v 1.2243124851215437 -0.16 0.7068571428571427
v 1.0310223192551562 -0.16 0.6889070889443067
v 0.9837581419611316 -0.16 0.7548641719708136
v 0.9322813612739319 -0.16 0.8175888107240854
v 0.9996469580888678 -0.16 0.9996469580888676
v 0.8175888107240855 -0.16 0.9322813612739318
v 0.7548641719708136 -0.16 0.9837581419611316
v 0.6889070889443069 -0.16 1.0310223192551562
v 0.706857142857143 -0.16 1.2243124851215434
v 0.5484379758715615 -0.16 1.1121221995005335
v 0.4745274561327114 -0.16 1.1456106203139955
v 0.3985849369759205 -0.16 1.174193360573931
v 0.3658961814763636 -0.16 1.3655431395652313
v 0.24191199929999913 -0.16 1.2161737477000056
v 0.16185247835286412 -0.16 1.2293916281035249
v 0.08109988024537738 -0.16 1.2373450648158684
v 8.656503374544434e-17 -0.16 1.4137142857142857
v -0.0810998802453775 -0.16 1.2373450648158684
v -0.1618524783528637 -0.16 1.229391628103525
v -0.24191199929999896 -0.16 1.2161737477000056
v -0.36589618147636377 -0.16 1.3655431395652313
v -0.39858493697592007 -0.16 1.174193360573931
v -0.47452745613271125 -0.16 1.1456106203139955
v -0.5484379758715614 -0.16 1.1121221995005335
v -0.7068571428571425 -0.16 1.2243124851215437
v -0.6889070889443064 -0.16 1.0310223192551562
v -0.7548641719708136 -0.16 0.9837581419611316
v -0.8175888107240854 -0.16 0.9322813612739319
v -0.9996469580888676 -0.16 0.9996469580888678
v -0.9322813612739318 -0.16 0.8175888107240855
v -0.9837581419611314 -0.16 0.7548641719708139
v -1.0310223192551562 -0.16 0.6889070889443067
v -1.2243124851215437 -0.16 0.7068571428571427
v -1.1121221995005335 -0.16 0.5484379758715616
v -1.1456106203139955 -0.16 0.47452745613271147
v -1.174193360573931 -0.16 0.39858493697592057
v -1.3655431395652313 -0.16 0.365896181476364
v -1.2161737477000056 -0.16 0.2419119992999995
v -1.2293916281035249 -0.16 0.16185247835286395
v -1.2373450648158684 -0.16 0.08109988024537747
v -1.4137142857142857 -0.16 1.7313006749088868e-16
v -1.2373450648158684 -0.16 -0.08109988024537715
v -1.2293916281035249 -0.16 -0.1618524783528642
v -1.2161737477000056 -0.16 -0.24191199929999915
v -1.3655431395652315 -0.16 -0.36589618147636305
v -1.174193360573931 -0.16 -0.3985849369759203
v -1.1456106203139957 -0.16 -0.4745274561327112
v -1.1121221995005335 -0.16 -0.5484379758715613
v -1.2243124851215434 -0.16 -0.706857142857143
v -1.0310223192551564 -0.16 -0.6889070889443064
v -0.9837581419611319 -0.16 -0.7548641719708132
v -0.9322813612739319 -0.16 -0.8175888107240854
v -0.9996469580888679 -0.16 -0.9996469580888676
v -0.8175888107240856 -0.16 -0.9322813612739318
v -0.7548641719708139 -0.16 -0.9837581419611313
v -0.6889070889443067 -0.16 -1.0310223192551562
v -0.7068571428571435 -0.16 -1.2243124851215432
v -0.5484379758715617 -0.16 -1.1121221995005335
v -0.474527456132712 -0.16 -1.1456106203139953
v -0.3985849369759206 -0.16 -1.174193360573931
v -0.36589618147636344 -0.16 -1.3655431395652313
v -0.24191199929999954 -0.16 -1.2161737477000056
v -0.161852478352864 -0.16 -1.2293916281035249
v -0.08109988024537698 -0.16 -1.2373450648158684
v -2.59695101236333e-16 -0.16 -1.4137142857142857
v 0.08109988024537654 -0.16 -1.2373450648158684
v 0.16185247835286357 -0.16 -1.229391628103525
v 0.2419119992999991 -0.16 -1.2161737477000056
v 0.365896181476363 -0.16 -1.3655431395652315
v 0.39858493697592023 -0.16 -1.174193360573931
v 0.4745274561327116 -0.16 -1.1456106203139955
v 0.5484379758715613 -0.16 -1.1121221995005337
v 0.706857142857143 -0.16 -1.2243124851215434
v 0.6889070889443063 -0.16 -1.0310223192551564
v 0.7548641719708135 -0.16 -0.9837581419611316
v 0.8175888107240856 -0.16 -0.9322813612739317
v 0.9996469580888675 -0.16 -0.9996469580888679
v 0.9322813612739314 -0.16 -0.8175888107240861
v 0.9837581419611313 -0.16 -0.7548641719708139
v 1.0310223192551562 -0.16 -0.6889070889443067
v 1.2243124851215432 -0.16 -0.7068571428571435
v 1.1121221995005335 -0.16 -0.5484379758715617
v 1.1456106203139953 -0.16 -0.4745274561327121
v 1.174193360573931 -0.16 -0.39858493697592073
v 1.3655431395652313 -0.16 -0.36589618147636355
v 1.2161737477000056 -0.16 -0.2419119992999996
v 1.2293916281035249 -0.16 -0.1618524783528641
v 1.2373450648158684 -0.16 -0.08109988024537707
v 1.4900000000000002 -0.1 0
v 1.2972166002101846 -0.1 0.08502406799918598
v 1.2888783197859535 -0.1 0.16968404988606706
v 1.2750208645241996 -0.1 0.2536174186209667
v 1.439229481170712 -0.1 0.38564037720275596
v 1.2310091683436375 -0.1 0.41787130489411006
v 1.2010433922646728 -0.1 0.4974884620746167
v 1.1659345639924947 -0.1 0.5749752972847018
v 1.2903778516388138 -0.1 0.745
v 1.080910495993309 -0.1 0.7222413029254828
v 1.0313593423786058 -0.1 0.7913898577113369
v 0.9773917497226706 -0.1 0.8571495596300895
v 1.0535891039679561 -0.1 1.053589103967956
v 0.8571495596300897 -0.1 0.9773917497226705
v 0.7913898577113369 -0.1 1.0313593423786058
v 0.722241302925483 -0.1 1.080910495993309
v 0.7450000000000002 -0.1 1.2903778516388138
v 0.5749752972847016 -0.1 1.165934563992495
v 0.49748846207461683 -0.1 1.2010433922646728
v 0.41787130489411023 -0.1 1.2310091683436373
v 0.38564037720275596 -0.1 1.439229481170712
v 0.2536174186209668 -0.1 1.2750208645241996
v 0.16968404988606722 -0.1 1.2888783197859535
v 0.08502406799918596 -0.1 1.2972166002101846
v 9.123618653647782e-17 -0.1 1.4900000000000002
v -0.08502406799918609 -0.1 1.2972166002101846
v -0.1696840498860668 -0.1 1.2888783197859537
v -0.25361741862096665 -0.1 1.2750208645241996
v -0.3856403772027561 -0.1 1.439229481170712
v -0.4178713048941098 -0.1 1.2310091683436375
v -0.49748846207461667 -0.1 1.2010433922646728
v -0.5749752972847015 -0.1 1.165934563992495
v -0.7449999999999998 -0.1 1.2903778516388138
v -0.7222413029254826 -0.1 1.080910495993309
v -0.7913898577113369 -0.1 1.0313593423786058
v -0.8571495596300895 -0.1 0.9773917497226706
v -1.053589103967956 -0.1 1.0535891039679561
v -0.9773917497226705 -0.1 0.8571495596300897
v -1.0313593423786056 -0.1 0.7913898577113372
v -1.080910495993309 -0.1 0.7222413029254828
v -1.2903778516388138 -0.1 0.745
v -1.1659345639924947 -0.1 0.5749752972847018
v -1.2010433922646728 -0.1 0.4974884620746169
v -1.2310091683436373 -0.1 0.4178713048941103
v -1.4392294811707118 -0.1 0.38564037720275635
v -1.2750208645241996 -0.1 0.2536174186209672
v -1.2888783197859535 -0.1 0.16968404988606706
v -1.2972166002101846 -0.1 0.08502406799918606
v -1.4900000000000002 -0.1 1.8247237307295564e-16
v -1.2972166002101846 -0.1 -0.08502406799918573
v -1.2888783197859535 -0.1 -0.1696840498860673
v -1.2750208645241996 -0.1 -0.2536174186209669
v -1.4392294811707123 -0.1 -0.3856403772027554
v -1.2310091683436375 -0.1 -0.41787130489411
v -1.201043392264673 -0.1 -0.4974884620746166
v -1.165934563992495 -0.1 -0.5749752972847014
v -1.2903778516388138 -0.1 -0.7450000000000002
v -1.0809104959933091 -0.1 -0.7222413029254826
v -1.031359342378606 -0.1 -0.7913898577113364
v -0.9773917497226706 -0.1 -0.8571495596300895
v -1.0535891039679561 -0.1 -1.053589103967956
v -0.8571495596300898 -0.1 -0.9773917497226705
v -0.7913898577113372 -0.1 -1.0313593423786054
v -0.7222413029254828 -0.1 -1.080910495993309
v -0.7450000000000008 -0.1 -1.2903778516388136
v -0.5749752972847018 -0.1 -1.1659345639924947
v -0.49748846207461744 -0.1 -1.2010433922646726
v -0.41787130489411034 -0.1 -1.2310091683436373
v -0.3856403772027558 -0.1 -1.439229481170712
v -0.25361741862096726 -0.1 -1.2750208645241994
v -0.1696840498860671 -0.1 -1.2888783197859535
v -0.08502406799918555 -0.1 -1.2972166002101846
v -2.7370855960943346e-16 -0.1 -1.4900000000000002
v 0.08502406799918508 -0.1 -1.2972166002101848
v 0.16968404988606667 -0.1 -1.2888783197859537
v 0.2536174186209668 -0.1 -1.2750208645241996
v 0.3856403772027553 -0.1 -1.4392294811707123
v 0.41787130489410995 -0.1 -1.2310091683436375
v 0.497488462074617 -0.1 -1.2010433922646726
v 0.5749752972847013 -0.1 -1.165934563992495
v 0.7450000000000002 -0.1 -1.2903778516388138
v 0.7222413029254824 -0.1 -1.0809104959933091
v 0.7913898577113367 -0.1 -1.0313593423786058
v 0.8571495596300898 -0.1 -0.9773917497226704
v 1.0535891039679557 -0.1 -1.0535891039679561
v 0.9773917497226701 -0.1 -0.8571495596300902
v 1.0313593423786054 -0.1 -0.7913898577113372
v 1.080910495993309 -0.1 -0.7222413029254828
v 1.2903778516388134 -0.1 -0.7450000000000008
v 1.1659345639924947 -0.1 -0.5749752972847019
v 1.2010433922646726 -0.1 -0.49748846207461755
v 1.2310091683436373 -0.1 -0.41787130489411045
v 1.439229481170712 -0.1 -0.3856403772027559
v 1.2750208645241994 -0.1 -0.25361741862096737
v 1.2888783197859535 -0.1 -0.1696840498860672
v 1.2972166002101846 -0.1 -0.08502406799918565
v 1.4900000000000002 0.1 0
v 1.2972166002101846 0.1 0.08502406799918598
v 1.2888783197859535 0.1 0.16968404988606706
v 1.2750208645241996 0.1 0.2536174186209667
v 1.439229481170712 0.1 0.38564037720275596
v 1.2310091683436375 0.1 0.41787130489411006
v 1.2010433922646728 0.1 0.4974884620746167
v 1.1659345639924947 0.1 0.5749752972847018
v 1.2903778516388138 0.1 0.745
v 1.080910495993309 0.1 0.7222413029254828
v 1.0313593423786058 0.1 0.7913898577113369
v 0.9773917497226706 0.1 0.8571495596300895
v 1.0535891039679561 0.1 1.053589103967956
v 0.8571495596300897 0.1 0.9773917497226705
v 0.7913898577113369 0.1 1.0313593423786058
v 0.722241302925483 0.1 1.080910495993309
v 0.7450000000000002 0.1 1.2903778516388138
v 0.5749752972847016 0.1 1.165934563992495
v 0.49748846207461683 0.1 1.2010433922646728
v 0.41787130489411023 0.1 1.2310091683436373
v 0.38564037720275596 0.1 1.439229481170712
v 0.2536174186209668 0.1 1.2750208645241996
v 0.16968404988606722 0.1 1.2888783197859535
v 0.08502406799918596 0.1 1.2972166002101846
v 9.123618653647782e-17 0.1 1.4900000000000002
v -0.08502406799918609 0.1 1.2972166002101846
v -0.1696840498860668 0.1 1.2888783197859537
v -0.25361741862096665 0.1 1.2750208645241996
v -0.3856403772027561 0.1 1.439229481170712
v -0.4178713048941098 0.1 1.2310091683436375
v -0.49748846207461667 0.1 1.2010433922646728
v -0.5749752972847015 0.1 1.165934563992495
v -0.7449999999999998 0.1 1.2903778516388138
v -0.7222413029254826 0.1 1.080910495993309
v -0.7913898577113369 0.1 1.0313593423786058
v -0.8571495596300895 0.1 0.9773917497226706
v -1.053589103967956 0.1 1.0535891039679561
v -0.9773917497226705 0.1 0.8571495596300897
v -1.0313593423786056 0.1 0.7913898577113372
v -1.080910495993309 0.1 0.7222413029254828
v -1.2903778516388138 0.1 0.745
v -1.1659345639924947 0.1 0.5749752972847018
v -1.2010433922646728 0.1 0.4974884620746169
v -1.2310091683436373 0.1 0.4178713048941103
v -1.4392294811707118 0.1 0.38564037720275635
v -1.2750208645241996 0.1 0.2536174186209672
v -1.2888783197859535 0.1 0.16968404988606706
v -1.2972166002101846 0.1 0.08502406799918606
v -1.4900000000000002 0.1 1.8247237307295564e-16
v -1.2972166002101846 0.1 -0.08502406799918573
v -1.2888783197859535 0.1 -0.1696840498860673
v -1.2750208645241996 0.1 -0.2536174186209669
v -1.4392294811707123 0.1 -0.3856403772027554
v -1.2310091683436375 0.1 -0.41787130489411
v -1.201043392264673 0.1 -0.4974884620746166
v -1.165934563992495 0.1 -0.5749752972847014
v -1.2903778516388138 0.1 -0.7450000000000002
v -1.0809104959933091 0.1 -0.7222413029254826
v -1.031359342378606 0.1 -0.7913898577113364
v -0.9773917497226706 0.1 -0.8571495596300895
v -1.0535891039679561 0.1 -1.053589103967956
v -0.8571495596300898 0.1 -0.9773917497226705
v -0.7913898577113372 0.1 -1.0313593423786054
v -0.7222413029254828 0.1 -1.080910495993309
v -0.7450000000000008 0.1 -1.2903778516388136
v -0.5749752972847018 0.1 -1.1659345639924947
v -0.49748846207461744 0.1 -1.2010433922646726
v -0.41787130489411034 0.1 -1.2310091683436373
v -0.3856403772027558 0.1 -1.439229481170712
v -0.25361741862096726 0.1 -1.2750208645241994
v -0.1696840498860671 0.1 -1.2888783197859535
v -0.08502406799918555 0.1 -1.2972166002101846
v -2.7370855960943346e-16 0.1 -1.4900000000000002
v 0.08502406799918508 0.1 -1.2972166002101848
v 0.16968404988606667 0.1 -1.2888783197859537
v 0.2536174186209668 0.1 -1.2750208645241996
v 0.3856403772027553 0.1 -1.4392294811707123
v 0.41787130489410995 0.1 -1.2310091683436375
v 0.497488462074617 0.1 -1.2010433922646726
v 0.5749752972847013 0.1 -1.165934563992495
v 0.7450000000000002 0.1 -1.2903778516388138
v 0.7222413029254824 0.1 -1.0809104959933091
v 0.7913898577113367 0.1 -1.0313593423786058
v 0.8571495596300898 0.1 -0.9773917497226704
v 1.0535891039679557 0.1 -1.0535891039679561
v 0.9773917497226701 0.1 -0.8571495596300902
v 1.0313593423786054 0.1 -0.7913898577113372
v 1.080910495993309 0.1 -0.7222413029254828
v 1.2903778516388134 0.1 -0.7450000000000008
v 1.1659345639924947 0.1 -0.5749752972847019
v 1.2010433922646726 0.1 -0.49748846207461755
v 1.2310091683436373 0.1 -0.41787130489411045
v 1.439229481170712 0.1 -0.3856403772027559
v 1.2750208645241994 0.1 -0.25361741862096737
v 1.2888783197859535 0.1 -0.1696840498860672
v 1.2972166002101846 0.1 -0.08502406799918565
v 1.4137142857142857 0.16 0
v 1.2373450648158684 0.16 0.0810998802453774
v 1.2293916281035249 0.16 0.16185247835286395
v 1.2161737477000056 0.16 0.24191199929999901
v 1.3655431395652313 0.16 0.3658961814763636
v 1.174193360573931 0.16 0.39858493697592035
v 1.1456106203139955 0.16 0.4745274561327113
v 1.1121221995005335 0.16 0.5484379758715616
v 1.2243124851215437 0.16 0.7068571428571427
v 1.0310223192551562 0.16 0.6889070889443067
v 0.9837581419611316 0.16 0.7548641719708136
v 0.9322813612739319 0.16 0.8175888107240854
v 0.9996469580888678 0.16 0.9996469580888676
v 0.8175888107240855 0.16 0.9322813612739318
v 0.7548641719708136 0.16 0.9837581419611316
v 0.6889070889443069 0.16 1.0310223192551562
v 0.706857142857143 0.16 1.2243124851215434
v 0.5484379758715615 0.16 1.1121221995005335
v 0.4745274561327114 0.16 1.1456106203139955
v 0.3985849369759205 0.16 1.174193360573931
v 0.3658961814763636 0.16 1.3655431395652313
v 0.24191199929999913 0.16 1.2161737477000056
v 0.16185247835286412 0.16 1.2293916281035249
v 0.08109988024537738 0.16 1.2373450648158684
v 8.656503374544434e-17 0.16 1.4137142857142857
v -0.0810998802453775 0.16 1.2373450648158684
v -0.1618524783528637 0.16 1.229391628103525
v -0.24191199929999896 0.16 1.2161737477000056
v -0.36589618147636377 0.16 1.3655431395652313
v -0.39858493697592007 0.16 1.174193360573931
v -0.47452745613271125 0.16 1.1456106203139955
v -0.5484379758715614 0.16 1.1121221995005335
v -0.7068571428571425 0.16 1.2243124851215437
v -0.6889070889443064 0.16 1.0310223192551562
v -0.7548641719708136 0.16 0.9837581419611316
v -0.8175888107240854 0.16 0.9322813612739319
v -0.9996469580888676 0.16 0.9996469580888678
v -0.9322813612739318 0.16 0.8175888107240855
v -0.9837581419611314 0.16 0.7548641719708139
v -1.0310223192551562 0.16 0.6889070889443067
v -1.2243124851215437 0.16 0.7068571428571427
v -1.1121221995005335 0.16 0.5484379758715616
v -1.1456106203139955 0.16 0.47452745613271147
v -1.174193360573931 0.16 0.39858493697592057
v -1.3655431395652313 0.16 0.365896181476364
v -1.2161737477000056 0.16 0.2419119992999995
v -1.2293916281035249 0.16 0.16185247835286395
v -1.2373450648158684 0.16 0.08109988024537747
v -1.4137142857142857 0.16 1.7313006749088868e-16
v -1.2373450648158684 0.16 -0.08109988024537715
v -1.2293916281035249 0.16 -0.1618524783528642
v -1.2161737477000056 0.16 -0.24191199929999915
v -1.3655431395652315 0.16 -0.36589618147636305
v -1.174193360573931 0.16 -0.3985849369759203
v -1.1456106203139957 0.16 -0.4745274561327112
v -1.1121221995005335 0.16 -0.5484379758715613
v -1.2243124851215434 0.16 -0.706857142857143
v -1.0310223192551564 0.16 -0.6889070889443064
v -0.9837581419611319 0.16 -0.7548641719708132
v -0.9322813612739319 0.16 -0.8175888107240854
v -0.9996469580888679 0.16 -0.9996469580888676
v -0.8175888107240856 0.16 -0.9322813612739318
v -0.7548641719708139 0.16 -0.9837581419611313
v -0.6889070889443067 0.16 -1.0310223192551562
v -0.7068571428571435 0.16 -1.2243124851215432
v -0.5484379758715617 0.16 -1.1121221995005335
v -0.474527456132712 0.16 -1.1456106203139953
v -0.3985849369759206 0.16 -1.174193360573931
v -0.36589618147636344 0.16 -1.3655431395652313
v -0.24191199929999954 0.16 -1.2161737477000056
v -0.161852478352864 0.16 -1.2293916281035249
v -0.08109988024537698 0.16 -1.2373450648158684
v -2.59695101236333e-16 0.16 -1.4137142857142857
v 0.08109988024537654 0.16 -1.2373450648158684
v 0.16185247835286357 0.16 -1.229391628103525
v 0.2419119992999991 0.16 -1.2161737477000056
v 0.365896181476363 0.16 -1.3655431395652315
v 0.39858493697592023 0.16 -1.174193360573931
v 0.4745274561327116 0.16 -1.1456106203139955
v 0.5484379758715613 0.16 -1.1121221995005337
v 0.706857142857143 0.16 -1.2243124851215434
v 0.6889070889443063 0.16 -1.0310223192551564
v 0.7548641719708135 0.16 -0.9837581419611316
v 0.8175888107240856 0.16 -0.9322813612739317
v 0.9996469580888675 0.16 -0.9996469580888679
v 0.9322813612739314 0.16 -0.8175888107240861
v 0.9837581419611313 0.16 -0.7548641719708139
v 1.0310223192551562 0.16 -0.6889070889443067
v 1.2243124851215432 0.16 -0.7068571428571435
v 1.1121221995005335 0.16 -0.5484379758715617
v 1.1456106203139953 0.16 -0.4745274561327121
v 1.174193360573931 0.16 -0.39858493697592073
v 1.3655431395652313 0.16 -0.36589618147636355
v 1.2161737477000056 0.16 -0.2419119992999996
v 1.2293916281035249 0.16 -0.1618524783528641
v 1.2373450648158684 0.16 -0.08109988024537707
v 0.5 0.16 0
v 0.49892946161930174 0.16 0.03270156461507153
v 0.4957224306869052 0.16 0.06526309611002579
v 0.4903926402016152 0.16 0.09754516100806412
v 0.48296291314453416 0.16 0.12940952255126037
v 0.47346506474755284 0.16 0.1607197326515808
v 0.46193976625564337 0.16 0.1913417161825449
v 0.44843637076634413 0.16 0.22114434510950065
v 0.43301270189221935 0.16 0.24999999999999997
v 0.4157348061512726 0.16 0.2777851165098011
v 0.3966766701456176 0.16 0.30438071450436033
v 0.3759199037394887 0.16 0.3296729075500344
v 0.3535533905932738 0.16 0.35355339059327373
v 0.3296729075500345 0.16 0.37591990373948864
v 0.30438071450436033 0.16 0.3966766701456176
v 0.27778511650980114 0.16 0.4157348061512726
v 0.25000000000000006 0.16 0.4330127018922193
v 0.22114434510950062 0.16 0.4484363707663442
v 0.19134171618254492 0.16 0.46193976625564337
v 0.16071973265158085 0.16 0.4734650647475528
v 0.12940952255126037 0.16 0.48296291314453416
v 0.09754516100806417 0.16 0.4903926402016152
v 0.06526309611002586 0.16 0.4957224306869052
v 0.032701564615071524 0.16 0.49892946161930174
v 3.061616997868383e-17 0.16 0.5
v -0.03270156461507157 0.16 0.49892946161930174
v -0.06526309611002569 0.16 0.49572243068690525
v -0.0975451610080641 0.16 0.4903926402016152
v -0.12940952255126043 0.16 0.48296291314453416
v -0.16071973265158068 0.16 0.47346506474755284
v -0.19134171618254486 0.16 0.46193976625564337
v -0.22114434510950057 0.16 0.4484363707663442
v -0.2499999999999999 0.16 0.43301270189221935
v -0.277785116509801 0.16 0.4157348061512727
v -0.30438071450436033 0.16 0.3966766701456176
v -0.3296729075500344 0.16 0.3759199037394887
v -0.35355339059327373 0.16 0.3535533905932738
v -0.37591990373948864 0.16 0.3296729075500345
v -0.3966766701456175 0.16 0.30438071450436044
v -0.4157348061512727 0.16 0.2777851165098011
v -0.43301270189221935 0.16 0.24999999999999997
v -0.44843637076634413 0.16 0.22114434510950065
v -0.46193976625564337 0.16 0.19134171618254495
v -0.4734650647475528 0.16 0.16071973265158088
v -0.4829629131445341 0.16 0.1294095225512605
v -0.4903926402016152 0.16 0.0975451610080643
v -0.4957224306869052 0.16 0.06526309611002579
v -0.49892946161930174 0.16 0.03270156461507156
v -0.5 0.16 6.123233995736766e-17
v -0.49892946161930174 0.16 -0.032701564615071434
v -0.4957224306869052 0.16 -0.06526309611002588
v -0.4903926402016152 0.16 -0.09754516100806418
v -0.4829629131445342 0.16 -0.12940952255126018
v -0.47346506474755284 0.16 -0.16071973265158077
v -0.4619397662556434 0.16 -0.19134171618254484
v -0.4484363707663442 0.16 -0.22114434510950054
v -0.4330127018922193 0.16 -0.25000000000000006
v -0.41573480615127273 0.16 -0.277785116509801
v -0.3966766701456177 0.16 -0.30438071450436016
v -0.3759199037394887 0.16 -0.3296729075500344
v -0.35355339059327384 0.16 -0.35355339059327373
v -0.32967290755003453 0.16 -0.37591990373948864
v -0.30438071450436044 0.16 -0.39667667014561747
v -0.2777851165098011 0.16 -0.4157348061512726
v -0.2500000000000002 0.16 -0.43301270189221924
v -0.22114434510950068 0.16 -0.44843637076634413
v -0.19134171618254517 0.16 -0.46193976625564326
v -0.1607197326515809 0.16 -0.4734650647475528
v -0.12940952255126031 0.16 -0.48296291314453416
v -0.09754516100806433 0.16 -0.49039264020161516
v -0.06526309611002581 0.16 -0.4957224306869052
v -0.032701564615071364 0.16 -0.49892946161930174
v -9.184850993605148e-17 0.16 -0.5
v 0.032701564615071184 0.16 -0.4989294616193018
v 0.06526309611002563 0.16 -0.49572243068690525
v 0.09754516100806415 0.16 -0.4903926402016152
v 0.12940952255126015 0.16 -0.4829629131445342
v 0.16071973265158074 0.16 -0.47346506474755284
v 0.191341716182545 0.16 -0.4619397662556433
v 0.2211443451095005 0.16 -0.44843637076634424
v 0.25000000000000006 0.16 -0.4330127018922193
v 0.2777851165098009 0.16 -0.41573480615127273
v 0.3043807145043603 0.16 -0.3966766701456176
v 0.32967290755003453 0.16 -0.3759199037394886
v 0.3535533905932737 0.16 -0.35355339059327384
v 0.37591990373948847 0.16 -0.3296729075500347
v 0.39667667014561747 0.16 -0.30438071450436044
v 0.4157348061512726 0.16 -0.2777851165098011
v 0.4330127018922192 0.16 -0.2500000000000002
v 0.44843637076634413 0.16 -0.2211443451095007
v 0.46193976625564326 0.16 -0.1913417161825452
v 0.4734650647475528 0.16 -0.16071973265158093
v 0.48296291314453416 0.16 -0.12940952255126034
v 0.49039264020161516 0.16 -0.09754516100806436
v 0.4957224306869052 0.16 -0.06526309611002584
v 0.49892946161930174 0.16 -0.0327015646150714
v 0.45 0.1 0
v 0.44903651545737155 0.1 0.02943140815356438
v 0.4461501876182147 0.1 0.05873678649902321
v 0.4413533761814537 0.1 0.08779064490725771
v 0.43466662183008076 0.1 0.11646857029613433
v 0.42611855827279754 0.1 0.14464775938642271
v 0.415745789630079 0.1 0.1722075445642904
v 0.4035927336897097 0.1 0.1990299105985506
v 0.38971143170299744 0.1 0.22499999999999998
v 0.37416132553614534 0.1 0.250006604858821
v 0.3570090031310558 0.1 0.2739426430539243
v 0.33832791336553986 0.1 0.296705616795031
v 0.3181980515339464 0.1 0.31819805153394637
v 0.29670561679503105 0.1 0.3383279133655398
v 0.2739426430539243 0.1 0.3570090031310558
v 0.25000660485882104 0.1 0.37416132553614534
v 0.22500000000000006 0.1 0.3897114317029974
v 0.19902991059855057 0.1 0.40359273368970977
v 0.17220754456429044 0.1 0.415745789630079
v 0.14464775938642277 0.1 0.42611855827279754
v 0.11646857029613433 0.1 0.43466662183008076
v 0.08779064490725776 0.1 0.4413533761814537
v 0.05873678649902327 0.1 0.4461501876182147
v 0.029431408153564372 0.1 0.44903651545737155
v 2.7554552980815448e-17 0.1 0.45
v -0.029431408153564417 0.1 0.44903651545737155
v -0.05873678649902312 0.1 0.44615018761821473
v -0.08779064490725769 0.1 0.4413533761814537
v -0.11646857029613439 0.1 0.43466662183008076
v -0.14464775938642263 0.1 0.42611855827279754
v -0.17220754456429038 0.1 0.415745789630079
v -0.19902991059855052 0.1 0.40359273368970977
v -0.2249999999999999 0.1 0.38971143170299744
v -0.25000660485882087 0.1 0.3741613255361454
v -0.2739426430539243 0.1 0.3570090031310558
v -0.296705616795031 0.1 0.33832791336553986
v -0.31819805153394637 0.1 0.3181980515339464
v -0.3383279133655398 0.1 0.29670561679503105
v -0.35700900313105577 0.1 0.2739426430539244
v -0.3741613255361454 0.1 0.250006604858821
v -0.38971143170299744 0.1 0.22499999999999998
v -0.4035927336897097 0.1 0.1990299105985506
v -0.415745789630079 0.1 0.17220754456429047
v -0.42611855827279754 0.1 0.1446477593864228
v -0.4346666218300807 0.1 0.11646857029613446
v -0.4413533761814537 0.1 0.08779064490725788
v -0.4461501876182147 0.1 0.05873678649902321
v -0.44903651545737155 0.1 0.029431408153564403
v -0.45 0.1 5.5109105961630896e-17
v -0.44903651545737155 0.1 -0.029431408153564292
v -0.4461501876182147 0.1 -0.058736786499023294
v -0.4413533761814537 0.1 -0.08779064490725777
v -0.4346666218300808 0.1 -0.11646857029613417
v -0.42611855827279754 0.1 -0.1446477593864227
v -0.4157457896300791 0.1 -0.17220754456429035
v -0.40359273368970977 0.1 -0.1990299105985505
v -0.3897114317029974 0.1 -0.22500000000000006
v -0.37416132553614545 0.1 -0.25000660485882087
v -0.35700900313105594 0.1 -0.27394264305392413
v -0.33832791336553986 0.1 -0.296705616795031
v -0.3181980515339465 0.1 -0.31819805153394637
v -0.2967056167950311 0.1 -0.3383279133655398
v -0.2739426430539244 0.1 -0.3570090031310557
v -0.250006604858821 0.1 -0.37416132553614534
v -0.2250000000000002 0.1 -0.3897114317029973
v -0.1990299105985506 0.1 -0.4035927336897097
v -0.17220754456429066 0.1 -0.41574578963007897
v -0.14464775938642283 0.1 -0.42611855827279754
v -0.11646857029613429 0.1 -0.43466662183008076
v -0.0877906449072579 0.1 -0.44135337618145365
v -0.05873678649902323 0.1 -0.4461501876182147
v -0.02943140815356423 0.1 -0.44903651545737155
v -8.266365894244634e-17 0.1 -0.45
v 0.029431408153564067 0.1 -0.4490365154573716
v 0.05873678649902307 0.1 -0.44615018761821473
v 0.08779064490725774 0.1 -0.4413533761814537
v 0.11646857029613414 0.1 -0.4346666218300808
v 0.14464775938642266 0.1 -0.42611855827279754
v 0.1722075445642905 0.1 -0.41574578963007897
v 0.19902991059855046 0.1 -0.4035927336897098
v 0.22500000000000006 0.1 -0.3897114317029974
v 0.2500066048588208 0.1 -0.37416132553614545
v 0.27394264305392424 0.1 -0.3570090031310558
v 0.2967056167950311 0.1 -0.33832791336553975
v 0.3181980515339463 0.1 -0.3181980515339465
v 0.33832791336553963 0.1 -0.2967056167950312
v 0.3570090031310557 0.1 -0.2739426430539244
v 0.37416132553614534 0.1 -0.250006604858821
v 0.38971143170299727 0.1 -0.2250000000000002
v 0.4035927336897097 0.1 -0.19902991059855063
v 0.41574578963007897 0.1 -0.1722075445642907
v 0.42611855827279754 0.1 -0.14464775938642285
v 0.43466662183008076 0.1 -0.1164685702961343
v 0.44135337618145365 0.1 -0.08779064490725792
v 0.4461501876182147 0.1 -0.05873678649902326
v 0.44903651545737155 0.1 -0.02943140815356426
vt 0.9061184596427249 0.21867859143859208
vt 0.8950988724050563 0.2195518892632375
vt 0.8948602510829736 0.2148897544714102
vt 0.9060738719423067 0.21437963843475719
vt 0.8947746495477925 0.21026222444147094
vt 0.9060559286856782 0.21002549535498502
vt 0.8947845519826283 0.20568234370776683
vt 0.9060656545188217 0.20563835628311217
vt 0.8948501514074163 0.20114916287976614
vt 0.9060997163911833 0.2012335766975599
vt 0.8949455741254025 0.1966556238179769
vt 0.9061533200675931 0.196821105429719
vt 0.8950550727975614 0.19219300467339423
vt 0.9062217236422292 0.1924069472428016
vt 0.8951697860726211 0.18775315431854084
vt 0.9063009040128638 0.18799441605279038
vt 0.8952852447735294 0.18332940098147515
vt 0.9063877443124 0.18358510370148645
vt 0.895399590982986 0.17891673164458283
vt 0.9064799792858902 0.1791795743271156
vt 0.8955123864033607 0.1745116190879944
vt 0.906576041159988 0.17477783050779555
vt 0.8956238649052851 0.17011171835125088
vt 0.9066748846404721 0.1703796066811434
vt 0.8957344970732246 0.16571555126412835
vt 0.906775829336515 0.16598454082980463
vt 0.8958447600620437 0.16132223376404692
vt 0.906878433917373 0.16159226573659943
vt 0.8959550341236702 0.15693126387899942
vt 0.9069824036529038 0.1572024505162241
vt 0.8960655712743687 0.15254236901876705
vt 0.9070875268731592 0.15281481360414598
vt 0.8961765009374388 0.1481554030381895
vt 0.9071936340347783 0.14842912111084772
vt 0.896287851186065 0.1437702810987988
vt 0.9073005730801275 0.14404517883837403
vt 0.8963995736916559 0.1393869413765251
vt 0.9074081958084024 0.13966282275227113
vt 0.8965115665807849 0.13500532451913955
vt 0.907516351243993 0.1352819101820879
vt 0.8966236928236688 0.13062536419858403
vt 0.9076248830785647 0.13090231270288474
vt 0.8967357939206861 0.12624698408667093
vt 0.9077336293652347 0.1265239108750595
vt 0.8968476993584718 0.12187009817832614
vt 0.9078424231495859 0.1221465905729118
vt 0.8969592327692072 0.11749461274605259
vt 0.9079510934468751 0.11777024062568056
vt 0.8970702156268368 0.11312042877099907
vt 0.9080594661006881 0.11339475131967151
vt 0.8971804691232781 0.10874744455849819
vt 0.9081673643480176 0.1090200135078106
vt 0.897289814731511 0.10437555820437545
vt 0.9082746090614634 0.10464591795243033
vt 0.8973980735122532 0.10000467003353726
vt 0.9083810185377642 0.10027235472102425
vt 0.8975050642388275 0.09563468489771394
vt 0.9084864079914493 0.09589921232777343
vt 0.897610599847344 0.09126551423548328
vt 0.908590588691278 0.09152637640911947
vt 0.8977144818778603 0.08689707748840562
vt 0.9086933670395667 0.08715372768921022
vt 0.8978164921138828 0.08252930193322024
vt 0.9087945438370209 0.0827811389527467
vt 0.8979163809518986 0.0781621194376726
vt 0.9088939144376602 0.07840847092590872
vt 0.8980138522144565 0.07379545741797239
vt 0.9089912708484013 0.07403556702241054
vt 0.8981085451385713 0.06942922014958249
vt 0.9090864074720404 0.06966224746888114
vt 0.8982000161222092 0.06506325474085939
vt 0.9091791331737479 0.06528830396879712
vt 0.8982877260608079 0.06069729440685007
vt 0.9092692932520535 0.06091349749924862
vt 0.8983710445825885 0.05633087023130074
vt 0.9093568062520758 0.05653756383999372
vt 0.8984492906477601 0.05196318230933502
vt 0.9094417213880398 0.052160234575063386
vt 0.8985218408929159 0.04759292394302076
vt 0.9095243025627406 0.04778128569100858
vt 0.8985883528953472 0.04321806047976115
vt 0.9096051433508696 0.04340063135118059
vt 0.8986491698837136 0.03883558218673673
vt 0.9096853120499185 0.03901848712886698
vt 0.8987059942625759 0.034441283263010505
vt 0.9097665146214338 0.034635633077490485
vt 0.8987629337287668 0.03002967526282338
vt 0.909851241925987 0.0302538109626802
vt 0.8988280257968533 0.025594231705855286
vt 0.9099428314090694 0.025876286575695323
vt 0.8989153140228245 0.02112829226952406
vt 0.9100453155518632 0.021508590086765342
vt 0.8990474520479491 0.016627137854419754
vt 0.9101628437165024 0.017159402639916128
vt 0.8992586008611968 0.012091983183856538
vt 0.9102983443554465 0.012841467632792397
vt 0.899596992692513 0.007536906590643959
vt 0.9104509402270619 0.00857224566235755
vt 0.9001258692370647 0.003
vt 0.9109269291131232 0.0044890297346150175
vt 0.8479430484401324 0.21027414485746346
vt 0.837030556300671 0.21136421320764312
vt 0.8366697557645957 0.20678413595362577
vt 0.8477737697135646 0.20597737280987857
vt 0.8364356612686463 0.20222408499320807
vt 0.8476157923101715 0.20163058338984788
vt 0.8362795172144452 0.19769879522993725
vt 0.8474718235495792 0.19725351557318072
vt 0.836167181474625 0.19320985309777577
vt 0.8473404522156657 0.1928599709145041
vt 0.8360762565855282 0.18875272481209066
vt 0.8472186739130315 0.18845898089898958
vt 0.8359930204274447 0.1843208213212894
vt 0.8471032591561762 0.1840560545477415
vt 0.8359097356230476 0.17990762300880622
vt 0.846991397201962 0.17965427152751814
vt 0.8358225379505054 0.1755076158917456
vt 0.8468809189951383 0.17525513973291076
vt 0.8357299047946818 0.17111655545333185
vt 0.8467702985820676 0.17085921714199562
vt 0.8356316155436257 0.16673139066809006
vt 0.8466585556061307 0.1664665338116928
vt 0.835528089774253 0.16235004818809376
vt 0.8465451286081236 0.16207686046216774
vt 0.8354199946586006 0.1579711871291608
vt 0.8464297546278589 0.1576898677515673
vt 0.8353080322336616 0.15359397812688097
vt 0.8463123700049384 0.15330521254481042
vt 0.8351928392294772 0.14921792692732452
vt 0.8461930357276621 0.14892257850784427
vt 0.8350749523882335 0.1448427446759897
vt 0.8460718851421394 0.14454169014397764
vt 0.8349548081973581 0.14046825882034383
vt 0.8459490895765052 0.1401623128785984
vt 0.8348327581057625 0.1360943556809254
vt 0.8458248372127604 0.13578424689021854
vt 0.8347090882611606 0.13172094590287403
vt 0.8456993210751608 0.13140731912562673
vt 0.8345840383630129 0.1273479453887739
vt 0.8455727329157264 0.1270313757158622
vt 0.8344578172124212 0.12297526609690287
vt 0.8454452606377552 0.12265627573867799
vt 0.8343306145191746 0.11860281269418783
vt 0.8453170876779742 0.11828188654296347
vt 0.8342026091669146 0.11423048248186227
vt 0.8451883932857766 0.11390808046955682
vt 0.8340739746991026 0.10985816695452297
vt 0.8450593531165715 0.10953473268185537
vt 0.8339448824954542 0.10548575412045441
vt 0.8449301397296839 0.1051617197576713
vt 0.8338155032365474 0.10111313114142344
vt 0.8448009228497346 0.10078891871551994
vt 0.8336860067532819 0.09674018709818318
vt 0.8446718692648876 0.09641620615212504
vt 0.8335565602900671 0.0923668157203427
vt 0.8445431424075929 0.09204345718895739
vt 0.8334273247725839 0.08799291789977334
vt 0.8444149016449167 0.08767054389934396
vt 0.8332984485857708 0.08361840340568237
vt 0.8442873015328912 0.08329733284591358
vt 0.8331700580173014 0.07924319079028645
vt 0.8441604914337071 0.07892368139745129
vt 0.8330422437017557 0.0748672035711081
vt 0.8440346162290107 0.07454943248127023
vt 0.8329150426245849 0.07049035959011862
vt 0.8439098193706687 0.07017440764257797
vt 0.8327884165053555 0.06611254891816933
vt 0.8437862502204397 0.06579839865814663
vt 0.832662229030273 0.061733593797639756
vt 0.8436640784773057 0.061421158848300746
vt 0.8325362285516283 0.05735318157473197
vt 0.8435435197040522 0.057042396615207644
vt 0.8324100489915027 0.05297076050063609
vt 0.8434248769779111 0.05266177629421699
vt 0.8322832509892908 0.0485853878243523
vt 0.8433086044914416 0.04827893507439283
vt 0.8321554393213927 0.04419552234526252
vt 0.8431953986445668 0.04389353016790741
vt 0.8320265116599471 0.03979876369811307
vt 0.8430863197636849 0.03950533780697426
vt 0.831897116536176 0.035391561117359416
vt 0.8429829407665861 0.03511443455894131
vt 0.8317694244126205 0.030968953582015103
vt 0.8428875055762517 0.030721501459293102
vt 0.8316483372150385 0.026524469100852908
vt 0.8428030550729081 0.026328299600254665
vt 0.8315432684652532 0.022050415579605055
vt 0.8427334372155918 0.02193836772082819
vt 0.8314705943146177 0.017538951140874084
vt 0.842683053691417 0.017557979402428002
vt 0.8314567717577913 0.012984537236353642
vt 0.8426561019727641 0.01319735519612722
vt 0.8315418870142983 0.008388655832452591
vt 0.8426549443680214 0.00887203208506145
vt 0.8317762710382197 0.0038161242614588543
vt 0.842677075940778 0.004604117417670227
vt 0.23467959487364692 0.27403525249223387
vt 0.2855344693375028 0.39680978013565593
vt 0.2648209548690866 0.37762509206434514
vt 0.23022594748364886 0.27571148667528533
vt 0.2535276728491809 0.38105087171212604
vt 0.22567220473368688 0.2770928494364874
vt 0.24203451390395 0.38373070051933295
vt 0.22103786644931955 0.27817342556842556
vt 0.2336884282083004 0.41070188498697646
vt 0.21634277757855722 0.27894858787821025
vt 0.2186460722772514 0.3868098472741648
vt 0.21160704321274756 0.2794150170018256
vt 0.2068509424934881 0.38719597984266624
vt 0.20685094249348818 0.27957071561815683
vt 0.19505581270972483 0.3868098472741648
vt 0.20209484177422876 0.2794150170018256
vt 0.18001345677867578 0.41070188498697646
vt 0.19735910740841917 0.2789485878782102
vt 0.17166737108302635 0.3837307005193329
vt 0.19266401853765683 0.27817342556842556
vt 0.1601742121377954 0.3810508717121259
vt 0.1880296802532895 0.2770928494364872
vt 0.14888093011788958 0.377625092064345
vt 0.18347593750332752 0.27571148667528533
vt 0.1281674156494735 0.39680978013565593
vt 0.1790222901133294 0.2740352524922338
vt 0.12708637213682325 0.3685974905626606
vt 0.1746878092851556 0.27207132477944473
vt 0.11667842381889906 0.36303432628432986
vt 0.1704910559311539 0.269828113376892
vt 0.10665660806947641 0.3568023607788973
vt 0.16645000119348344 0.2673152240601854
vt 0.08168352684401459 0.36997229442084356
vt 0.162581949488925 0.2645434174071648
vt 0.08794119684324195 0.34244152065388317
vt 0.15890346440871153 0.2615245627194539
vt 0.07932774363054315 0.3343741413564332
vt 0.1554302977906878 0.2582715871962886
vt 0.07126036433309305 0.3257606881437344
vt 0.15217732226752245 0.2547984205782648
vt 0.04372959056613279 0.33201835814296166
vt 0.1491584675798116 0.25111993549805134
vt 0.05689952420807904 0.3070452769174999
vt 0.146386660926791 0.24725188379349294
vt 0.05066755870264654 0.29702346116807715
vt 0.1438737716100843 0.2432108290558225
vt 0.0451043944243157 0.286615512850153
vt 0.14163056020753156 0.23901407570182076
vt 0.016892104851320464 0.2855344693375028
vt 0.1396666324947426 0.23467959487364692
vt 0.03607679292263127 0.26482095486908663
vt 0.13799039831169108 0.2302259474836488
vt 0.03265101327485045 0.25352767284918093
vt 0.1366090355504891 0.22567220473368688
vt 0.02997118446764351 0.2420345139039499
vt 0.13552845941855082 0.22103786644931955
vt 0.003000000000000048 0.2336884282083004
vt 0.1347532971087662 0.21634277757855722
vt 0.02689203771281162 0.21864607227725144
vt 0.1342868679851509 0.21160704321274756
vt 0.026505905144310133 0.2068509424934881
vt 0.13413116936881964 0.20685094249348818
vt 0.02689203771281162 0.19505581270972486
vt 0.1342868679851509 0.2020948417742288
vt 0.003 0.18001345677867583
vt 0.1347532971087662 0.19735910740841914
vt 0.02997118446764358 0.17166737108302635
vt 0.13552845941855082 0.19266401853765674
vt 0.03265101327485047 0.1601742121377954
vt 0.13660903555048917 0.1880296802532895
vt 0.03607679292263139 0.1488809301178896
vt 0.1379903983116911 0.18347593750332747
vt 0.01689210485132056 0.1281674156494735
vt 0.1396666324947426 0.1790222901133294
vt 0.04510439442431582 0.12708637213682328
vt 0.14163056020753167 0.1746878092851556
vt 0.050667558702646616 0.11667842381889913
vt 0.14387377161008433 0.17049105593115393
vt 0.056899524208079165 0.10665660806947634
vt 0.14638666092679103 0.16645000119348344
vt 0.04372959056613294 0.08168352684401452
vt 0.14915846757981163 0.16258194948892496
vt 0.07126036433309324 0.08794119684324198
vt 0.1521773222675225 0.15890346440871153
vt 0.07932774363054329 0.07932774363054317
vt 0.15543029779068784 0.1554302977906878
vt 0.08794119684324214 0.0712603643330931
vt 0.1589034644087116 0.15217732226752245
vt 0.08168352684401471 0.04372959056613279
vt 0.16258194948892504 0.1491584675798116
vt 0.10665660806947654 0.05689952420807904
vt 0.16645000119348352 0.14638666092679095
vt 0.11667842381889926 0.05066755870264654
vt 0.17049105593115396 0.14387377161008433
vt 0.1270863721368234 0.04510439442431575
vt 0.1746878092851557 0.14163056020753156
vt 0.1281674156494736 0.016892104851320464
vt 0.1790222901133295 0.13966663249474257
vt 0.14888093011788978 0.036076792922631294
vt 0.18347593750332758 0.13799039831169108
vt 0.16017421213779562 0.03265101327485045
vt 0.18802968025328956 0.1366090355504891
vt 0.17166737108302657 0.02997118446764346
vt 0.19266401853765688 0.13552845941855082
vt 0.18001345677867597 0.003
vt 0.19735910740841917 0.13475329710876618
vt 0.19505581270972502 0.02689203771281157
vt 0.2020948417742289 0.13428686798515083
vt 0.20685094249348834 0.026505905144310088
vt 0.20685094249348823 0.13413116936881964
vt 0.2186460722772516 0.02689203771281167
vt 0.21160704321274762 0.1342868679851509
vt 0.2336884282083007 0.003
vt 0.21634277757855733 0.1347532971087662
vt 0.24203451390395014 0.02997118446764351
vt 0.2210378664493196 0.13552845941855085
vt 0.253527672849181 0.032651013274850496
vt 0.2256722047336869 0.1366090355504891
vt 0.26482095486908686 0.03607679292263139
vt 0.230225947483649 0.1379903983116911
vt 0.285534469337503 0.01689210485132056
vt 0.234679594873647 0.13966663249474257
vt 0.28661551285015313 0.045104394424315845
vt 0.23901407570182084 0.14163056020753156
vt 0.2970234611680773 0.05066755870264664
vt 0.2432108290558225 0.14387377161008433
vt 0.3070452769175001 0.05689952420807914
vt 0.247251883793493 0.146386660926791
vt 0.3320183581429619 0.04372959056613284
vt 0.2511199354980514 0.14915846757981163
vt 0.3257606881437345 0.07126036433309323
vt 0.25479842057826496 0.1521773222675225
vt 0.33437414135643334 0.0793277436305432
vt 0.2582715871962886 0.15543029779068784
vt 0.34244152065388345 0.08794119684324207
vt 0.26152456271945396 0.15890346440871156
vt 0.3699722944208437 0.08168352684401478
vt 0.26454341740716486 0.16258194948892507
vt 0.35680236077889743 0.10665660806947648
vt 0.2673152240601855 0.1664500011934835
vt 0.3630343262843299 0.11667842381889923
vt 0.26982811337689216 0.17049105593115396
vt 0.36859749056266067 0.12708637213682347
vt 0.2720713247794449 0.17468780928515568
vt 0.39680978013565593 0.12816741564947362
vt 0.27403525249223387 0.1790222901133295
vt 0.3776250920643451 0.1488809301178897
vt 0.27571148667528533 0.18347593750332758
vt 0.3810508717121259 0.16017421213779556
vt 0.2770928494364873 0.18802968025328953
vt 0.38373070051933295 0.17166737108302654
vt 0.27817342556842567 0.19266401853765688
vt 0.41070188498697646 0.18001345677867597
vt 0.27894858787821025 0.19735910740841917
vt 0.3868098472741648 0.19505581270972505
vt 0.2794150170018256 0.20209484177422884
vt 0.38719597984266635 0.20685094249348837
vt 0.27957071561815683 0.2068509424934883
vt 0.3868098472741648 0.21864607227725155
vt 0.2794150170018256 0.2116070432127476
vt 0.4107018849869764 0.2336884282083007
vt 0.2789485878782102 0.2163427775785573
vt 0.38373070051933295 0.24203451390395014
vt 0.27817342556842556 0.2210378664493196
vt 0.3810508717121259 0.253527672849181
vt 0.2770928494364872 0.2256722047336869
vt 0.377625092064345 0.2648209548690869
vt 0.27571148667528533 0.230225947483649
vt 0.3968097801356559 0.285534469337503
vt 0.27403525249223387 0.234679594873647
vt 0.3685974905626606 0.286615512850153
vt 0.27207132477944485 0.2390140757018208
vt 0.36303432628432986 0.29702346116807726
vt 0.2698281133768921 0.2432108290558225
vt 0.3568023607788973 0.3070452769175001
vt 0.2673152240601854 0.247251883793493
vt 0.3699722944208436 0.3320183581429619
vt 0.26454341740716486 0.2511199354980514
vt 0.3424415206538832 0.3257606881437345
vt 0.26152456271945396 0.25479842057826496
vt 0.3343741413564333 0.3343741413564333
vt 0.2582715871962886 0.2582715871962886
vt 0.32576068814373443 0.34244152065388334
vt 0.25479842057826485 0.26152456271945396
vt 0.33201835814296166 0.3699722944208436
vt 0.25111993549805134 0.26454341740716486
vt 0.30704527691749994 0.3568023607788974
vt 0.24725188379349294 0.2673152240601855
vt 0.2970234611680772 0.36303432628432997
vt 0.2432108290558225 0.26982811337689216
vt 0.28661551285015296 0.36859749056266067
vt 0.23901407570182076 0.2720713247794449
vt 0.5614216324757867 0.5188275560097132
vt 0.5602261309781793 0.5291401865315457
vt 0.5335566809531682 0.5232047741153517
vt 0.5293629848381507 0.5085621909035257
vt 0.5175618127903114 0.5236981726584685
vt 0.5163731162784783 0.5104111897844487
vt 0.502142601970947 0.5237543348969809
vt 0.5040408466905579 0.5115943422320202
vt 0.47546319685414795 0.5291306616028925
vt 0.4766578999893711 0.5188167058796007
vt 0.4487917304094892 0.5231953698489026
vt 0.44459771241258556 0.5085526646397541
vt 0.4327966459812957 0.5236883412399939
vt 0.4316085825569999 0.5104017664713275
vt 0.4173775739564114 0.523743264125954
vt 0.4192774568854527 0.5115840088727852
vt 0.39069797297133724 0.5291151600593903
vt 0.39189475511234967 0.5188016867924754
vt 0.3640304578311168 0.5231722694925038
vt 0.35984231092544666 0.5085310997301897
vt 0.34803801322851763 0.5236578780349297
vt 0.34685743733967883 0.5103748830341389
vt 0.3326222902647714 0.5237032380080483
vt 0.33453188124944333 0.5115491771655376
vt 0.30594424276201837 0.5290499182821554
vt 0.30715185064793393 0.5187400973471061
vt 0.2792978015450473 0.5230702571586878
vt 0.2751382933812921 0.508436615314869
vt 0.26331830556197255 0.5235207811410663
vt 0.26217321018891476 0.5102546442886134
vt 0.24791859703536143 0.5235212571858953
vt 0.24987337340842608 0.5113915123655249
vt 0.22124823746173075 0.5287507490112597
vt 0.22250598041547967 0.5184580614742573
vt 0.19469948890469777 0.522601336758413
vt 0.190672239579582 0.5080024699074226
vt 0.17877980704329322 0.5228900028956276
vt 0.1777983556278894 0.5097016003234839
vt 0.16345398896575847 0.522683554631669
vt 0.1656170059999878 0.5106659036463361
vt 0.13681912899425186 0.5273730193480548
vt 0.13830788752409512 0.5171593371417246
vt 0.11071959945632273 0.5204411576689792
vt 0.10730310390389396 0.5060010028971803
vt 0.09507281564199212 0.5199850843019788
vt 0.0948483489957794 0.5071489067271088
vt 0.0800813760824026 0.5188296887680861
vt 0.08320696413703704 0.5073104185766418
vt 0.05358312453089938 0.5210777704410172
vt 0.05614972617869086 0.5111879053838932
vt 0.02932604565377217 0.510722638206897
vt 0.028293359307297646 0.49643348826694145
vt 0.01497772853322121 0.5075213414195174
vt 0.9900087244855882 0.4643403002370058
vt 0.9812294714085371 0.4671931804958575
vt 0.9844183074106028 0.4614194271400189
vt 0.9744432362638681 0.4638517069793782
vt 0.9789689928808152 0.4582430717021066
vt 0.9593983867160812 0.45971572403203165
vt 0.9635815653370593 0.4537711372715822
vt 0.9396501700708492 0.44912179152133297
vt 0.9399044032720001 0.4353563795691155
vt 0.9253794955762334 0.44629060171514706
vt 0.9270143027334599 0.433618424456837
vt 0.9111119705595985 0.44394962160130735
vt 0.9144318113303871 0.4324820757389028
vt 0.8850151708882094 0.44651629539953286
vt 0.8870333610395718 0.43672792583831976
vt 0.8591862491377967 0.4392662033597093
vt 0.8558380077656362 0.4243846367904475
vt 0.8431123588978436 0.4390473122452734
vt 0.8424996500367428 0.42551582657994746
vt 0.8275092352340249 0.43858431431461614
vt 0.8297673903905127 0.42623315776804366
vt 0.8002094416047989 0.44350344167257416
vt 0.8016153030716833 0.4330145696808444
vt 0.7729734648744846 0.4371188792979964
vt 0.7688440338903593 0.42201455074531896
vt 0.7565133495854438 0.4374730782135485
vt 0.7554150152560712 0.4237610418451914
vt 0.7406224040033106 0.43741948234631917
vt 0.74265086077441 0.42487741724671035
vt 0.7130619163366659 0.44284918756904595
vt 0.7143350376624101 0.4322084507140578
vt 0.6855207029627141 0.43665265765620653
vt 0.6812217111568252 0.42149999587930814
vt 0.6689767894719981 0.4371312559043729
vt 0.6677730396826931 0.4233800676451935
vt 0.6530234194435982 0.4371665223477253
vt 0.6550020169198851 0.4245830777843506
vt 0.6254064701112562 0.44270699248929635
vt 0.626650793429257 0.4320333539877087
vt 0.5977992549774758 0.4365512606305785
vt 0.5934635158821102 0.4213882806595723
vt 0.5812373765101816 0.43705680600440433
vt 0.5800107825375638 0.42329736183591027
vt 0.5652707433468336 0.4371112844104716
vt 0.567238554915488 0.4245191772989177
vt 0.5376421675978297 0.44267541631450685
vt 0.5388803324741954 0.4319949552114176
vt 0.5100218522748731 0.43652842878959014
vt 0.5056784362724576 0.42136401614719354
vt 0.4934571243522595 0.43703954490165153
vt 0.4922257645845156 0.42327943337297147
vt 0.47748894567501027 0.4370978236256747
vt 0.4794545943674244 0.4245053152325439
vt 0.44986075581685414 0.4426653149169902
vt 0.4510980155633495 0.4319848489694095
vt 0.4222432577411104 0.43651970466301093
vt 0.41789956230602165 0.4213587003599566
vt 0.4056827512717676 0.4370307421082697
vt 0.4044512499091907 0.42327566770087555
vt 0.389720381472094 0.4370881380938872
vt 0.3916863842149645 0.42450235660513186
vt 0.3621056792673716 0.44264817032512016
vt 0.36334473186192806 0.43197450349971905
vt 0.334514869574173 0.4365004584779842
vt 0.3301775031052428 0.42135732546535265
vt 0.317977573467708 0.43700554597738556
vt 0.31675015463673634 0.4232754335211372
vt 0.3020447661191332 0.43705488419900984
vt 0.30401463952243374 0.4245019490820422
vt 0.27449473078773484 0.4425755809940794
vt 0.27574333586105704 0.43193471238308623
vt 0.24702982600841059 0.43641635567353976
vt 0.2427232644967074 0.42135601041809084
vt 0.23060025549928304 0.43689282394791046
vt 0.229392668943535 0.4232780698862689
vt 0.2148042235980436 0.43690418095328726
vt 0.21679241132956822 0.4245029420875877
vt 0.18755259962475526 0.4422426157616456
vt 0.18884548425606015 0.4317531390671385
vt 0.1606682700048088 0.43602996291367335
vt 0.15650395220207403 0.42135105494691083
vt 0.14473507780668324 0.43637434111021806
vt 0.14361905921760834 0.42329104745839163
vt 0.12956919073461762 0.43621054797625636
vt 0.1316418601975113 0.42450818962500636
vt 0.10369217908125215 0.44070908019219523
vt 0.10518913360268581 0.43091715939744013
vt 0.07947856661910851 0.43424606165582014
vt 0.07597994797238639 0.42131988104958445
vt 0.06581648761049322 0.43398088459775147
vt 0.06515075653367544 0.4233231081347342
vt 0.05351298255214987 0.4330190784251377
vt 0.05603164300417073 0.42445259780745015
vt 0.033721862459720864 0.4338233134240773
vt 0.03631987811724654 0.4270755305830106
vt 0.02034853937377627 0.42599836651745426
vt 0.020090532409942775 0.41775488677081485
vt 0.012764449137849417 0.42388171598279484
vt 0.9969999988725745 0.550058134301078
vt 0.9885234003467074 0.5528126650988073
vt 0.9916023048934692 0.5472379550827523
vt 0.9819711127124134 0.5495863851077942
vt 0.9863408490138619 0.5441711008967124
vt 0.9674449166526038 0.5455929856357045
vt 0.9714838849670075 0.5398533314886217
vt 0.948377496527293 0.5353642667051589
vt 0.9486229653193133 0.5220734011277661
vt 0.9345987866274215 0.5326306788961097
vt 0.9361772357674772 0.5203953598392873
vt 0.9208231174803525 0.5303704013570718
vt 0.9240285106855237 0.5192981852307771
vt 0.8956259733752453 0.5328485924379628
vt 0.8975745887453648 0.5233976649138087
vt 0.8706874712673679 0.525848438268573
vt 0.8674546566623262 0.5114798945646739
vt 0.855167707368727 0.5256370929435967
vt 0.8545761213932516 0.5125720869995376
vt 0.8401024801847876 0.5251900560909677
vt 0.8422827887667829 0.5132646880131296
vt 0.8137438077321429 0.5299396038975313
vt 0.8151012039044595 0.5198123200579597
vt 0.7874467467256615 0.52377513859486
vt 0.7834596729955865 0.5091915048058945
vt 0.7715540629183382 0.5241171259166594
vt 0.7704935945657934 0.5108777836903802
vt 0.7562109240023625 0.52406537664007
vt 0.758169455682357 0.5119556685857727
vt 0.7296005152203233 0.5293079068622929
vt 0.7308297481102509 0.5190339800212929
vt 0.7030086917296785 0.5233249794460069
vt 0.6988579020684286 0.5086946437131793
vt 0.6870350546373989 0.5237870739755986
vt 0.6858728128015509 0.5105098839598781
vt 0.6716315873137673 0.5238211195417083
vt 0.6735419918044728 0.511671399656933
vt 0.6449665281349237 0.5291706244610942
vt 0.6461679593330532 0.5188648680349296
vt 0.6183107550316133 0.5232270317176091
vt 0.6141244824636463 0.5085865727339158
vt 0.6023195699884917 0.5237151278796157
vt 0.6011353077930719 0.5104297566634786
vt 0.5869030389749628 0.5237677049190245
vt 0.5888030905456713 0.511609349750183
vt 0.5601446316563508 0.5505772207144559
vt 0.5334679231221323 0.5559536946040264
vt 0.5180492795598307 0.5560106367411753
vt 0.5020543090584066 0.556505087019502
vt 0.47538241728792824 0.5505708112854211
vt 0.4487018418247087 0.5559473424550394
vt 0.43328126643660597 0.5560030405119389
vt 0.4172843860603733 0.5564955537361568
vt 0.39061160096551983 0.5505557256223071
vt 0.36392615620411517 0.5559246142761677
vt 0.3485026153840522 0.5559729330347846
vt 0.33250161135141487 0.5564552801480527
vt 0.30583017785699845 0.5504893740897809
vt 0.27912511422515324 0.5558213447018433
vt 0.2636892022639431 0.5558353160557279
vt 0.2476702191058717 0.5562705676239844
vt 0.22100619813497668 0.5501844359074528
vt 0.1942113785696052 0.5553459875798498
vt 0.17871876361251757 0.555201673010703
vt 0.16261718841987 0.5554199362583901
vt 0.13598770067206456 0.5487800677601714
vt 0.10877987195791766 0.5531564362997522
vt 0.09302790672346149 0.552283794591825
vt 0.07655072649099758 0.5515054923721648
vt 0.0500572763958155 0.5424203470136497
vt 0.02112298512487389 0.5433241814270161
vt 0.0041513980735876435 0.5398533314886217
vt 0.9746538582487054 0.48366055854873374
vt 0.967069768040325 0.48154390802398594
vt 0.9536964449531555 0.47371896114513556
vt 0.933905324853057 0.47452319611058136
vt 0.92160181978813 0.4735613899311444
vt 0.9079397407798957 0.47329621288479273
vt 0.8837261283207732 0.4668331943579684
vt 0.8578491166811858 0.47133172657272465
vt 0.842683229609712 0.47116793344053365
vt 0.8267500374152584 0.4715123116192769
vt 0.7998657077967629 0.46529965877697
vt 0.7726140838021158 0.4706380935809033
vt 0.7568180519023802 0.4706494506006547
vt 0.7403884813951739 0.47112591888122746
vt 0.7129235766092804 0.46496669357377335
vt 0.6853735413012425 0.4704873903559558
vt 0.6694407339428383 0.4705367285926866
vt 0.6529034378214852 0.4710418160375021
vt 0.6253126281717746 0.46489410417655797
vt 0.597697925914462 0.47045413645947115
vt 0.5817355560991497 0.4705115324303577
vt 0.5651750496636743 0.4710225699079637
vt 0.5375575516166697 0.4648769596711824
vt 0.5099293617653612 0.4704444509381659
vt 0.4939611830748126 0.47050272963117795
vt 0.4773964551327975 0.47101384572152427
vt 0.44977613979726 0.46486685817399465
vt 0.4221475640318712 0.4704309901062365
vt 0.4061809308586938 0.47048546857355633
vt 0.38961905240807587 0.4709910139451762
vt 0.36201183733620107 0.4648352820844874
vt 0.33439488797813854 0.47037575221337385
vt 0.31844151792427533 0.4704110186057743
vt 0.30189760446842806 0.47088961685625635
vt 0.27435639104336546 0.4646930869574552
vt 0.24679590337711882 0.4701227921846416
vt 0.23090495780408532 0.4700691963428213
vt 0.21444484253213264 0.4704233952727501
vt 0.18720886581310503 0.4640388328548739
vt 0.15990907217218117 0.4689579602160787
vt 0.14430594850532927 0.4684949622842928
vt 0.12823205826032347 0.46827607118753184
vt 0.10240313651107298 0.461025979143063
vt 0.07630633683882596 0.46359265296130275
vt 0.06203881185099844 0.46125167283345464
vt 0.04776813736337378 0.45842048300752425
vt 0.028019920682197885 0.4478265505043621
vt 0.012975071136774409 0.4436905675521405
vt 0.00618883600241189 0.4403490940525481
vt 0.9821744741288532 0.5687123496500175
vt 0.974851836495763 0.5666686683431107
vt 0.9619395429341331 0.5591134776437859
vt 0.9428306985486946 0.5598899880071803
vt 0.9309513422804091 0.5589613393250902
vt 0.917760247195148 0.5587053044154776
vt 0.8943813695750111 0.5524650914638222
vt 0.869396436220769 0.5568085439877956
vt 0.8547533736549882 0.5566503988995454
vt 0.8393694571948682 0.5569829071047968
vt 0.8134119258892815 0.5509844301230508
vt 0.7870997605055424 0.5561388379015262
vt 0.7718482689825829 0.5561498102658177
vt 0.7559850759234871 0.5566098625706908
vt 0.7294669540907273 0.5506629777251943
vt 0.7028666290965655 0.5559933980412741
vt 0.6874830422560888 0.5560410670266142
vt 0.6715157896327362 0.5565287870739739
vt 0.6448759647610144 0.5505930482343321
vt 0.6182130373257326 0.5559616036201779
vt 0.6028007457463673 0.5560171669407893
vt 0.5868108631886737 0.5565107940972956
vt 0.5589501974881604 0.5608899259315311
vt 0.5315703923542706 0.5681126879557473
vt 0.5192391125551504 0.5692971582059299
vt 0.5062495280387802 0.5711478205724543
vt 0.47418773103085204 0.5608850846127029
vt 0.44680350071544384 0.5681081020131464
vt 0.434469826425237 0.5692917086175862
vt 0.4214777367761758 0.5711408587952581
vt 0.3894138327111655 0.5608706558248785
vt 0.3620232873643856 0.5680869298020259
vt 0.3496844498509925 0.5692664855196997
vt 0.3366850174791252 0.5711088387666278
vt 0.3046177968712332 0.5608059045396476
vt 0.2772012178484025 0.5679893989625087
vt 0.26483987105193785 0.5691502798334396
vt 0.2518075290024526 0.5709613625400971
vt 0.21972641949725957 0.5605080278922114
vt 0.19219059036912756 0.5675401658248843
vt 0.1797258380057465 0.5686150275925245
vt 0.16654210032719335 0.5702820838798186
vt 0.13439731256725146 0.5591360228879385
vt 0.10631212910355024 0.5654704235770542
vt 0.09337096386212433 0.5661467986515055
vt 0.07949284025092312 0.5671443342133944
vt 0.04709617709217128 0.5528126651117183
vt 0.016819421921573097 0.5557561945721924
vt 0.003 0.5543350268238636
vt 0.973821300518146 0.49043348826694144
vt 0.9673277749971485 0.48978738777940556
vt 0.9510984292799175 0.4804667439611918
vt 0.9313866644031276 0.483089676715259
vt 0.922267550857107 0.48421916641653723
vt 0.9114383594070578 0.48622239351444424
vt 0.8822291737944411 0.4766251151443083
vt 0.8557764472298967 0.48303408493722205
vt 0.843799248179642 0.4842512270959641
vt 0.8309143552106678 0.4861912195948206
vt 0.7985728231510498 0.47578913546931695
vt 0.7706258960535374 0.48303933243329206
vt 0.7580256384532535 0.4842642046774016
vt 0.744695042896851 0.48618626412883675
vt 0.711674971561598 0.47560756220648664
vt 0.6834036679374135 0.4830403254839235
vt 0.6706681528038422 0.4842668410367107
vt 0.6572408042987792 0.48618494904202925
vt 0.624073575555041 0.4755677709731202
vt 0.595731923145988 0.4830399179279823
vt 0.5829670574616442 0.4842666068463474
vt 0.5695187451116103 0.48618357422841035
vt 0.5363202918655265 0.4755574256401104
vt 0.5079637130569895 0.48303695935555524
vt 0.49519254281032765 0.484262841142129
vt 0.48173987112327543 0.48617825833393163
vt 0.4485379749344863 0.47554731927531496
vt 0.4201797524825046 0.4830230972203098
vt 0.4074075248539074 0.48424491270853015
vt 0.3939547915031234 0.4861539938814547
vt 0.36076751400510787 0.4755089205782181
vt 0.33241629047647003 0.48295919677047155
vt 0.31964526766096096 0.4841622068861473
vt 0.30619659625386925 0.4860422786302662
vt 0.27308326973364194 0.47533382382176803
vt 0.24476744663749664 0.4826648572917201
vt 0.2320032921599468 0.4837812326764012
vt 0.2185742735473501 0.48552772382350945
vt 0.1858030043342179 0.4745277048512897
vt 0.1576509170036432 0.4813091167679549
vt 0.1449186573478231 0.48202644797588096
vt 0.13158029960096118 0.4831576377557299
vt 0.10038494636307504 0.47081434871299693
vt 0.0729864960847021 0.4750601988565546
vt 0.06040400468259224 0.47392385007008436
vt 0.04751390417914315 0.472185894939163
vt 0.02383674206900563 0.4537711372715822
vt 0.008449314518777586 0.4492992028258213
vt 0.003 0.4461228474114277
vt 0.981370618013722 0.5752517905545661
vt 0.9751009491395299 0.5746279637675629
vt 0.9594310909644138 0.5656286386097734
vt 0.9403988662127043 0.5681611493227509
vt 0.9315941234389804 0.5692517015287825
vt 0.9211382556527009 0.5711858702519513
vt 0.8929360212469614 0.5619194479525564
vt 0.8673952204919656 0.5681074782680275
vt 0.8558309207796957 0.5692826626980033
vt 0.8433902182712131 0.5711557789216173
vt 0.8121636137327369 0.5611122985503217
vt 0.7851801168784802 0.5681125643577585
vt 0.7730142347432044 0.5692952192011446
vt 0.7601431892759501 0.5711510308119604
vt 0.7282614014177681 0.5609370350870018
vt 0.7009646815778877 0.5681136132407091
vt 0.6886681906858119 0.5692978860634613
vt 0.6757037027200258 0.5711499295512378
vt 0.643679664519196 0.5608988472509712
vt 0.6163148872189803 0.5681136343733009
vt 0.6039899928246866 0.5692982189909871
vt 0.5910051483347911 0.5711493781836743
vt 0.4178478117061001 0.1761939857756718
vt 0.5492007604326109 0.19634853254930448
vt 0.5486333326833879 0.20107322956184176
vt 0.4414132590636737 0.1917429931029646
vt 0.5483761298098166 0.20582492218581208
vt 0.4407753959372172 0.20352719081041096
vt 0.5484302531940884 0.2105832629439065
vt 0.4409096219302114 0.21532787589048494
vt 0.5487954710715627 0.21532787589048494
vt 0.41670188498697647 0.229856723405478
vt 0.5494702195232187 0.22003844386450408
vt 0.4434887384264543 0.2387767245735671
vt 0.5504516091725973 0.2246947954907196
vt 0.4459225847569131 0.2503244766065815
vt 0.551735437558554 0.22927699155661194
vt 0.4491064791540857 0.26168832284999455
vt 0.5533162071308433 0.23376541039515528
vt 0.4294839432848737 0.28198753525068315
vt 0.5551871487914726 0.23814083190780855
vt 0.4576667230117238 0.2836706469209622
vt 0.5573402508810187 0.24238451986792756
vt 0.46300641619379823 0.2941949930620574
vt 0.5597662934857841 0.24647830215216426
vt 0.4690230018536164 0.3043475731269645
vt 0.5624548879188822 0.25040464855628863
vt 0.4553229104501404 0.32903379263427623
vt 0.5653945212061902 0.25414674586221464
vt 0.48298100660022336 0.3233653135278894
vt 0.5685726053866708 0.257688569834781
vt 0.4908626553678154 0.33214903697985393
vt 0.571975531415955 0.2610149538399865
vt 0.4993019119204403 0.3403984693127636
vt 0.5755887274423588 0.26411165379084506
vt 0.49245790357137575 0.36778937086318186
vt 0.579396721205789 0.266965409142753
vt 0.5177064625992285 0.3551555984636247
vt 0.5833832062923368 0.2695639996771773
vt 0.5275929456138672 0.3616001029889966
vt 0.5875311119608454 0.27189629783050623
vt 0.5378797516717683 0.36738420240925246
vt 0.591822676242444 0.2739523163439866
vt 0.5383582342358453 0.39561314132772146
vt 0.596239522000026 0.2757232510306979
vt 0.5594766085689362 0.3768750463457275
vt 0.6007627356219708 0.27720151847643265
vt 0.5706941783513595 0.3805411496111501
vt 0.605372948013133 0.2783807885130407
vt 0.5821275050814417 0.38346573930193806
vt 0.610050417536281 0.27925601132518046
vt 0.5898958707626482 0.41060896005169123
vt 0.6147751145488182 0.2798234390744035
vt 0.605444878089941 0.38704351269411763
vt 0.6195268071727885 0.2800806419479747
vt 0.6172290757973873 0.38768137582057416
vt 0.6242851479308827 0.28002651856370286
vt 0.6290297608774614 0.38754714982758
vt 0.6290297608774613 0.27966130068622863
vt 0.6435586083924545 0.41175488677081484
vt 0.6337403288514806 0.2789865522345725
vt 0.6524786095605436 0.38496803333133706
vt 0.6383966804776959 0.2780051625851941
vt 0.664026361593558 0.3825341870008782
vt 0.6429788765435883 0.2767213341992374
vt 0.6753902078369709 0.3793502926037056
vt 0.6474672953821318 0.275140564626948
vt 0.6956894202376596 0.3989728284729176
vt 0.651842716894785 0.2732696229663188
vt 0.6973725319079387 0.37079004874606747
vt 0.656086404854904 0.2711165208767726
vt 0.7078968780490338 0.36545035556399313
vt 0.6601801871391408 0.26869047827200726
vt 0.7180494581139409 0.35943376990417497
vt 0.6641065335432651 0.2660018838389091
vt 0.7427356776212527 0.3731338613076509
vt 0.6678486308491911 0.26306225055160115
vt 0.7370671985148658 0.34547576515756795
vt 0.6713904548217575 0.25988416637112055
vt 0.7458509219668303 0.33759411638997594
vt 0.6747168388269631 0.2564812403418363
vt 0.75410035429974 0.32915485983735093
vt 0.6778135387778215 0.25286804431543247
vt 0.7814912558501583 0.33599886818641567
vt 0.6806672941297295 0.2490600505520023
vt 0.7688574834506012 0.3107503091585629
vt 0.6832658846641536 0.24507356546545453
vt 0.775301987975973 0.30086382614392426
vt 0.6855981828174826 0.24092565979694597
vt 0.7810860873962289 0.29057702008602304
vt 0.687654201330963 0.2366340955153474
vt 0.809315026314698 0.2900985375219462
vt 0.6894251360176744 0.2322172497577653
vt 0.790576931332704 0.26898016318885515
vt 0.6909034034634092 0.22769403613582045
vt 0.7942430345981266 0.25776259340643176
vt 0.6920826735000172 0.2230838237446583
vt 0.7971676242889145 0.24632926667634958
vt 0.692957896312157 0.2184063542215104
vt 0.8243108450386678 0.23856090099514318
vt 0.6935253240613801 0.2136816572089731
vt 0.8007453976810941 0.22301189366785032
vt 0.6937825269349511 0.2089299645850028
vt 0.8013832608075506 0.21122769596040392
vt 0.6937284035506794 0.2041716238269084
vt 0.8012490348145564 0.19942701088032988
vt 0.6933631856732052 0.19942701088032996
vt 0.8254567717577914 0.18489816336533696
vt 0.692688437221549 0.1947164429063108
vt 0.7986699183183135 0.17597816219724777
vt 0.6917070475721705 0.1900600912800953
vt 0.7962360719878547 0.1644304101642333
vt 0.6904232191862139 0.18547789521420302
vt 0.793052177590682 0.15306656392082044
vt 0.6888424496139245 0.1809894763756596
vt 0.8126747134598942 0.13276735152013175
vt 0.6869715079532954 0.1766140548630063
vt 0.784491933733044 0.13108423984985274
vt 0.6848184058637491 0.17237036690288735
vt 0.7791522405509697 0.12055989370875758
vt 0.6823923632589837 0.1682765846186506
vt 0.7731356548911514 0.11040731364385047
vt 0.6797037688258856 0.1643502382145262
vt 0.7868357462946274 0.08572109413653867
vt 0.6767641355385778 0.1606081409086002
vt 0.7591776501445444 0.09138957324292557
vt 0.6735860513580971 0.1570663169360339
vt 0.7512960013769525 0.08260584979096101
vt 0.6701831253288129 0.15373993293082838
vt 0.7428567448243275 0.07435641745805134
vt 0.6665699293024092 0.15064323297996984
vt 0.7497007531733921 0.04696551590763302
vt 0.6627619355389788 0.14778947762806177
vt 0.7244521941455393 0.05959928830719021
vt 0.658775450452431 0.14519088709363764
vt 0.7145657111309007 0.053154783781818364
vt 0.6546275447839225 0.1428585889403087
vt 0.7042789050729995 0.04737068436156245
vt 0.6503359805023238 0.1408025704268283
vt 0.7038004225089225 0.0191417454430934
vt 0.6459191347447419 0.13903163574011707
vt 0.6826820481758317 0.03787984042508729
vt 0.6413959211227971 0.13755336829438217
vt 0.6714644783934083 0.03421373715966486
vt 0.6367857087316348 0.13637409825777413
vt 0.6600311516633259 0.031289147468876836
vt 0.6321082392084868 0.13549887544563446
vt 0.6522627859821195 0.004145926719123653
vt 0.6273835421959495 0.13493144769641136
vt 0.6367137786548268 0.027711374076697274
vt 0.6226318495719793 0.13467424482284024
vt 0.6249295809473804 0.027073510950240725
vt 0.6178735088138848 0.13472836820711206
vt 0.6131288958673063 0.02720773694323494
vt 0.6131288958673065 0.13509358608458627
vt 0.5986000483523134 0.003
vt 0.6084183278932872 0.13576833453624224
vt 0.5896800471842242 0.029786853439477887
vt 0.6037619762670717 0.13674972418562084
vt 0.5781322951512097 0.03222069976993663
vt 0.5991797802011795 0.1380335525715775
vt 0.5667684489077969 0.03540459416710926
vt 0.594691361362636 0.1396143221438669
vt 0.5464692365071082 0.015782058297897316
vt 0.5903159398499828 0.14148526380449608
vt 0.5447861248368291 0.043964838024747314
vt 0.5860722518898638 0.1436383658940423
vt 0.5342617786957339 0.049304531206821794
vt 0.581978469605627 0.14606440849880764
vt 0.5241091986308268 0.055321116866640006
vt 0.5780521232015027 0.1487530029319058
vt 0.49942297912351513 0.041621025463163944
vt 0.5743100258955767 0.15169263621921364
vt 0.5050914582299021 0.0692791216132469
vt 0.5707682019230103 0.15487072039969432
vt 0.4963077347779375 0.07716077038083892
vt 0.5674418179178048 0.1582736464289786
vt 0.48805830244502785 0.08560002693346393
vt 0.5643451179669462 0.16188684245538232
vt 0.46066740089460945 0.07875601858439918
vt 0.5614913626150383 0.16569483621881254
vt 0.47330117329416665 0.10400457761225204
vt 0.5588927720806142 0.16968132130536032
vt 0.4668566687687948 0.11389106062689054
vt 0.556560473927285 0.1738292269738689
vt 0.4610725693485389 0.12417786668479178
vt 0.5545044554138048 0.17812079125546754
vt 0.4328436304300699 0.12465634924886881
vt 0.5527335207270935 0.1825376370130495
vt 0.45158172541206376 0.1457747235819597
vt 0.5512552532813586 0.1870608506349944
vt 0.44791562214664127 0.15699229336438306
vt 0.5500759832447505 0.1916710630261566
vt 0.44499103245585325 0.16842562009446538
vt 0.9462625049021254 0.22007930222159774
vt 0.935388502847414 0.21905291496467716
vt 0.9355344770616708 0.21477454937465235
vt 0.946596971441524 0.21551590468261855
vt 0.9356665177008456 0.21044611572936317
vt 0.9468049311605078 0.2109727005572595
vt 0.9357829053278307 0.20608647764422894
vt 0.9469349606214839 0.20646382443434508
vt 0.9358858107588867 0.20170904270056186
vt 0.947021181268029 0.20199051262648893
vt 0.935978778996846 0.19732272553763067
vt 0.9470860422162835 0.19754804867544964
vt 0.9360653986910233 0.19293306216472156
vt 0.9471433402395224 0.19312976589516573
vt 0.9361487027052151 0.18854322170797538
vt 0.9472008848730097 0.1887291282023843
vt 0.9362309858846596 0.18415481819684587
vt 0.9472625990531938 0.18434063742039836
vt 0.9363138364618934 0.1797685094357231
vt 0.9473300478264391 0.17996007928663174
vt 0.9363982579048592 0.1753844096992999
vt 0.9474034792026859 0.17558443730568368
vt 0.9364848124270686 0.17100235652990803
vt 0.9474824888087423 0.17121167173151888
vt 0.9365737523133454 0.16662207183008035
vt 0.9475664156416268 0.16684047213381906
vt 0.9366651257342006 0.16224325131280481
vt 0.9476545575742508 0.16247003594768025
vt 0.9367588550868838 0.1578656083543441
vt 0.9477462737392007 0.15809989233003557
vt 0.936854791124747 0.15348889087704515
vt 0.9478410208261074 0.15372977310298025
vt 0.9369527480380425 0.14911288361537364
vt 0.9479383544304144 0.149359524306337
vt 0.9370525247026931 0.14473740354001707
vt 0.9480379145683119 0.14498904937059073
vt 0.9371539165125032 0.14036229293780209
vt 0.9481394063394993 0.14061827502741536
vt 0.9372567212181513 0.1359874124976167
vt 0.9482425813136861 0.13624713256871707
vt 0.9373607412186775 0.13161263548674676
vt 0.9483472220736482 0.13187554887221323
vt 0.9374657839400766 0.12723784328359553
vt 0.9484531304327665 0.1275034431904593
vt 0.9375716613593492 0.12286292222738734
vt 0.9485601191403481 0.12313072716206817
vt 0.9376781892788384 0.11848776149840273
vt 0.9486680063508773 0.11875730640870188
vt 0.937785186726301 0.1141122517469615
vt 0.9487766123553795 0.11438308288342927
vt 0.9378924756261787 0.10973628415906024
vt 0.9488857580038472 0.11000795752756957
vt 0.9379998808585643 0.10535974963460709
vt 0.9489952646950081 0.10563183308759673
vt 0.938107230668356 0.10098253781084301
vt 0.949104955922478 0.10125461698109148
vt 0.9382143573789293 0.0966045355406122
vt 0.9492146607948125 0.09687622402791754
vt 0.9383210981911221 0.0922256244947907
vt 0.949324220091047 0.09249657855402398
vt 0.9384272956965736 0.08784567745437123
vt 0.9494334957143092 0.08811561487694952
vt 0.9385327973667849 0.08346455287346222
vt 0.949542384378964 0.08373327436619322
vt 0.9386374528783576 0.07908208747757528
vt 0.949650836178967 0.07934949607924113
vt 0.9387411073427551 0.0746980868954639
vt 0.9497588777443642 0.07496419629682373
vt 0.9388435877000486 0.07031231518772216
vt 0.9498666379216645 0.07057723022631683
vt 0.9389446783423842 0.06592448543147386
vt 0.9499743701767489 0.06618832680725023
vt 0.9390440808900606 0.06153425592792954
vt 0.9500824600408581 0.061796985497626536
vt 0.9391413521999598 0.057141240389250225
vt 0.9501913965671271 0.05740232342564408
vt 0.9392358147187272 0.05274504589390099
vt 0.9503016731727721 0.05300286279674052
vt 0.9393264353827575 0.048345360263357236
vt 0.9504135630034981 0.048596256942650996
vt 0.9394116753940649 0.04394212042996471
vt 0.9505266900606603 0.044178973434046094
vt 0.9394893260955327 0.039535804946108165
vt 0.9506392892369867 0.03974598830911366
vt 0.9395563697209115 0.03512790496909447
vt 0.9507470204702401 0.03529060993062177
vt 0.9396089436625382 0.030721634620814887
vt 0.9508411888134728 0.03080465445997698
vt 0.9396425492513538 0.026322935455896597
vt 0.950906239958679 0.026279349988084483
vt 0.9396527378212407 0.021941797186914132
vt 0.9509164865338484 0.02170756706706976
vt 0.9396366332311047 0.01759383629278073
vt 0.9508322290600535 0.017088262172404105
vt 0.93959581039803 0.013301913001410284
vt 0.9505958452229643 0.012434367040536097
vt 0.8881357590549782 0.2195998616853219
vt 0.8770143209162382 0.218306157080844
vt 0.877414151895654 0.2141037172213389
vt 0.8885501617303645 0.21489214329004497
vt 0.8774390161201162 0.2097790738217307
vt 0.8887370127927943 0.21019559582110864
vt 0.8774312393707442 0.20540399637432263
vt 0.8887746495477925 0.20554431036672283
vt 0.877392026279148 0.2009992799994371
vt 0.88872038696164 0.200947251385019
vt 0.8773263373220408 0.19657930007915134
vt 0.8886134589431615 0.1964007996742509
vt 0.8772400762598668 0.19215335886061619
vt 0.8884790860171139 0.19189626022708065
vt 0.8771386930209883 0.18772705920724936
vt 0.8883324246398144 0.18742398170472774
vt 0.8770266303157331 0.18330348091412793
vt 0.8881818615099427 0.18297533791428355
vt 0.8769072306020157 0.17888408970638228
vt 0.888031513748698 0.1785434545146509
vt 0.8767828623438426 0.17446938849082996
vt 0.8878829939014515 0.17412326578555096
vt 0.8766551247625615 0.17005935444835948
vt 0.8877365783138159 0.16971126422993277
vt 0.8765250563076086 0.16565371406605045
vt 0.8875919314169539 0.1653051515039302
vt 0.8763933130432385 0.1612521039796593
vt 0.8874485217680829 0.16090349857445904
vt 0.8762603063868261 0.15685415645107553
vt 0.8873058372522757 0.15650546184900987
vt 0.8761263017757938 0.15245953818006955
vt 0.8871634780180262 0.15211056747206636
vt 0.8759914848579841 0.14806796244485998
vt 0.8870211807440599 0.14771855894436697
vt 0.8758560031279439 0.14367918747401653
vt 0.8868788086094166 0.1433292961206176
vt 0.8757199902897982 0.13929300895054278
vt 0.8867363275181228 0.13894269256276962
vt 0.8755835791850446 0.13490925103808885
vt 0.8865937797887746 0.13455867948555147
vt 0.8754469077019719 0.13052775812490994
vt 0.8864512607477035 0.1301771870851924
vt 0.8753101206237455 0.126148388147471
vt 0.8863089001291926 0.1257981364772708
vt 0.8751733694458803 0.12177100764422152
vt 0.8861668484673906 0.12142143760666936
vt 0.8750368113153895 0.11739548834053938
vt 0.886025267746746 0.11704699024249528
vt 0.8749006078080224 0.1130217049168697
vt 0.8858843253933107 0.11267468625018628
vt 0.87476492389527 0.1086495336517896
vt 0.8857441907107436 0.10830441230305471
vt 0.8746299272299632 0.10427885156365115
vt 0.8856050330621221 0.10393605254037529
vt 0.8744957878704767 0.09990953584167118
vt 0.8854670214033936 0.09956949112430653
vt 0.8743626783658078 0.09554146325515986
vt 0.8853303249237763 0.09520461465210489
vt 0.8742307742322293 0.09117450933440847
vt 0.8851951149749819 0.09084131445129291
vt 0.8741002546724143 0.08680854705682203
vt 0.8850615685002455 0.08647948862459032
vt 0.8739713033810149 0.08244344475714155
vt 0.884929873603504 0.08211904340957563
vt 0.8738441090780361 0.07807906300258023
vt 0.884800237817757 0.07775989301922785
vt 0.8737188651627853 0.07371525016445958
vt 0.8846728997836759 0.07340195631811512
vt 0.8735957674062506 0.06935183668428199
vt 0.8845481445750372 0.06904514779005312
vt 0.873475008068671 0.06498862825621174
vt 0.8844263221082639 0.06468935877387094
vt 0.8733567639838545 0.0606253990710353
vt 0.8843078662438936 0.06033442342096006
vt 0.8732411751497285 0.05626188742268646
vt 0.8841933089281012 0.05598006194334345
vt 0.8731283094176362 0.05189779814348733
vt 0.884083278479476 0.05162579236208778
vt 0.8730181080382748 0.047532819597588725
vt 0.8839784628501586 0.04727080174636802
vt 0.8729103068973149 0.043166667422445654
vt 0.8838795069145944 0.04291377058295185
vt 0.8728043301850703 0.0387991734177792
vt 0.8837867968943729 0.03855265204949174
vt 0.8726991585787552 0.034430445278486994
vt 0.8837000652091067 0.03418442559892737
vt 0.8725931853780355 0.030061130662693548
vt 0.8836177276545751 0.02980487720963236
vt 0.8724840948130738 0.025692825068086435
vt 0.8835358465777396 0.025408514680069553
vt 0.8723688318210151 0.02132866280334183
vt 0.8834466096368454 0.02098881497431195
vt 0.8722437874158008 0.01697411666578105
vt 0.8833362419519958 0.01653913214984829
vt 0.8721054045163525 0.012637992301351323
vt 0.8831823611992633 0.012054777034395035
vt 0.8719515200364764 0.008333519208612274
vt 0.8829509876721492 0.0075370149689953795
vt 0.8717839001252754 0.004079285227166216
vt 0.8825938032566228 0.003
vt 0.848871923825604 0.2113881359402037
vt 0.9381834204683374 0.011805077969360252
usemtl atlas-page-1
f 1/1 97/2 98/3
f 1/1 98/3 2/4
f 2/4 98/3 99/5
f 2/4 99/5 3/6
f 3/6 99/5 100/7
f 3/6 100/7 4/8
f 4/8 100/7 101/9
f 4/8 101/9 5/10
f 5/10 101/9 102/11
f 5/10 102/11 6/12
f 6/12 102/11 103/13
f 6/12 103/13 7/14
f 7/14 103/13 104/15
f 7/14 104/15 8/16
f 8/16 104/15 105/17
f 8/16 105/17 9/18
f 9/18 105/17 106/19
f 9/18 106/19 10/20
f 10/20 106/19 107/21
f 10/20 107/21 11/22
f 11/22 107/21 108/23
f 11/22 108/23 12/24
f 12/24 108/23 109/25
f 12/24 109/25 13/26
f 13/26 109/25 110/27
f 13/26 110/27 14/28
f 14/28 110/27 111/29
f 14/28 111/29 15/30
f 15/30 111/29 112/31
f 15/30 112/31 16/32
f 16/32 112/31 113/33
f 16/32 113/33 17/34
f 17/34 113/33 114/35
f 17/34 114/35 18/36
f 18/36 114/35 115/37
f 18/36 115/37 19/38
f 19/38 115/37 116/39
f 19/38 116/39 20/40
f 20/40 116/39 117/41
f 20/40 117/41 21/42
f 21/42 117/41 118/43
f 21/42 118/43 22/44
f 22/44 118/43 119/45
f 22/44 119/45 23/46
f 23/46 119/45 120/47
f 23/46 120/47 24/48
f 24/48 120/47 121/49
f 24/48 121/49 25/50
f 25/50 121/49 122/51
f 25/50 122/51 26/52
f 26/52 122/51 123/53
f 26/52 123/53 27/54
f 27/54 123/53 124/55
f 27/54 124/55 28/56
f 28/56 124/55 125/57
f 28/56 125/57 29/58
f 29/58 125/57 126/59
f 29/58 126/59 30/60
f 30/60 126/59 127/61
f 30/60 127/61 31/62
f 31/62 127/61 128/63
f 31/62 128/63 32/64
f 32/64 128/63 129/65
f 32/64 129/65 33/66
f 33/66 129/65 130/67
f 33/66 130/67 34/68
f 34/68 130/67 131/69
f 34/68 131/69 35/70
f 35/70 131/69 132/71
f 35/70 132/71 36/72
f 36/72 132/71 133/73
f 36/72 133/73 37/74
f 37/74 133/73 134/75
f 37/74 134/75 38/76
f 38/76 134/75 135/77
f 38/76 135/77 39/78
f 39/78 135/77 136/79
f 39/78 136/79 40/80
f 40/80 136/79 137/81
f 40/80 137/81 41/82
f 41/82 137/81 138/83
f 41/82 138/83 42/84
f 42/84 138/83 139/85
f 42/84 139/85 43/86
f 43/86 139/85 140/87
f 43/86 140/87 44/88
f 44/88 140/87 141/89
f 44/88 141/89 45/90
f 45/90 141/89 142/91
f 45/90 142/91 46/92
f 46/92 142/91 143/93
f 46/92 143/93 47/94
f 47/94 143/93 144/95
f 47/94 144/95 48/96
f 48/96 144/95 145/97
f 48/96 145/97 49/98
f 49/98 145/97 146/99
f 49/98 146/99 50/100
f 50/101 146/102 147/103
f 50/101 147/103 51/104
f 51/104 147/103 148/105
f 51/104 148/105 52/106
f 52/106 148/105 149/107
f 52/106 149/107 53/108
f 53/108 149/107 150/109
f 53/108 150/109 54/110
f 54/110 150/109 151/111
f 54/110 151/111 55/112
f 55/112 151/111 152/113
f 55/112 152/113 56/114
f 56/114 152/113 153/115
f 56/114 153/115 57/116
f 57/116 153/115 154/117
f 57/116 154/117 58/118
f 58/118 154/117 155/119
f 58/118 155/119 59/120
f 59/120 155/119 156/121
f 59/120 156/121 60/122
f 60/122 156/121 157/123
f 60/122 157/123 61/124
f 61/124 157/123 158/125
f 61/124 158/125 62/126
f 62/126 158/125 159/127
f 62/126 159/127 63/128
f 63/128 159/127 160/129
f 63/128 160/129 64/130
f 64/130 160/129 161/131
f 64/130 161/131 65/132
f 65/132 161/131 162/133
f 65/132 162/133 66/134
f 66/134 162/133 163/135
f 66/134 163/135 67/136
f 67/136 163/135 164/137
f 67/136 164/137 68/138
f 68/138 164/137 165/139
f 68/138 165/139 69/140
f 69/140 165/139 166/141
f 69/140 166/141 70/142
f 70/142 166/141 167/143
f 70/142 167/143 71/144
f 71/144 167/143 168/145
f 71/144 168/145 72/146
f 72/146 168/145 169/147
f 72/146 169/147 73/148
f 73/148 169/147 170/149
f 73/148 170/149 74/150
f 74/150 170/149 171/151
f 74/150 171/151 75/152
f 75/152 171/151 172/153
f 75/152 172/153 76/154
f 76/154 172/153 173/155
f 76/154 173/155 77/156
f 77/156 173/155 174/157
f 77/156 174/157 78/158
f 78/158 174/157 175/159
f 78/158 175/159 79/160
f 79/160 175/159 176/161
f 79/160 176/161 80/162
f 80/162 176/161 177/163
f 80/162 177/163 81/164
f 81/164 177/163 178/165
f 81/164 178/165 82/166
f 82/166 178/165 179/167
f 82/166 179/167 83/168
f 83/168 179/167 180/169
f 83/168 180/169 84/170
f 84/170 180/169 181/171
f 84/170 181/171 85/172
f 85/172 181/171 182/173
f 85/172 182/173 86/174
f 86/174 182/173 183/175
f 86/174 183/175 87/176
f 87/176 183/175 184/177
f 87/176 184/177 88/178
f 88/178 184/177 185/179
f 88/178 185/179 89/180
f 89/180 185/179 186/181
f 89/180 186/181 90/182
f 90/182 186/181 187/183
f 90/182 187/183 91/184
f 91/184 187/183 188/185
f 91/184 188/185 92/186
f 92/186 188/185 189/187
f 92/186 189/187 93/188
f 93/188 189/187 190/189
f 93/188 190/189 94/190
f 94/190 190/189 191/191
f 94/190 191/191 95/192
f 95/192 191/191 192/193
f 95/192 192/193 96/194
f 96/194 192/193 97/195
f 96/194 97/195 1/196
f 97/197 193/198 194/199
f 97/197 194/199 98/200
f 98/200 194/199 195/201
f 98/200 195/201 99/202
f 99/202 195/201 196/203
f 99/202 196/203 100/204
f 100/204 196/203 197/205
f 100/204 197/205 101/206
f 101/206 197/205 198/207
f 101/206 198/207 102/208
f 102/208 198/207 199/209
f 102/208 199/209 103/210
f 103/210 199/209 200/211
f 103/210 200/211 104/212
f 104/212 200/211 201/213
f 104/212 201/213 105/214
f 105/214 201/213 202/215
f 105/214 202/215 106/216
f 106/216 202/215 203/217
f 106/216 203/217 107/218
f 107/218 203/217 204/219
f 107/218 204/219 108/220
f 108/220 204/219 205/221
f 108/220 205/221 109/222
f 109/222 205/221 206/223
f 109/222 206/223 110/224
f 110/224 206/223 207/225
f 110/224 207/225 111/226
f 111/226 207/225 208/227
f 111/226 208/227 112/228
f 112/228 208/227 209/229
f 112/228 209/229 113/230
f 113/230 209/229 210/231
f 113/230 210/231 114/232
f 114/232 210/231 211/233
f 114/232 211/233 115/234
f 115/234 211/233 212/235
f 115/234 212/235 116/236
f 116/236 212/235 213/237
f 116/236 213/237 117/238
f 117/238 213/237 214/239
f 117/238 214/239 118/240
f 118/240 214/239 215/241
f 118/240 215/241 119/242
f 119/242 215/241 216/243
f 119/242 216/243 120/244
f 120/244 216/243 217/245
f 120/244 217/245 121/246
f 121/246 217/245 218/247
f 121/246 218/247 122/248
f 122/248 218/247 219/249
f 122/248 219/249 123/250
f 123/250 219/249 220/251
f 123/250 220/251 124/252
f 124/252 220/251 221/253
f 124/252 221/253 125/254
f 125/254 221/253 222/255
f 125/254 222/255 126/256
f 126/256 222/255 223/257
f 126/256 223/257 127/258
f 127/258 223/257 224/259
f 127/258 224/259 128/260
f 128/260 224/259 225/261
f 128/260 225/261 129/262
f 129/262 225/261 226/263
f 129/262 226/263 130/264
f 130/264 226/263 227/265
f 130/264 227/265 131/266
f 131/266 227/265 228/267
f 131/266 228/267 132/268
f 132/268 228/267 229/269
f 132/268 229/269 133/270
f 133/270 229/269 230/271
f 133/270 230/271 134/272
f 134/272 230/271 231/273
f 134/272 231/273 135/274
f 135/274 231/273 232/275
f 135/274 232/275 136/276
f 136/276 232/275 233/277
f 136/276 233/277 137/278
f 137/278 233/277 234/279
f 137/278 234/279 138/280
f 138/280 234/279 235/281
f 138/280 235/281 139/282
f 139/282 235/281 236/283
f 139/282 236/283 140/284
f 140/284 236/283 237/285
f 140/284 237/285 141/286
f 141/286 237/285 238/287
f 141/286 238/287 142/288
f 142/288 238/287 239/289
f 142/288 239/289 143/290
f 143/290 239/289 240/291
f 143/290 240/291 144/292
f 144/292 240/291 241/293
f 144/292 241/293 145/294
f 145/294 241/293 242/295
f 145/294 242/295 146/296
f 146/296 242/295 243/297
f 146/296 243/297 147/298
f 147/298 243/297 244/299
f 147/298 244/299 148/300
f 148/300 244/299 245/301
f 148/300 245/301 149/302
f 149/302 245/301 246/303
f 149/302 246/303 150/304
f 150/304 246/303 247/305
f 150/304 247/305 151/306
f 151/306 247/305 248/307
f 151/306 248/307 152/308
f 152/308 248/307 249/309
f 152/308 249/309 153/310
f 153/310 249/309 250/311
f 153/310 250/311 154/312
f 154/312 250/311 251/313
f 154/312 251/313 155/314
f 155/314 251/313 252/315
f 155/314 252/315 156/316
f 156/316 252/315 253/317
f 156/316 253/317 157/318
f 157/318 253/317 254/319
f 157/318 254/319 158/320
f 158/320 254/319 255/321
f 158/320 255/321 159/322
f 159/322 255/321 256/323
f 159/322 256/323 160/324
f 160/324 256/323 257/325
f 160/324 257/325 161/326
f 161/326 257/325 258/327
f 161/326 258/327 162/328
f 162/328 258/327 259/329
f 162/328 259/329 163/330
f 163/330 259/329 260/331
f 163/330 260/331 164/332
f 164/332 260/331 261/333
f 164/332 261/333 165/334
f 165/334 261/333 262/335
f 165/334 262/335 166/336
f 166/336 262/335 263/337
f 166/336 263/337 167/338
f 167/338 263/337 264/339
f 167/338 264/339 168/340
f 168/340 264/339 265/341
f 168/340 265/341 169/342
f 169/342 265/341 266/343
f 169/342 266/343 170/344
f 170/344 266/343 267/345
f 170/344 267/345 171/346
f 171/346 267/345 268/347
f 171/346 268/347 172/348
f 172/348 268/347 269/349
f 172/348 269/349 173/350
f 173/350 269/349 270/351
f 173/350 270/351 174/352
f 174/352 270/351 271/353
f 174/352 271/353 175/354
f 175/354 271/353 272/355
f 175/354 272/355 176/356
f 176/356 272/355 273/357
f 176/356 273/357 177/358
f 177/358 273/357 274/359
f 177/358 274/359 178/360
f 178/360 274/359 275/361
f 178/360 275/361 179/362
f 179/362 275/361 276/363
f 179/362 276/363 180/364
f 180/364 276/363 277/365
f 180/364 277/365 181/366
f 181/366 277/365 278/367
f 181/366 278/367 182/368
f 182/368 278/367 279/369
f 182/368 279/369 183/370
f 183/370 279/369 280/371
f 183/370 280/371 184/372
f 184/372 280/371 281/373
f 184/372 281/373 185/374
f 185/374 281/373 282/375
f 185/374 282/375 186/376
f 186/376 282/375 283/377
f 186/376 283/377 187/378
f 187/378 283/377 284/379
f 187/378 284/379 188/380
f 188/380 284/379 285/381
f 188/380 285/381 189/382
f 189/382 285/381 286/383
f 189/382 286/383 190/384
f 190/384 286/383 287/385
f 190/384 287/385 191/386
f 191/386 287/385 288/387
f 191/386 288/387 192/388
f 192/388 288/387 193/198
f 192/388 193/198 97/197
f 193/389 289/390 290/391
f 193/389 290/391 194/392
f 194/392 290/391 291/393
f 194/392 291/393 195/394
f 195/394 291/393 292/395
f 195/394 292/395 196/396
f 196/396 292/395 293/397
f 196/396 293/397 197/398
f 197/398 293/397 294/399
f 197/398 294/399 198/400
f 198/400 294/399 295/401
f 198/400 295/401 199/402
f 199/402 295/401 296/403
f 199/402 296/403 200/404
f 200/404 296/403 297/405
f 200/404 297/405 201/406
f 201/406 297/405 298/407
f 201/406 298/407 202/408
f 202/408 298/407 299/409
f 202/408 299/409 203/410
f 203/410 299/409 300/411
f 203/410 300/411 204/412
f 204/412 300/411 301/413
f 204/412 301/413 205/414
f 205/414 301/413 302/415
f 205/414 302/415 206/416
f 206/416 302/415 303/417
f 206/416 303/417 207/418
f 207/418 303/417 304/419
f 207/418 304/419 208/420
f 208/420 304/419 305/421
f 208/420 305/421 209/422
f 209/422 305/421 306/423
f 209/422 306/423 210/424
f 210/424 306/423 307/425
f 210/424 307/425 211/426
f 211/426 307/425 308/427
f 211/426 308/427 212/428
f 212/428 308/427 309/429
f 212/428 309/429 213/430
f 213/430 309/429 310/431
f 213/430 310/431 214/432
f 214/432 310/431 311/433
f 214/432 311/433 215/434
f 215/434 311/433 312/435
f 215/434 312/435 216/436
f 216/436 312/435 313/437
f 216/436 313/437 217/438
f 217/438 313/437 314/439
f 217/438 314/439 218/440
f 218/440 314/439 315/441
f 218/442 315/443 219/444
f 219/444 315/443 316/445
f 219/444 316/445 220/446
f 220/446 316/445 317/447
f 220/446 317/447 221/448
f 221/448 317/447 318/449
f 221/448 318/449 222/450
f 222/450 318/449 319/451
f 222/450 319/451 223/452
f 223/452 319/451 320/453
f 223/452 320/453 224/454
f 224/454 320/453 321/455
f 224/454 321/455 225/456
f 225/456 321/455 322/457
f 225/456 322/457 226/458
f 226/458 322/457 323/459
f 226/458 323/459 227/460
f 227/460 323/459 324/461
f 227/460 324/461 228/462
f 228/462 324/461 325/463
f 228/462 325/463 229/464
f 229/464 325/463 326/465
f 229/464 326/465 230/466
f 230/466 326/465 327/467
f 230/466 327/467 231/468
f 231/468 327/467 328/469
f 231/468 328/469 232/470
f 232/470 328/469 329/471
f 232/470 329/471 233/472
f 233/472 329/471 330/473
f 233/472 330/473 234/474
f 234/474 330/473 331/475
f 234/474 331/475 235/476
f 235/476 331/475 332/477
f 235/476 332/477 236/478
f 236/478 332/477 333/479
f 236/478 333/479 237/480
f 237/480 333/479 334/481
f 237/480 334/481 238/482
f 238/482 334/481 335/483
f 238/482 335/483 239/484
f 239/484 335/483 336/485
f 239/484 336/485 240/486
f 240/486 336/485 337/487
f 240/486 337/487 241/488
f 241/488 337/487 338/489
f 241/488 338/489 242/490
f 242/490 338/489 339/491
f 242/490 339/491 243/492
f 243/492 339/491 340/493
f 243/492 340/493 244/494
f 244/494 340/493 341/495
f 244/494 341/495 245/496
f 245/496 341/495 342/497
f 245/496 342/497 246/498
f 246/498 342/497 343/499
f 246/498 343/499 247/500
f 247/500 343/499 344/501
f 247/500 344/501 248/502
f 248/502 344/501 345/503
f 248/502 345/503 249/504
f 249/504 345/503 346/505
f 249/504 346/505 250/506
f 250/506 346/505 347/507
f 250/506 347/507 251/508
f 251/508 347/507 348/509
f 251/508 348/509 252/510
f 252/510 348/509 349/511
f 252/510 349/511 253/512
f 253/512 349/511 350/513
f 253/512 350/513 254/514
f 254/514 350/513 351/515
f 254/514 351/515 255/516
f 255/516 351/515 352/517
f 255/516 352/517 256/518
f 256/518 352/517 353/519
f 256/518 353/519 257/520
f 257/520 353/519 354/521
f 257/520 354/521 258/522
f 258/522 354/521 355/523
f 258/522 355/523 259/524
f 259/524 355/523 356/525
f 259/524 356/525 260/526
f 260/526 356/525 357/527
f 260/526 357/527 261/528
f 261/528 357/527 358/529
f 261/528 358/529 262/530
f 262/530 358/529 359/531
f 262/530 359/531 263/532
f 263/532 359/531 360/533
f 263/532 360/533 264/534
f 264/534 360/533 361/535
f 264/534 361/535 265/536
f 265/536 361/535 362/537
f 265/536 362/537 266/538
f 266/538 362/537 363/539
f 266/540 363/541 267/542
f 267/542 363/541 364/543
f 267/542 364/543 268/544
f 268/544 364/543 365/545
f 268/544 365/545 269/546
f 269/546 365/545 366/547
f 269/546 366/547 270/548
f 270/548 366/547 367/549
f 270/548 367/549 271/550
f 271/550 367/549 368/551
f 271/550 368/551 272/552
f 272/552 368/551 369/553
f 272/552 369/553 273/554
f 273/554 369/553 370/555
f 273/554 370/555 274/556
f 274/556 370/555 371/557
f 274/556 371/557 275/558
f 275/558 371/557 372/559
f 275/558 372/559 276/560
f 276/560 372/559 373/561
f 276/560 373/561 277/562
f 277/562 373/561 374/563
f 277/562 374/563 278/564
f 278/564 374/563 375/565
f 278/564 375/565 279/566
f 279/566 375/565 376/567
f 279/566 376/567 280/568
f 280/568 376/567 377/569
f 280/568 377/569 281/570
f 281/570 377/569 378/571
f 281/570 378/571 282/572
f 282/572 378/571 379/573
f 282/572 379/573 283/574
f 283/574 379/573 380/575
f 283/574 380/575 284/576
f 284/576 380/575 381/577
f 284/576 381/577 285/578
f 285/578 381/577 382/579
f 285/578 382/579 286/580
f 286/580 382/579 383/581
f 286/580 383/581 287/582
f 287/582 383/581 384/583
f 287/582 384/583 288/584
f 288/584 384/583 289/390
f 288/584 289/390 193/389
f 289/390 385/585 386/586
f 289/390 386/586 290/391
f 290/391 386/586 387/587
f 290/391 387/587 291/393
f 291/393 387/587 388/588
f 291/393 388/588 292/395
f 292/395 388/588 389/589
f 292/395 389/589 293/397
f 293/397 389/589 390/590
f 293/397 390/590 294/399
f 294/399 390/590 391/591
f 294/399 391/591 295/401
f 295/401 391/591 392/592
f 295/401 392/592 296/403
f 296/403 392/592 393/593
f 296/403 393/593 297/405
f 297/405 393/593 394/594
f 297/405 394/594 298/407
f 298/407 394/594 395/595
f 298/407 395/595 299/409
f 299/409 395/595 396/596
f 299/409 396/596 300/411
f 300/411 396/596 397/597
f 300/411 397/597 301/413
f 301/413 397/597 398/598
f 301/413 398/598 302/415
f 302/415 398/598 399/599
f 302/415 399/599 303/417
f 303/417 399/599 400/600
f 303/417 400/600 304/419
f 304/419 400/600 401/601
f 304/419 401/601 305/421
f 305/421 401/601 402/602
f 305/421 402/602 306/423
f 306/423 402/602 403/603
f 306/423 403/603 307/425
f 307/425 403/603 404/604
f 307/425 404/604 308/427
f 308/427 404/604 405/605
f 308/427 405/605 309/429
f 309/429 405/605 406/606
f 309/429 406/606 310/431
f 310/431 406/606 407/607
f 310/431 407/607 311/433
f 311/433 407/607 408/608
f 311/433 408/608 312/435
f 312/435 408/608 409/609
f 312/435 409/609 313/437
f 313/437 409/609 410/610
f 313/437 410/610 314/439
f 314/439 410/610 411/611
f 314/439 411/611 315/441
f 315/443 411/612 412/613
f 315/443 412/613 316/445
f 316/445 412/613 413/614
f 316/445 413/614 317/447
f 317/447 413/614 414/615
f 317/447 414/615 318/449
f 318/449 414/615 415/616
f 318/449 415/616 319/451
f 319/451 415/616 416/617
f 319/451 416/617 320/453
f 320/453 416/617 417/618
f 320/453 417/618 321/455
f 321/455 417/618 418/619
f 321/455 418/619 322/457
f 322/457 418/619 419/620
f 322/457 419/620 323/459
f 323/459 419/620 420/621
f 323/459 420/621 324/461
f 324/461 420/621 421/622
f 324/461 421/622 325/463
f 325/463 421/622 422/623
f 325/463 422/623 326/465
f 326/465 422/623 423/624
f 326/465 423/624 327/467
f 327/467 423/624 424/625
f 327/467 424/625 328/469
f 328/469 424/625 425/626
f 328/469 425/626 329/471
f 329/471 425/626 426/627
f 329/471 426/627 330/473
f 330/473 426/627 427/628
f 330/473 427/628 331/475
f 331/475 427/628 428/629
f 331/475 428/629 332/477
f 332/477 428/629 429/630
f 332/477 429/630 333/479
f 333/479 429/630 430/631
f 333/479 430/631 334/481
f 334/481 430/631 431/632
f 334/481 431/632 335/483
f 335/483 431/632 432/633
f 335/483 432/633 336/485
f 336/485 432/633 433/634
f 336/485 433/634 337/487
f 337/487 433/634 434/635
f 337/487 434/635 338/489
f 338/489 434/635 435/636
f 338/489 435/636 339/491
f 339/491 435/636 436/637
f 339/491 436/637 340/493
f 340/493 436/637 437/638
f 340/493 437/638 341/495
f 341/495 437/638 438/639
f 341/495 438/639 342/497
f 342/497 438/639 439/640
f 342/497 439/640 343/499
f 343/499 439/640 440/641
f 343/499 440/641 344/501
f 344/501 440/641 441/642
f 344/501 441/642 345/503
f 345/503 441/642 442/643
f 345/503 442/643 346/505
f 346/505 442/643 443/644
f 346/505 443/644 347/507
f 347/507 443/644 444/645
f 347/507 444/645 348/509
f 348/509 444/645 445/646
f 348/509 445/646 349/511
f 349/511 445/646 446/647
f 349/511 446/647 350/513
f 350/513 446/647 447/648
f 350/513 447/648 351/515
f 351/515 447/648 448/649
f 351/515 448/649 352/517
f 352/517 448/649 449/650
f 352/517 449/650 353/519
f 353/519 449/650 450/651
f 353/519 450/651 354/521
f 354/521 450/651 451/652
f 354/521 451/652 355/523
f 355/523 451/652 452/653
f 355/523 452/653 356/525
f 356/525 452/653 453/654
f 356/525 453/654 357/527
f 357/527 453/654 454/655
f 357/527 454/655 358/529
f 358/529 454/655 455/656
f 358/529 455/656 359/531
f 359/531 455/656 456/657
f 359/531 456/657 360/533
f 360/533 456/657 457/658
f 360/533 457/658 361/535
f 361/535 457/658 458/659
f 361/535 458/659 362/537
f 362/537 458/659 459/660
f 362/537 459/660 363/539
f 363/541 459/661 460/662
f 363/541 460/662 364/543
f 364/543 460/662 461/663
f 364/543 461/663 365/545
f 365/545 461/663 462/664
f 365/545 462/664 366/547
f 366/547 462/664 463/665
f 366/547 463/665 367/549
f 367/549 463/665 464/666
f 367/549 464/666 368/551
f 368/551 464/666 465/667
f 368/551 465/667 369/553
f 369/553 465/667 466/668
f 369/553 466/668 370/555
f 370/555 466/668 467/669
f 370/555 467/669 371/557
f 371/557 467/669 468/670
f 371/557 468/670 372/559
f 372/559 468/670 469/671
f 372/559 469/671 373/561
f 373/561 469/671 470/672
f 373/561 470/672 374/563
f 374/563 470/672 471/673
f 374/563 471/673 375/565
f 375/565 471/673 472/674
f 375/565 472/674 376/567
f 376/567 472/674 473/675
f 376/567 473/675 377/569
f 377/569 473/675 474/676
f 377/569 474/676 378/571
f 378/571 474/676 475/677
f 378/571 475/677 379/573
f 379/573 475/677 476/678
f 379/573 476/678 380/575
f 380/575 476/678 477/679
f 380/575 477/679 381/577
f 381/577 477/679 478/680
f 381/577 478/680 382/579
f 382/579 478/680 479/681
f 382/579 479/681 383/581
f 383/581 479/681 480/682
f 383/581 480/682 384/583
f 384/583 480/682 385/585
f 384/583 385/585 289/390
f 385/585 481/683 482/684
f 385/585 482/684 386/586
f 386/586 482/684 483/685
f 386/586 483/685 387/587
f 387/587 483/685 484/686
f 387/587 484/686 388/588
f 388/588 484/686 485/687
f 388/588 485/687 389/589
f 389/589 485/687 486/688
f 389/589 486/688 390/590
f 390/590 486/688 487/689
f 390/590 487/689 391/591
f 391/591 487/689 488/690
f 391/591 488/690 392/592
f 392/592 488/690 489/691
f 392/592 489/691 393/593
f 393/593 489/691 490/692
f 393/593 490/692 394/594
f 394/594 490/692 491/693
f 394/594 491/693 395/595
f 395/595 491/693 492/694
f 395/595 492/694 396/596
f 396/596 492/694 493/695
f 396/596 493/695 397/597
f 397/597 493/695 494/696
f 397/597 494/696 398/598
f 398/598 494/696 495/697
f 398/598 495/697 399/599
f 399/599 495/697 496/698
f 399/599 496/698 400/600
f 400/600 496/698 497/699
f 400/600 497/699 401/601
f 401/601 497/699 498/700
f 401/601 498/700 402/602
f 402/602 498/700 499/701
f 402/602 499/701 403/603
f 403/603 499/701 500/702
f 403/603 500/702 404/604
f 404/604 500/702 501/703
f 404/604 501/703 405/605
f 405/605 501/703 502/704
f 405/605 502/704 406/606
f 406/606 502/704 503/705
f 406/606 503/705 407/607
f 407/607 503/705 504/706
f 407/607 504/706 408/608
f 408/608 504/706 505/707
f 408/608 505/707 409/609
f 409/609 505/707 506/708
f 409/609 506/708 410/610
f 410/610 506/708 507/709
f 410/610 507/709 411/611
f 411/612 507/710 508/711
f 411/612 508/711 412/613
f 412/613 508/711 509/712
f 412/613 509/712 413/614
f 413/614 509/712 510/713
f 413/614 510/713 414/615
f 414/615 510/713 511/714
f 414/615 511/714 415/616
f 415/616 511/714 512/715
f 415/616 512/715 416/617
f 416/617 512/715 513/716
f 416/617 513/716 417/618
f 417/618 513/716 514/717
f 417/618 514/717 418/619
f 418/619 514/717 515/718
f 418/619 515/718 419/620
f 419/620 515/718 516/719
f 419/620 516/719 420/621
f 420/621 516/719 517/720
f 420/621 517/720 421/622
f 421/622 517/720 518/721
f 421/622 518/721 422/623
f 422/623 518/721 519/722
f 422/623 519/722 423/624
f 423/624 519/722 520/723
f 423/624 520/723 424/625
f 424/625 520/723 521/724
f 424/625 521/724 425/626
f 425/626 521/724 522/725
f 425/626 522/725 426/627
f 426/627 522/725 523/726
f 426/627 523/726 427/628
f 427/628 523/726 524/727
f 427/628 524/727 428/629
f 428/629 524/727 525/728
f 428/629 525/728 429/630
f 429/630 525/728 526/729
f 429/630 526/729 430/631
f 430/631 526/729 527/730
f 430/631 527/730 431/632
f 431/632 527/730 528/731
f 431/632 528/731 432/633
f 432/633 528/731 529/732
f 432/633 529/732 433/634
f 433/634 529/732 530/733
f 433/634 530/733 434/635
f 434/635 530/733 531/734
f 434/635 531/734 435/636
f 435/636 531/734 532/735
f 435/636 532/735 436/637
f 436/637 532/735 533/736
f 436/637 533/736 437/638
f 437/638 533/736 534/737
f 437/638 534/737 438/639
f 438/639 534/737 535/738
f 438/639 535/738 439/640
f 439/640 535/738 536/739
f 439/640 536/739 440/641
f 440/641 536/739 537/740
f 440/641 537/740 441/642
f 441/642 537/740 538/741
f 441/642 538/741 442/643
f 442/643 538/741 539/742
f 442/643 539/742 443/644
f 443/644 539/742 540/743
f 443/644 540/743 444/645
f 444/645 540/743 541/744
f 444/645 541/744 445/646
f 445/646 541/744 542/745
f 445/646 542/745 446/647
f 446/647 542/745 543/746
f 446/647 543/746 447/648
f 447/648 543/746 544/747
f 447/648 544/747 448/649
f 448/649 544/747 545/748
f 448/649 545/748 449/650
f 449/650 545/748 546/749
f 449/650 546/749 450/651
f 450/651 546/749 547/750
f 450/651 547/750 451/652
f 451/652 547/750 548/751
f 451/652 548/751 452/653
f 452/653 548/751 549/752
f 452/653 549/752 453/654
f 453/654 549/752 550/753
f 453/654 550/753 454/655
f 454/655 550/753 551/754
f 454/655 551/754 455/656
f 455/656 551/754 552/755
f 455/656 552/755 456/657
f 456/657 552/755 553/756
f 456/657 553/756 457/658
f 457/658 553/756 554/757
f 457/658 554/757 458/659
f 458/659 554/757 555/758
f 458/659 555/758 459/660
f 459/661 555/759 556/760
f 459/661 556/760 460/662
f 460/662 556/760 557/761
f 460/662 557/761 461/663
f 461/663 557/761 558/762
f 461/663 558/762 462/664
f 462/664 558/762 559/763
f 462/664 559/763 463/665
f 463/665 559/763 560/764
f 463/665 560/764 464/666
f 464/666 560/764 561/765
f 464/666 561/765 465/667
f 465/667 561/765 562/766
f 465/667 562/766 466/668
f 466/668 562/766 563/767
f 466/668 563/767 467/669
f 467/669 563/767 564/768
f 467/669 564/768 468/670
f 468/670 564/768 565/769
f 468/670 565/769 469/671
f 469/671 565/769 566/770
f 469/671 566/770 470/672
f 470/672 566/770 567/771
f 470/672 567/771 471/673
f 471/673 567/771 568/772
f 471/673 568/772 472/674
f 472/674 568/772 569/773
f 472/674 569/773 473/675
f 473/675 569/773 570/774
f 473/675 570/774 474/676
f 474/676 570/774 571/775
f 474/676 571/775 475/677
f 475/677 571/775 572/776
f 475/677 572/776 476/678
f 476/678 572/776 573/777
f 476/678 573/777 477/679
f 477/679 573/777 574/778
f 477/679 574/778 478/680
f 478/680 574/778 575/779
f 478/680 575/779 479/681
f 479/681 575/779 576/780
f 479/681 576/780 480/682
f 480/682 576/780 481/683
f 480/682 481/683 385/585
f 481/781 577/782 578/783
f 481/781 578/783 482/784
f 482/784 578/783 579/785
f 482/784 579/785 483/786
f 483/786 579/785 580/787
f 483/786 580/787 484/788
f 484/788 580/787 581/789
f 484/788 581/789 485/790
f 485/790 581/789 582/791
f 485/790 582/791 486/792
f 486/792 582/791 583/793
f 486/792 583/793 487/794
f 487/794 583/793 584/795
f 487/794 584/795 488/796
f 488/796 584/795 585/797
f 488/796 585/797 489/798
f 489/798 585/797 586/799
f 489/798 586/799 490/800
f 490/800 586/799 587/801
f 490/800 587/801 491/802
f 491/802 587/801 588/803
f 491/802 588/803 492/804
f 492/804 588/803 589/805
f 492/804 589/805 493/806
f 493/806 589/805 590/807
f 493/806 590/807 494/808
f 494/808 590/807 591/809
f 494/808 591/809 495/810
f 495/810 591/809 592/811
f 495/810 592/811 496/812
f 496/812 592/811 593/813
f 496/812 593/813 497/814
f 497/814 593/813 594/815
f 497/814 594/815 498/816
f 498/816 594/815 595/817
f 498/816 595/817 499/818
f 499/818 595/817 596/819
f 499/818 596/819 500/820
f 500/820 596/819 597/821
f 500/820 597/821 501/822
f 501/822 597/821 598/823
f 501/822 598/823 502/824
f 502/824 598/823 599/825
f 502/824 599/825 503/826
f 503/826 599/825 600/827
f 503/826 600/827 504/828
f 504/828 600/827 601/829
f 504/828 601/829 505/830
f 505/830 601/829 602/831
f 505/830 602/831 506/832
f 506/832 602/831 603/833
f 506/832 603/833 507/834
f 507/834 603/833 604/835
f 507/834 604/835 508/836
f 508/836 604/835 605/837
f 508/836 605/837 509/838
f 509/838 605/837 606/839
f 509/838 606/839 510/840
f 510/840 606/839 607/841
f 510/840 607/841 511/842
f 511/842 607/841 608/843
f 511/842 608/843 512/844
f 512/844 608/843 609/845
f 512/844 609/845 513/846
f 513/846 609/845 610/847
f 513/846 610/847 514/848
f 514/848 610/847 611/849
f 514/848 611/849 515/850
f 515/850 611/849 612/851
f 515/850 612/851 516/852
f 516/852 612/851 613/853
f 516/852 613/853 517/854
f 517/854 613/853 614/855
f 517/854 614/855 518/856
f 518/856 614/855 615/857
f 518/856 615/857 519/858
f 519/858 615/857 616/859
f 519/858 616/859 520/860
f 520/860 616/859 617/861
f 520/860 617/861 521/862
f 521/862 617/861 618/863
f 521/862 618/863 522/864
f 522/864 618/863 619/865
f 522/864 619/865 523/866
f 523/866 619/865 620/867
f 523/866 620/867 524/868
f 524/868 620/867 621/869
f 524/868 621/869 525/870
f 525/870 621/869 622/871
f 525/870 622/871 526/872
f 526/872 622/871 623/873
f 526/872 623/873 527/874
f 527/874 623/873 624/875
f 527/874 624/875 528/876
f 528/876 624/875 625/877
f 528/876 625/877 529/878
f 529/878 625/877 626/879
f 529/878 626/879 530/880
f 530/880 626/879 627/881
f 530/880 627/881 531/882
f 531/882 627/881 628/883
f 531/882 628/883 532/884
f 532/884 628/883 629/885
f 532/884 629/885 533/886
f 533/886 629/885 630/887
f 533/886 630/887 534/888
f 534/888 630/887 631/889
f 534/888 631/889 535/890
f 535/890 631/889 632/891
f 535/890 632/891 536/892
f 536/892 632/891 633/893
f 536/892 633/893 537/894
f 537/894 633/893 634/895
f 537/894 634/895 538/896
f 538/896 634/895 635/897
f 538/896 635/897 539/898
f 539/898 635/897 636/899
f 539/898 636/899 540/900
f 540/900 636/899 637/901
f 540/900 637/901 541/902
f 541/902 637/901 638/903
f 541/902 638/903 542/904
f 542/904 638/903 639/905
f 542/904 639/905 543/906
f 543/906 639/905 640/907
f 543/906 640/907 544/908
f 544/908 640/907 641/909
f 544/908 641/909 545/910
f 545/910 641/909 642/911
f 545/910 642/911 546/912
f 546/912 642/911 643/913
f 546/912 643/913 547/914
f 547/914 643/913 644/915
f 547/914 644/915 548/916
f 548/916 644/915 645/917
f 548/916 645/917 549/918
f 549/918 645/917 646/919
f 549/918 646/919 550/920
f 550/920 646/919 647/921
f 550/920 647/921 551/922
f 551/922 647/921 648/923
f 551/922 648/923 552/924
f 552/924 648/923 649/925
f 552/924 649/925 553/926
f 553/926 649/925 650/927
f 553/926 650/927 554/928
f 554/928 650/927 651/929
f 554/928 651/929 555/930
f 555/930 651/929 652/931
f 555/930 652/931 556/932
f 556/932 652/931 653/933
f 556/932 653/933 557/934
f 557/934 653/933 654/935
f 557/934 654/935 558/936
f 558/936 654/935 655/937
f 558/936 655/937 559/938
f 559/938 655/937 656/939
f 559/938 656/939 560/940
f 560/940 656/939 657/941
f 560/940 657/941 561/942
f 561/942 657/941 658/943
f 561/942 658/943 562/944
f 562/944 658/943 659/945
f 562/944 659/945 563/946
f 563/946 659/945 660/947
f 563/946 660/947 564/948
f 564/948 660/947 661/949
f 564/948 661/949 565/950
f 565/950 661/949 662/951
f 565/950 662/951 566/952
f 566/952 662/951 663/953
f 566/952 663/953 567/954
f 567/954 663/953 664/955
f 567/954 664/955 568/956
f 568/956 664/955 665/957
f 568/956 665/957 569/958
f 569/958 665/957 666/959
f 569/958 666/959 570/960
f 570/960 666/959 667/961
f 570/960 667/961 571/962
f 571/962 667/961 668/963
f 571/962 668/963 572/964
f 572/964 668/963 669/965
f 572/964 669/965 573/966
f 573/966 669/965 670/967
f 573/966 670/967 574/968
f 574/968 670/967 671/969
f 574/968 671/969 575/970
f 575/970 671/969 672/971
f 575/970 672/971 576/972
f 576/972 672/971 577/782
f 576/972 577/782 481/781
f 577/973 673/974 674/975
f 577/973 674/975 578/976
f 578/976 674/975 675/977
f 578/976 675/977 579/978
f 579/978 675/977 676/979
f 579/978 676/979 580/980
f 580/980 676/979 677/981
f 580/980 677/981 581/982
f 581/982 677/981 678/983
f 581/982 678/983 582/984
f 582/984 678/983 679/985
f 582/984 679/985 583/986
f 583/986 679/985 680/987
f 583/986 680/987 584/988
f 584/988 680/987 681/989
f 584/988 681/989 585/990
f 585/990 681/989 682/991
f 585/990 682/991 586/992
f 586/992 682/991 683/993
f 586/992 683/993 587/994
f 587/994 683/993 684/995
f 587/994 684/995 588/996
f 588/996 684/995 685/997
f 588/996 685/997 589/998
f 589/998 685/997 686/999
f 589/998 686/999 590/1000
f 590/1000 686/999 687/1001
f 590/1000 687/1001 591/1002
f 591/1002 687/1001 688/1003
f 591/1002 688/1003 592/1004
f 592/1004 688/1003 689/1005
f 592/1004 689/1005 593/1006
f 593/1006 689/1005 690/1007
f 593/1006 690/1007 594/1008
f 594/1008 690/1007 691/1009
f 594/1008 691/1009 595/1010
f 595/1010 691/1009 692/1011
f 595/1010 692/1011 596/1012
f 596/1012 692/1011 693/1013
f 596/1012 693/1013 597/1014
f 597/1014 693/1013 694/1015
f 597/1014 694/1015 598/1016
f 598/1016 694/1015 695/1017
f 598/1016 695/1017 599/1018
f 599/1018 695/1017 696/1019
f 599/1018 696/1019 600/1020
f 600/1020 696/1019 697/1021
f 600/1020 697/1021 601/1022
f 601/1022 697/1021 698/1023
f 601/1022 698/1023 602/1024
f 602/1024 698/1023 699/1025
f 602/1024 699/1025 603/1026
f 603/1026 699/1025 700/1027
f 603/1026 700/1027 604/1028
f 604/1028 700/1027 701/1029
f 604/1028 701/1029 605/1030
f 605/1030 701/1029 702/1031
f 605/1030 702/1031 606/1032
f 606/1032 702/1031 703/1033
f 606/1032 703/1033 607/1034
f 607/1034 703/1033 704/1035
f 607/1034 704/1035 608/1036
f 608/1036 704/1035 705/1037
f 608/1036 705/1037 609/1038
f 609/1038 705/1037 706/1039
f 609/1038 706/1039 610/1040
f 610/1040 706/1039 707/1041
f 610/1040 707/1041 611/1042
f 611/1042 707/1041 708/1043
f 611/1042 708/1043 612/1044
f 612/1044 708/1043 709/1045
f 612/1044 709/1045 613/1046
f 613/1046 709/1045 710/1047
f 613/1046 710/1047 614/1048
f 614/1048 710/1047 711/1049
f 614/1048 711/1049 615/1050
f 615/1050 711/1049 712/1051
f 615/1050 712/1051 616/1052
f 616/1052 712/1051 713/1053
f 616/1052 713/1053 617/1054
f 617/1054 713/1053 714/1055
f 617/1054 714/1055 618/1056
f 618/1056 714/1055 715/1057
f 618/1056 715/1057 619/1058
f 619/1058 715/1057 716/1059
f 619/1058 716/1059 620/1060
f 620/1060 716/1059 717/1061
f 620/1060 717/1061 621/1062
f 621/1062 717/1061 718/1063
f 621/1062 718/1063 622/1064
f 622/1064 718/1063 719/1065
f 622/1064 719/1065 623/1066
f 623/1066 719/1065 720/1067
f 623/1066 720/1067 624/1068
f 624/1069 720/1070 721/1071
f 624/1069 721/1071 625/1072
f 625/1072 721/1071 722/1073
f 625/1072 722/1073 626/1074
f 626/1074 722/1073 723/1075
f 626/1074 723/1075 627/1076
f 627/1076 723/1075 724/1077
f 627/1076 724/1077 628/1078
f 628/1078 724/1077 725/1079
f 628/1078 725/1079 629/1080
f 629/1080 725/1079 726/1081
f 629/1080 726/1081 630/1082
f 630/1082 726/1081 727/1083
f 630/1082 727/1083 631/1084
f 631/1084 727/1083 728/1085
f 631/1084 728/1085 632/1086
f 632/1086 728/1085 729/1087
f 632/1086 729/1087 633/1088
f 633/1088 729/1087 730/1089
f 633/1088 730/1089 634/1090
f 634/1090 730/1089 731/1091
f 634/1090 731/1091 635/1092
f 635/1092 731/1091 732/1093
f 635/1092 732/1093 636/1094
f 636/1094 732/1093 733/1095
f 636/1094 733/1095 637/1096
f 637/1096 733/1095 734/1097
f 637/1096 734/1097 638/1098
f 638/1098 734/1097 735/1099
f 638/1098 735/1099 639/1100
f 639/1100 735/1099 736/1101
f 639/1100 736/1101 640/1102
f 640/1102 736/1101 737/1103
f 640/1102 737/1103 641/1104
f 641/1104 737/1103 738/1105
f 641/1104 738/1105 642/1106
f 642/1106 738/1105 739/1107
f 642/1106 739/1107 643/1108
f 643/1108 739/1107 740/1109
f 643/1108 740/1109 644/1110
f 644/1110 740/1109 741/1111
f 644/1110 741/1111 645/1112
f 645/1112 741/1111 742/1113
f 645/1112 742/1113 646/1114
f 646/1114 742/1113 743/1115
f 646/1114 743/1115 647/1116
f 647/1116 743/1115 744/1117
f 647/1116 744/1117 648/1118
f 648/1118 744/1117 745/1119
f 648/1118 745/1119 649/1120
f 649/1120 745/1119 746/1121
f 649/1120 746/1121 650/1122
f 650/1122 746/1121 747/1123
f 650/1122 747/1123 651/1124
f 651/1124 747/1123 748/1125
f 651/1124 748/1125 652/1126
f 652/1126 748/1125 749/1127
f 652/1126 749/1127 653/1128
f 653/1128 749/1127 750/1129
f 653/1128 750/1129 654/1130
f 654/1130 750/1129 751/1131
f 654/1130 751/1131 655/1132
f 655/1132 751/1131 752/1133
f 655/1132 752/1133 656/1134
f 656/1134 752/1133 753/1135
f 656/1134 753/1135 657/1136
f 657/1136 753/1135 754/1137
f 657/1136 754/1137 658/1138
f 658/1138 754/1137 755/1139
f 658/1138 755/1139 659/1140
f 659/1140 755/1139 756/1141
f 659/1140 756/1141 660/1142
f 660/1142 756/1141 757/1143
f 660/1142 757/1143 661/1144
f 661/1144 757/1143 758/1145
f 661/1144 758/1145 662/1146
f 662/1146 758/1145 759/1147
f 662/1146 759/1147 663/1148
f 663/1148 759/1147 760/1149
f 663/1148 760/1149 664/1150
f 664/1150 760/1149 761/1151
f 664/1150 761/1151 665/1152
f 665/1152 761/1151 762/1153
f 665/1152 762/1153 666/1154
f 666/1154 762/1153 763/1155
f 666/1154 763/1155 667/1156
f 667/1156 763/1155 764/1157
f 667/1156 764/1157 668/1158
f 668/1158 764/1157 765/1159
f 668/1158 765/1159 669/1160
f 669/1160 765/1159 766/1161
f 669/1160 766/1161 670/1162
f 670/1162 766/1161 767/1163
f 670/1162 767/1163 671/1164
f 671/1164 767/1163 768/1165
f 671/1164 768/1165 672/1166
f 672/1166 768/1165 673/1167
f 672/1166 673/1167 577/1168
f 673/974 1/1 2/4
f 673/974 2/4 674/975
f 674/975 2/4 3/6
f 674/975 3/6 675/977
f 675/977 3/6 4/8
f 675/977 4/8 676/979
f 676/979 4/8 5/10
f 676/979 5/10 677/981
f 677/981 5/10 6/12
f 677/981 6/12 678/983
f 678/983 6/12 7/14
f 678/983 7/14 679/985
f 679/985 7/14 8/16
f 679/985 8/16 680/987
f 680/987 8/16 9/18
f 680/987 9/18 681/989
f 681/989 9/18 10/20
f 681/989 10/20 682/991
f 682/991 10/20 11/22
f 682/991 11/22 683/993
f 683/993 11/22 12/24
f 683/993 12/24 684/995
f 684/995 12/24 13/26
f 684/995 13/26 685/997
f 685/997 13/26 14/28
f 685/997 14/28 686/999
f 686/999 14/28 15/30
f 686/999 15/30 687/1001
f 687/1001 15/30 16/32
f 687/1001 16/32 688/1003
f 688/1003 16/32 17/34
f 688/1003 17/34 689/1005
f 689/1005 17/34 18/36
f 689/1005 18/36 690/1007
f 690/1007 18/36 19/38
f 690/1007 19/38 691/1009
f 691/1009 19/38 20/40
f 691/1009 20/40 692/1011
f 692/1011 20/40 21/42
f 692/1011 21/42 693/1013
f 693/1013 21/42 22/44
f 693/1013 22/44 694/1015
f 694/1015 22/44 23/46
f 694/1015 23/46 695/1017
f 695/1017 23/46 24/48
f 695/1017 24/48 696/1019
f 696/1019 24/48 25/50
f 696/1019 25/50 697/1021
f 697/1021 25/50 26/52
f 697/1021 26/52 698/1023
f 698/1023 26/52 27/54
f 698/1023 27/54 699/1025
f 699/1025 27/54 28/56
f 699/1025 28/56 700/1027
f 700/1027 28/56 29/58
f 700/1027 29/58 701/1029
f 701/1029 29/58 30/60
f 701/1029 30/60 702/1031
f 702/1031 30/60 31/62
f 702/1031 31/62 703/1033
f 703/1033 31/62 32/64
f 703/1033 32/64 704/1035
f 704/1035 32/64 33/66
f 704/1035 33/66 705/1037
f 705/1037 33/66 34/68
f 705/1037 34/68 706/1039
f 706/1039 34/68 35/70
f 706/1039 35/70 707/1041
f 707/1041 35/70 36/72
f 707/1041 36/72 708/1043
f 708/1043 36/72 37/74
f 708/1043 37/74 709/1045
f 709/1045 37/74 38/76
f 709/1045 38/76 710/1047
f 710/1047 38/76 39/78
f 710/1047 39/78 711/1049
f 711/1049 39/78 40/80
f 711/1049 40/80 712/1051
f 712/1051 40/80 41/82
f 712/1051 41/82 713/1053
f 713/1053 41/82 42/84
f 713/1053 42/84 714/1055
f 714/1055 42/84 43/86
f 714/1055 43/86 715/1057
f 715/1057 43/86 44/88
f 715/1057 44/88 716/1059
f 716/1059 44/88 45/90
f 716/1059 45/90 717/1061
f 717/1061 45/90 46/92
f 717/1061 46/92 718/1063
f 718/1063 46/92 47/94
f 718/1063 47/94 719/1065
f 719/1065 47/94 48/96
f 719/1065 48/96 720/1067
f 720/1067 48/96 49/98
f 720/1070 49/1169 721/1071
f 721/1170 49/98 50/100
f 721/1071 50/101 722/1073
f 722/1073 50/101 51/104
f 722/1073 51/104 723/1075
f 723/1075 51/104 52/106
f 723/1075 52/106 724/1077
f 724/1077 52/106 53/108
f 724/1077 53/108 725/1079
f 725/1079 53/108 54/110
f 725/1079 54/110 726/1081
f 726/1081 54/110 55/112
f 726/1081 55/112 727/1083
f 727/1083 55/112 56/114
f 727/1083 56/114 728/1085
f 728/1085 56/114 57/116
f 728/1085 57/116 729/1087
f 729/1087 57/116 58/118
f 729/1087 58/118 730/1089
f 730/1089 58/118 59/120
f 730/1089 59/120 731/1091
f 731/1091 59/120 60/122
f 731/1091 60/122 732/1093
f 732/1093 60/122 61/124
f 732/1093 61/124 733/1095
f 733/1095 61/124 62/126
f 733/1095 62/126 734/1097
f 734/1097 62/126 63/128
f 734/1097 63/128 735/1099
f 735/1099 63/128 64/130
f 735/1099 64/130 736/1101
f 736/1101 64/130 65/132
f 736/1101 65/132 737/1103
f 737/1103 65/132 66/134
f 737/1103 66/134 738/1105
f 738/1105 66/134 67/136
f 738/1105 67/136 739/1107
f 739/1107 67/136 68/138
f 739/1107 68/138 740/1109
f 740/1109 68/138 69/140
f 740/1109 69/140 741/1111
f 741/1111 69/140 70/142
f 741/1111 70/142 742/1113
f 742/1113 70/142 71/144
f 742/1113 71/144 743/1115
f 743/1115 71/144 72/146
f 743/1115 72/146 744/1117
f 744/1117 72/146 73/148
f 744/1117 73/148 745/1119
f 745/1119 73/148 74/150
f 745/1119 74/150 746/1121
f 746/1121 74/150 75/152
f 746/1121 75/152 747/1123
f 747/1123 75/152 76/154
f 747/1123 76/154 748/1125
f 748/1125 76/154 77/156
f 748/1125 77/156 749/1127
f 749/1127 77/156 78/158
f 749/1127 78/158 750/1129
f 750/1129 78/158 79/160
f 750/1129 79/160 751/1131
f 751/1131 79/160 80/162
f 751/1131 80/162 752/1133
f 752/1133 80/162 81/164
f 752/1133 81/164 753/1135
f 753/1135 81/164 82/166
f 753/1135 82/166 754/1137
f 754/1137 82/166 83/168
f 754/1137 83/168 755/1139
f 755/1139 83/168 84/170
f 755/1139 84/170 756/1141
f 756/1141 84/170 85/172
f 756/1141 85/172 757/1143
f 757/1143 85/172 86/174
f 757/1143 86/174 758/1145
f 758/1145 86/174 87/176
f 758/1145 87/176 759/1147
f 759/1147 87/176 88/178
f 759/1147 88/178 760/1149
f 760/1149 88/178 89/180
f 760/1149 89/180 761/1151
f 761/1151 89/180 90/182
f 761/1151 90/182 762/1153
f 762/1153 90/182 91/184
f 762/1153 91/184 763/1155
f 763/1155 91/184 92/186
f 763/1155 92/186 764/1157
f 764/1157 92/186 93/188
f 764/1157 93/188 765/1159
f 765/1159 93/188 94/190
f 765/1159 94/190 766/1161
f 766/1161 94/190 95/192
f 766/1161 95/192 767/1163
f 767/1163 95/192 96/194
f 767/1163 96/194 768/1165
f 768/1165 96/194 1/196
f 768/1165 1/196 673/1167
