# Pleated garment / 褶皱裙摆
v 0.505 1.35 0
v 0.5145735640550626 1.35 0.026981546609078078
v 0.475893533459429 1.35 0.05012205781249981
v 0.4357848014797656 1.35 0.06934638922433158
v 0.43949625096152606 1.35 0.09421013241731754
v 0.4548316865916665 1.35 0.12351564246364272
v 0.4434621756054176 1.35 0.1469504380281945
v 0.4302098265230803 1.35 0.1697248065468623
v 0.43734282891114157 1.35 0.20199999999999999
v 0.42877031195690946 1.35 0.2291961304188805
v 0.38080960333979286 1.35 0.23376438873934874
v 0.33405921539942823 1.35 0.23436965532090087
v 0.3217335854398791 1.35 0.2573868683519033
v 0.3166985184947286 1.35 0.2889003587749371
v 0.2922054859241859 1.35 0.3046476826718343
v 0.266494634634895 1.35 0.3190699247312143
v 0.25250000000000006 1.35 0.34987426312891323
v 0.2280784010314619 1.35 0.3699977961746057
v 0.18368804753524315 1.35 0.3547697404843342
v 0.14282273232863962 1.35 0.33659376154387416
v 0.11776266552164692 1.35 0.35159700076922085
v 0.09370623812299511 1.35 0.37687445725942553
v 0.06265257226562482 1.35 0.3807148267675432
v 0.031372420609062444 1.35 0.38292051425477835
v 3.092233167847067e-17 1.35 0.404
v -0.03372693326134764 1.35 0.41165885124405005
v -0.06265257226562468 1.35 0.38071482676754337
v -0.08668298653041444 1.35 0.3486278411838125
v -0.117762665521647 1.35 0.35159700076922096
v -0.15439455307955324 1.35 0.3638653492733332
v -0.1836880475352431 1.35 0.3547697404843342
v -0.2121560081835778 1.35 0.34416786121846427
v -0.25249999999999984 1.35 0.3498742631289132
v -0.28649516302360056 1.35 0.34301624956552773
v -0.2922054859241859 1.35 0.3046476826718343
v -0.29296206915112605 1.35 0.2672473723195426
v -0.32173358543987907 1.35 0.25738686835190333
v -0.36112544846867134 1.35 0.25335881479578287
v -0.38080960333979286 1.35 0.23376438873934885
v -0.39883740591401795 1.35 0.213195707707916
v -0.43734282891114146 1.35 0.20199999999999993
v -0.4624972452182571 1.35 0.18246272082516954
v -0.44346217560541756 1.35 0.1469504380281945
v -0.4207422019298427 1.35 0.11425818586291173
v -0.43949625096152584 1.35 0.09421013241731761
v -0.47109307157428176 1.35 0.07496499049839618
v -0.4758935334594289 1.35 0.0501220578124998
v -0.47865064281847286 1.35 0.02509793648724998
v -0.5049999999999999 1.35 4.947573068555306e-17
v -0.5145735640550627 1.35 -0.026981546609078005
v -0.475893533459429 1.35 -0.05012205781249988
v -0.4357848014797655 1.35 -0.06934638922433159
v -0.43949625096152595 1.35 -0.09421013241731738
v -0.4548316865916665 1.35 -0.12351564246364269
v -0.44346217560541773 1.35 -0.14695043802819446
v -0.43020982652308026 1.35 -0.1697248065468622
v -0.4373428289111417 1.35 -0.20200000000000015
v -0.4287703119569097 1.35 -0.22919613041888048
v -0.3808096033397933 1.35 -0.23376438873934882
v -0.33405921539942823 1.35 -0.23436965532090087
v -0.32173358543987907 1.35 -0.25738686835190316
v -0.31669851849472863 1.35 -0.2889003587749371
v -0.29220548592418605 1.35 -0.3046476826718343
v -0.266494634634895 1.35 -0.3190699247312143
v -0.25250000000000017 1.35 -0.34987426312891307
v -0.228078401031462 1.35 -0.36999779617460576
v -0.18368804753524354 1.35 -0.35476974048433435
v -0.14282273232863968 1.35 -0.3365937615438742
v -0.1177626655216469 1.35 -0.3515970007692209
v -0.09370623812299528 1.35 -0.37687445725942553
v -0.06265257226562479 1.35 -0.38071482676754326
v -0.0313724206090623 1.35 -0.3829205142547784
v -9.276699503541198e-17 1.35 -0.4039999999999999
v 0.03372693326134726 1.35 -0.4116588512440503
v 0.06265257226562461 1.35 -0.3807148267675433
v 0.0866829865304145 1.35 -0.34862784118381257
v 0.11776266552164669 1.35 -0.3515970007692208
v 0.15439455307955333 1.35 -0.36386534927333325
v 0.18368804753524318 1.35 -0.354769740484334
v 0.21215600818357777 1.35 -0.3441678612184643
v 0.2525 1.35 -0.3498742631289131
v 0.2864951630236005 1.35 -0.3430162495655278
v 0.2922054859241856 1.35 -0.30464768267183406
v 0.2929620691511261 1.35 -0.26724737231954243
v 0.32173358543987907 1.35 -0.2573868683519034
v 0.3611254484686711 1.35 -0.25335881479578304
v 0.3808096033397928 1.35 -0.23376438873934885
v 0.3988374059140178 1.35 -0.21319570770791596
v 0.43734282891114107 1.35 -0.20200000000000004
v 0.4624972452182571 1.35 -0.1824627208251696
v 0.4434621756054184 1.35 -0.14695043802819502
v 0.4207422019298427 1.35 -0.11425818586291178
v 0.43949625096152634 1.35 -0.09421013241731759
v 0.47109307157428165 1.35 -0.07496499049839622
v 0.475893533459429 1.35 -0.05012205781249985
v 0.47865064281847286 1.35 -0.02509793648724986
v 0.5126974950750569 1.3078125026822092 0
v 0.5229301735046734 1.3078125018966082 0.02741972350565571
v 0.48497547050659284 1.3078125 0.05107858556865231
v 0.4439976342757645 1.3078124981033918 0.07065329643580792
v 0.4468763386414203 1.307812497317791 0.09579212324443638
v 0.4629854392810111 1.3078124981033918 0.1257299033245361
v 0.45228650333684395 1.3078125 0.1498745630083399
v 0.4380042048995503 1.3078125018966082 0.1727998161829531
v 0.44400905519164646 1.3078125026822092 0.20507899803002275
v 0.43573348746941654 1.3078125018966082 0.2329182465225125
v 0.3880769616906125 1.3078125 0.2382255408944673
v 0.3403549202306246 1.3078124981033918 0.23878660328482804
v 0.32713618458587485 1.307812497317791 0.26170894766869984
v 0.3223759624218183 1.3078124981033918 0.2940794660068142
v 0.2980199997983297 1.3078125 0.31070978028105145
v 0.27132288329306936 1.3078125018966082 0.3248507125435388
v 0.2563487475375285 1.3078125026822092 0.3552072441533171
v 0.23178236535153277 1.3078125018966082 0.37600651348118896
v 0.18719354438850883 1.3078125 0.36154015492114233
v 0.1455143801697296 1.3078124981033918 0.34293723262030756
v 0.11974015405554547 1.307812497317791 0.35750107091313627
v 0.09538610677249333 1.3078124981033918 0.38363067326199074
v 0.06389927798552972 1.3078125 0.38829056284700364
v 0.031940814220126734 1.3078125018966082 0.38985812281740856
v 3.1393667313726714e-17 1.3078125026822092 0.41015799606004555
v -0.03427465438206968 1.3078125018966082 0.4183441388037387
v -0.06384823196081531 1.3078125 0.3879803764052745
v -0.08831662054475989 1.3078124981033918 0.3551981074206117
v -0.11974015405554554 1.307812497317791 0.3575010709131363
v -0.15716237915566997 1.3078124981033918 0.37038835142480886
v -0.18734320376042485 1.3078125 0.36182920266947516
v -0.21599977022869127 1.3078125018966082 0.3504033639196403
v -0.25634874753752834 1.3078125026822092 0.35520724415331717
v -0.2911478081531405 1.3078125018966082 0.3485867899755333
v -0.2977819261180841 1.3078125 0.31046156935249
v -0.29848325410603505 1.3078124981033918 0.27228393618449964
v -0.32713618458587473 1.307812497317791 0.26170894766869984
v -0.36759933250851773 1.3078124981033918 0.25790076993745464
v -0.38838722535131426 1.3078125 0.23841599983866388
v -0.4060633906794236 1.3078125018966082 0.21705830663445547
v -0.44400905519164646 1.3078125026822092 0.20507899803002275
v -0.4700081418514861 1.3078125018966082 0.18542589228122622
v -0.45192519365142786 1.3078125 0.14975483551080707
v -0.42867154077538444 1.3078124981033918 0.11641150413578369
v -0.44687633864142007 1.307812497317791 0.09579212324443644
v -0.47953834157748826 1.3078124981033918 0.07630888541799476
v -0.4853632035587545 1.3078125 0.051119422388423714
v -0.4873226535217607 1.3078125018966082 0.025552651376101417
v -0.5126974950750569 1.3078125026822092 5.022986770196275e-17
v -0.5229301735046735 1.3078125018966082 -0.027419723505655635
v -0.48497547050659284 1.3078125 -0.051078585568652385
v -0.44399763427576444 1.3078124981033918 -0.07065329643580795
v -0.4468763386414202 1.307812497317791 -0.0957921232444362
v -0.4629854392810111 1.3078124981033918 -0.12572990332453607
v -0.45228650333684406 1.3078125 -0.1498745630083399
v -0.4380042048995502 1.3078125018966082 -0.17279981618295298
v -0.4440090551916466 1.3078125026822092 -0.2050789980300229
v -0.43573348746941676 1.3078125018966082 -0.23291824652251247
v -0.388076961690613 1.3078125 -0.23822554089446737
v -0.3403549202306246 1.3078124981033918 -0.23878660328482804
v -0.32713618458587473 1.307812497317791 -0.26170894766869973
v -0.3223759624218184 1.3078124981033918 -0.2940794660068142
v -0.2980199997983298 1.3078125 -0.3107097802810514
v -0.27132288329306936 1.3078125018966082 -0.3248507125435388
v -0.2563487475375286 1.3078125026822092 -0.355207244153317
v -0.23178236535153288 1.3078125018966082 -0.376006513481189
v -0.18719354438850924 1.3078125 -0.36154015492114255
v -0.14551438016972962 1.3078124981033918 -0.34293723262030756
v -0.11974015405554543 1.307812497317791 -0.3575010709131363
v -0.09538610677249348 1.3078124981033918 -0.3836306732619907
v -0.06389927798552969 1.3078125 -0.3882905628470037
v -0.03194081422012658 1.3078125018966082 -0.3898581228174086
v -9.418100194118012e-17 1.3078125026822092 -0.41015799606004544
v 0.03427465438206929 1.3078125018966082 -0.418344138803739
v 0.06384823196081522 1.3078125 -0.3879803764052744
v 0.08831662054475993 1.3078124981033918 -0.3551981074206117
v 0.11974015405554521 1.307812497317791 -0.35750107091313615
v 0.15716237915567005 1.3078124981033918 -0.3703883514248089
v 0.18734320376042496 1.3078125 -0.36182920266947505
v 0.2159997702286912 1.3078125018966082 -0.3504033639196403
v 0.25634874753752845 1.3078125026822092 -0.355207244153317
v 0.2911478081531405 1.3078125018966082 -0.34858678997553344
v 0.2977819261180838 1.3078125 -0.3104615693524898
v 0.29848325410603505 1.3078124981033918 -0.27228393618449953
v 0.32713618458587473 1.307812497317791 -0.26170894766869995
v 0.36759933250851756 1.3078124981033918 -0.25790076993745487
v 0.3883872253513142 1.3078125 -0.2384159998386639
v 0.40606339067942343 1.3078125018966082 -0.2170583066344554
v 0.44400905519164596 1.3078125026822092 -0.20507899803002283
v 0.47000814185148615 1.3078125018966082 -0.18542589228122627
v 0.45192519365142864 1.3078125 -0.14975483551080757
v 0.4286715407753845 1.3078124981033918 -0.11641150413578374
v 0.44687633864142057 1.307812497317791 -0.09579212324443642
v 0.47953834157748815 1.3078124981033918 -0.07630888541799478
v 0.4853632035587545 1.3078125 -0.051119422388423756
v 0.48732265352176063 1.3078125018966082 -0.02555265137610129
v 0.5207755999432375 1.2656250429153442 0
v 0.531607677457735 1.2656250303457308 0.027874726431796965
v 0.4943731700859034 1.265625 0.05206837006560611
v 0.4525242150970333 1.2656249696542692 0.07201013033725796
v 0.45451384456459354 1.2656249570846558 0.09742929407987813
v 0.4713691252358022 1.2656249696542692 0.12800660564639763
v 0.46140759026086514 1.265625 0.1528970253343507
v 0.44615958210150586 1.2656250303457308 0.1760172457547166
v 0.4510048992219256 1.2656250429153442 0.208310239977295
v 0.4429640495053694 1.2656250303457308 0.2367832921965717
v 0.3955969929528336 1.265625 0.2428417992448255
v 0.3468911346408582 1.2656249696542692 0.24337228824070725
v 0.3327272269647459 1.2656249570846558 0.26618178157179667
v 0.32821350848485475 1.2656249696542692 0.2994046224363177
v 0.30403005383090137 1.265625 0.31697574420696667
v 0.2763747536450552 1.2656250303457308 0.33089923916835556
v 0.2603877999716188 1.2656250429153442 0.36080391937754047
v 0.23562856221202028 1.2656250303457308 0.38224596603609257
v 0.19082092102987164 1.265625 0.3685459644278731
v 0.14830885479614933 1.2656249696542692 0.34952303804994456
v 0.12178661759984766 1.2656249570846558 0.3636110756516749
v 0.09711334719040501 1.2656249696542692 0.39057741243428146
v 0.0651879100021569 1.265625 0.3961210683990718
v 0.03253553314106143 1.2656250303457308 0.39711704867076075
v 3.1888308577226416e-17 1.2656250429153442 0.41662047995459006
v -0.03484340803974625 1.2656250303457308 0.42528614196618797
v -0.06508546258200755 1.265625 0.3954985360687229
v -0.09001266292157244 1.2656249696542692 0.3620193720776267
v -0.12178661759984774 1.2656249570846558 0.36361107565167494
v -0.16000825705799687 1.2656249696542692 0.37709530018864174
v -0.19112128166793835 1.265625 0.36912607220869215
v -0.22002155719339564 1.2656250303457308 0.3569276656812047
v -0.26038779997161865 1.2656250429153442 0.3608039193775405
v -0.2959791152457146 1.2656250303457308 0.3543712396042957
v -0.30355224905603184 1.265625 0.3164775943622669
v -0.30421536030088403 1.2656249696542692 0.2775129077126866
v -0.3327272269647458 1.2656249570846558 0.26618178157179667
v -0.37425577804539717 1.2656249696542692 0.26257080678788386
v -0.3962196802587083 1.265625 0.24322404306472123
v -0.4136240489604445 1.2656250303457308 0.22109980291604414
v -0.4510048992219255 1.2656250429153442 0.20831023997729495
v -0.4778074575451156 1.2656250303457308 0.18850284976961626
v -0.4606824555348413 1.265625 0.15265673682389733
v -0.43690379756243064 1.2656249696542692 0.1186470838369195
v -0.4545138445645933 1.2656249570846558 0.0974292940798782
v -0.48822176554285157 1.2656249696542692 0.0776906777523241
v -0.49515133549883966 1.265625 0.052150328001725456
v -0.49639631083845087 1.2656250303457308 0.026028426512849177
v -0.5207755999432374 1.2656250429153442 5.102129372356226e-17
v -0.5316076774577351 1.2656250303457308 -0.027874726431796885
v -0.4943731700859034 1.265625 -0.05206837006560618
v -0.4525242150970332 1.2656249696542692 -0.072010130337258
v -0.4545138445645934 1.2656249570846558 -0.09742929407987795
v -0.47136912523580216 1.2656249696542692 -0.1280066056463976
v -0.46140759026086525 1.265625 -0.15289702533435065
v -0.4461595821015058 1.2656250303457308 -0.17601724575471647
v -0.4510048992219257 1.2656250429153442 -0.20831023997729517
v -0.4429640495053696 1.2656250303457308 -0.23678329219657163
v -0.3955969929528341 1.265625 -0.24284179924482557
v -0.3468911346408582 1.2656249696542692 -0.24337228824070725
v -0.3327272269647458 1.2656249570846558 -0.26618178157179656
v -0.3282135084848548 1.2656249696542692 -0.2994046224363177
v -0.30403005383090154 1.265625 -0.3169757442069666
v -0.27637475364505515 1.2656250303457308 -0.33089923916835556
v -0.2603877999716189 1.2656250429153442 -0.3608039193775403
v -0.2356285622120204 1.2656250303457308 -0.38224596603609257
v -0.19082092102987203 1.265625 -0.36854596442787324
v -0.1483088547961494 1.2656249696542692 -0.34952303804994456
v -0.12178661759984762 1.2656249570846558 -0.36361107565167494
v -0.09711334719040517 1.2656249696542692 -0.39057741243428135
v -0.06518791000215686 1.265625 -0.3961210683990718
v -0.03253553314106128 1.2656250303457308 -0.3971170486707608
v -9.566492573167922e-17 1.2656250429153442 -0.41662047995458995
v 0.03484340803974585 1.2656250303457308 -0.4252861419661882
v 0.06508546258200748 1.265625 -0.3954985360687228
v 0.09001266292157249 1.2656249696542692 -0.3620193720776267
v 0.1217866175998474 1.2656249570846558 -0.3636110756516748
v 0.16000825705799696 1.2656249696542692 -0.3770953001886418
v 0.19112128166793843 1.265625 -0.36912607220869204
v 0.22002155719339558 1.2656250303457308 -0.35692766568120476
v 0.26038779997161876 1.2656250429153442 -0.36080391937754036
v 0.29597911524571446 1.2656250303457308 -0.3543712396042957
v 0.30355224905603156 1.265625 -0.3164775943622667
v 0.30421536030088403 1.2656249696542692 -0.27751290771268644
v 0.3327272269647458 1.2656249570846558 -0.26618178157179684
v 0.37425577804539695 1.2656249696542692 -0.26257080678788397
v 0.39621968025870824 1.265625 -0.24322404306472123
v 0.41362404896044436 1.2656250303457308 -0.22109980291604409
v 0.4510048992219251 1.2656250429153442 -0.2083102399772951
v 0.4778074575451156 1.2656250303457308 -0.18850284976961632
v 0.46068245553484205 1.265625 -0.1526567368238978
v 0.4369037975624307 1.2656249696542692 -0.11864708383691955
v 0.4545138445645938 1.2656249570846558 -0.09742929407987817
v 0.48822176554285146 1.2656249696542692 -0.07769067775232413
v 0.4951513354988397 1.265625 -0.05215032800172551
v 0.4963963108384508 1.2656250303457308 -0.02602842651284905
v 0.5292160844105734 1.2234377172589304 0
v 0.5405852188287102 1.223437653625263 0.028345461751013597
v 0.5040635742836734 1.2234375000000002 0.05308898279782035
v 0.46134383275492363 1.2234373463747374 0.0734135951594295
v 0.46239122162082047 1.22343728274107 0.0991178835364313
v 0.4799648174163198 1.2234373463747374 0.13034088110124187
v 0.4708064646628072 1.2234375000000002 0.15601153833301126
v 0.4546587045512842 1.223437653625263 0.17937028844382716
v 0.4583145731908865 1.2234377172589304 0.21168643376422935
v 0.4504446188216495 1.223437653625263 0.24078197748986205
v 0.403351246203408 1.2234375000000002 0.24760183747745695
v 0.3536519820703999 1.2234373463747374 0.24811557149318175
v 0.33849386720028135 1.22343728274107 0.2707950937602251
v 0.33419867411701654 1.2234373463747374 0.30486444115185035
v 0.31022314720579963 1.2234375000000002 0.3234325413450004
v 0.28163955791574374 1.223437653625263 0.33720270829701027
v 0.2646080422052868 1.2234377172589304 0.36665165855270915
v 0.2396077469663827 1.223437653625263 0.3887011568083331
v 0.19456127743685242 1.2234375000000002 0.3757699797605468
v 0.15119936838844658 1.2234373463747374 0.35633518081574944
v 0.1238973544205391 1.22343728274107 0.36991297729665634
v 0.09888426597650682 1.2234373463747374 0.39769982039485513
v 0.06651578798155679 1.2234375000000002 0.40419005609765096
v 0.03315531918002135 1.223437653625263 0.40468193477642217
v 3.240513919153521e-17 1.2234377172589304 0.42337286752845876
v -0.035431827188767036 1.223437653625263 0.43246817506296825
v -0.06636122849727537 1.2234375000000002 0.40325085942693895
v -0.09176699394928685 1.2234373463747374 0.369075066203939
v -0.12389735442053919 1.22343728274107 0.36991297729665645
v -0.1629261013765522 1.2234373463747374 0.38397185393305583
v -0.19501442291626403 1.2234375000000002 0.3766451717302458
v -0.2242128605547838 1.223437653625263 0.36372696364102736
v -0.2646080422052866 1.2234377172589304 0.3666516585527092
v -0.3009774718623274 1.223437653625263 0.3603556950573197
v -0.30950229684682107 1.2234375000000002 0.32268099696272634
v -0.31014446436647714 1.2234373463747374 0.2829215856563199
v -0.33849386720028124 1.22343728274107 0.2707950937602251
v -0.38108055143981295 1.2234373463747374 0.2673589392936133
v -0.4042906766812504 1.2234375000000002 0.2481785177646398
v -0.421503385371263 1.223437653625263 0.22531164633259504
v -0.4583145731908865 1.2234377172589304 0.21168643376422935
v -0.48587644601041635 1.223437653625263 0.19168619757310618
v -0.4697124747006834 1.2234375000000002 0.15564902194948194
v -0.4454189760196867 1.2234373463747374 0.1209594947107573
v -0.46239122162082025 1.22343728274107 0.09911788353643136
v -0.49712477549356865 1.2234373463747374 0.07910741278120553
v -0.5052375701220635 1.2234375000000002 0.05321263038524537
v -0.5058524184705276 1.223437653625263 0.02652425534401711
v -0.5292160844105734 1.2234377172589304 5.1848222706456344e-17
v -0.5405852188287102 1.223437653625263 -0.02834546175101351
v -0.5040635742836734 1.2234375000000002 -0.05308898279782043
v -0.4613438327549235 1.2234373463747374 -0.07341359515942951
v -0.4623912216208203 1.22343728274107 -0.0991178835364311
v -0.4799648174163197 1.2234373463747374 -0.13034088110124184
v -0.47080646466280723 1.2234375000000002 -0.15601153833301123
v -0.4546587045512842 1.223437653625263 -0.17937028844382702
v -0.4583145731908866 1.2234377172589304 -0.21168643376422952
v -0.4504446188216496 1.223437653625263 -0.24078197748986194
v -0.4033512462034084 1.2234375000000002 -0.24760183747745698
v -0.35365198207039994 1.2234373463747374 -0.24811557149318175
v -0.33849386720028124 1.22343728274107 -0.2707950937602249
v -0.3341986741170166 1.2234373463747374 -0.30486444115185035
v -0.31022314720579974 1.2234375000000002 -0.3234325413450003
v -0.28163955791574374 1.223437653625263 -0.3372027082970104
v -0.26460804220528694 1.2234377172589304 -0.3666516585527091
v -0.2396077469663828 1.223437653625263 -0.38870115680833317
v -0.1945612774368528 1.2234375000000002 -0.375769979760547
v -0.15119936838844666 1.2234373463747374 -0.35633518081574944
v -0.12389735442053908 1.22343728274107 -0.3699129772966564
v -0.09888426597650696 1.2234373463747374 -0.397699820394855
v -0.06651578798155675 1.2234375000000002 -0.40419005609765096
v -0.03315531918002119 1.223437653625263 -0.40468193477642217
v -9.721541757460561e-17 1.2234377172589304 -0.4233728675284587
v 0.03543182718876662 1.223437653625263 -0.43246817506296836
v 0.0663612284972753 1.2234375000000002 -0.4032508594269389
v 0.0917669939492869 1.2234373463747374 -0.369075066203939
v 0.12389735442053884 1.22343728274107 -0.36991297729665623
v 0.16292610137655225 1.2234373463747374 -0.38397185393305583
v 0.19501442291626414 1.2234375000000002 -0.37664517173024564
v 0.2242128605547838 1.223437653625263 -0.3637269636410275
v 0.2646080422052867 1.2234377172589304 -0.3666516585527091
v 0.3009774718623273 1.223437653625263 -0.3603556950573197
v 0.30950229684682085 1.2234375000000002 -0.3226809969627261
v 0.3101444643664772 1.2234373463747374 -0.28292158565631975
v 0.33849386720028124 1.22343728274107 -0.27079509376022515
v 0.38108055143981273 1.2234373463747374 -0.26735893929361343
v 0.40429067668125035 1.2234375000000002 -0.2481785177646398
v 0.4215033853712628 1.223437653625263 -0.22531164633259498
v 0.458314573190886 1.2234377172589304 -0.21168643376422944
v 0.48587644601041635 1.223437653625263 -0.19168619757310623
v 0.46971247470068417 1.2234375000000002 -0.15564902194948246
v 0.4454189760196868 1.2234373463747374 -0.12095949471075734
v 0.46239122162082075 1.22343728274107 -0.09911788353643133
v 0.4971247754935686 1.2234373463747374 -0.07910741278120557
v 0.5052375701220635 1.2234375000000002 -0.053212630385245416
v 0.5058524184705276 1.223437653625263 -0.02652425534401698
v 0.5380007854999392 1.181250686645508 0
v 0.5498421086602409 1.181250485531695 0.02883084464257974
v 0.5140237296807209 1.1812500000000001 0.05413800626532426
v 0.47043580127912243 1.1812495144683053 0.07486039914606127
v 0.47049102888580147 1.1812493133544923 0.10085415298883081
v 0.48875477618488306 1.1812495144683053 0.13272791225261968
v 0.48046425117165625 1.1812500000000001 0.1592118472565866
v 0.46348431393597894 1.181250485531695 0.18285213556382804
v 0.4659223474989301 1.181250686645508 0.21520031419997568
v 0.45815795626856 1.181250485531695 0.24490508733713287
v 0.41132135413570176 1.1812500000000001 0.2524943806083003
v 0.3606216052911197 1.1812495144683053 0.25300532790958097
v 0.34442333764976296 1.1812493133544923 0.2755386701198103
v 0.34031910723919906 1.1812495144683053 0.3104476542759937
v 0.31658684258955494 1.1812500000000001 0.3300672047763143
v 0.2871066053967672 1.181250485531695 0.34374832010890266
v 0.2690003927499697 1.181250686645508 0.37273787799914404
v 0.24371074948882476 1.181250485531695 0.39535720965742777
v 0.1984057539203456 1.1812500000000001 0.3831950895738857
v 0.15417914139214636 1.1812495144683053 0.363357683378957
v 0.1260676912360385 1.1812493133544923 0.3763928231086412
v 0.10069520833989094 1.1812495144683053 0.40498319804397886
v 0.06788024520126347 1.1812500000000001 0.41248132132823057
v 0.03379891379985061 1.181250485531695 0.4125374198812419
v 3.294304699506312e-17 1.181250686645508 0.4304006283999514
v -0.03603855580322472 1.181250485531695 0.43987368692819273
v -0.06767250783165522 1.1812500000000001 0.4112189837445768
v -0.09357549893257656 1.1812495144683053 0.376348641023298
v -0.1260676912360386 1.1812493133544923 0.3763928231086413
v -0.16590989031577447 1.1812495144683053 0.3910038209479064
v -0.1990148090707332 1.1812500000000001 0.384371400937325
v -0.22856516945478497 1.181250485531695 0.3707874511487832
v -0.2690003927499695 1.181250686645508 0.3727378779991441
v -0.30613135917141604 1.181250485531695 0.36652636501484814
v -0.31561797576037526 1.1812500000000001 0.32905708330856137
v -0.3162566598869762 1.1812495144683053 0.2884972842328958
v -0.3444233376497629 1.1812493133544923 0.27553867011981037
v -0.3880595678449921 1.1812495144683053 0.2722552857913592
v -0.4125840059703928 1.1812500000000001 0.2532694740716441
v -0.4296854001361285 1.181250485531695 0.22968528431741378
v -0.4659223474989301 1.181250686645508 0.21520031419997568
v -0.4941965120717846 1.181250485531695 0.19496859959105983
v -0.4789938619673571 1.1812500000000001 0.1587246031362765
v -0.4541971042236963 1.1812495144683053 0.12334331311371712
v -0.47049102888580124 1.1812493133544923 0.1008541529888309
v -0.5062289975549734 1.1812495144683053 0.08055616667191283
v -0.5156016516602882 1.1812500000000001 0.05430419616101072
v -0.5156717748515524 1.181250485531695 0.027039131039880517
v -0.5380007854999392 1.181250686645508 5.270887519210099e-17
v -0.549842108660241 1.181250485531695 -0.02883084464257966
v -0.5140237296807209 1.1812500000000001 -0.054138006265324334
v -0.4704358012791223 1.1812495144683053 -0.0748603991460613
v -0.47049102888580135 1.1812493133544923 -0.10085415298883063
v -0.48875477618488306 1.1812495144683053 -0.13272791225261968
v -0.4804642511716563 1.1812500000000001 -0.15921184725658655
v -0.463484313935979 1.181250485531695 -0.18285213556382796
v -0.4659223474989302 1.181250686645508 -0.21520031419997585
v -0.4581579562685602 1.181250485531695 -0.24490508733713284
v -0.41132135413570226 1.1812500000000001 -0.2524943806083004
v -0.36062160529111975 1.1812495144683053 -0.253005327909581
v -0.3444233376497629 1.1812493133544923 -0.27553867011981026
v -0.3403191072391991 1.1812495144683053 -0.3104476542759937
v -0.31658684258955505 1.1812500000000001 -0.3300672047763142
v -0.28710660539676713 1.181250485531695 -0.34374832010890266
v -0.2690003927499698 1.181250686645508 -0.3727378779991439
v -0.24371074948882485 1.181250485531695 -0.3953572096574278
v -0.198405753920346 1.1812500000000001 -0.3831950895738859
v -0.15417914139214642 1.1812495144683053 -0.3633576833789571
v -0.12606769123603848 1.1812493133544923 -0.37639282310864125
v -0.10069520833989111 1.1812495144683053 -0.4049831980439788
v -0.06788024520126343 1.1812500000000001 -0.41248132132823057
v -0.03379891379985044 1.181250485531695 -0.4125374198812419
v -9.882914098518932e-17 1.181250686645508 -0.4304006283999513
v 0.0360385558032243 1.181250485531695 -0.43987368692819284
v 0.06767250783165515 1.1812500000000001 -0.41121898374457677
v 0.09357549893257663 1.1812495144683053 -0.37634864102329807
v 0.12606769123603825 1.1812493133544923 -0.37639282310864114
v 0.16590989031577455 1.1812495144683053 -0.3910038209479065
v 0.19901480907073335 1.1812500000000001 -0.38437140093732497
v 0.22856516945478492 1.181250485531695 -0.37078745114878325
v 0.2690003927499696 1.181250686645508 -0.37273787799914393
v 0.306131359171416 1.181250485531695 -0.3665263650148482
v 0.315617975760375 1.1812500000000001 -0.32905708330856115
v 0.31625665988697627 1.1812495144683053 -0.2884972842328956
v 0.3444233376497629 1.1812493133544923 -0.2755386701198105
v 0.3880595678449919 1.1812495144683053 -0.27225528579135944
v 0.41258400597039274 1.1812500000000001 -0.2532694740716441
v 0.4296854001361283 1.181250485531695 -0.22968528431741372
v 0.46592234749892963 1.181250686645508 -0.21520031419997576
v 0.4941965120717846 1.181250485531695 -0.1949685995910599
v 0.47899386196735777 1.1812500000000001 -0.15872460313627698
v 0.45419710422369636 1.1812495144683053 -0.12334331311371717
v 0.4704910288858018 1.1812493133544923 -0.10085415298883087
v 0.5062289975549733 1.1812495144683053 -0.08055616667191287
v 0.5156016516602882 1.1812500000000001 -0.054304196161010766
v 0.5156717748515522 1.181250485531695 -0.027039131039880378
v 0.5471116514774212 1.1390641763806344 0
v 0.5593578738095171 1.1390636853801144 0.02932980160195584
v 0.5242308392885902 1.1390625 0.05521303944374369
v 0.4797795077105988 1.1390613146198858 0.07634726215916966
v 0.4787959741315867 1.1390608236193658 0.1026343956862651
v 0.49772149417443595 1.1390613146198858 0.13516294474028415
v 0.4903622186422198 1.1390625 0.16249174514957473
v 0.47261919056844953 1.1390636853801144 0.18645599366675855
v 0.47381258888590483 1.1390641763806344 0.2188446605909685
v 0.4660870025246697 1.1390636853801144 0.24914350279905811
v 0.4194890746188167 1.1390625 0.2575082304938704
v 0.3677842030430895 1.1390613146198858 0.25803047162347087
v 0.35050297952375536 1.1390608236193658 0.28040238361900427
v 0.34656261750193246 1.1390613146198858 0.3161431414651727
v 0.3231087976817774 1.1390625 0.33686686666168647
v 0.292765229306592 1.1390636853801144 0.35052330343066307
v 0.2735558257387107 1.1390641763806344 0.37905007110872385
v 0.2479284953106944 1.1390636853801144 0.40219940362169165
v 0.20234555117125233 1.1390625 0.3908042991387971
v 0.15724141818126033 1.1390613146198858 0.37057462459364127
v 0.12829299460783136 1.1390608236193658 0.3830367793052694
v 0.10254256734297008 1.1390613146198858 0.4124130387418301
v 0.0692786353151118 1.1390625 0.42097878329499666
v 0.03446506128012065 1.1390636853801144 0.42066817711203214
v 3.350092663790231e-17 1.1390641763806344 0.43768932118193704
v -0.03666225200244484 1.1390636853801144 0.44748629904761367
v -0.06901629930467953 1.1390625 0.4193846714308724
v -0.09543407769896206 1.1390613146198858 0.3838236061684791
v -0.12829299460783145 1.1390608236193658 0.3830367793052695
v -0.16895368092535504 1.1390613146198858 0.3981771953395487
v -0.20311468143696837 1.1390625 0.39228977491377587
v -0.23306999208344803 1.1390636853801144 0.3780953524547596
v -0.2735558257387105 1.1390641763806344 0.3790500711087239
v -0.3114293784988225 1.1390636853801144 0.37286960201973585
v -0.32188528811733796 1.1390625 0.3355912596950534
v -0.32253808952933855 1.1390613146198858 0.2942273624344716
v -0.3505029795237553 1.1390608236193658 0.2804023836190043
v -0.3951789268314658 1.1390613146198858 0.277250094001546
v -0.421083583327108 1.1390625 0.25848703814542207
v -0.438154129288329 1.1390636853801144 0.2342121834452736
v -0.47381258888590483 1.1390641763806344 0.2188446605909685
v -0.5027492545271144 1.1390636853801144 0.19834279624855555
v -0.4885053739234963 1.1390625 0.16187644093700188
v -0.46321828074205157 1.1390613146198858 0.1257931345450083
v -0.4787959741315865 1.1390608236193658 0.10263439568626517
v -0.5155162984272874 1.1390613146198858 0.08203405387437615
v -0.5262234791187458 1.1390625 0.055422908252089384
v -0.5258352213900401 1.1390636853801144 0.02757204902409655
v -0.5471116514774212 1.1390641763806344 5.36014826206437e-17
v -0.5593578738095171 1.1390636853801144 -0.02932980160195575
v -0.5242308392885902 1.1390625 -0.055213039443743776
v -0.4797795077105987 1.1390613146198858 -0.07634726215916969
v -0.4787959741315866 1.1390608236193658 -0.10263439568626491
v -0.49772149417443595 1.1390613146198858 -0.13516294474028415
v -0.49036221864221985 1.1390625 -0.16249174514957468
v -0.4726191905684495 1.1390636853801144 -0.1864559936667584
v -0.473812588885905 1.1390641763806344 -0.21884466059096866
v -0.46608700252466984 1.1390636853801144 -0.249143502799058
v -0.4194890746188171 1.1390625 -0.25750823049387045
v -0.3677842030430895 1.1390613146198858 -0.25803047162347087
v -0.3505029795237553 1.1390608236193658 -0.28040238361900416
v -0.3465626175019325 1.1390613146198858 -0.3161431414651727
v -0.3231087976817776 1.1390625 -0.3368668666616864
v -0.292765229306592 1.1390636853801144 -0.3505233034306631
v -0.27355582573871084 1.1390641763806344 -0.3790500711087238
v -0.24792849531069447 1.1390636853801144 -0.4021994036216916
v -0.20234555117125272 1.1390625 -0.3908042991387973
v -0.15724141818126042 1.1390613146198858 -0.3705746245936413
v -0.12829299460783133 1.1390608236193658 -0.38303677930526947
v -0.10254256734297025 1.1390613146198858 -0.41241303874183005
v -0.06927863531511176 1.1390625 -0.4209787832949967
v -0.03446506128012048 1.1390636853801144 -0.42066817711203214
v -1.0050277991370692e-16 1.1390641763806344 -0.43768932118193704
v 0.03666225200244442 1.1390636853801144 -0.44748629904761383
v 0.06901629930467947 1.1390625 -0.41938467143087227
v 0.09543407769896213 1.1390613146198858 -0.38382360616847916
v 0.1282929946078311 1.1390608236193658 -0.38303677930526936
v 0.16895368092535512 1.1390613146198858 -0.3981771953395488
v 0.2031146814369685 1.1390625 -0.3922897749137758
v 0.23306999208344803 1.1390636853801144 -0.3780953524547597
v 0.2735558257387107 1.1390641763806344 -0.37905007110872385
v 0.3114293784988224 1.1390636853801144 -0.3728696020197359
v 0.3218852881173377 1.1390625 -0.33559125969505316
v 0.3225380895293386 1.1390613146198858 -0.29422736243447145
v 0.3505029795237553 1.1390608236193658 -0.2804023836190044
v 0.39517892683146566 1.1390613146198858 -0.2772500940015462
v 0.42108358332710805 1.1390625 -0.25848703814542207
v 0.4381541292883288 1.1390636853801144 -0.23421218344527356
v 0.4738125888859044 1.1390641763806344 -0.21884466059096858
v 0.5027492545271144 1.1390636853801144 -0.19834279624855558
v 0.4885053739234971 1.1390625 -0.16187644093700237
v 0.4632182807420516 1.1390613146198858 -0.12579313454500834
v 0.47879597413158703 1.1390608236193658 -0.10263439568626515
v 0.5155162984272873 1.1390613146198858 -0.0820340538743762
v 0.5262234791187458 1.1390625 -0.05542290825208943
v 0.52583522139004 1.1390636853801144 -0.02757204902409641
v 0.5565307855599425 1.0968784761428834 0
v 0.5691123041003059 1.096877458004205 0.029841272913194355
v 0.5346623141133712 1.096875 0.05631170321510566
v 0.4893544597354825 1.096872541995795 0.07787092325902269
v 0.487288956022805 1.0968715238571167 0.10445494579753235
v 0.5068477406458314 1.096872541995795 0.13764129932600577
v 0.5004818276904608 1.096875 0.16584508860053063
v 0.4820461966071502 1.096877458004205 0.19017510159408232
v 0.48196979828302006 1.0968784761428834 0.22261231422397698
v 0.47421491738641314 1.096877458004205 0.2534882220642131
v 0.4278363319589136 1.096875 0.2626322911599998
v 0.37512406654924796 1.096872541995795 0.2631799816526552
v 0.3567202737758895 1.0968715238571167 0.2853762190207116
v 0.3529172071712829 1.096872541995795 0.32193995808455134
v 0.3297767965370735 1.096875 0.34381879089712486
v 0.29860481356315877 1.096877458004205 0.3575149477906219
v 0.2782653927799713 1.0968784761428834 0.38557583862641603
v 0.2522520265200394 1.096877458004205 0.4092132068223249
v 0.20637195016337143 1.096875 0.3985807687822365
v 0.16037948266966365 1.096872541995795 0.3779701764984211
v 0.13056868224691545 1.0968715238571167 0.389831164818244
v 0.10442279304014206 1.096872541995795 0.4199750650630321
v 0.07070833906905477 1.096875 0.42966652583018944
v 0.03515251186887289 1.096877458004205 0.42905895244460934
v 3.407768225814728e-17 1.0968784761428834 0.445224628447954
v -0.03730159114149299 1.096877458004205 0.4552898432802447
v -0.07038962901888197 1.096875 0.42772985129069707
v -0.09733865407377834 1.096872541995795 0.3914835677883861
v -0.13056868224691554 1.0968715238571167 0.3898311648182441
v -0.17205162415750705 1.096872541995795 0.405478192516665
v -0.20730636075066325 1.096875 0.4003854621523686
v -0.23771887699260283 1.096877458004205 0.3856369572857202
v -0.27826539277997114 1.0968784761428834 0.3855758386264161
v -0.3168602775802663 1.096877458004205 0.37937193390913065
v -0.3282903639499997 1.096875 0.3422690655671308
v -0.328974977065819 1.096872541995795 0.3000992532393984
v -0.35672027377588944 1.0968715238571167 0.28537621902071164
v -0.40242494760568925 1.096872541995795 0.2823337657370264
v -0.42977348862140596 1.096875 0.2638214372296589
v -0.4468936847382774 1.096877458004205 0.238883850850527
v -0.48196979828302006 1.0968784761428834 0.22261231422397698
v -0.5115165085279061 1.096877458004205 0.20180162121603157
v -0.49822596097779565 1.096875 0.16509756013069715
v -0.4724627206230263 1.096872541995795 0.12830358613573095
v -0.4872889560228048 1.0968715238571167 0.10445494579753245
v -0.5249688313287899 1.096872541995795 0.08353823443211374
v -0.5370831572877366 1.096875 0.05656667125524375
v -0.5363236905557617 1.096877458004205 0.02812200949509834
v -0.5565307855599425 1.0968784761428834 5.452429161303565e-17
v -0.569112304100306 1.096877458004205 -0.029841272913194276
v -0.5346623141133712 1.096875 -0.05631170321510574
v -0.4893544597354824 1.096872541995795 -0.07787092325902271
v -0.4872889560228049 1.0968715238571167 -0.10445494579753217
v -0.5068477406458313 1.096872541995795 -0.13764129932600572
v -0.5004818276904608 1.096875 -0.16584508860053057
v -0.4820461966071503 1.096877458004205 -0.19017510159408224
v -0.4819697982830202 1.0968784761428834 -0.22261231422397715
v -0.47421491738641336 1.096877458004205 -0.25348822206421306
v -0.4278363319589141 1.096875 -0.2626322911599999
v -0.375124066549248 1.096872541995795 -0.2631799816526552
v -0.3567202737758895 1.0968715238571167 -0.28537621902071153
v -0.35291720717128294 1.096872541995795 -0.32193995808455134
v -0.3297767965370736 1.096875 -0.34381879089712475
v -0.2986048135631587 1.096877458004205 -0.3575149477906219
v -0.2782653927799715 1.0968784761428834 -0.385575838626416
v -0.25225202652003953 1.096877458004205 -0.4092132068223249
v -0.20637195016337187 1.096875 -0.3985807687822368
v -0.16037948266966373 1.096872541995795 -0.3779701764984211
v -0.13056868224691542 1.0968715238571167 -0.3898311648182441
v -0.10442279304014221 1.096872541995795 -0.41997506506303195
v -0.07070833906905473 1.096875 -0.42966652583018944
v -0.03515251186887272 1.096877458004205 -0.42905895244460945
v -1.0223304677444181e-16 1.0968784761428834 -0.44522462844795396
v 0.037301591141492556 1.096877458004205 -0.45528984328024485
v 0.0703896290188819 1.096875 -0.42772985129069696
v 0.09733865407377841 1.096872541995795 -0.3914835677883861
v 0.13056868224691517 1.0968715238571167 -0.38983116481824387
v 0.1720516241575071 1.096872541995795 -0.405478192516665
v 0.2073063607506634 1.096875 -0.4003854621523686
v 0.23771887699260277 1.096877458004205 -0.3856369572857203
v 0.27826539277997125 1.0968784761428834 -0.385575838626416
v 0.31686027758026625 1.096877458004205 -0.3793719339091307
v 0.32829036394999944 1.096875 -0.3422690655671306
v 0.328974977065819 1.096872541995795 -0.3000992532393982
v 0.3567202737758895 1.0968715238571167 -0.28537621902071175
v 0.40242494760568903 1.096872541995795 -0.2823337657370265
v 0.4297734886214059 1.096875 -0.2638214372296589
v 0.44689368473827734 1.096877458004205 -0.238883850850527
v 0.4819697982830196 1.0968784761428834 -0.22261231422397706
v 0.5115165085279061 1.096877458004205 -0.20180162121603162
v 0.49822596097779637 1.096875 -0.16509756013069765
v 0.47246272062302636 1.096872541995795 -0.128303586135731
v 0.4872889560228053 1.0968715238571167 -0.10445494579753241
v 0.5249688313287898 1.096872541995795 -0.08353823443211376
v 0.5370831572877367 1.096875 -0.05656667125524381
v 0.5363236905557617 1.096877458004205 -0.028122009495098202
v 0.5662404891980216 1.0546939399838449 0
v 0.5790854988273719 1.0546920537562474 0.030364215087388426
v 0.5452958242243663 1.0546875 0.05743164574649232
v 0.499140333045682 1.0546829462437526 0.07942814824063003
v 0.49595310589619607 1.0546810600161551 0.10631218736687426
v 0.5161166052263788 1.0546829462437526 0.14015838377136156
v 0.5108047777676893 1.0546875 0.1692658133410814
v 0.49174831903040145 1.0546920537562474 0.19400274743074
v 0.49037864829681477 1.0546939399838449 0.22649619567920862
v 0.4825251185180701 1.0546920537562474 0.25793038116260186
v 0.4363452577643174 1.0546875 0.2678555938873574
v 0.3826256158205922 1.0546829462437526 0.2684429273702147
v 0.36306287168760326 1.0546810600161551 0.2904502973500826
v 0.35937110158392743 1.0546829462437526 0.3278273629899191
v 0.3365787805831077 1.0546875 0.35091040545268715
v 0.30461481940440993 1.0546920537562474 0.36471063529115766
v 0.28312024459901086 1.0546939399838449 0.39230291863745176
v 0.2566725223741196 1.0546920537562474 0.41638430990184455
v 0.21047633186516962 1.0546875 0.40650785195794625
v 0.1635866738329137 1.0546829462437526 0.38552864089710376
v 0.1328902342085928 1.0546810600161551 0.3967624847169569
v 0.10633240148897981 1.0546829462437526 0.42765526503850354
v 0.07216677095183044 1.0546875 0.4385288378075676
v 0.03586002491645439 1.0546920537562474 0.43769460295426793
v 3.467223013219943e-17 1.0546939399838449 0.4529923913584173
v -0.03795526885923558 1.0546920537562474 0.4632683990618976
v -0.07178955718311532 1.0546875 0.4362366593794932
v -0.09928518530078752 1.0546829462437526 0.3993122664365456
v -0.1328902342085929 1.0546810600161551 0.39676248471695696
v -0.17519797971420178 1.0546829462437526 0.41289328418110294
v -0.2115822666763517 1.0546875 0.40864382221415146
v -0.2425034342884249 1.0546920537562474 0.3933986552243212
v -0.2831202445990107 1.0546939399838449 0.3923029186374518
v -0.3224129764532522 1.0546920537562474 0.38602009481445615
v -0.3348194923591967 1.0546875 0.3490762062114539
v -0.33555365921276836 1.0546829462437526 0.30610049265647377
v -0.3630628716876032 1.0546810600161551 0.29045029735008265
v -0.40978420373739893 1.0546829462437526 0.287496881267142
v -0.43863800681585885 1.0546875 0.26926302446648626
v -0.45588829411394716 1.0546920537562474 0.2436918555235279
v -0.49037864829681477 1.0546939399838449 0.22649619567920862
v -0.5204803873773056 1.0546920537562474 0.2053380178992957
v -0.5081348149474328 1.0546875 0.16838106549213572
v -0.4819108011213797 1.0546829462437526 0.130869339066331
v -0.49595310589619584 1.0546810600161551 0.10631218736687433
v -0.5345690812981292 1.0546829462437526 0.08506592119118395
v -0.5481610472594594 1.0546875 0.05773341676146429
v -0.5471182536928348 1.0546920537562474 0.02868801993316354
v -0.5662404891980216 1.0546939399838449 5.547556821151909e-17
v -0.5790854988273719 1.0546920537562474 -0.030364215087388336
v -0.5452958242243663 1.0546875 -0.05743164574649241
v -0.4991403330456818 1.0546829462437526 -0.07942814824063005
v -0.49595310589619596 1.0546810600161551 -0.10631218736687405
v -0.5161166052263788 1.0546829462437526 -0.14015838377136153
v -0.5108047777676893 1.0546875 -0.16926581334108134
v -0.4917483190304014 1.0546920537562474 -0.1940027474307399
v -0.4903786482968149 1.0546939399838449 -0.2264961956792088
v -0.48252511851807023 1.0546920537562474 -0.25793038116260175
v -0.4363452577643179 1.0546875 -0.26785559388735747
v -0.3826256158205922 1.0546829462437526 -0.2684429273702147
v -0.3630628716876032 1.0546810600161551 -0.2904502973500825
v -0.35937110158392754 1.0546829462437526 -0.32782736298991916
v -0.3365787805831078 1.0546875 -0.35091040545268704
v -0.3046148194044099 1.0546920537562474 -0.36471063529115766
v -0.28312024459901103 1.0546939399838449 -0.39230291863745165
v -0.25667252237411964 1.0546920537562474 -0.4163843099018445
v -0.21047633186517006 1.0546875 -0.4065078519579465
v -0.16358667383291378 1.0546829462437526 -0.38552864089710376
v -0.13289023420859278 1.0546810600161551 -0.39676248471695696
v -0.10633240148897997 1.0546829462437526 -0.4276552650385034
v -0.07216677095183038 1.0546875 -0.4385288378075676
v -0.035860024916454215 1.0546920537562474 -0.43769460295426793
v -1.0401669039659826e-16 1.0546939399838449 -0.45299239135841723
v 0.037955268859235135 1.0546920537562474 -0.4632683990618977
v 0.07178955718311524 1.0546875 -0.4362366593794931
v 0.09928518530078757 1.0546829462437526 -0.3993122664365456
v 0.13289023420859253 1.0546810600161551 -0.3967624847169568
v 0.17519797971420184 1.0546829462437526 -0.41289328418110294
v 0.21158226667635185 1.0546875 -0.4086438222141514
v 0.24250343428842486 1.0546920537562474 -0.39339865522432127
v 0.2831202445990108 1.0546939399838449 -0.3923029186374517
v 0.3224129764532521 1.0546920537562474 -0.3860200948144562
v 0.3348194923591964 1.0546875 -0.34907620621145363
v 0.33555365921276836 1.0546829462437526 -0.3061004926564736
v 0.36306287168760315 1.0546810600161551 -0.2904502973500827
v 0.4097842037373987 1.0546829462437526 -0.2874968812671421
v 0.4386380068158588 1.0546875 -0.26926302446648626
v 0.455888294113947 1.0546920537562474 -0.24369185552352787
v 0.49037864829681427 1.0546939399838449 -0.22649619567920873
v 0.5204803873773056 1.0546920537562474 -0.20533801789929576
v 0.5081348149474335 1.0546875 -0.16838106549213622
v 0.4819108011213797 1.0546829462437526 -0.13086933906633105
v 0.4959531058961964 1.0546810600161551 -0.10631218736687431
v 0.534569081298129 1.0546829462437526 -0.08506592119118397
v 0.5481610472594594 1.0546875 -0.05773341676146434
v 0.5471182536928348 1.0546920537562474 -0.028688019933163403
v 0.5762233048285815 1.0125109863281252 0
v 0.5892579125015456 1.0125077685071178 0.03089760326130396
v 0.5561093492060467 1.0125000000000002 0.05857054780374187
v 0.5091170183127364 1.0124922314928826 0.08101573710868727
v 0.5047718290219455 1.0124890136718752 0.10820256315872884
v 0.525511540923665 1.0124922314928826 0.14270970451871465
v 0.5213130536604008 1.0125000000000002 0.17274794965461687
v 0.5017087122613515 1.0125077685071178 0.19793228532139295
v 0.499024020234176 1.0125109863281252 0.2304893219314326
v 0.49100131956901144 1.0125077685071178 0.2624612743409604
v 0.44499823131712934 1.0125000000000002 0.27316732199403004
v 0.3902734356648875 1.0124922314928826 0.2738084937675394
v 0.3695186250735345 1.0124890136718752 0.29561490005882757
v 0.36591277909760284 1.0124922314928826 0.3337948458492437
v 0.34350287926021184 1.0125000000000002 0.3581293343167338
v 0.31078481179243717 1.0125077685071178 0.37209787222197666
v 0.2881116524142908 1.0125109863281252 0.3992192161873408
v 0.2611813195753451 1.0125077685071178 0.42369865891651315
v 0.2146501967135093 1.0125000000000002 0.41456913285744545
v 0.16685640110331224 1.0124922314928826 0.3932344856405972
v 0.13525320394841103 1.0124890136718752 0.40381746321755646
v 0.10826798361211032 1.0124922314928826 0.4354399277967969
v 0.07365138576448367 1.0125000000000002 0.44755025306278634
v 0.036586371983880706 1.0125077685071178 0.4465601347553426
v 3.5283501292621595e-17 1.0125109863281252 0.46097864386286524
v -0.03862200407663 1.0125077685071178 0.47140633000123644
v -0.07321318475467725 1.0125000000000002 0.44488747936483763
v -0.10126967138585907 1.0124922314928826 0.40729361465018915
v -0.13525320394841112 1.0124890136718752 0.4038174632175565
v -0.17838713064839312 1.0124922314928826 0.42040923273893194
v -0.21593493706827105 1.0125000000000002 0.41705044292832066
v -0.24741535665174108 1.0125077685071178 0.40136696980908126
v -0.28811165241429065 1.0125109863281252 0.39921921618734085
v -0.32807659292620034 1.0125077685071178 0.39280105565520923
v -0.34145915249253755 1.0125000000000002 0.3559985850537035
v -0.34226061720942424 1.0124922314928826 0.31221874853190995
v -0.36951862507353433 1.0124890136718752 0.2956149000588275
v -0.4172435573115546 1.0124922314928826 0.29273022327808235
v -0.44766166789591716 1.0125000000000002 0.2748023034081696
v -0.46512234027747085 1.0125077685071178 0.2486278494339497
v -0.499024020234176 1.0125109863281252 0.2304893219314326
v -0.5296233236456414 1.0125077685071178 0.2089450556602761
v -0.5182114160718067 1.0125000000000002 0.17172015737080745
v -0.49154310705074655 1.0124922314928826 0.13348512088264983
v -0.5047718290219453 1.0124890136718752 0.10820256315872889
v -0.5442999097459958 1.0124922314928826 0.08661438688968832
v -0.5594378163284829 1.0125000000000002 0.05892110861158687
v -0.5582001684441783 1.0125077685071178 0.029269097587104595
v -0.5762233048285815 1.0125109863281252 5.645360206819457e-17
v -0.5892579125015456 1.0125077685071178 -0.03089760326130387
v -0.5561093492060467 1.0125000000000002 -0.05857054780374196
v -0.5091170183127363 1.0124922314928826 -0.08101573710868729
v -0.5047718290219454 1.0124890136718752 -0.10820256315872862
v -0.5255115409236649 1.0124922314928826 -0.1427097045187146
v -0.5213130536604008 1.0125000000000002 -0.17274794965461682
v -0.5017087122613516 1.0125077685071178 -0.19793228532139287
v -0.49902402023417614 1.0125109863281252 -0.23048932193143276
v -0.4910013195690116 1.0125077685071178 -0.2624612743409603
v -0.44499823131712984 1.0125000000000002 -0.2731673219940301
v -0.3902734356648875 1.0124922314928826 -0.2738084937675394
v -0.3695186250735344 1.0124890136718752 -0.2956149000588274
v -0.3659127790976029 1.0124922314928826 -0.3337948458492437
v -0.34350287926021195 1.0125000000000002 -0.3581293343167337
v -0.31078481179243705 1.0125077685071178 -0.37209787222197666
v -0.28811165241429104 1.0125109863281252 -0.39921921618734074
v -0.26118131957534513 1.0125077685071178 -0.4236986589165131
v -0.2146501967135097 1.0125000000000002 -0.4145691328574456
v -0.1668564011033123 1.0124922314928826 -0.3932344856405972
v -0.13525320394841098 1.0124890136718752 -0.40381746321755646
v -0.10826798361211049 1.0124922314928826 -0.43543992779679686
v -0.07365138576448362 1.0125000000000002 -0.44755025306278634
v -0.036586371983880525 1.0125077685071178 -0.4465601347553426
v -1.0585050387786479e-16 1.0125109863281252 -0.46097864386286524
v 0.03862200407662955 1.0125077685071178 -0.4714063300012366
v 0.07321318475467717 1.0125000000000002 -0.44488747936483747
v 0.10126967138585913 1.0124922314928826 -0.40729361465018915
v 0.13525320394841076 1.0124890136718752 -0.4038174632175563
v 0.1783871306483932 1.0124922314928826 -0.42040923273893194
v 0.21593493706827122 1.0125000000000002 -0.4170504429283206
v 0.24741535665174103 1.0125077685071178 -0.4013669698090813
v 0.2881116524142908 1.0125109863281252 -0.3992192161873408
v 0.3280765929262003 1.0125077685071178 -0.3928010556552093
v 0.3414591524925373 1.0125000000000002 -0.3559985850537033
v 0.34226061720942424 1.0124922314928826 -0.3122187485319098
v 0.3695186250735344 1.0124890136718752 -0.2956149000588277
v 0.4172435573115544 1.0124922314928826 -0.2927302232780825
v 0.4476616678959171 1.0125000000000002 -0.2748023034081696
v 0.4651223402774708 1.0125077685071178 -0.2486278494339497
v 0.4990240202341755 1.0125109863281252 -0.23048932193143268
v 0.5296233236456414 1.0125077685071178 -0.20894505566027616
v 0.5182114160718074 1.0125000000000002 -0.17172015737080792
v 0.49154310705074655 1.0124922314928826 -0.13348512088264985
v 0.5047718290219457 1.0124890136718752 -0.10820256315872885
v 0.5442999097459957 1.0124922314928826 -0.08661438688968838
v 0.5594378163284829 1.0125000000000002 -0.05892110861158693
v 0.5582001684441783 1.0125077685071178 -0.029269097587104453
v 0.5864620579940211 0.9703300979733468 0
v 0.5996103997254948 0.9703249436462887 0.031440433550430476
v 0.5670812278732105 0.9703125000000001 0.059726127987548255
v 0.5192646676623703 0.9703000563537115 0.08263053147306673
v 0.5137288452465744 0.9702949020266535 0.11012258336991423
v 0.5350164063103637 0.9703000563537115 0.145290878147065
v 0.5319889713039239 0.9703125000000001 0.17628563755759727
v 0.5119107403407684 0.9703249436462887 0.20195715210827886
v 0.507891040578525 0.9703300979733468 0.2345848231976084
v 0.4996275675666012 0.9703249436462887 0.26707237405086726
v 0.45377791935525474 0.9703125000000001 0.2785568352561818
v 0.39805231131262997 0.9703000563537115 0.2792660064488336
v 0.37607561603418155 0.9702949020266535 0.30086049282734517
v 0.3725310004643165 0.9703000563537115 0.3398321539376531
v 0.3505374402088506 0.9703125000000001 0.3654634289687849
v 0.3171044855375306 0.9703249436462887 0.3796643203380348
v 0.2932310289970106 0.9703300979733468 0.40631283246281996
v 0.26576993216191064 0.9703249436462887 0.43114248760371154
v 0.21888518380298336 0.9703125000000001 0.4227484634717521
v 0.17018215960132851 0.9703000563537115 0.40107238052317074
v 0.13765322921239279 0.9702949020266535 0.4109830761972595
v 0.11022621388829734 0.9703000563537115 0.44331567851851816
v 0.07515968509294282 0.9703125000000001 0.45671558972467774
v 0.03733033991822486 0.9703249436462887 0.45564074053830333
v 3.591044410718737e-17 0.9703300979733468 0.46916964639521685
v -0.03930054193803814 0.9703249436462887 0.47968831978039583
v -0.07465765998443522 0.9703125000000001 0.45366498229856855
v -0.10328816434133341 0.9703000563537115 0.41541173412989635
v -0.13765322921239287 0.9702949020266535 0.4109830761972596
v -0.18161359768383112 0.9703000563537115 0.4280131250482909
v -0.2203570469469965 0.9703125000000001 0.42559117704313915
v -0.25244644013534845 0.9703249436462887 0.40952859227261473
v -0.2932310289970104 0.9703300979733468 0.40631283246282
v -0.33384046756358393 0.9703249436462887 0.3997020540532811
v -0.34819604407022714 0.9703125000000001 0.36302233548420376
v -0.34908250806104196 0.9703000563537115 0.318441849050104
v -0.3760756160341815 0.9702949020266535 0.3008604928273452
v -0.42479019242206634 0.9703000563537115 0.2980248003714532
v -0.45682928621098107 0.9703125000000001 0.28042995216708055
v -0.4745804004225436 0.9703249436462887 0.2536835884300245
v -0.507891040578525 0.9703300979733468 0.2345848231976084
v -0.5389281095046393 0.9703249436462887 0.21261594572952858
v -0.52843557933969 0.9703125000000001 0.1751081470423867
v -0.5013404756539633 0.9703000563537115 0.13614572768106284
v -0.513728845246574 0.9702949020266535 0.1101225833699143
v -0.5541445981481473 0.9703000563537115 0.08818097111063794
v -0.5708944871558471 0.9703125000000001 0.0601277480743542
v -0.5695509256728791 0.9703249436462887 0.029864271934579918
v -0.5864620579940211 0.9703300979733468 5.745671057149979e-17
v -0.5996103997254949 0.9703249436462887 -0.031440433550430386
v -0.5670812278732104 0.9703125000000001 -0.05972612798754833
v -0.5192646676623702 0.9703000563537115 -0.08263053147306677
v -0.5137288452465741 0.9702949020266535 -0.11012258336991403
v -0.5350164063103637 0.9703000563537115 -0.14529087814706498
v -0.531988971303924 0.9703125000000001 -0.1762856375575972
v -0.5119107403407683 0.9703249436462887 -0.20195715210827872
v -0.5078910405785252 0.9703300979733468 -0.2345848231976086
v -0.4996275675666014 0.9703249436462887 -0.2670723740508672
v -0.45377791935525513 0.9703125000000001 -0.2785568352561818
v -0.39805231131262997 0.9703000563537115 -0.2792660064488336
v -0.37607561603418144 0.9702949020266535 -0.30086049282734506
v -0.37253100046431653 0.9703000563537115 -0.3398321539376531
v -0.3505374402088507 0.9703125000000001 -0.36546342896878486
v -0.3171044855375306 0.9703249436462887 -0.3796643203380349
v -0.2932310289970108 0.9703300979733468 -0.4063128324628199
v -0.26576993216191075 0.9703249436462887 -0.43114248760371154
v -0.21888518380298383 0.9703125000000001 -0.42274846347175227
v -0.17018215960132857 0.9703000563537115 -0.40107238052317074
v -0.13765322921239273 0.9702949020266535 -0.4109830761972595
v -0.11022621388829752 0.9703000563537115 -0.4433156785185181
v -0.07515968509294278 0.9703125000000001 -0.45671558972467774
v -0.037330339918224674 0.9703249436462887 -0.45564074053830333
v -1.0773133232156209e-16 0.9703300979733468 -0.46916964639521685
v 0.039300541938037684 0.9703249436462887 -0.47968831978039594
v 0.07465765998443515 0.9703125000000001 -0.4536649822985685
v 0.10328816434133346 0.9703000563537115 -0.41541173412989635
v 0.13765322921239248 0.9702949020266535 -0.4109830761972594
v 0.18161359768383117 0.9703000563537115 -0.4280131250482909
v 0.22035704694699668 0.9703125000000001 -0.4255911770431391
v 0.2524464401353484 0.9703249436462887 -0.40952859227261484
v 0.2932310289970106 0.9703300979733468 -0.40631283246281996
v 0.33384046756358393 0.9703249436462887 -0.3997020540532812
v 0.34819604407022686 0.9703125000000001 -0.36302233548420354
v 0.3490825080610419 0.9703000563537115 -0.31844184905010375
v 0.37607561603418144 0.9702949020266535 -0.3008604928273453
v 0.42479019242206606 0.9703000563537115 -0.2980248003714533
v 0.456829286210981 0.9703125000000001 -0.28042995216708055
v 0.47458040042254346 0.9703249436462887 -0.2536835884300245
v 0.5078910405785246 0.9703300979733468 -0.23458482319760857
v 0.5389281095046393 0.9703249436462887 -0.21261594572952863
v 0.5284355793396908 0.9703125000000001 -0.17510814704238722
v 0.5013404756539633 0.9703000563537115 -0.1361457276810629
v 0.5137288452465746 0.9702949020266535 -0.11012258336991425
v 0.5541445981481473 0.9703000563537115 -0.088180971110638
v 0.5708944871558471 0.9703125000000001 -0.060127748074354254
v 0.5695509256728791 0.9703249436462887 -0.029864271934579772
v 0.5969398987253021 0.928151822090149 0
v 0.6101242590923114 0.92814396608183 0.03199172535079335
v 0.5781902071310189 0.9281250000000001 0.060896147879497896
v 0.529563740538445 0.9281060339181701 0.08426942184714326
v 0.5228082289186269 0.9280981779098512 0.11206883418807329
v 0.5446155067777045 0.9281060339181701 0.14789764257498203
v 0.5428152227996847 0.9281250000000001 0.1798731417169622
v 0.5223380185459202 0.92814396608183 0.2060708837505401
v 0.5169651168286217 0.928151822090149 0.23877595949012081
v 0.5083882794948547 0.92814396608183 0.2717553505016062
v 0.4626673151701628 0.9281250000000001 0.2840136939086667
v 0.40594726357494004 0.9281060339181701 0.28480495629723146
v 0.3827221861835353 0.9280981779098512 0.3061777489468282
v 0.3792148375550646 0.9281060339181701 0.34592931834084717
v 0.35767105893233564 0.9281250000000001 0.3729007993052816
v 0.32356369107910665 0.92814396608183 0.38739782772664566
v 0.2984699493626511 0.928151822090149 0.4135720934628973
v 0.2704300709653036 0.92814396608183 0.4387023489466771
v 0.2231730897451857 0.9281250000000001 0.43103000001562813
v 0.1735575451669058 0.9281060339181701 0.4090272327070953
v 0.1400860427350916 0.9280981779098512 0.41824658313490154
v 0.11220385885164558 0.9281060339181701 0.45126951261903364
v 0.07668922366808281 0.9281250000000001 0.46600998886283074
v 0.03809073388761315 0.92814396608183 0.4649218366138254
v 3.655202681286432e-17 0.928151822090149 0.4775519189802417
v -0.039989656688491734 0.92814396608183 0.48809940727384915
v -0.07612018484937229 0.9281250000000001 0.4625521657048154
v -0.10533677730892904 0.9281060339181701 0.4236509924307561
v -0.14008604273509168 0.9280981779098512 0.41824658313490165
v -0.18487205321872738 0.9281060339181701 0.4356924054221636
v -0.2248414271462027 0.9281250000000001 0.4342521782397479
v -0.257588604688175 0.92814396608183 0.4178704148367363
v -0.2984699493626509 0.928151822090149 0.41357209346289736
v -0.33969418812700763 0.92814396608183 0.4067106235958838
v -0.3550171173858333 0.9281250000000001 0.3701338521361302
v -0.3560061953715393 0.9281060339181701 0.3247578108599521
v -0.38272218618353526 0.9280981779098512 0.30617774894682825
v -0.43241164792605896 0.9281060339181701 0.30337187004405164
v -0.46612599913160196 0.9281250000000001 0.2861368471458687
v -0.4842472846583072 0.92814396608183 0.25885095286328536
v -0.5169651168286217 0.928151822090149 0.23877595949012081
v -0.5483779361833462 0.92814396608183 0.2163440567722429
v -0.538787500019535 0.9281250000000001 0.17853847179614857
v -0.5112840408838691 0.9281060339181701 0.13884603613352467
v -0.5228082289186268 0.9280981779098512 0.11206883418807337
v -0.5640868907737918 0.9281060339181701 0.08976308708131656
v -0.5825124860785382 0.9281250000000001 0.061351378934466176
v -0.5811522957672818 0.92814396608183 0.030472587110090554
v -0.5969398987253021 0.928151822090149 5.848324290058291e-17
v -0.6101242590923114 0.92814396608183 -0.031991725350793254
v -0.5781902071310189 0.9281250000000001 -0.060896147879497986
v -0.5295637405384448 0.9281060339181701 -0.08426942184714327
v -0.5228082289186269 0.9280981779098512 -0.11206883418807309
v -0.5446155067777045 0.9281060339181701 -0.147897642574982
v -0.5428152227996849 0.9281250000000001 -0.17987314171696214
v -0.5223380185459202 0.92814396608183 -0.20607088375053995
v -0.5169651168286217 0.928151822090149 -0.23877595949012093
v -0.5083882794948548 0.92814396608183 -0.2717553505016061
v -0.4626673151701632 0.9281250000000001 -0.2840136939086667
v -0.40594726357494015 0.9281060339181701 -0.2848049562972315
v -0.38272218618353526 0.9280981779098512 -0.30617774894682814
v -0.37921483755506463 0.9281060339181701 -0.34592931834084717
v -0.3576710589323358 0.9281250000000001 -0.3729007993052816
v -0.32356369107910665 0.92814396608183 -0.3873978277266457
v -0.29846994936265125 0.928151822090149 -0.41357209346289714
v -0.2704300709653037 0.92814396608183 -0.43870234894667703
v -0.22317308974518613 0.9281250000000001 -0.4310300000156283
v -0.17355754516690589 0.9281060339181701 -0.40902723270709535
v -0.14008604273509156 0.9280981779098512 -0.41824658313490165
v -0.11220385885164577 0.9281060339181701 -0.4512695126190336
v -0.07668922366808276 0.9281250000000001 -0.46600998886283074
v -0.038090733887612964 0.92814396608183 -0.4649218366138254
v -1.0965608043859293e-16 0.928151822090149 -0.4775519189802416
v 0.03998965668849126 0.92814396608183 -0.4880994072738492
v 0.0761201848493722 0.9281250000000001 -0.4625521657048153
v 0.10533677730892912 0.9281060339181701 -0.42365099243075616
v 0.1400860427350913 0.9280981779098512 -0.41824658313490143
v 0.18487205321872746 0.9281060339181701 -0.43569240542216364
v 0.2248414271462028 0.9281250000000001 -0.4342521782397477
v 0.25758860468817496 0.92814396608183 -0.4178704148367363
v 0.29846994936265103 0.928151822090149 -0.4135720934628972
v 0.3396941881270076 0.92814396608183 -0.40671062359588384
v 0.355017117385833 0.9281250000000001 -0.37013385213613
v 0.3560061953715394 0.9281060339181701 -0.32475781085995187
v 0.38272218618353526 0.9280981779098512 -0.30617774894682837
v 0.43241164792605874 0.9281060339181701 -0.30337187004405186
v 0.4661259991316019 0.9281250000000001 -0.2861368471458687
v 0.484247284658307 0.92814396608183 -0.2588509528632853
v 0.5169651168286212 0.928151822090149 -0.23877595949012093
v 0.5483779361833462 0.92814396608183 -0.21634405677224294
v 0.5387875000195359 0.9281250000000001 -0.17853847179614912
v 0.5112840408838691 0.9281060339181701 -0.13884603613352475
v 0.5228082289186272 0.9280981779098512 -0.11206883418807333
v 0.5640868907737916 0.9281060339181701 -0.08976308708131658
v 0.5825124860785382 0.9281250000000001 -0.061351378934466225
v 0.5811522957672818 0.92814396608183 -0.030472587110090404
v 0.6076403420886033 0.8859767702221871 0
v 0.6207812760013468 0.8859652682404072 0.03255052358399233
v 0.5894154898636382 0.8859375 0.062078417085797095
v 0.5399950488465107 0.8859097317595929 0.08592935483148281
v 0.5319944480001353 0.885898229777813 0.11403798617558171
v 0.5542936347574742 0.8859097317595929 0.15052586798342812
v 0.5537749205278021 0.8859375 0.18350486606775882
v 0.5329744543551849 0.8859652682404072 0.2102671314854316
v 0.5262319726129971 0.8859767702221871 0.2430561368354413
v 0.5172682779708901 0.8859652682404072 0.27650209073076054
v 0.4716497769273368 0.8859375 0.2895276821684815
v 0.4139435834492204 0.8859097317595929 0.2904150237534755
v 0.38944696528065814 0.885898229777813 0.31155757222452646
v 0.38595370136634316 0.8859097317595929 0.352076679503341
v 0.364892607863436 0.8859375 0.38042984394386103
v 0.3301524598613451 0.8859652682404072 0.3952864591893405
v 0.3038201710443017 0.8859767702221871 0.42098557809039766
v 0.27515366258789603 0.8859652682404072 0.44636514596070453
v 0.2275058871530364 0.8859375 0.4393982386276666
v 0.17697626915466644 0.8859097317595929 0.4170842215908591
v 0.14254748271947712 0.885898229777813 0.42559555840010826
v 0.11419778537829785 0.8859097317595929 0.45928882907650265
v 0.07823761559797593 0.8859375 0.4754189523585076
v 0.038866380368509236 0.8859652682404072 0.4743890993745077
v 3.720723999858054e-17 0.8859767702221871 0.48611227367088267
v -0.04068815447999046 0.8859652682404072 0.49662502080107745
v -0.07759802135724628 0.8859375 0.4715323918909108
v -0.10741169353935348 0.8859097317595929 0.4319960390772086
v -0.14254748271947723 0.885898229777813 0.4255955584001083
v -0.18815733497928494 0.8859097317595929 0.4434349078059792
v -0.2293810825846985 0.8859375 0.4430199364222417
v -0.26283391435678943 0.8859652682404072 0.4263795634841479
v -0.30382017104430153 0.8859767702221871 0.4209855780903977
v -0.34562761341345055 0.8859652682404072 0.41381462237671224
v -0.3619096027106019 0.8859375 0.37731982154186944
v -0.3630187796918444 0.8859097317595929 0.33115486675937633
v -0.3894469652806581 0.885898229777813 0.3115575722245265
v -0.4400958493791763 0.8859097317595929 0.3087629610930746
v -0.4755373049298262 0.8859375 0.29191408629074894
v -0.49410807398667567 0.8859652682404072 0.26412196788907605
v -0.5262319726129971 0.8859767702221871 0.2430561368354413
v -0.5579564324508806 0.8859652682404072 0.22012293007031689
v -0.5492477982845831 0.8859375 0.18200470972242913
v -0.5213552769885739 0.8859097317595929 0.14158101532373318
v -0.5319944480001351 0.885898229777813 0.11403798617558181
v -0.574111036345628 0.8859097317595929 0.09135822830263836
v -0.5942736904481345 0.8859375 0.06259009247838068
v -0.5929863742181346 0.8859652682404072 0.03109310429480742
v -0.6076403420886033 0.8859767702221871 5.953158399772886e-17
v -0.6207812760013468 0.8859652682404072 -0.032550523583992234
v -0.5894154898636382 0.8859375 -0.062078417085797186
v -0.5399950488465105 0.8859097317595929 -0.08592935483148283
v -0.5319944480001352 0.885898229777813 -0.11403798617558152
v -0.5542936347574741 0.8859097317595929 -0.15052586798342804
v -0.5537749205278022 0.8859375 -0.1835048660677588
v -0.5329744543551849 0.8859652682404072 -0.2102671314854315
v -0.5262319726129973 0.8859767702221871 -0.24305613683544147
v -0.5172682779708904 0.8859652682404072 -0.27650209073076043
v -0.4716497769273373 0.8859375 -0.28952768216848157
v -0.4139435834492204 0.8859097317595929 -0.2904150237534755
v -0.38944696528065814 0.885898229777813 -0.3115575722245264
v -0.3859537013663432 0.8859097317595929 -0.352076679503341
v -0.36489260786343614 0.8859375 -0.3804298439438609
v -0.33015245986134506 0.8859652682404072 -0.3952864591893405
v -0.3038201710443019 0.8859767702221871 -0.4209855780903976
v -0.27515366258789614 0.8859652682404072 -0.4463651459607045
v -0.22750588715303682 0.8859375 -0.43939823862766675
v -0.1769762691546665 0.8859097317595929 -0.4170842215908591
v -0.1425474827194771 0.885898229777813 -0.4255955584001083
v -0.11419778537829801 0.8859097317595929 -0.4592888290765025
v -0.07823761559797589 0.8859375 -0.4754189523585076
v -0.03886638036850904 0.8859652682404072 -0.4743890993745077
v -1.116217199957416e-16 0.8859767702221871 -0.48611227367088267
v 0.040688154479989976 0.8859652682404072 -0.4966250208010775
v 0.0775980213572462 0.8859375 -0.4715323918909107
v 0.10741169353935356 0.8859097317595929 -0.4319960390772087
v 0.14254748271947681 0.885898229777813 -0.42559555840010815
v 0.18815733497928502 0.8859097317595929 -0.4434349078059793
v 0.22938108258469866 0.8859375 -0.44301993642224163
v 0.2628339143567893 0.8859652682404072 -0.42637956348414796
v 0.3038201710443017 0.8859767702221871 -0.42098557809039766
v 0.3456276134134505 0.8859652682404072 -0.4138146223767123
v 0.36190960271060163 0.8859375 -0.3773198215418692
v 0.3630187796918443 0.8859097317595929 -0.3311548667593761
v 0.38944696528065803 0.885898229777813 -0.31155757222452657
v 0.440095849379176 0.8859097317595929 -0.3087629610930747
v 0.47553730492982615 0.8859375 -0.29191408629074894
v 0.4941080739866756 0.8859652682404072 -0.26412196788907605
v 0.5262319726129967 0.8859767702221871 -0.24305613683544147
v 0.5579564324508806 0.8859652682404072 -0.22012293007031694
v 0.5492477982845838 0.8859375 -0.18200470972242963
v 0.521355276988574 0.8859097317595929 -0.14158101532373324
v 0.5319944480001356 0.885898229777813 -0.11403798617558177
v 0.5741110363456278 0.8859097317595929 -0.09135822830263839
v 0.5942736904481345 0.8859375 -0.06259009247838074
v 0.5929863742181346 0.8859652682404072 -0.03109310429480727
v 0.6185473077971289 0.8438056182861328 0
v 0.6315637642883074 0.8437893280672825 0.033115900880066045
v 0.6007367817375321 0.84375 0.0632707981666883
v 0.550539801268928 0.8437106719327175 0.08760734016570312
v 0.5412724022688059 0.8436943817138672 0.11602680245854426
v 0.5640361088148685 0.8437106719327175 0.1531715674319469
v 0.5648516402488942 0.84375 0.18717536809582433
v 0.54380428765964 0.8437893280672825 0.21453967769245044
v 0.5356776819947859 0.8438056182861328 0.24741892311885147
v 0.5262528259333602 0.8437893280672825 0.2813047171466676
v 0.48070906511823036 0.84375 0.2950888312250829
v 0.4220268660897636 0.8437106719327175 0.296086102649055
v 0.3962388991956256 0.8436943817138672 0.31699111935650043
v 0.3927373692404334 0.8437106719327175 0.35826491205949457
v 0.3721912647649609 0.84375 0.3880392798332449
v 0.33686102924236727 0.8437893280672825 0.4033185260652437
v 0.3092736538985644 0.8438056182861328 0.42854214559582865
v 0.2799328678549729 0.8437893280672825 0.4541181616267543
v 0.2318757427061787 0.84375 0.4478380502612726
v 0.18043217295760944 0.8437106719327175 0.425228833037514
v 0.1450335030731803 0.8436943817138672 0.4330179218150447
v 0.11620496874050036 0.8437106719327175 0.4673614628242935
v 0.0798025404573382 0.84375 0.48492837990779303
v 0.03965613007808536 0.8437893280672825 0.4840285010863442
v 3.787509903074832e-17 0.8438056182861328 0.494837846237703
v -0.041394876100082606 0.8437893280672825 0.505251011430646
v -0.0790884977083603 0.84375 0.4805894253900259
v -0.1095091752071289 0.8437106719327175 0.4404318410151425
v -0.14503350307318041 0.8436943817138672 0.43301792181504484
v -0.19146445928993344 0.8437106719327175 0.45122888705189484
v -0.23396921011978036 0.84375 0.45188131219911537
v -0.2681745971155629 0.8437893280672825 0.43504343012771207
v -0.30927365389856426 0.8438056182861328 0.4285421455958287
v -0.35163089643333434 0.8437893280672825 0.42100226074668823
v -0.36886103903135353 0.84375 0.3845672520945842
v -0.3701076283113187 0.8437106719327175 0.3376214928718109
v -0.39623889919562555 0.8436943817138672 0.3169911193565005
v -0.4478311400743682 0.8437106719327175 0.3141898953923467
v -0.485049099791556 0.84375 0.29775301181196884
v -0.5041481575815546 0.8437893280672825 0.2694888233938938
v -0.5356776819947859 0.8438056182861328 0.24741892311885147
v -0.5676477020334427 0.8437893280672825 0.22394629428397836
v -0.5597975628265907 0.84375 0.18550059416494294
v -0.5315360412968925 0.8437106719327175 0.14434573836608758
v -0.5412724022688057 0.8436943817138672 0.11602680245854434
v -0.5842018285303667 0.8437106719327175 0.09296397499240039
v -0.6061604748847412 0.84375 0.0638420323658705
v -0.6050356263579302 0.8437893280672825 0.03172490406246833
v -0.6185473077971287 0.8438056182861328 6.060015844919731e-17
v -0.6315637642883074 0.8437893280672825 -0.03311590088006595
v -0.6007367817375321 0.84375 -0.0632707981666884
v -0.5505398012689279 0.8437106719327175 -0.08760734016570317
v -0.5412724022688058 0.8436943817138672 -0.11602680245854403
v -0.5640361088148685 0.8437106719327175 -0.15317156743194688
v -0.5648516402488943 0.84375 -0.18717536809582427
v -0.5438042876596401 0.8437893280672825 -0.21453967769245033
v -0.535677681994786 0.8438056182861328 -0.24741892311885166
v -0.5262528259333603 0.8437893280672825 -0.2813047171466675
v -0.48070906511823075 0.84375 -0.2950888312250829
v -0.4220268660897636 0.8437106719327175 -0.296086102649055
v -0.3962388991956255 0.8436943817138672 -0.3169911193565003
v -0.39273736924043345 0.8437106719327175 -0.35826491205949457
v -0.37219126476496106 0.84375 -0.38803927983324477
v -0.3368610292423672 0.8437893280672825 -0.4033185260652437
v -0.30927365389856465 0.8438056182861328 -0.4285421455958286
v -0.27993286785497296 0.8437893280672825 -0.4541181616267542
v -0.2318757427061791 0.84375 -0.44783805026127277
v -0.18043217295760952 0.8437106719327175 -0.425228833037514
v -0.14503350307318025 0.8436943817138672 -0.4330179218150447
v -0.11620496874050056 0.8437106719327175 -0.46736146282429347
v -0.07980254045733816 0.84375 -0.48492837990779303
v -0.03965613007808517 0.8437893280672825 -0.4840285010863442
v -1.1362529709224494e-16 0.8438056182861328 -0.494837846237703
v 0.04139487610008211 0.8437893280672825 -0.505251011430646
v 0.07908849770836021 0.84375 -0.48058942539002586
v 0.10950917520712895 0.8437106719327175 -0.4404318410151425
v 0.14503350307318 0.8436943817138672 -0.4330179218150446
v 0.19146445928993355 0.8437106719327175 -0.4512288870518949
v 0.23396921011978053 0.84375 -0.4518813121991153
v 0.26817459711556285 0.8437893280672825 -0.4350434301277121
v 0.3092736538985644 0.8438056182861328 -0.42854214559582865
v 0.3516308964333343 0.8437893280672825 -0.4210022607466883
v 0.36886103903135325 0.84375 -0.384567252094584
v 0.3701076283113187 0.8437106719327175 -0.33762149287181065
v 0.3962388991956255 0.8436943817138672 -0.31699111935650054
v 0.447831140074368 0.8437106719327175 -0.31418989539234693
v 0.48504909979155597 0.84375 -0.29775301181196884
v 0.5041481575815546 0.8437893280672825 -0.2694888233938938
v 0.5356776819947855 0.8438056182861328 -0.24741892311885164
v 0.5676477020334427 0.8437893280672825 -0.22394629428397841
v 0.5597975628265913 0.84375 -0.18550059416494347
v 0.5315360412968925 0.8437106719327175 -0.14434573836608763
v 0.5412724022688061 0.8436943817138672 -0.11602680245854428
v 0.5842018285303665 0.8437106719327175 -0.09296397499240042
v 0.6061604748847412 0.84375 -0.06384203236587055
v 0.6050356263579302 0.8437893280672825 -0.03172490406246817
v 0.6296451587919302 0.8016391065716744 0
v 0.6424546065694411 0.8016166690263145 0.03368695969293014
v 0.6121343368080535 0.8015625000000001 0.06447121143982754
v 0.5611796466455523 0.8015083309736857 0.08930045763163741
v 0.5506274605180737 0.8014858934283258 0.11803214670097419
v 0.5738288115171942 0.8015083309736857 0.15583090714241674
v 0.5760294630913952 0.8015625000000001 0.19087937275115846
v 0.5548121301247383 0.8016166690263145 0.21888245142215954
v 0.5452887028836984 0.8016391065716744 0.25185806351677203
v 0.5353276602593916 0.8016166690263145 0.28615560549811636
v 0.4898293790546219 0.8015625000000001 0.30068744164287
v 0.43018304406204977 0.8015083309736857 0.30180832353679493
v 0.40308727714185594 0.8014858934283258 0.3224698217134847
v 0.39955601123331214 0.8015083309736857 0.3644850488869844
v 0.3795565403959849 0.8015625000000001 0.39571817109750046
v 0.34367986687693136 0.8016166690263145 0.4114826154240988
v 0.3148225793959651 0.8016391065716744 0.43623096230695857
v 0.28476009969679567 0.8016166690263145 0.4619490879004435
v 0.2362750347544661 0.8015625000000001 0.4563347146835251
v 0.18391924222455883 0.8015083309736857 0.43344689288127725
v 0.14754018337621772 0.8014858934283258 0.440501968414459
v 0.1182225004084636 0.8015083309736857 0.4754757161290665
v 0.0813817492195197 0.8015625000000001 0.4945246050679464
v 0.04045886084461479 0.8016166690263145 0.4938263449237046
v 3.85546464156582e-17 0.8016391065716744 0.5037161270335441
v -0.042108699616162724 0.8016166690263145 0.5139636852555529
v -0.08058901429978431 0.8015625000000001 0.489707469446443
v -0.11162557203954675 0.8015083309736857 0.44894371731644195
v -0.14754018337621783 0.8014858934283258 0.440501968414459
v -0.19478863392802073 0.8015083309736857 0.4590630492137552
v -0.23859921593894806 0.8015625000000001 0.4608235704731162
v -0.2736030642776993 0.8016166690263145 0.4438497040997907
v -0.31482257939596486 0.8016391065716744 0.4362309623069586
v -0.3576945068726453 0.8016166690263145 0.42826212820751336
v -0.3758593020535874 0.8015625000000001 0.3918635032436975
v -0.3772604044209937 0.8015083309736857 0.34414643524963984
v -0.4030872771418559 0.8014858934283258 0.32246982171348476
v -0.45560631110873057 0.8015083309736857 0.31964480898664976
v -0.4946477138718755 0.8015625000000001 0.303645232316788
v -0.5143532692801236 0.8016166690263145 0.274943893501545
v -0.5452887028836982 0.8016391065716744 0.251858063516772
v -0.5774363598755543 0.8016166690263145 0.22780807975743655
v -0.5704183933544064 0.8015625000000001 0.1890200278035729
v -0.5418086161015965 0.8015083309736857 0.1471353937796471
v -0.5506274605180735 0.8014858934283258 0.11803214670097428
v -0.5943446451613328 0.8015083309736857 0.09457800032677098
v -0.6181557563349329 0.8015625000000001 0.06510539937561569
v -0.6172829311546307 0.8016166690263145 0.032367088675691866
v -0.6296451587919301 0.8016391065716744 6.168743426505313e-17
v -0.6424546065694411 0.8016166690263145 -0.033686959692930035
v -0.6121343368080535 0.8015625000000001 -0.06447121143982763
v -0.5611796466455522 0.8015083309736857 -0.08930045763163745
v -0.5506274605180737 0.8014858934283258 -0.11803214670097398
v -0.5738288115171942 0.8015083309736857 -0.1558309071424167
v -0.5760294630913952 0.8015625000000001 -0.1908793727511584
v -0.5548121301247384 0.8016166690263145 -0.21888245142215945
v -0.5452887028836984 0.8016391065716744 -0.2518580635167722
v -0.5353276602593917 0.8016166690263145 -0.28615560549811625
v -0.4898293790546224 0.8015625000000001 -0.3006874416428701
v -0.43018304406204977 0.8015083309736857 -0.30180832353679493
v -0.40308727714185594 0.8014858934283258 -0.32246982171348465
v -0.3995560112333123 0.8015083309736857 -0.3644850488869844
v -0.379556540395985 0.8015625000000001 -0.39571817109750035
v -0.3436798668769313 0.8016166690263145 -0.4114826154240988
v -0.3148225793959653 0.8016391065716744 -0.4362309623069585
v -0.2847600996967957 0.8016166690263145 -0.4619490879004434
v -0.2362750347544666 0.8015625000000001 -0.4563347146835253
v -0.18391924222455894 0.8015083309736857 -0.43344689288127736
v -0.1475401833762177 0.8014858934283258 -0.440501968414459
v -0.11822250040846378 0.8015083309736857 -0.47547571612906636
v -0.08138174921951964 0.8015625000000001 -0.4945246050679464
v -0.040458860844614586 0.8016166690263145 -0.49382634492370453
v -1.156639392469746e-16 0.8016391065716744 -0.5037161270335441
v 0.042108699616162225 0.8016166690263145 -0.513963685255553
v 0.08058901429978424 0.8015625000000001 -0.4897074694464429
v 0.11162557203954683 0.8015083309736857 -0.44894371731644206
v 0.14754018337621744 0.8014858934283258 -0.4405019684144589
v 0.19478863392802082 0.8015083309736857 -0.4590630492137553
v 0.23859921593894823 0.8015625000000001 -0.4608235704731161
v 0.27360306427769926 0.8016166690263145 -0.44384970409979074
v 0.3148225793959651 0.8016391065716744 -0.43623096230695857
v 0.35769450687264526 0.8016166690263145 -0.4282621282075134
v 0.37585930205358714 0.8015625000000001 -0.3918635032436973
v 0.3772604044209936 0.8015083309736857 -0.3441464352496396
v 0.4030872771418559 0.8014858934283258 -0.32246982171348487
v 0.45560631110873023 0.8015083309736857 -0.31964480898664993
v 0.49464771387187545 0.8015625000000001 -0.303645232316788
v 0.5143532692801235 0.8016166690263145 -0.274943893501545
v 0.5452887028836979 0.8016391065716744 -0.25185806351677215
v 0.5774363598755543 0.8016166690263145 -0.2278080797574366
v 0.570418393354407 0.8015625000000001 -0.18902002780357344
v 0.5418086161015966 0.8015083309736857 -0.14713539377964718
v 0.550627460518074 0.8014858934283258 -0.11803214670097423
v 0.5943446451613326 0.8015083309736857 -0.09457800032677101
v 0.6181557563349329 0.8015625000000001 -0.06510539937561574
v 0.6172829311546307 0.8016166690263145 -0.032367088675691706
v 0.6409187386981199 0.7594780397415162 0
v 0.6534372932027201 0.7594478600999578 0.03426283434329793
v 0.6235890018208456 0.759375 0.06567763964619637
v 0.5718967163162592 0.7593021399000422 0.09100586379129584
v 0.5600454966645961 0.7592719602584839 0.12005099084477243
v 0.583658225986328 0.7593021399000422 0.15850021642536136
v 0.5872930163233551 0.759375 0.19461178595850978
v 0.5659830036072596 0.7594478600999578 0.22328954355230338
v 0.5550519094740525 0.7594780397415162 0.2563674954792479
v 0.5444790242291352 0.7594478600999578 0.291047402228042
v 0.4989953923185602 0.759375 0.30631410512254437
v 0.438398419801223 0.7593021399000422 0.3075720764631123
v 0.4099817581086306 0.7592719602584839 0.3279854064869044
v 0.4064002155660679 0.7593021399000422 0.3707285043242255
v 0.38697830537714595 0.759375 0.4034559570452712
v 0.3505996945139169 0.7594478600999578 0.4197676185586304
v 0.32045936934906 0.7594780397415162 0.4440415275792419
v 0.28962804041766765 0.7594478600999578 0.46984605372660615
v 0.24069637041766528 0.759375 0.46487395350104455
v 0.18743162073736894 0.7593021399000422 0.44172459963227434
v 0.15006373855596553 0.7592719602584839 0.4480363973316769
v 0.12024759558104593 0.7593021399000422 0.48362038887821573
v 0.0829730700167662 0.759375 0.5041944302602265
v 0.04127348040897167 0.7594478600999578 0.5037692991634368
v 3.924495409301057e-17 0.7594780397415162 0.512734990958496
v -0.042828542929122464 0.7594478600999578 0.5227498345621762
v -0.08209704955774536 0.759375 0.49887120145667674
v -0.11375732973911978 0.7593021399000422 0.4575173730530075
v -0.15006373855596564 0.7592719602584839 0.448036397331677
v -0.19812527053170145 0.7593021399000422 0.46692658078906224
v -0.24326473244813715 0.759375 0.4698344130586841
v -0.2791119294403791 0.7594478600999578 0.4527864028858078
v -0.3204593693490598 0.7594780397415162 0.444041527579242
v -0.36380925278505233 0.7594478600999578 0.43558321938330824
v -0.3828926314031805 0.759375 0.39919631385484816
v -0.3844650955788904 0.7593021399000422 0.3507187358409785
v -0.40998175810863047 0.7592719602584839 0.32798540648690444
v -0.4634106304052819 0.7593021399000422 0.32512017245285435
v -0.5043199463065889 0.759375 0.3095826443017169
v -0.5247095231982881 0.7594478600999578 0.2804797556111335
v -0.5550519094740525 0.7594780397415162 0.2563674954792479
v -0.5873075671582576 0.7594478600999578 0.2317024323341342
v -0.5810924418763057 0.759375 0.19255709633413226
v -0.5521557495403429 0.7593021399000422 0.1499452965898952
v -0.5600454966645958 0.7592719602584839 0.12005099084477251
v -0.6045254860977691 0.7593021399000422 0.09619807646483682
v -0.6302430378252831 0.759375 0.0663784560134129
v -0.629711623954296 0.7594478600999578 0.03301878432717737
v -0.6409187386981199 0.7594780397415162 6.279192654881692e-17
v -0.6534372932027201 0.7594478600999578 -0.03426283434329783
v -0.6235890018208456 0.759375 -0.06567763964619647
v -0.5718967163162589 0.7593021399000422 -0.09100586379129585
v -0.5600454966645959 0.7592719602584839 -0.1200509908447722
v -0.5836582259863279 0.7593021399000422 -0.15850021642536127
v -0.5872930163233552 0.759375 -0.19461178595850973
v -0.5659830036072597 0.7594478600999578 -0.22328954355230327
v -0.5550519094740525 0.7594780397415162 -0.2563674954792481
v -0.5444790242291353 0.7594478600999578 -0.2910474022280419
v -0.4989953923185607 0.759375 -0.3063141051225444
v -0.4383984198012231 0.7593021399000422 -0.30757207646311235
v -0.40998175810863047 0.7592719602584839 -0.3279854064869043
v -0.40640021556606803 0.7593021399000422 -0.3707285043242255
v -0.3869783053771461 0.759375 -0.4034559570452711
v -0.3505996945139168 0.7594478600999578 -0.4197676185586304
v -0.3204593693490602 0.7594780397415162 -0.44404152757924187
v -0.28962804041766776 0.7594478600999578 -0.4698460537266061
v -0.24069637041766578 0.759375 -0.4648739535010447
v -0.18743162073736902 0.7593021399000422 -0.44172459963227434
v -0.15006373855596547 0.7592719602584839 -0.4480363973316769
v -0.12024759558104611 0.7593021399000422 -0.48362038887821557
v -0.08297307001676614 0.759375 -0.5041944302602265
v -0.04127348040897147 0.7594478600999578 -0.5037692991634368
v -1.1773486227903168e-16 0.7594780397415162 -0.5127349909584958
v 0.04282854292912196 0.7594478600999578 -0.5227498345621763
v 0.08209704955774527 0.759375 -0.4988712014566766
v 0.11375732973911985 0.7593021399000422 -0.4575173730530075
v 0.15006373855596522 0.7592719602584839 -0.4480363973316768
v 0.19812527053170156 0.7593021399000422 -0.4669265807890623
v 0.24326473244813732 0.759375 -0.46983441305868406
v 0.27911192944037905 0.7594478600999578 -0.45278640288580785
v 0.32045936934905994 0.7594780397415162 -0.4440415275792418
v 0.3638092527850523 0.7594478600999578 -0.4355832193833083
v 0.3828926314031802 0.759375 -0.399196313854848
v 0.3844650955788904 0.7593021399000422 -0.3507187358409783
v 0.4099817581086304 0.7592719602584839 -0.3279854064869045
v 0.4634106304052817 0.7593021399000422 -0.32512017245285457
v 0.5043199463065888 0.759375 -0.3095826443017169
v 0.524709523198288 0.7594478600999578 -0.2804797556111335
v 0.555051909474052 0.7594780397415162 -0.2563674954792481
v 0.5873075671582576 0.7594478600999578 -0.23170243233413426
v 0.5810924418763064 0.759375 -0.19255709633413282
v 0.5521557495403429 0.7593021399000422 -0.14994529658989525
v 0.5600454966645964 0.7592719602584839 -0.12005099084477246
v 0.6045254860977691 0.7593021399000422 -0.09619807646483687
v 0.6302430378252831 0.759375 -0.06637845601341295
v 0.629711623954296 0.7594478600999578 -0.03301878432717721
v 0.6523534080655823 0.717323286831379 0
v 0.6644959597722178 0.717283515789264 0.03484269298416511
v 0.6350822591026871 0.7171875000000001 0.06688813246745154
v 0.5826736653241142 0.7170914842107362 0.09272079854352168
v 0.5695129246753992 0.7170517131686212 0.122080422596688
v 0.5935114710459789 0.7170914842107362 0.16117599722465975
v 0.5986275128106006 0.7171875000000001 0.19836770769265957
v 0.5773023775350421 0.717283515789264 0.2277552215347225
v 0.5649546236301506 0.717323286831379 0.26094136322623285
v 0.5536936987597598 0.717283515789264 0.2959730411694359
v 0.5081922870835809 0.7171875000000001 0.3119597255695866
v 0.4466596971971738 0.7170914842107362 0.31336803312751466
v 0.41691239642953914 0.7170517131686212 0.3335299171436313
v 0.4132610130978777 0.7170914842107362 0.376987096495237
v 0.39444681619036237 0.7171875000000001 0.4112424792765692
v 0.3576115111512998 0.717283515789264 0.4281627587076392
v 0.3261767040327912 0.717323286831379 0.4519636989041204
v 0.2945296583104228 0.717283515789264 0.477797651991973
v 0.24513260214070395 0.7171875000000001 0.47344196213431633
v 0.190963623914721 0.7170914842107362 0.4500485563012607
v 0.15260052824585998 0.7170517131686212 0.45561033974031934
v 0.12227760042693259 0.7170914842107362 0.49178480770296196
v 0.08457441371488912 0.7171875000000001 0.5139251606449494
v 0.04209892915049314 0.717283515789264 0.5138444304557622
v 3.9945125655019125e-17 0.717323286831379 0.5218827264524658
v -0.04355336623020644 0.717283515789264 0.5315967678177742
v -0.0836101655843143 0.7171875000000001 0.5080658072821499
v -0.11590099817940205 0.7170914842107362 0.46613893225929137
v -0.1526005282458601 0.7170517131686212 0.45561033974031945
v -0.2014699965308245 0.7170914842107362 0.4748091768367831
v -0.24795963461582443 0.7171875000000001 0.47890201024848045
v -0.28469402691840306 0.717283515789264 0.4618419020280337
v -0.326176704032791 0.717323286831379 0.45196369890412047
v -0.3699663014617947 0.717283515789264 0.4429549590078079
v -0.38994965696198325 0.7171875000000001 0.40655382966686476
v -0.3917100414093933 0.7170914842107362 0.35732775775773906
v -0.4169123964295391 0.7170517131686212 0.33352991714363134
v -0.47123387061904626 0.7170914842107362 0.33060881047830215
v -0.5140530990957114 0.7171875000000001 0.31555745295229
v -0.535203448384549 0.717283515789264 0.2860892089210398
v -0.5649546236301506 0.717323286831379 0.26094136322623285
v -0.5972470649899662 0.717283515789264 0.2356237266483383
v -0.5918024526678953 0.7171875000000001 0.1961060817125632
v -0.5625606953765758 0.7170914842107362 0.15277089913177683
v -0.5695129246753989 0.7170517131686212 0.12208042259668812
v -0.614731009628702 0.7170914842107362 0.09782208034154614
v -0.6424064508061867 0.7171875000000001 0.06765953097191123
v -0.6423055380697029 0.717283515789264 0.033679143320394546
v -0.6523534080655823 0.717323286831379 6.39122010480306e-17
v -0.6644959597722178 0.717283515789264 -0.03484269298416501
v -0.6350822591026871 0.7171875000000001 -0.06688813246745164
v -0.582673665324114 0.7170914842107362 -0.09272079854352169
v -0.5695129246753989 0.7170517131686212 -0.12208042259668778
v -0.5935114710459789 0.7170914842107362 -0.16117599722465972
v -0.5986275128106007 0.7171875000000001 -0.19836770769265952
v -0.5773023775350423 0.717283515789264 -0.22775522153472244
v -0.5649546236301506 0.717323286831379 -0.260941363226233
v -0.5536936987597599 0.717283515789264 -0.2959730411694358
v -0.5081922870835814 0.7171875000000001 -0.3119597255695867
v -0.4466596971971739 0.7170914842107362 -0.3133680331275147
v -0.41691239642953903 0.7170517131686212 -0.33352991714363117
v -0.41326101309787777 0.7170914842107362 -0.376987096495237
v -0.3944468161903625 0.7171875000000001 -0.4112424792765691
v -0.35761151115129974 0.717283515789264 -0.4281627587076392
v -0.3261767040327914 0.717323286831379 -0.45196369890412036
v -0.2945296583104229 0.717283515789264 -0.47779765199197294
v -0.24513260214070443 0.7171875000000001 -0.4734419621343165
v -0.19096362391472108 0.7170914842107362 -0.4500485563012608
v -0.15260052824585993 0.7170517131686212 -0.45561033974031934
v -0.12227760042693277 0.7170914842107362 -0.4917848077029618
v -0.08457441371488907 0.7171875000000001 -0.5139251606449494
v -0.04209892915049294 0.717283515789264 -0.5138444304557622
v -1.1983537696505736e-16 0.717323286831379 -0.5218827264524658
v 0.04355336623020593 0.717283515789264 -0.5315967678177743
v 0.08361016558431422 0.7171875000000001 -0.5080658072821498
v 0.11590099817940215 0.7170914842107362 -0.4661389322592914
v 0.15260052824585968 0.7170517131686212 -0.4556103397403192
v 0.20146999653082462 0.7170914842107362 -0.4748091768367831
v 0.2479596346158246 0.7171875000000001 -0.4789020102484804
v 0.28469402691840295 0.717283515789264 -0.46184190202803377
v 0.32617670403279114 0.717323286831379 -0.4519636989041204
v 0.36996630146179466 0.717283515789264 -0.44295495900780796
v 0.389949656961983 0.7171875000000001 -0.4065538296668645
v 0.39171004140939325 0.7170914842107362 -0.35732775775773884
v 0.41691239642953903 0.7170517131686212 -0.3335299171436314
v 0.47123387061904604 0.7170914842107362 -0.3306088104783024
v 0.5140530990957114 0.7171875000000001 -0.31555745295229
v 0.535203448384549 0.717283515789264 -0.28608920892103984
v 0.5649546236301503 0.717323286831379 -0.26094136322623307
v 0.5972470649899662 0.717283515789264 -0.23562372664833836
v 0.591802452667896 0.7171875000000001 -0.19610608171256372
v 0.5625606953765759 0.7170914842107362 -0.15277089913177688
v 0.5695129246753994 0.7170517131686212 -0.12208042259668801
v 0.6147310096287019 0.7170914842107362 -0.09782208034154617
v 0.6424064508061867 0.7171875000000001 -0.06765953097191128
v 0.6423055380697029 0.717283515789264 -0.033679143320394386
v 0.6639350793062462 0.67517578125 0
v 0.6756154230054081 0.6751242961138805 0.03542573948412513
v 0.6465962679397869 0.675 0.06810081088396955
v 0.5934937123807642 0.6748757038861196 0.09444259148367973
v 0.5790167322297465 0.6748242187500001 0.12411765264405454
v 0.6033763348781392 0.6748757038861196 0.16385493325740708
v 0.6100187890662803 0.675 0.20214244458693248
v 0.5887562051595272 0.6751242961138805 0.23227394369757517
v 0.5749846451428452 0.67517578125 0.26557403172249844
v 0.5629590323336746 0.6751242961138805 0.300925759543265
v 0.5174057872255841 0.675 0.3176155394197522
v 0.4549540122307771 0.6748757038861196 0.3191871683764083
v 0.4238696664246783 0.6748242187500001 0.3390957331397426
v 0.42012990076093587 0.6748757038861196 0.38325306868757386
v 0.4019527402503869 0.675 0.4190680078218838
v 0.364706615492889 0.6751242961138805 0.4366576179431075
v 0.33196753965312314 0.67517578125 0.45998771611427614
v 0.2994582235763268 0.6751242961138805 0.48579296535106486
v 0.24957684366509666 0.675 0.48202544066443676
v 0.19450975191025408 0.6748757038861196 0.45840580126830144
v 0.15514706580506818 0.6748242187500001 0.4632133857837972
v 0.12430999901867193 0.6748757038861196 0.49995885386615574
v 0.08618377928892558 0.675 0.523704636787242
v 0.042934182730642985 0.6751242961138805 0.5240392360918863
v 4.0654298485701923e-17 0.67517578125 0.531148063444997
v -0.04428217435515647 0.6751242961138805 0.5404923384043264
v -0.08512601360496183 0.675 0.5172770143518296
v -0.11805323935459965 0.6748757038861196 0.4747949699046115
v -0.15514706580506826 0.6748242187500001 0.4632133857837973
v -0.20481866657175862 0.6748757038861196 0.4827010679025114
v -0.2526780557336656 0.675 0.4880150312530242
v -0.29034242962196893 0.6751242961138805 0.47100496412762194
v -0.3319675396531229 0.67517578125 0.4599877161142762
v -0.3761571994290811 0.6751242961138805 0.4503672258669398
v -0.39701942427469017 0.675 0.4139246297804671
v -0.3989839604705103 0.6748757038861196 0.3639632097846217
v -0.4238696664246782 0.6748242187500001 0.33909573313974267
v -0.4790663358594673 0.6748757038861196 0.3361039206087487
v -0.5238350097773548 0.675 0.3215621922003096
v -0.5458220224288843 0.6751242961138805 0.2917652923943111
v -0.5749846451428452 0.67517578125 0.26557403172249844
v -0.6072412066888311 0.6751242961138805 0.23956657886106145
v -0.6025318008305458 0.675 0.19966147493207734
v -0.5730072515853768 0.6748757038861196 0.1556078015282033
v -0.5790167322297463 0.6748242187500001 0.12411765264405465
v -0.6249485673326942 0.6748757038861196 0.09944799921493763
v -0.6546307959840526 0.675 0.0689470234311404
v -0.6550490451148578 0.6751242961138805 0.034347346184514425
v -0.6639350793062462 0.67517578125 6.504687757712308e-17
v -0.6756154230054081 0.6751242961138805 -0.03542573948412502
v -0.6465962679397869 0.675 -0.06810081088396966
v -0.593493712380764 0.6748757038861196 -0.09444259148367974
v -0.5790167322297465 0.6748242187500001 -0.12411765264405433
v -0.6033763348781392 0.6748757038861196 -0.16385493325740705
v -0.6100187890662804 0.675 -0.20214244458693242
v -0.5887562051595274 0.6751242961138805 -0.23227394369757512
v -0.5749846451428452 0.67517578125 -0.2655740317224986
v -0.5629590323336748 0.6751242961138805 -0.3009257595432649
v -0.5174057872255844 0.675 -0.3176155394197521
v -0.4549540122307772 0.6748757038861196 -0.3191871683764083
v -0.42386966642467827 0.6748242187500001 -0.33909573313974256
v -0.4201299007609359 0.6748757038861196 -0.38325306868757386
v -0.401952740250387 0.675 -0.4190680078218837
v -0.3647066154928889 0.6751242961138805 -0.43665761794310737
v -0.3319675396531233 0.67517578125 -0.45998771611427597
v -0.29945822357632684 0.6751242961138805 -0.4857929653510648
v -0.24957684366509716 0.675 -0.482025440664437
v -0.19450975191025419 0.6748757038861196 -0.4584058012683015
v -0.15514706580506812 0.6748242187500001 -0.4632133857837973
v -0.12430999901867214 0.6748757038861196 -0.4999588538661557
v -0.08618377928892552 0.675 -0.523704636787242
v -0.04293418273064278 0.6751242961138805 -0.5240392360918863
v -1.2196289545710573e-16 0.67517578125 -0.5311480634449969
v 0.04428217435515594 0.6751242961138805 -0.5404923384043265
v 0.08512601360496173 0.675 -0.5172770143518295
v 0.11805323935459973 0.6748757038861196 -0.47479496990461156
v 0.15514706580506787 0.6748242187500001 -0.46321338578379717
v 0.20481866657175873 0.6748757038861196 -0.48270106790251144
v 0.25267805573366575 0.675 -0.48801503125302415
v 0.2903424296219688 0.6751242961138805 -0.471004964127622
v 0.3319675396531231 0.67517578125 -0.459987716114276
v 0.37615719942908105 0.6751242961138805 -0.45036722586693984
v 0.3970194242746899 0.675 -0.41392462978046696
v 0.3989839604705103 0.6748757038861196 -0.3639632097846215
v 0.42386966642467827 0.6748242187500001 -0.3390957331397428
v 0.47906633585946706 0.6748757038861196 -0.33610392060874894
v 0.5238350097773546 0.675 -0.3215621922003096
v 0.5458220224288843 0.6751242961138805 -0.29176529239431115
v 0.5749846451428448 0.67517578125 -0.2655740317224986
v 0.6072412066888311 0.6751242961138805 -0.2395665788610615
v 0.6025318008305466 0.675 -0.1996614749320779
v 0.5730072515853768 0.6748757038861196 -0.15560780152820336
v 0.5790167322297467 0.6748242187500001 -0.12411765264405457
v 0.6249485673326941 0.6748757038861196 -0.09944799921493766
v 0.6546307959840525 0.675 -0.06894702343114044
v 0.655049045114858 0.6751242961138805 -0.03434734618451426
v 0.675650250243163 0.6330365207791329 0
v 0.686781215036873 0.6329709066120516 0.03601121522397873
v 0.6581139043451655 0.6328125 0.06931387136322684
v 0.604340678498643 0.6326540933879484 0.09616866805119509
v 0.5885445130338715 0.6325884792208671 0.12616002158175538
v 0.613241307106677 0.6326540933879484 0.16653389872664393
v 0.6214533418002005 0.6328125 0.2059315220445806
v 0.6003309585939146 0.6329709066120516 0.23684037306846184
v 0.5851302807838923 0.6330365207791329 0.2702601000972652
v 0.5722629695488887 0.6329709066120516 0.3058991132198637
v 0.5266221901446586 0.6328125 0.32327313517326733
v 0.4632689625881521 0.6326540933879484 0.3250207809799051
v 0.43084448605667724 0.6325884792208671 0.3446755888453418
v 0.42699886390020453 0.6326540933879484 0.3895191097312094
v 0.4094871799878446 0.6328125 0.42692326625068217
v 0.3718766276528055 0.6329709066120516 0.4452421631566376
v 0.3378251251215816 0.6330365207791329 0.4681042246271139
v 0.30440732351204336 0.6329709066120516 0.49382159086308963
v 0.2540224853785813 0.6328125 0.4906116234789537
v 0.19806470227376177 0.6326540933879484 0.46678383812171675
v 0.1577000269771942 0.6325884792208671 0.4708356104270972
v 0.12634241994266532 0.6326540933879484 0.5081329898468075
v 0.08779925898684794 0.6328125 0.5335212660348562
v 0.04377825464811767 0.6329709066120516 0.5343416751907062
v 4.137164581516989e-17 0.6330365207791329 0.5405202001945305
v -0.04501401902997347 0.6329709066120516 0.5494249720294984
v -0.08664233920403344 0.6328125 0.5264911234761325
v -0.12021083506399384 0.6326540933879484 0.4834725427989145
v -0.15770002697719432 0.6325884792208671 0.47083561042709726
v -0.2081673734083047 0.6326540933879484 0.49059304568534157
v -0.2574144025557257 0.6328125 0.49716267344016035
v -0.29605046633557713 0.6329709066120516 0.4802647668751318
v -0.33782512512158136 0.6330365207791329 0.46810422462711393
v -0.3823738915248294 0.6329709066120516 0.4578103756391109
v -0.4040914189665841 0.6328125 0.42129775211572684
v -0.40627597622488143 0.6326540933879484 0.3706151700705217
v -0.4308444860566772 0.6325884792208671 0.34467558884534183
v -0.4868988871640117 0.6326540933879484 0.3415990911201637
v -0.5336540828133526 0.6328125 0.32758974399027574
v -0.556552703945797 0.6329709066120516 0.29750130212224435
v -0.5851302807838923 0.6330365207791329 0.2702601000972652
v -0.617276988578862 0.6329709066120516 0.2435258588096347
v -0.613264529348692 0.6328125 0.20321798830286508
v -0.583479797652146 0.6326540933879484 0.15845176181900944
v -0.5885445130338713 0.6325884792208671 0.1261600215817555
v -0.635166237308509 0.6326540933879484 0.10107393595413232
v -0.6669015825435703 0.6328125 0.07023940718947828
v -0.6679270939883827 0.6329709066120516 0.03502260371849418
v -0.675650250243163 0.6330365207791329 6.619463330427183e-17
v -0.686781215036873 0.6329709066120516 -0.03601121522397862
v -0.6581139043451654 0.6328125 -0.06931387136322693
v -0.6043406784986428 0.6326540933879484 -0.0961686680511951
v -0.5885445130338715 0.6325884792208671 -0.12616002158175516
v -0.613241307106677 0.6326540933879484 -0.1665338987266439
v -0.6214533418002005 0.6328125 -0.20593152204458048
v -0.6003309585939147 0.6329709066120516 -0.2368403730684617
v -0.5851302807838924 0.6330365207791329 -0.2702601000972653
v -0.5722629695488888 0.6329709066120516 -0.30589911321986357
v -0.5266221901446589 0.6328125 -0.3232731351732674
v -0.4632689625881521 0.6326540933879484 -0.3250207809799051
v -0.43084448605667724 0.6325884792208671 -0.3446755888453417
v -0.4269988639002046 0.6326540933879484 -0.3895191097312094
v -0.4094871799878447 0.6328125 -0.42692326625068194
v -0.3718766276528054 0.6329709066120516 -0.4452421631566376
v -0.3378251251215818 0.6330365207791329 -0.4681042246271138
v -0.3044073235120434 0.6329709066120516 -0.4938215908630896
v -0.2540224853785818 0.6328125 -0.4906116234789539
v -0.19806470227376186 0.6326540933879484 -0.46678383812171675
v -0.15770002697719418 0.6325884792208671 -0.47083561042709726
v -0.1263424199426655 0.6326540933879484 -0.5081329898468074
v -0.08779925898684787 0.6328125 -0.5335212660348562
v -0.04377825464811746 0.6329709066120516 -0.5343416751907061
v -1.2411493744550966e-16 0.6330365207791329 -0.5405202001945305
v 0.045014019029972936 0.6329709066120516 -0.5494249720294985
v 0.08664233920403334 0.6328125 -0.5264911234761324
v 0.12021083506399391 0.6326540933879484 -0.4834725427989145
v 0.1577000269771939 0.6325884792208671 -0.47083561042709715
v 0.20816737340830482 0.6326540933879484 -0.4905930456853417
v 0.2574144025557259 0.6328125 -0.4971626734401604
v 0.2960504663355771 0.6329709066120516 -0.48026476687513187
v 0.3378251251215816 0.6330365207791329 -0.4681042246271139
v 0.38237389152482937 0.6329709066120516 -0.457810375639111
v 0.40409141896658385 0.6328125 -0.42129775211572656
v 0.40627597622488143 0.6326540933879484 -0.3706151700705214
v 0.4308444860566772 0.6325884792208671 -0.34467558884534194
v 0.4868988871640115 0.6326540933879484 -0.3415990911201639
v 0.5336540828133525 0.6328125 -0.32758974399027574
v 0.5565527039457969 0.6329709066120516 -0.29750130212224435
v 0.5851302807838921 0.6330365207791329 -0.2702601000972654
v 0.617276988578862 0.6329709066120516 -0.24352585880963476
v 0.6132645293486928 0.6328125 -0.20321798830286564
v 0.5834797976521461 0.6326540933879484 -0.15845176181900955
v 0.5885445130338718 0.6325884792208671 -0.12616002158175543
v 0.6351662373085089 0.6326540933879484 -0.10107393595413236
v 0.6669015825435703 0.6328125 -0.07023940718947835
v 0.6679270939883827 0.6329709066120516 -0.035022603718494014
v 0.6874860361899967 0.5909065675735474 0
v 0.697979615935837 0.5908240983406177 0.036598400802307834
v 0.6696187991206004 0.5906250000000001 0.0705255898685598
v 0.6151990241978048 0.5904259016593825 0.09789655545027268
v 0.5980844977099621 0.5903434324264527 0.1282050065335664
v 0.6230956092297647 0.5904259016593825 0.16920996658569074
v 0.6329183628799332 0.5906250000000001 0.20973069582387555
v 0.6120136625526655 0.5908240983406177 0.24144939068521046
v 0.5953803720876052 0.5909065675735474 0.27499441447599865
v 0.5815940782226983 0.5908240983406177 0.3108869912070182
v 0.535828397222219 0.5906250000000001 0.3289244720912954
v 0.4715926361822762 0.5904259016593825 0.33086051364205005
v 0.4378282395430041 0.5903434324264527 0.3502625916344032
v 0.43386039746346117 0.5904259016593825 0.39577837332863003
v 0.4170416958857578 0.5906250000000001 0.4347994556888364
v 0.37911351005550886 0.5908240983406177 0.45390677108273225
v 0.3437430180949984 0.5909065675735474 0.4763042976700841
v 0.3093708769270643 0.5908240983406177 0.5018736633804665
v 0.25846320900648123 0.5906250000000001 0.49918830764633504
v 0.2016233821452424 0.5904259016593825 0.4751706643960936
v 0.16025625816695796 0.5903434324264527 0.4784675981679697
v 0.12837264256897718 0.5904259016593825 0.5162982845564597
v 0.08941904326888782 0.5906250000000001 0.5433640525324818
v 0.044630198699250195 0.5908240983406177 0.5447401987296175
v 4.209637868392904e-17 0.5909065675735474 0.5499888289519974
v -0.04574800100288485 0.5908240983406177 0.5583836927486696
v -0.08815698733569963 0.5906250000000001 0.5356950392964805
v -0.12237069431284084 0.5904259016593825 0.4921592193582439
v -0.16025625816695807 0.5903434324264527 0.47846759816796974
v -0.21151245823211323 0.5904259016593825 0.49847648738381173
v -0.2621633697798444 0.5906250000000001 0.5063346903039465
v -0.3018117383565129 0.5908240983406177 0.48961093004213246
v -0.3437430180949982 0.5909065675735474 0.47630429767008414
v -0.3886087390087725 0.5908240983406177 0.4652752625781587
v -0.4111555901141192 0.5906250000000001 0.42866271777777515
v -0.4135756420525626 0.5904259016593825 0.377274108945821
v -0.437828239543004 0.5903434324264527 0.35026259163440326
v -0.4947229666607875 0.5904259016593825 0.34708831797076894
v -0.5434993196110454 0.5906250000000001 0.3336333567086064
v -0.5673834638534154 0.5908240983406177 0.30329080804440706
v -0.5953803720876051 0.5909065675735474 0.2749944144759986
v -0.627342079225583 0.5908240983406177 0.24749670154165146
v -0.6239853845579187 0.5906250000000001 0.20677056720518502
v -0.5939633304951171 0.5904259016593825 0.16129870571619395
v -0.5980844977099619 0.5903434324264527 0.12820500653356648
v -0.6453728556955741 0.5904259016593825 0.10269811405518184
v -0.6792050656656022 0.5906250000000001 0.0715352346151102
v -0.6809252484120218 0.5908240983406177 0.0357041589594002
v -0.6874860361899966 0.5909065675735474 6.735420589428647e-17
v -0.697979615935837 0.5908240983406177 -0.03659840080230772
v -0.6696187991206004 0.5906250000000001 -0.0705255898685599
v -0.6151990241978046 0.5904259016593825 -0.09789655545027272
v -0.598084497709962 0.5903434324264527 -0.12820500653356617
v -0.6230956092297647 0.5904259016593825 -0.1692099665856907
v -0.6329183628799332 0.5906250000000001 -0.2097306958238755
v -0.6120136625526655 0.5908240983406177 -0.24144939068521032
v -0.5953803720876052 0.5909065675735474 -0.2749944144759988
v -0.5815940782226984 0.5908240983406177 -0.310886991207018
v -0.5358283972222195 0.5906250000000001 -0.32892447209129544
v -0.4715926361822762 0.5904259016593825 -0.33086051364205005
v -0.43782823954300404 0.5903434324264527 -0.35026259163440315
v -0.4338603974634612 0.5904259016593825 -0.39577837332863003
v -0.41704169588575796 0.5906250000000001 -0.43479945568883627
v -0.3791135100555088 0.5908240983406177 -0.45390677108273225
v -0.3437430180949986 0.5909065675735474 -0.4763042976700839
v -0.30937087692706433 0.5908240983406177 -0.5018736633804665
v -0.25846320900648173 0.5906250000000001 -0.4991883076463352
v -0.20162338214524247 0.5904259016593825 -0.4751706643960936
v -0.16025625816695793 0.5903434324264527 -0.47846759816796974
v -0.1283726425689774 0.5904259016593825 -0.5162982845564595
v -0.08941904326888776 0.5906250000000001 -0.5433640525324818
v -0.04463019869924997 0.5908240983406177 -0.5447401987296174
v -1.262891360517871e-16 0.5909065675735474 -0.5499888289519973
v 0.04574800100288431 0.5908240983406177 -0.5583836927486697
v 0.08815698733569954 0.5906250000000001 -0.5356950392964804
v 0.12237069431284094 0.5904259016593825 -0.492159219358244
v 0.16025625816695765 0.5903434324264527 -0.47846759816796963
v 0.21151245823211334 0.5904259016593825 -0.49847648738381184
v 0.2621633697798446 0.5906250000000001 -0.5063346903039466
v 0.30181173835651287 0.5908240983406177 -0.4896109300421325
v 0.34374301809499835 0.5909065675735474 -0.476304297670084
v 0.38860873900877246 0.5908240983406177 -0.46527526257815877
v 0.4111555901141189 0.5906250000000001 -0.4286627177777749
v 0.4135756420525626 0.5904259016593825 -0.37727410894582075
v 0.4378282395430039 0.5903434324264527 -0.3502625916344033
v 0.4947229666607872 0.5904259016593825 -0.3470883179707691
v 0.5434993196110453 0.5906250000000001 -0.3336333567086064
v 0.5673834638534153 0.5908240983406177 -0.30329080804440706
v 0.5953803720876047 0.5909065675735474 -0.2749944144759988
v 0.627342079225583 0.5908240983406177 -0.24749670154165154
v 0.6239853845579194 0.5906250000000001 -0.20677056720518558
v 0.5939633304951172 0.5904259016593825 -0.16129870571619404
v 0.5980844977099623 0.5903434324264527 -0.1282050065335664
v 0.645372855695574 0.5904259016593825 -0.10269811405518188
v 0.6792050656656021 0.5906250000000001 -0.07153523461511024
v 0.6809252484120218 0.5908240983406177 -0.03570415895940002
v 0.6994302004831179 0.5487870481610299 0
v 0.70919768441913 0.5486846678750155 0.03718661764590264
v 0.6810953741227073 0.5484375 0.07173432567878095
v 0.6260538851986793 0.5481903321249846 0.09962388832968155
v 0.6076255831842555 0.5480879518389702 0.13025022745176898
v 0.6329292233267964 0.5481903321249846 0.1718804163338958
v 0.6444017726194992 0.5484375 0.21353596306900796
v 0.6237919267112738 0.5486846678750155 0.24609610836233534
v 0.6057243217924231 0.5487870481610299 0.2797720801932471
v 0.5909415749833768 0.5486846678750155 0.3158836293298224
v 0.5450119428410928 0.5484375 0.33456189801025366
v 0.47991363851395197 0.5481903321249846 0.3366983721967601
v 0.4448127988695443 0.5480879518389702 0.3558502390956354
v 0.44070752598987517 0.5481903321249846 0.402024496288918
v 0.4246083284140798 0.5484375 0.4426882776871363
v 0.3864095874811443 0.5486846678750155 0.4626422522987799
v 0.349715100241559 0.5487870481610299 0.48457945743393843
v 0.31434314775685207 0.5486846678750155 0.5099398776326042
v 0.2628930016098903 0.5484375 0.5077438799516553
v 0.2051809199527294 0.5481903321249846 0.4835547991408431
v 0.16281278431471122 0.5480879518389702 0.48610046654740446
v 0.13039860296564884 0.5481903321249846 0.524446437125796
v 0.09104142551057894 0.5484375 0.5532226258002718
v 0.045489111337798864 0.5486846678750155 0.5552237783472507
v 4.282774781243209e-17 0.5487870481610299 0.5595441603864943
v -0.046483272057378365 0.5486846678750155 0.567358147535304
v -0.08966790709847608 0.5484375 0.5448762992981661
v -0.12452986041210191 0.5481903321249846 0.5008431081589435
v -0.16281278431471133 0.5480879518389702 0.4861004665474046
v -0.21485052041736954 0.5481903321249846 0.5063433786614371
v -0.2669199538362599 0.5484375 0.5155214180955994
v -0.30762013545291905 0.5486846678750155 0.49903354136901906
v -0.3497151002415588 0.5487870481610299 0.4845794574339385
v -0.3948545366622778 0.5486846678750155 0.47275325998670154
v -0.41820237251281706 0.5484375 0.4360095542728743
v -0.4208729652459501 0.5481903321249846 0.38393091081116154
v -0.4448127988695442 0.5480879518389702 0.35585023909563546
v -0.5025306203611475 0.5481903321249846 0.35256602079190014
v -0.5533603471089202 0.5484375 0.339686662731264
v -0.5783028153734749 0.5486846678750155 0.30912766998491537
v -0.6057243217924231 0.5487870481610299 0.2797720801932471
v -0.6374248470407551 0.5486846678750155 0.25147451820548167
v -0.6346798499395689 0.5484375 0.2103144012879123
v -0.6044434989260539 0.5481903321249846 0.16414473596218354
v -0.6076255831842553 0.5480879518389702 0.1302502274517691
v -0.6555580464072445 0.5481903321249846 0.10431888237251914
v -0.6915282822503398 0.5484375 0.07283314040846309
v -0.6940297229340634 0.5486846678750155 0.03639128907023913
v -0.6994302004831179 0.5487870481610299 6.852439649989135e-17
v -0.70919768441913 0.5486846678750155 -0.03718661764590253
v -0.6810953741227073 0.5484375 -0.07173432567878106
v -0.6260538851986791 0.5481903321249846 -0.09962388832968157
v -0.6076255831842555 0.5480879518389702 -0.13025022745176876
v -0.6329292233267964 0.5481903321249846 -0.17188041633389578
v -0.6444017726194993 0.5484375 -0.2135359630690079
v -0.6237919267112738 0.5486846678750155 -0.2460961083623352
v -0.6057243217924231 0.5487870481610299 -0.2797720801932473
v -0.5909415749833771 0.5486846678750155 -0.3158836293298222
v -0.5450119428410933 0.5484375 -0.3345618980102537
v -0.4799136385139521 0.5481903321249846 -0.33669837219676013
v -0.4448127988695443 0.5480879518389702 -0.35585023909563535
v -0.4407075259898752 0.5481903321249846 -0.402024496288918
v -0.42460832841407997 0.5484375 -0.44268827768713614
v -0.38640958748114423 0.5486846678750155 -0.4626422522987799
v -0.3497151002415593 0.5487870481610299 -0.4845794574339384
v -0.3143431477568521 0.5486846678750155 -0.5099398776326041
v -0.2628930016098908 0.5484375 -0.5077438799516554
v -0.20518091995272952 0.5481903321249846 -0.4835547991408432
v -0.1628127843147112 0.5480879518389702 -0.4861004665474046
v -0.13039860296564904 0.5481903321249846 -0.5244464371257959
v -0.09104142551057888 0.5484375 -0.5532226258002718
v -0.045489111337798635 0.5486846678750155 -0.5552237783472507
v -1.2848324343729628e-16 0.5487870481610299 -0.5595441603864943
v 0.04648327205737781 0.5486846678750155 -0.5673581475353041
v 0.08966790709847598 0.5484375 -0.544876299298166
v 0.12452986041210201 0.5481903321249846 -0.5008431081589436
v 0.1628127843147109 0.5480879518389702 -0.4861004665474044
v 0.21485052041736966 0.5481903321249846 -0.5063433786614372
v 0.26691995383626016 0.5484375 -0.5155214180955994
v 0.307620135452919 0.5486846678750155 -0.4990335413690191
v 0.349715100241559 0.5487870481610299 -0.48457945743393843
v 0.3948545366622777 0.5486846678750155 -0.4727532599867016
v 0.4182023725128168 0.5484375 -0.436009554272874
v 0.4208729652459501 0.5481903321249846 -0.3839309108111614
v 0.4448127988695442 0.5480879518389702 -0.3558502390956356
v 0.5025306203611473 0.5481903321249846 -0.3525660207919004
v 0.5533603471089201 0.5484375 -0.339686662731264
v 0.5783028153734749 0.5486846678750155 -0.30912766998491537
v 0.6057243217924226 0.5487870481610299 -0.2797720801932473
v 0.6374248470407551 0.5486846678750155 -0.2514745182054817
v 0.6346798499395696 0.5484375 -0.21031440128791282
v 0.604443498926054 0.5481903321249846 -0.16414473596218365
v 0.6076255831842557 0.5480879518389702 -0.13025022745176898
v 0.6555580464072444 0.5481903321249846 -0.10431888237251921
v 0.6915282822503398 0.5484375 -0.07283314040846316
v 0.6940297229340634 0.5486846678750155 -0.03639128907023895
v 0.7114711833922513 0.5066791534423829 0
v 0.7204232866755058 0.5065534573092785 0.03777522952115818
v 0.6925288766470167 0.5062500000000001 0.07293852500957865
v 0.6368911065156926 0.5059465426907217 0.10134841420806907
v 0.6171573605027244 0.5058208465576173 0.1322934530797026
v 0.6427329189695583 0.5059465426907217 0.17454274132472447
v 0.65589225131542 0.5062500000000001 0.21734357276021554
v 0.6356539766085642 0.5065534573092785 0.2507758808824984
v 0.6161521188782669 0.5066791534423829 0.2845884733569005
v 0.6002953492881434 0.5065534573092785 0.3208836230693132
v 0.5541610218996297 0.5062500000000001 0.3401781662316684
v 0.48822111880692753 0.5059465426907217 0.34252674394373267
v 0.4517905441530962 0.5058208465576173 0.36143243532247693
v 0.4475338223482098 0.5059465426907217 0.4082516156212106
v 0.4321796188093864 0.5062500000000001 0.45058195588578615
v 0.3937575662080544 0.5065534573092785 0.47143987414408967
v 0.35573559169612573 0.5066791534423829 0.4929216951026135
v 0.3193187578388643 0.5065534573092785 0.518011508951673
v 0.26730616885743125 0.5062500000000001 0.5162673425292824
v 0.20873267658602696 0.5059465426907217 0.4919253092536111
v 0.16536681634962827 0.5058208465576173 0.4937258884021796
v 0.13241839944304504 0.5059465426907217 0.5325697992032923
v 0.09266480645818731 0.5062500000000001 0.5630872678077247
v 0.0463541339284521 0.5065534573092785 0.5657819338489418
v 4.356504537134501e-17 0.5066791534423829 0.5691769467138011
v -0.04721903690144778 0.5065534573092785 0.5763386293404047
v -0.0911731562619732 0.5062500000000001 0.5540231013176136
v -0.12668551776008632 0.5059465426907217 0.5095128852125542
v -0.16536681634962833 0.5058208465576173 0.4937258884021796
v -0.2181784266559054 0.5059465426907217 0.5141863351756466
v -0.27167946595026937 0.5062500000000001 0.524713801052336
v -0.31346985110312287 0.5065534573092785 0.5085231812868514
v -0.3557355916961255 0.5066791534423829 0.4929216951026136
v -0.40110452883664127 0.5065534573092785 0.48023627943051483
v -0.4252227077895855 0.5062500000000001 0.44332881751970366
v -0.4281584299296658 0.5059465426907217 0.39057689504554205
v -0.4517905441530961 0.5058208465576173 0.361432435322477
v -0.5103145195265133 0.5059465426907217 0.3580270578785679
v -0.5632274448572325 0.5062500000000001 0.34574369504750924
v -0.589299842680112 0.5065534573092785 0.31500605296644346
v -0.6161521188782669 0.5066791534423829 0.2845884733569005
v -0.6475143861895911 0.5065534573092785 0.25545500627109147
v -0.6453341781616029 0.5062500000000001 0.21384493508594496
v -0.6149066365670138 0.5059465426907217 0.1669861412688216
v -0.6171573605027243 0.5058208465576173 0.13229345307970275
v -0.665712249004115 0.5059465426907217 0.1059347195544361
v -0.7038590847596558 0.5062500000000001 0.07413184516654978
v -0.7072274173111772 0.5065534573092785 0.03708330714276172
v -0.7114711833922513 0.5066791534423829 6.970407259415201e-17
v -0.7204232866755058 0.5065534573092785 -0.03777522952115807
v -0.6925288766470166 0.5062500000000001 -0.07293852500957874
v -0.6368911065156924 0.5059465426907217 -0.10134841420806909
v -0.6171573605027243 0.5058208465576173 -0.13229345307970236
v -0.6427329189695582 0.5059465426907217 -0.17454274132472444
v -0.65589225131542 0.5062500000000001 -0.2173435727602155
v -0.6356539766085642 0.5065534573092785 -0.2507758808824983
v -0.6161521188782669 0.5066791534423829 -0.28458847335690063
v -0.6002953492881435 0.5065534573092785 -0.32088362306931306
v -0.5541610218996301 0.5062500000000001 -0.34017816623166847
v -0.48822111880692753 0.5059465426907217 -0.34252674394373267
v -0.4517905441530961 0.5058208465576173 -0.36143243532247676
v -0.4475338223482099 0.5059465426907217 -0.4082516156212106
v -0.4321796188093865 0.5062500000000001 -0.45058195588578603
v -0.39375756620805435 0.5065534573092785 -0.47143987414408967
v -0.355735591696126 0.5066791534423829 -0.49292169510261347
v -0.3193187578388644 0.5065534573092785 -0.5180115089516729
v -0.2673061688574317 0.5062500000000001 -0.5162673425292825
v -0.20873267658602704 0.5059465426907217 -0.4919253092536111
v -0.1653668163496282 0.5058208465576173 -0.4937258884021796
v -0.13241839944304523 0.5059465426907217 -0.5325697992032923
v -0.09266480645818725 0.5062500000000001 -0.5630872678077247
v -0.04635413392845188 0.5065534573092785 -0.5657819338489418
v -1.3069513611403501e-16 0.5066791534423829 -0.5691769467138011
v 0.04721903690144722 0.5065534573092785 -0.5763386293404047
v 0.0911731562619731 0.5062500000000001 -0.5540231013176135
v 0.12668551776008638 0.5059465426907217 -0.5095128852125542
v 0.1653668163496279 0.5058208465576173 -0.49372588840217946
v 0.2181784266559055 0.5059465426907217 -0.5141863351756466
v 0.2716794659502696 0.5062500000000001 -0.5247138010523359
v 0.3134698511031228 0.5065534573092785 -0.5085231812868515
v 0.35573559169612573 0.5066791534423829 -0.4929216951026135
v 0.4011045288366412 0.5065534573092785 -0.4802362794305149
v 0.4252227077895852 0.5062500000000001 -0.4433288175197035
v 0.42815842992966574 0.5059465426907217 -0.39057689504554166
v 0.45179054415309605 0.5058208465576173 -0.36143243532247704
v 0.510314519526513 0.5059465426907217 -0.35802705787856814
v 0.5632274448572325 0.5062500000000001 -0.34574369504750924
v 0.589299842680112 0.5065534573092785 -0.3150060529664435
v 0.6161521188782666 0.5066791534423829 -0.2845884733569008
v 0.6475143861895911 0.5065534573092785 -0.2554550062710915
v 0.6453341781616035 0.5062500000000001 -0.21384493508594554
v 0.6149066365670139 0.5059465426907217 -0.16698614126882172
v 0.6171573605027246 0.5058208465576173 -0.1322934530797026
v 0.6657122490041149 0.5059465426907217 -0.10593471955443613
v 0.7038590847596558 0.5062500000000001 -0.07413184516654985
v 0.7072274173111773 0.5065534573092785 -0.03708330714276155
v 0.7235981293395674 0.46458413869142534 0
v 0.7316451232317768 0.46443135425603616 0.03836364394279389
v 0.7039054118484154 0.46406250000000004 0.07413672442810271
v 0.647697274870583 0.46369364574396393 0.10306799863188859
v 0.6266701410066474 0.46354086130857475 0.13433260656274315
v 0.6524982782717206 0.46369364574396393 0.17719465556828454
v 0.6673792689541351 0.46406250000000004 0.2211500355579554
v 0.6475886830173276 0.46443135425603616 0.255484317583705
v 0.6266543621389633 0.46458413869142534 0.2894392517358269
v 0.6096459858094687 0.46443135425603616 0.32588193952891126
v 0.5632645157545114 0.46406250000000004 0.3457664514474695
v 0.496504794854947 0.46369364574396393 0.3483384150806686
v 0.4587543828032185 0.46354086130857475 0.3670035062425747
v 0.45433342517874004 0.46369364574396393 0.4144543844456563
v 0.43974862864964626 0.46406250000000004 0.4584732564226754
v 0.4011505522064985 0.46443135425603616 0.48029138250295095
v 0.36179906466978373 0.46458413869142534 0.5013234897111706
v 0.32429269882063777 0.46443135425603616 0.526080432590369
v 0.27169734753907865 0.46406250000000004 0.5247483370317118
v 0.21227425601974753 0.46369364574396393 0.5002718345158462
v 0.16791575820342897 0.46354086130857475 0.501336112805318
v 0.13443029771465018 0.46369364574396393 0.5406613957112766
v 0.09428769842579104 0.46406250000000004 0.5729489384776723
v 0.047224454888638995 0.46443135425603616 0.5764047593489038
v 4.430760664823568e-17 0.46458413869142534 0.5788785034716539
v -0.04795455492849241 0.46443135425603616 0.5853160985854216
v -0.09267090553512827 0.46406250000000004 0.5631243294787325
v -0.12883499828986072 0.46369364574396393 0.5181578198964666
v -0.16791575820342905 0.46354086130857475 0.5013361128053181
v -0.22149331946035547 0.46369364574396393 0.5219986226173764
v -0.2764375444474442 0.46406250000000004 0.5339034151633081
v -0.3193553969796311 0.46443135425603616 0.5180709464138622
v -0.36179906466978345 0.46458413869142534 0.5013234897111706
v -0.40735242441113884 0.46443135425603616 0.4877167886475751
v -0.43220806430933684 0.46406250000000004 0.4506116126036091
v -0.43542301885083573 0.46369364574396393 0.3972038358839576
v -0.4587543828032184 0.46354086130857475 0.3670035062425748
v -0.5180679805570704 0.46369364574396393 0.3634667401429921
v -0.573091570528344 0.46406250000000004 0.3517989029197171
v -0.6003642281286887 0.46443135425603616 0.32092044176519874
v -0.6266543621389633 0.46458413869142534 0.2894392517358269
v -0.657600540737961 0.46443135425603616 0.25943415905651024
v -0.6559354212896397 0.46406250000000004 0.21735787803126294
v -0.6253397931448077 0.46369364574396393 0.16981940481579808
v -0.6266701410066473 0.46354086130857475 0.1343326065627433
v -0.6758267446390952 0.46369364574396393 0.1075442381717202
v -0.7161861730970904 0.46406250000000004 0.07543015874063277
v -0.7205059491861296 0.46443135425603616 0.037779563910911244
v -0.7235981293395672 0.46458413869142534 7.089217063717709e-17
v -0.7316451232317768 0.46443135425603616 -0.03836364394279377
v -0.7039054118484154 0.46406250000000004 -0.07413672442810282
v -0.6476972748705828 0.46369364574396393 -0.10306799863188862
v -0.6266701410066474 0.46354086130857475 -0.13433260656274296
v -0.6524982782717206 0.46369364574396393 -0.1771946555682845
v -0.6673792689541351 0.46406250000000004 -0.22115003555795532
v -0.6475886830173277 0.46443135425603616 -0.2554843175837049
v -0.6266543621389632 0.46458413869142534 -0.289439251735827
v -0.6096459858094689 0.46443135425603616 -0.32588193952891115
v -0.5632645157545119 0.46406250000000004 -0.34576645144746954
v -0.496504794854947 0.46369364574396393 -0.3483384150806686
v -0.45875438280321845 0.46354086130857475 -0.3670035062425747
v -0.4543334251787401 0.46369364574396393 -0.4144543844456563
v -0.43974862864964637 0.46406250000000004 -0.45847325642267517
v -0.40115055220649837 0.46443135425603616 -0.48029138250295095
v -0.36179906466978395 0.46458413869142534 -0.5013234897111705
v -0.3242926988206378 0.46443135425603616 -0.5260804325903689
v -0.27169734753907915 0.46406250000000004 -0.524748337031712
v -0.21227425601974761 0.46369364574396393 -0.5002718345158462
v -0.16791575820342888 0.46354086130857475 -0.501336112805318
v -0.13443029771465037 0.46369364574396393 -0.5406613957112765
v -0.09428769842579099 0.46406250000000004 -0.5729489384776723
v -0.047224454888638766 0.46443135425603616 -0.5764047593489038
v -1.3292281994470702e-16 0.46458413869142534 -0.5788785034716538
v 0.04795455492849184 0.46443135425603616 -0.5853160985854216
v 0.09267090553512818 0.46406250000000004 -0.5631243294787324
v 0.1288349982898608 0.46369364574396393 -0.5181578198964667
v 0.16791575820342863 0.46354086130857475 -0.501336112805318
v 0.22149331946035558 0.46369364574396393 -0.5219986226173765
v 0.2764375444474444 0.46406250000000004 -0.5339034151633081
v 0.319355396979631 0.46443135425603616 -0.5180709464138623
v 0.3617990646697837 0.46458413869142534 -0.5013234897111706
v 0.4073524244111388 0.46443135425603616 -0.4877167886475752
v 0.43220806430933656 0.46406250000000004 -0.4506116126036088
v 0.4354230188508356 0.46369364574396393 -0.39720383588395725
v 0.45875438280321834 0.46354086130857475 -0.36700350624257483
v 0.5180679805570702 0.46369364574396393 -0.3634667401429923
v 0.5730915705283439 0.46406250000000004 -0.3517989029197171
v 0.6003642281286887 0.46443135425603616 -0.32092044176519874
v 0.6266543621389629 0.46458413869142534 -0.28943925173582713
v 0.657600540737961 0.46443135425603616 -0.25943415905651035
v 0.6559354212896403 0.46406250000000004 -0.21735787803126347
v 0.6253397931448078 0.46369364574396393 -0.16981940481579816
v 0.6266701410066476 0.46354086130857475 -0.13433260656274318
v 0.6758267446390951 0.46369364574396393 -0.10754423817172026
v 0.7161861730970904 0.46406250000000004 -0.07543015874063284
v 0.7205059491861296 0.46443135425603616 -0.03777956391091106
v 0.7358009123612272 0.42250332355499265 0
v 0.7428527537959282 0.42231929184651457 0.03895131347649659
v 0.7152119731210224 0.421875 0.07532755405263361
v 0.6584597493483111 0.42143070815348543 0.10478063005367101
v 0.6361549808043373 0.42124667644500735 0.13636577069404685
v 0.6622177190151733 0.42143070815348543 0.17983410001159278
v 0.6788531130191632 0.421875 0.22495213301738634
v 0.6595855897128254 0.42231929184651457 0.2602172933144322
v 0.6372222822325903 0.42250332355499265 0.2943203649444909
v 0.6189847851356906 0.42231929184651457 0.3308739284997884
v 0.5723120165307024 0.421875 0.35132036466293515
v 0.5047549765216269 0.42143070815348543 0.35412658719034273
v 0.46569776743677876 0.42124667644500735 0.372558213949423
v 0.46110105499608006 0.42143070815348543 0.4206279866828201
v 0.44730895817687755 0.421875 0.4663555070362181
v 0.40858206833992666 0.42231929184651457 0.48918902239945505
v 0.3679004561806137 0.42250332355499265 0.5097778257860722
v 0.32926034317119257 0.42231929184651457 0.534139141585049
v 0.2760615172923535 0.421875 0.5331771672771956
v 0.2158015153603827 0.42143070815348543 0.5085846112709725
v 0.17045721336755854 0.42124667644500735 0.5089239846434699
v 0.13643273566164835 0.42143070815348543 0.5487149440084568
v 0.09590872922389075 0.421875 0.5827992995588883
v 0.04809931171350662 0.42231929184651457 0.5870829479863735
v 4.5054811606643956e-17 0.42250332355499265 0.5886407298889819
v -0.048689141845620794 0.42231929184651457 0.5942822030367425
v -0.09415944256579188 0.421875 0.572169578496818
v -0.13097578756708872 0.42143070815348543 0.5267677994786488
v -0.17045721336755865 0.42124667644500735 0.5089239846434699
v -0.2247926250144907 0.42143070815348543 0.5297741752121385
v -0.2811901662717328 0.421875 0.5430824904153305
v -0.32527161664304016 0.42231929184651457 0.5276684717702603
v -0.36790045618061346 0.42250332355499265 0.5097778257860722
v -0.4135924106247354 0.42231929184651457 0.49518782810855244
v -0.43915045582866885 0.421875 0.45784961322456197
v -0.4426582339879284 0.42143070815348543 0.40380398121730154
v -0.4656977674367787 0.42124667644500735 0.37255821394942307
v -0.525784983353525 0.42143070815348543 0.3688808439968641
v -0.5829443837952724 0.421875 0.3578471665415021
v -0.6114862779993189 0.42231929184651457 0.32686565467194123
v -0.6372222822325903 0.42250332355499265 0.2943203649444909
v -0.6676739269813112 0.42231929184651457 0.26340827453695403
v -0.6664714590964944 0.421875 0.22084921383388287
v -0.6357307640887158 0.42143070815348543 0.1726412122883062
v -0.6361549808043372 0.42124667644500735 0.13636577069404696
v -0.6858936800105705 0.42143070815348543 0.10914618852931873
v -0.7284991244486104 0.421875 0.07672698337911255
v -0.7338536849829669 0.42231929184651457 0.03847944937080534
v -0.7358009123612272 0.42250332355499265 7.208769857063033e-17
v -0.7428527537959282 0.42231929184651457 -0.03895131347649647
v -0.7152119731210224 0.421875 -0.07532755405263372
v -0.6584597493483108 0.42143070815348543 -0.10478063005367103
v -0.6361549808043373 0.42124667644500735 -0.13636577069404662
v -0.6622177190151733 0.42143070815348543 -0.17983410001159275
v -0.6788531130191632 0.421875 -0.22495213301738626
v -0.6595855897128254 0.42231929184651457 -0.2602172933144321
v -0.6372222822325901 0.42250332355499265 -0.294320364944491
v -0.6189847851356907 0.42231929184651457 -0.3308739284997883
v -0.572312016530703 0.421875 -0.35132036466293515
v -0.504754976521627 0.42143070815348543 -0.3541265871903428
v -0.46569776743677876 0.42124667644500735 -0.37255821394942296
v -0.4611010549960801 0.42143070815348543 -0.4206279866828201
v -0.44730895817687766 0.421875 -0.46635550703621786
v -0.40858206833992655 0.42231929184651457 -0.48918902239945505
v -0.36790045618061396 0.42250332355499265 -0.5097778257860721
v -0.3292603431711926 0.42231929184651457 -0.5341391415850489
v -0.27606151729235406 0.421875 -0.5331771672771958
v -0.2158015153603828 0.42143070815348543 -0.5085846112709727
v -0.17045721336755848 0.42124667644500735 -0.5089239846434699
v -0.13643273566164854 0.42143070815348543 -0.5487149440084568
v -0.0959087292238907 0.421875 -0.5827992995588883
v -0.04809931171350638 0.42231929184651457 -0.5870829479863734
v -1.3516443481993185e-16 0.42250332355499265 -0.5886407298889819
v 0.04868914184562022 0.42231929184651457 -0.5942822030367425
v 0.09415944256579178 0.421875 -0.5721695784968179
v 0.13097578756708883 0.42143070815348543 -0.5267677994786489
v 0.1704572133675582 0.42124667644500735 -0.5089239846434699
v 0.22479262501449085 0.42143070815348543 -0.5297741752121388
v 0.2811901662717331 0.421875 -0.5430824904153305
v 0.32527161664304005 0.42231929184651457 -0.5276684717702604
v 0.3679004561806137 0.42250332355499265 -0.5097778257860722
v 0.4135924106247353 0.42231929184651457 -0.4951878281085525
v 0.4391504558286686 0.421875 -0.4578496132245617
v 0.4426582339879284 0.42143070815348543 -0.4038039812173013
v 0.4656977674367787 0.42124667644500735 -0.3725582139494231
v 0.5257849833535247 0.42143070815348543 -0.3688808439968643
v 0.5829443837952722 0.421875 -0.3578471665415021
v 0.6114862779993188 0.42231929184651457 -0.32686565467194123
v 0.6372222822325899 0.42250332355499265 -0.29432036494449115
v 0.6676739269813112 0.42231929184651457 -0.26340827453695415
v 0.6664714590964951 0.421875 -0.2208492138338834
v 0.6357307640887158 0.42143070815348543 -0.17264121228830628
v 0.6361549808043375 0.42124667644500735 -0.13636577069404685
v 0.6858936800105703 0.42143070815348543 -0.1091461885293188
v 0.7284991244486104 0.421875 -0.0767269833791126
v 0.7338536849829669 0.42231929184651457 -0.03847944937080515
v 0.7480701597496564 0.3804380920529366 0
v 0.7540366200172071 0.3802182487305362 0.039537736932340584
v 0.7264364703654418 0.37968750000000007 0.07650974052974616
v 0.6691666902227033 0.3791567512694639 0.10648442441904651
v 0.6456037034794153 0.37893690794706353 0.13839119278228104
v 0.671884515796329 0.3791567512694639 0.18245924828113677
v 0.6903049143309246 0.37968750000000007 0.22874692615093317
v 0.6716349395725699 0.3802182487305362 0.26497095873041937
v 0.6478477621562858 0.3804380920529366 0.2992280638998625
v 0.6283037827359422 0.3802182487305362 0.335855332598436
v 0.5812938497408828 0.37968750000000007 0.35683396708189286
v 0.5129625878373089 0.3791567512694639 0.3598848927433396
v 0.472614712501564 0.37893690794706353 0.37809177000125116
v 0.46783202891331743 0.3791567512694639 0.4267681504854081
v 0.4548547633234881 0.37968750000000007 0.474222614816681
v 0.4160460705325599 0.3802182487305362 0.4981255573546893
v 0.37403507987482826 0.3804380920529366 0.5182782097250286
v 0.33421745426916205 0.3802182487305362 0.5421807631210944
v 0.28039401151307597 0.37968750000000007 0.5415448203224524
v 0.21931057429352882 0.3791567512694639 0.5168544946888936
v 0.1729889909778513 0.37893690794706353 0.5164829627835322
v 0.13842432768956878 0.3791567512694639 0.5567248714117907
v 0.09752664581007355 0.37968750000000007 0.5926307368097236
v 0.048977992879208385 0.3802182487305362 0.5978078151564673
v 4.5806086333753295e-17 0.3804380920529366 0.5984561277997251
v -0.049422171165425785 0.3802182487305362 0.6032292960137656
v -0.09563717566218256 0.37968750000000007 0.5811491762923537
v -0.1331055305238081 0.3791567512694639 0.5353333521781626
v -0.1729889909778514 0.37893690794706353 0.5164829627835322
v -0.22807406035142075 0.3791567512694639 0.537507612637063
v -0.2859336576886664 0.37968750000000007 0.5522439314647396
v -0.3312136984130241 0.3802182487305362 0.537307951658056
v -0.37403507987482804 0.3804380920529366 0.5182782097250286
v -0.4198191657480448 0.3802182487305362 0.5026430261887539
v -0.446042458852366 0.37968750000000007 0.4650350797927063
v -0.44985611592917446 0.3791567512694639 0.4103700702698471
v -0.47261471250156384 0.37893690794706353 0.3780917700012511
v -0.5334601881067602 0.3791567512694639 0.3742656231306539
v -0.592778268520851 0.37968750000000007 0.36388381065879055
v -0.6226569466933616 0.3802182487305362 0.3328368564260479
v -0.6478477621562858 0.3804380920529366 0.2992280638998625
v -0.6777259539013679 0.3802182487305362 0.2673739634153297
v -0.6769310254030655 0.37968750000000007 0.2243152092104608
v -0.646068118361117 0.3791567512694639 0.17544845943482312
v -0.6456037034794151 0.37893690794706353 0.13839119278228118
v -0.695906089264738 0.3791567512694639 0.1107394621516551
v -0.7407884210121546 0.37968750000000007 0.07802131664805877
v -0.747259768945584 0.3802182487305362 0.03918239430336675
v -0.7480701597496564 0.3804380920529366 7.328973813400527e-17
v -0.7540366200172071 0.3802182487305362 -0.039537736932340466
v -0.7264364703654418 0.37968750000000007 -0.07650974052974627
v -0.6691666902227029 0.3791567512694639 -0.10648442441904651
v -0.6456037034794152 0.37893690794706353 -0.1383911927822808
v -0.671884515796329 0.3791567512694639 -0.18245924828113674
v -0.6903049143309247 0.37968750000000007 -0.22874692615093312
v -0.67163493957257 0.3802182487305362 -0.2649709587304193
v -0.6478477621562857 0.3804380920529366 -0.2992280638998626
v -0.6283037827359423 0.3802182487305362 -0.33585533259843586
v -0.5812938497408834 0.37968750000000007 -0.35683396708189286
v -0.512962587837309 0.3791567512694639 -0.3598848927433397
v -0.4726147125015639 0.37893690794706353 -0.378091770001251
v -0.4678320289133175 0.3791567512694639 -0.4267681504854081
v -0.45485476332348823 0.37968750000000007 -0.47422261481668077
v -0.4160460705325598 0.3802182487305362 -0.4981255573546893
v -0.37403507987482854 0.3804380920529366 -0.5182782097250285
v -0.3342174542691621 0.3802182487305362 -0.5421807631210943
v -0.28039401151307647 0.37968750000000007 -0.5415448203224527
v -0.21931057429352893 0.3791567512694639 -0.5168544946888937
v -0.17298899097785123 0.37893690794706353 -0.5164829627835322
v -0.138424327689569 0.3791567512694639 -0.5567248714117906
v -0.09752664581007348 0.37968750000000007 -0.5926307368097236
v -0.04897799287920814 0.3802182487305362 -0.5978078151564673
v -1.3741825900125986e-16 0.3804380920529366 -0.598456127799725
v 0.0494221711654252 0.3802182487305362 -0.6032292960137657
v 0.09563717566218245 0.37968750000000007 -0.5811491762923536
v 0.1331055305238082 0.3791567512694639 -0.5353333521781627
v 0.17298899097785095 0.37893690794706353 -0.5164829627835321
v 0.22807406035142092 0.3791567512694639 -0.5375076126370631
v 0.2859336576886667 0.37968750000000007 -0.5522439314647397
v 0.331213698413024 0.3802182487305362 -0.5373079516580561
v 0.37403507987482826 0.3804380920529366 -0.5182782097250286
v 0.41981916574804473 0.3802182487305362 -0.5026430261887539
v 0.4460424588523657 0.37968750000000007 -0.46503507979270603
v 0.44985611592917446 0.3791567512694639 -0.41037007026984684
v 0.47261471250156384 0.37893690794706353 -0.37809177000125127
v 0.5334601881067599 0.3791567512694639 -0.3742656231306542
v 0.5927782685208508 0.37968750000000007 -0.3638838106587905
v 0.6226569466933616 0.3802182487305362 -0.33283685642604793
v 0.6478477621562854 0.3804380920529366 -0.2992280638998628
v 0.6777259539013679 0.3802182487305362 -0.26737396341532976
v 0.6769310254030662 0.37968750000000007 -0.22431520921046133
v 0.646068118361117 0.3791567512694639 -0.1754484594348232
v 0.6456037034794154 0.37893690794706353 -0.13839119278228104
v 0.6959060892647377 0.3791567512694639 -0.11073946215165514
v 0.7407884210121546 0.37968750000000007 -0.07802131664805884
v 0.747259768945584 0.3802182487305362 -0.03918239430336656
v 0.76039727381925 0.3383898925781249 0
v 0.7651880661082041 0.3381292490765197 0.0401224604461017
v 0.7375677560764073 0.3374999999999999 0.07768210978191215
v 0.6798070858834122 0.3368707509234801 0.10817762945162879
v 0.6550089209803048 0.3366101074218749 0.140407289129483
v 0.681492819140264 0.3368707509234801 0.18506851187357679
v 0.7017266708568685 0.3374999999999999 0.23253176331826872
v 0.683727698944854 0.3381292490765197 0.2697417499084507
v 0.6585233560959024 0.3383898925781249 0.30415890952769997
v 0.6375957661435777 0.3381292490765197 0.34082229645194206
v 0.5902010951607579 0.3374999999999999 0.3623017829212705
v 0.5211191876404366 0.3368707509234801 0.36560740957965515
v 0.4794998095684511 0.3366101074218749 0.38359984765476085
v 0.47452227395115715 0.3368707509234801 0.43287116037920503
v 0.46238077140121153 0.3374999999999999 0.4820690825631586
v 0.4235369628645408 0.3381292490765197 0.5070942874599288
v 0.38019863690962513 0.3383898925781249 0.5268186848767219
v 0.3391601955432766 0.3381292490765197 0.5501990733609639
v 0.28469052742481926 0.3374999999999999 0.5498429859105185
v 0.22279782390884342 0.3368707509234801 0.5250729795639781
v 0.17550911141185374 0.3366101074218749 0.5240071367842439
v 0.1404038686662577 0.3368707509234801 0.5646863310345025
v 0.0991403176529204 0.3374999999999999 0.6024363804392379
v 0.049859839619943225 0.3381292490765197 0.6085713202000832
v 4.6560904373155904e-17 0.3383898925781249 0.6083178190554
v -0.05015307555762719 0.3381292490765197 0.6121504528865633
v -0.09710263722739006 0.3374999999999999 0.590054204861126
v -0.13522203681453598 0.3368707509234801 0.5438456687067298
v -0.17550911141185382 0.3366101074218749 0.5240071367842439
v -0.23133563984197072 0.3368707509234801 0.5451942553122111
v -0.2906647041478358 0.3374999999999999 0.5613813366854947
v -0.33717718738556324 0.3381292490765197 0.5469821591558834
v -0.38019863690962485 0.3383898925781249 0.526818684876722
v -0.42602787056492736 0.3381292490765197 0.5100766129148622
v -0.4528772286515881 0.3374999999999999 0.47216087612860635
v -0.4570092619745689 0.3368707509234801 0.41689535011234935
v -0.47949980956845106 0.3366101074218749 0.3835998476547609
v -0.5410889504740063 0.3368707509234801 0.3796178191609258
v -0.602586353203948 0.3374999999999999 0.36990461712096934
v -0.6338678593249109 0.3381292490765197 0.3388295702916325
v -0.6585233560959024 0.3383898925781249 0.30415890952769997
v -0.6877488417012048 0.3381292490765197 0.27132815643462127
v -0.687303732388148 0.3374999999999999 0.22775242193985545
v -0.6563412244549727 0.3368707509234801 0.17823825912707478
v -0.6550089209803047 0.3366101074218749 0.1404072891294831
v -0.7058579137931276 0.3368707509234801 0.11232309493300625
v -0.7530454755490474 0.3374999999999999 0.07931225412233626
v -0.7607141502501039 0.3381292490765197 0.03988787169595462
v -0.76039727381925 0.3383898925781249 7.449744699704945e-17
v -0.7651880661082041 0.3381292490765197 -0.040122460446101585
v -0.7375677560764072 0.3374999999999999 -0.07768210978191226
v -0.679807085883412 0.3368707509234801 -0.10817762945162883
v -0.6550089209803048 0.3366101074218749 -0.14040728912948275
v -0.681492819140264 0.3368707509234801 -0.18506851187357676
v -0.7017266708568685 0.3374999999999999 -0.2325317633182686
v -0.6837276989448542 0.3381292490765197 -0.26974174990845057
v -0.6585233560959023 0.3383898925781249 -0.3041589095277001
v -0.6375957661435778 0.3381292490765197 -0.3408222964519419
v -0.5902010951607584 0.3374999999999999 -0.3623017829212705
v -0.5211191876404366 0.3368707509234801 -0.36560740957965515
v -0.47949980956845106 0.3366101074218749 -0.38359984765476074
v -0.4745222739511572 0.3368707509234801 -0.43287116037920503
v -0.46238077140121164 0.3374999999999999 -0.4820690825631584
v -0.4235369628645406 0.3381292490765197 -0.5070942874599287
v -0.38019863690962535 0.3383898925781249 -0.5268186848767218
v -0.33916019554327664 0.3381292490765197 -0.5501990733609639
v -0.28469052742481976 0.3374999999999999 -0.5498429859105186
v -0.22279782390884353 0.3368707509234801 -0.5250729795639782
v -0.17550911141185366 0.3366101074218749 -0.5240071367842439
v -0.14040386866625792 0.3368707509234801 -0.5646863310345024
v -0.09914031765292033 0.3374999999999999 -0.6024363804392379
v -0.04985983961994298 0.3381292490765197 -0.6085713202000832
v -1.396827131194677e-16 0.3383898925781249 -0.6083178190554
v 0.050153075557626596 0.3381292490765197 -0.6121504528865634
v 0.09710263722738996 0.3374999999999999 -0.5900542048611259
v 0.13522203681453607 0.3368707509234801 -0.5438456687067299
v 0.17550911141185338 0.3366101074218749 -0.5240071367842438
v 0.23133563984197084 0.3368707509234801 -0.5451942553122112
v 0.2906647041478361 0.3374999999999999 -0.561381336685495
v 0.33717718738556307 0.3381292490765197 -0.5469821591558833
v 0.38019863690962513 0.3383898925781249 -0.5268186848767219
v 0.4260278705649273 0.3381292490765197 -0.5100766129148623
v 0.4528772286515878 0.3374999999999999 -0.4721608761286061
v 0.45700926197456887 0.3368707509234801 -0.4168953501123491
v 0.479499809568451 0.3366101074218749 -0.383599847654761
v 0.541088950474006 0.3368707509234801 -0.37961781916092596
v 0.6025863532039479 0.3374999999999999 -0.36990461712096934
v 0.6338678593249109 0.3381292490765197 -0.3388295702916326
v 0.6585233560959021 0.3383898925781249 -0.30415890952770025
v 0.6877488417012048 0.3381292490765197 -0.2713281564346214
v 0.6873037323881487 0.3374999999999999 -0.227752421939856
v 0.6563412244549728 0.3368707509234801 -0.1782382591270749
v 0.6550089209803049 0.3366101074218749 -0.140407289129483
v 0.7058579137931273 0.3368707509234801 -0.1123230949330063
v 0.7530454755490473 0.3374999999999999 -0.07931225412233632
v 0.760714150250104 0.3381292490765197 -0.03988787169595443
v 0.7727744517427741 0.2963602378964425 0
v 0.7762993572790597 0.2960533625714806 0.04070507844585071
v 0.7485956491890321 0.2953125000000001 0.07884358951903526
v 0.6903707778003529 0.29457163742851955 0.10985862862560324
v 0.6643640526400204 0.2942647621035577 0.1424126491081291
v 0.6910376725354411 0.29457163742851955 0.18766054478175226
v 0.7131112694343962 0.2953125000000001 0.236304287424657
v 0.695855580227684 0.2960533625714806 0.2745263972541133
v 0.6692423066048342 0.2963602378964425 0.30910978069710965
v 0.6468542903165412 0.2960533625714806 0.345771374908769
v 0.5990256059108084 0.2953125000000001 0.36771881112464994
v 0.5292169887145256 0.29457163742851955 0.3712886743348339
v 0.4863482412548591 0.2942647621035577 0.38907859300388725
v 0.48116833889916893 0.29457163742851955 0.43893386808320106
v 0.4698822954147459 0.2953125000000001 0.4898900237066911
v 0.4310496115585142 0.2960533625714806 0.5160890661225543
v 0.3863872258713872 0.2963602378964425 0.5353938452838674
v 0.3440851386430984 0.2960533625714806 0.5581885106990838
v 0.2889471352832198 0.2953125000000001 0.5580640742476821
v 0.22625993488181065 0.29457163742851955 0.5332322195972237
v 0.17801581138516134 0.2942647621035577 0.5314912421120164
v 0.14237033743143968 0.29457163742851955 0.5725952159010874
v 0.10074873980103238 0.2953125000000001 0.6122101237564537
v 0.050744247574491204 0.2960533625714806 0.6193660865009246
v 4.7318787939481954e-17 0.2963602378964425 0.6182195613942194
v -0.050881348057313446 0.2960533625714806 0.6210394858232479
v -0.09855448689879394 0.2953125000000001 0.5988765193512259
v -0.137323285782004 0.29457163742851955 0.5522966222402823
v -0.17801581138516145 0.2942647621035577 0.5314912421120165
v -0.23457568097719012 0.29457163742851955 0.5528301380283528
v -0.2953803592808212 0.2953125000000001 0.5704890155475169
v -0.34315799656764145 0.2960533625714806 0.5566844641821473
v -0.3863872258713869 0.2963602378964425 0.5353938452838675
v -0.43221421863596104 0.2960533625714806 0.5174834322532331
v -0.4596485139058124 0.2953125000000001 0.4792204847286468
v -0.46411084291854243 0.29457163742851955 0.4233735909716206
v -0.48634824125485904 0.2942647621035577 0.3890785930038873
v -0.5486673351040013 0.29457163742851955 0.38493467111933516
v -0.6123625296333637 0.2953125000000001 0.37590583633179686
v -0.645111332653193 0.2960533625714806 0.3448396892468113
v -0.6692423066048342 0.2963602378964425 0.30910978069710965
v -0.6977356383738545 0.2960533625714806 0.27526811091447884
v -0.6975800928096025 0.2953125000000001 0.2311577082265759
v -0.6665402744965297 0.29457163742851955 0.18100794790544858
v -0.6643640526400204 0.2942647621035577 0.14241264910812923
v -0.7157440198763587 0.29457163742851955 0.11389626994515181
v -0.7652626546955672 0.2953125000000001 0.08059899184082585
v -0.7742076081261557 0.2960533625714806 0.04059539805959301
v -0.7727744517427741 0.2963602378964425 7.571006070317114e-17
v -0.7762993572790597 0.2960533625714806 -0.04070507844585059
v -0.7485956491890321 0.2953125000000001 -0.07884358951903538
v -0.6903707778003526 0.29457163742851955 -0.10985862862560325
v -0.6643640526400205 0.2942647621035577 -0.14241264910812887
v -0.6910376725354411 0.29457163742851955 -0.18766054478175223
v -0.7131112694343961 0.2953125000000001 -0.2363042874246569
v -0.6958555802276842 0.2960533625714806 -0.2745263972541132
v -0.6692423066048342 0.2963602378964425 -0.30910978069710976
v -0.6468542903165414 0.2960533625714806 -0.34577137490876886
v -0.599025605910809 0.2953125000000001 -0.36771881112464994
v -0.5292169887145257 0.29457163742851955 -0.371288674334834
v -0.4863482412548591 0.2942647621035577 -0.38907859300388714
v -0.481168338899169 0.29457163742851955 -0.43893386808320106
v -0.469882295414746 0.2953125000000001 -0.4898900237066909
v -0.4310496115585141 0.2960533625714806 -0.5160890661225543
v -0.3863872258713874 0.2963602378964425 -0.5353938452838674
v -0.34408513864309853 0.2960533625714806 -0.5581885106990837
v -0.28894713528322036 0.2953125000000001 -0.5580640742476822
v -0.22625993488181076 0.29457163742851955 -0.5332322195972238
v -0.17801581138516132 0.2942647621035577 -0.5314912421120165
v -0.1423703374314399 0.29457163742851955 -0.5725952159010873
v -0.10074873980103231 0.2953125000000001 -0.6122101237564537
v -0.050744247574490954 0.2960533625714806 -0.6193660865009246
v -1.4195636381844587e-16 0.2963602378964425 -0.6182195613942194
v 0.05088134805731284 0.2960533625714807 -0.621039485823248
v 0.09855448689879384 0.2953125000000001 -0.5988765193512258
v 0.1373232857820041 0.29457163742851955 -0.5522966222402824
v 0.178015811385161 0.2942647621035577 -0.5314912421120164
v 0.23457568097719025 0.29457163742851955 -0.5528301380283529
v 0.29538035928082146 0.2953125000000001 -0.570489015547517
v 0.3431579965676414 0.2960533625714806 -0.5566844641821475
v 0.3863872258713872 0.2963602378964425 -0.5353938452838674
v 0.43221421863596093 0.2960533625714806 -0.5174834322532331
v 0.4596485139058121 0.2953125000000001 -0.47922048472864665
v 0.4641108429185424 0.29457163742851955 -0.42337359097162025
v 0.48634824125485904 0.2942647621035577 -0.3890785930038874
v 0.5486673351040011 0.29457163742851955 -0.3849346711193354
v 0.6123625296333636 0.2953125000000001 -0.37590583633179686
v 0.645111332653193 0.2960533625714806 -0.3448396892468114
v 0.669242306604834 0.2963602378964425 -0.30910978069711
v 0.6977356383738545 0.2960533625714806 -0.2752681109144789
v 0.6975800928096032 0.2953125000000001 -0.23115770822657644
v 0.6665402744965297 0.29457163742851955 -0.18100794790544864
v 0.6643640526400206 0.2942647621035577 -0.14241264910812912
v 0.7157440198763586 0.29457163742851955 -0.11389626994515185
v 0.7652626546955672 0.2953125000000001 -0.08059899184082592
v 0.7742076081261557 0.2960533625714806 -0.040595398059592815
v 0.7851947034104115 0.2543507051467896 0
v 0.7873636959391859 0.2539917044210302 0.041285234501486856
v 0.7595109566272515 0.25312500000000004 0.07999321150797596
v 0.7008484834665191 0.2522582955789699 0.11152594481661471
v 0.6736633422798525 0.2518992948532105 0.14440603882746994
v 0.7005150273467337 0.2522582955789699 0.19023424754451432
v 0.7244525053540727 0.25312500000000004 0.24006244241025937
v 0.7080110626041106 0.2539917044210302 0.2793219336822244
v 0.6799985600704043 0.2543507051467896 0.3140778813641646
v 0.6560736911375122 0.2539917044210302 0.35069954025515976
v 0.6077600256993358 0.25312500000000004 0.37308053594710955
v 0.5372488753754194 0.2522582955789699 0.3769236947788574
v 0.493155793745515 0.2518992948532105 0.39452463499641194
v 0.4877674046997006 0.2522582955789699 0.44495370198206025
v 0.47735524696549697 0.25312500000000004 0.4976811757634525
v 0.4385793578241842 0.2539917044210302 0.5251043154446429
v 0.3925973517052059 0.2543507051467896 0.5439988480563234
v 0.3489892706202362 0.2539917044210302 0.5661441874114967
v 0.2931602866933647 0.25312500000000004 0.5662012320674447
v 0.22969386499294736 0.2522582955789699 0.5413250451169502
v 0.18050754853433745 0.2518992948532105 0.5389306738238819
v 0.14432289986915828 0.2522582955789699 0.5804481713042748
v 0.1023510356497572 0.25312500000000004 0.6219466399826568
v 0.051630668298307106 0.2539917044210302 0.6301854199415717
v 4.807930901195079e-17 0.2543507051467896 0.6281557627283293
v -0.05160654312685863 0.2539917044210302 0.6298909567513488
v -0.0999915143849698 0.25312500000000004 0.6076087653018014
v -0.13940743102076839 0.2522582955789699 0.5606787867732154
v -0.18050754853433754 0.2518992948532105 0.538930673823882
v -0.23779280943064268 0.2522582955789699 0.5604120218773868
v -0.3000780530128241 0.25312500000000004 0.5795620042832581
v -0.3491524171027804 0.2539917044210302 0.5664088500832886
v -0.3925973517052056 0.2543507051467896 0.5439988480563235
v -0.4383744253189495 0.2539917044210302 0.5248589529100098
v -0.4663506699338868 0.25312500000000004 0.4862080205594686
v -0.4711546184735718 0.2522582955789699 0.42979910030033563
v -0.49315579374551494 0.2518992948532105 0.394524634996412
v -0.5561921274775753 0.2522582955789699 0.39021392375976055
v -0.6221014697043155 0.25312500000000004 0.38188419757239767
v -0.6563803943058036 0.2539917044210302 0.3508634862593473
v -0.6799985600704043 0.2543507051467896 0.3140778813641646
v -0.7076802342643708 0.2539917044210302 0.279191416496189
v -0.7077515400843057 0.25312500000000004 0.23452822935469184
v -0.6766563063961879 0.2522582955789699 0.18375509199435797
v -0.6736633422798523 0.2518992948532105 0.1444060388274701
v -0.725560214130343 0.2522582955789699 0.11545831989532669
v -0.7774332999783212 0.25312500000000004 0.0818808285198057
v -0.7877317749269647 0.2539917044210302 0.041304534638645723
v -0.7851947034104115 0.2543507051467896 7.692689441912128e-17
v -0.7873636959391859 0.2539917044210302 -0.04128523450148674
v -0.7595109566272515 0.25312500000000004 -0.07999321150797607
v -0.7008484834665187 0.2522582955789699 -0.11152594481661474
v -0.6736633422798524 0.2518992948532105 -0.14440603882746972
v -0.7005150273467335 0.2522582955789699 -0.1902342475445143
v -0.7244525053540727 0.25312500000000004 -0.24006244241025926
v -0.7080110626041107 0.2539917044210302 -0.27932193368222424
v -0.6799985600704042 0.2543507051467896 -0.3140778813641647
v -0.6560736911375123 0.2539917044210302 -0.35069954025515965
v -0.6077600256993362 0.25312500000000004 -0.3730805359471095
v -0.5372488753754195 0.2522582955789699 -0.37692369477885745
v -0.493155793745515 0.2518992948532105 -0.39452463499641194
v -0.4877674046997007 0.2522582955789699 -0.44495370198206025
v -0.4773552469654971 0.25312500000000004 -0.4976811757634523
v -0.4385793578241841 0.2539917044210302 -0.5251043154446429
v -0.3925973517052061 0.2543507051467896 -0.5439988480563233
v -0.34898927062023627 0.2539917044210302 -0.5661441874114966
v -0.29316028669336525 0.25312500000000004 -0.5662012320674448
v -0.22969386499294747 0.2522582955789699 -0.5413250451169503
v -0.18050754853433737 0.2518992948532105 -0.5389306738238819
v -0.1443228998691585 0.2522582955789699 -0.5804481713042747
v -0.10235103564975713 0.25312500000000004 -0.6219466399826568
v -0.05163066829830684 0.2539917044210302 -0.6301854199415717
v -1.4423792703585237e-16 0.2543507051467896 -0.6281557627283293
v 0.05160654312685802 0.2539917044210302 -0.6298909567513489
v 0.0999915143849697 0.25312500000000004 -0.6076087653018013
v 0.13940743102076844 0.2522582955789699 -0.5606787867732154
v 0.1805075485343371 0.2518992948532105 -0.538930673823882
v 0.2377928094306428 0.2522582955789699 -0.5604120218773869
v 0.3000780530128244 0.25312500000000004 -0.5795620042832582
v 0.3491524171027803 0.2539917044210302 -0.5664088500832887
v 0.3925973517052059 0.2543507051467896 -0.5439988480563234
v 0.43837442531894943 0.2539917044210302 -0.52485895291001
v 0.4663506699338866 0.25312500000000004 -0.48620802055946843
v 0.47115461847357176 0.2522582955789699 -0.4297991003003353
v 0.4931557937455148 0.2518992948532105 -0.39452463499641205
v 0.556192127477575 0.2522582955789699 -0.3902139237597608
v 0.6221014697043153 0.25312500000000004 -0.38188419757239767
v 0.6563803943058035 0.2539917044210302 -0.3508634862593473
v 0.6799985600704039 0.2543507051467896 -0.3140778813641649
v 0.7076802342643708 0.2539917044210302 -0.2791914164961891
v 0.7077515400843063 0.25312500000000004 -0.23452822935469234
v 0.676656306396188 0.2522582955789699 -0.18375509199435805
v 0.6736633422798527 0.2518992948532105 -0.14440603882746997
v 0.7255602141303428 0.2522582955789699 -0.11545831989532676
v 0.7774332999783212 0.25312500000000004 -0.08188082851980577
v 0.7877317749269647 0.2539917044210302 -0.04130453463864552
v 0.7976518672682178 0.21236293584108354 0
v 0.7983752356272654 0.21194543534937652 0.04186262205515418
v 0.7703054925035434 0.2109375 0.08113011359470441
v 0.7112318172649746 0.20992956465062348 0.11317824362232994
v 0.6829018733552052 0.20951206415891646 0.14638640438018247
v 0.7099217555695754 0.20992956465062348 0.19278877071028547
v 0.7357450997557501 0.2109375 0.243804479014702
v 0.7201874108844231 0.21194543534937652 0.2841257020503846
v 0.6907867804303698 0.21236293584108354 0.3190607469072871
v 0.6652490970211276 0.21194543534937652 0.35560418841969643
v 0.6163978041860618 0.2109375 0.3783829363863487
v 0.5452084194672836 0.20992956465062348 0.3825079610386318
v 0.49991886787997714 0.20951206415891646 0.3999350943039817
v 0.4943172933285707 0.20992956465062348 0.4509286752273106
v 0.484796147714207 0.2109375 0.5054389122854621
v 0.44612202953016167 0.21194543534937652 0.5341350401974908
v 0.398825933634109 0.21236293584108354 0.5526294243442958
v 0.35387000010264485 0.21194543534937652 0.5740618996720563
v 0.2973268220206077 0.2109375 0.5742483569435539
v 0.23309686596668514 0.20992956465062348 0.5493449791961569
v 0.18298300547522806 0.20951206415891646 0.5463214986841642
v 0.14626091153543708 0.20992956465062348 0.5882426053731421
v 0.10394645939892269 0.2109375 0.6316413971860674
v 0.05251861063755979 0.21194543534937652 0.6410233256745139
v 4.884209030419662e-17 0.21236293584108354 0.6381214938145743
v -0.052328277568942795 0.21194543534937652 0.6387001885018124
v -0.10141264199338038 0.2109375 0.616244394002835
v -0.1414728045279124 0.20992956465062348 0.5689854538119798
v -0.18298300547522814 0.20951206415891646 0.5463214986841642
v -0.2409859633878566 0.20992956465062348 0.5679374044556602
v -0.3047555987683774 0.2109375 0.5885960798046
v -0.3551571275629806 0.21194543534937652 0.5761499287075387
v -0.39882593363410873 0.21236293584108354 0.5526294243442958
v -0.4445052355246203 0.21194543534937652 0.5321992776169021
v -0.4729786704829358 0.2109375 0.4931182433488494
v -0.4781349512982897 0.20992956465062348 0.43616673557382696
v -0.4999188678799771 0.20951206415891646 0.3999350943039818
v -0.5636608440341383 0.20992956465062348 0.39545383466285655
v -0.6317986403568273 0.2109375 0.3878369181713656
v -0.6676688002468635 0.21194543534937652 0.3568976236241293
v -0.6907867804303698 0.21236293584108354 0.3190607469072871
v -0.7175773745900702 0.21194543534937652 0.28309600008211594
v -0.7178104461794423 0.2109375 0.2378614576164862
v -0.686681223995196 0.20992956465062348 0.18647749277334816
v -0.682901873355205 0.20951206415891646 0.14638640438018258
v -0.7353032567164269 0.20992956465062348 0.11700872922834972
v -0.7895517464825844 0.2109375 0.0831571675191381
v -0.8012791570931423 0.21194543534937652 0.042014888510047886
v -0.7976518672682178 0.21236293584108354 7.81473444867146e-17
v -0.7983752356272654 0.21194543534937652 -0.04186262205515406
v -0.7703054925035434 0.2109375 -0.08113011359470454
v -0.7112318172649744 0.20992956465062348 -0.11317824362232996
v -0.6829018733552051 0.20951206415891646 -0.14638640438018222
v -0.7099217555695754 0.20992956465062348 -0.19278877071028544
v -0.7357450997557501 0.2109375 -0.2438044790147019
v -0.7201874108844232 0.21194543534937652 -0.2841257020503845
v -0.6907867804303698 0.21236293584108354 -0.3190607469072872
v -0.6652490970211277 0.21194543534937652 -0.35560418841969627
v -0.6163978041860623 0.2109375 -0.3783829363863486
v -0.5452084194672836 0.20992956465062348 -0.3825079610386318
v -0.49991886787997714 0.20951206415891646 -0.3999350943039816
v -0.4943172933285708 0.20992956465062348 -0.4509286752273106
v -0.484796147714207 0.2109375 -0.5054389122854619
v -0.4461220295301616 0.21194543534937652 -0.5341350401974908
v -0.39882593363410923 0.21236293584108354 -0.5526294243442957
v -0.35387000010264497 0.21194543534937652 -0.5740618996720562
v -0.29732682202060823 0.2109375 -0.5742483569435541
v -0.23309686596668525 0.20992956465062348 -0.549344979196157
v -0.18298300547522797 0.20951206415891646 -0.5463214986841642
v -0.1462609115354373 0.20992956465062348 -0.5882426053731419
v -0.10394645939892264 0.2109375 -0.6316413971860674
v -0.052518610637559526 0.21194543534937652 -0.6410233256745138
v -1.4652627091258984e-16 0.21236293584108354 -0.6381214938145743
v 0.05232827756894217 0.21194543534937652 -0.6387001885018124
v 0.10141264199338028 0.2109375 -0.6162443940028349
v 0.1414728045279125 0.20992956465062348 -0.56898545381198
v 0.1829830054752277 0.20951206415891646 -0.5463214986841641
v 0.24098596338785674 0.20992956465062348 -0.5679374044556603
v 0.30475559876837766 0.2109375 -0.5885960798046002
v 0.3551571275629805 0.21194543534937652 -0.5761499287075387
v 0.398825933634109 0.21236293584108354 -0.5526294243442958
v 0.44450523552462023 0.21194543534937652 -0.5321992776169022
v 0.47297867048293557 0.2109375 -0.49311824334884935
v 0.47813495129828965 0.20992956465062348 -0.43616673557382657
v 0.499918867879977 0.20951206415891646 -0.39993509430398183
v 0.563660844034138 0.20992956465062348 -0.39545383466285683
v 0.6317986403568272 0.2109375 -0.3878369181713656
v 0.6676688002468634 0.21194543534937652 -0.3568976236241293
v 0.6907867804303696 0.21236293584108354 -0.3190607469072874
v 0.7175773745900702 0.21194543534937652 -0.28309600008211605
v 0.7178104461794429 0.21093750000000003 -0.23786145761648678
v 0.6866812239951962 0.20992956465062348 -0.18647749277334824
v 0.6829018733552055 0.20951206415891646 -0.14638640438018244
v 0.7353032567164267 0.20992956465062348 -0.11700872922834979
v 0.7895517464825844 0.2109375 -0.08315716751913817
v 0.8012791570931423 0.21194543534937652 -0.04201488851004768
v 0.8101406240976541 0.17039863586425777 0
v 0.8093290926357343 0.169915761599324 0.04243698503076859
v 0.7809720949246253 0.16874999999999996 0.08225354147431016
v 0.721513309210815 0.1675842384006759 0.11481433634484353
v 0.692075582106577 0.16710136413574214 0.14835287466140518
v 0.7192556603932269 0.1675842384006759 0.19532351770565665
v 0.7469847147954484 0.16874999999999996 0.24752895980293846
v 0.7323786924102432 0.169915761599324 0.28893536182791907
v 0.7016023611063481 0.17039863586425777 0.3240562496390616
v 0.6743764386001248 0.169915761599324 0.3604831441509592
v 0.6249332104300337 0.16874999999999996 0.3836224944378397
v 0.5530898947296154 0.1675842384006759 0.3880374556776115
v 0.5066344887798205 0.16710136413574214 0.4053075910238564
v 0.500816475150252 0.1675842384006759 0.45685739244692886
v 0.49220213937469537 0.16874999999999996 0.5131602532798613
v 0.4536739516752507 0.169915761599324 0.5431768403587238
v 0.40507031204882715 0.17039863586425777 0.5612818888850785
v 0.3587251624470352 0.169915761599324 0.5819381359108685
v 0.30144397687732577 0.16874999999999996 0.5822001098183371
v 0.23646648961380076 0.1675842384006759 0.5572862521285359
v 0.18544109332675643 0.16710136413574214 0.5536604656852616
v 0.14818391983456572 0.1675842384006759 0.5959766978258583
v 0.10553439819562194 0.16874999999999996 0.6412906713026947
v 0.05340764196183848 0.169915761599324 0.6518745231681196
v 4.9606806108021556e-17 0.17039863586425777 0.6481124992781233
v -0.05304623128846081 0.169915761599324 0.6474632741085874
v -0.10281692684288757 0.16874999999999996 0.6247776759397005
v -0.14351792043105438 0.1675842384006759 0.5772106473686521
v -0.18544109332675654 0.16710136413574214 0.5536604656852617
v -0.2441543971320705 0.1675842384006759 0.5754045283145813
v -0.309411199753673 0.16874999999999996 0.5975877718363586
v -0.36116920228489874 0.169915761599324 0.5859029539281947
v -0.4050703120488269 0.17039863586425777 0.5612818888850785
v -0.4506039301886989 0.169915761599324 0.5395011508800999
v -0.4795281180472995 0.16874999999999996 0.4999465683440269
v -0.4850468195970144 0.1675842384006759 0.44247191578369244
v -0.5066344887798204 0.16710136413574214 0.40530759102385644
v -0.5710717405586611 0.1675842384006759 0.4006531801202016
v -0.6414503165998263 0.16874999999999996 0.3937617114997564
v -0.6789710504484049 0.169915761599324 0.3629391613402005
v -0.7016023611063481 0.17039863586425777 0.3240562496390616
v -0.7274226698885854 0.169915761599324 0.2869801299576281
v -0.7277501372729214 0.16874999999999996 0.24115518150186066
v -0.6966078151606699 0.1675842384006759 0.1891731916910407
v -0.6920755821065768 0.16710136413574214 0.1483528746614053
v -0.7449708722823221 0.1675842384006759 0.11854713586765266
v -0.8016133391283685 0.16874999999999996 0.0844275185564975
v -0.8148431539601495 0.169915761599324 0.042726113569470835
v -0.8101406240976541 0.17039863586425777 7.93708897728345e-17
v -0.8093290926357343 0.169915761599324 -0.04243698503076847
v -0.7809720949246253 0.16874999999999996 -0.08225354147431028
v -0.7215133092108147 0.1675842384006759 -0.11481433634484356
v -0.6920755821065769 0.16710136413574214 -0.1483528746614049
v -0.7192556603932267 0.1675842384006759 -0.19532351770565656
v -0.7469847147954484 0.16874999999999996 -0.24752895980293835
v -0.7323786924102434 0.169915761599324 -0.288935361827919
v -0.701602361106348 0.17039863586425777 -0.3240562496390617
v -0.674376438600125 0.169915761599324 -0.3604831441509591
v -0.6249332104300341 0.16874999999999996 -0.3836224944378397
v -0.5530898947296154 0.1675842384006759 -0.38803745567761155
v -0.5066344887798205 0.16710136413574214 -0.4053075910238563
v -0.5008164751502521 0.1675842384006759 -0.45685739244692886
v -0.4922021393746955 0.16874999999999996 -0.513160253279861
v -0.45367395167525065 0.169915761599324 -0.5431768403587238
v -0.4050703120488274 0.17039863586425777 -0.5612818888850784
v -0.35872516244703523 0.169915761599324 -0.5819381359108684
v -0.3014439768773263 0.16874999999999996 -0.5822001098183374
v -0.23646648961380087 0.1675842384006759 -0.557286252128536
v -0.18544109332675637 0.16710136413574214 -0.5536604656852617
v -0.14818391983456594 0.1675842384006759 -0.5959766978258582
v -0.10553439819562187 0.16874999999999996 -0.6412906713026947
v -0.053407641961838226 0.169915761599324 -0.6518745231681196
v -1.4882041832406466e-16 0.17039863586425777 -0.6481124992781233
v 0.05304623128846018 0.169915761599324 -0.6474632741085875
v 0.10281692684288746 0.16874999999999996 -0.6247776759397003
v 0.14351792043105446 0.1675842384006759 -0.5772106473686521
v 0.1854410933267561 0.16710136413574214 -0.5536604656852615
v 0.24415439713207066 0.1675842384006759 -0.5754045283145814
v 0.3094111997536733 0.16874999999999996 -0.5975877718363587
v 0.3611692022848986 0.169915761599324 -0.5859029539281947
v 0.40507031204882715 0.17039863586425777 -0.5612818888850785
v 0.45060393018869876 0.169915761599324 -0.5395011508801
v 0.4795281180472993 0.16874999999999996 -0.49994656834402684
v 0.48504681959701434 0.1675842384006759 -0.44247191578369205
v 0.5066344887798204 0.16710136413574214 -0.4053075910238566
v 0.5710717405586607 0.1675842384006759 -0.40065318012020185
v 0.6414503165998261 0.16874999999999996 -0.39376171149975636
v 0.6789710504484049 0.16991576159932398 -0.3629391613402006
v 0.7016023611063478 0.17039863586425777 -0.32405624963906193
v 0.7274226698885854 0.169915761599324 -0.2869801299576283
v 0.7277501372729219 0.16874999999999998 -0.24115518150186124
v 0.6966078151606699 0.1675842384006759 -0.1891731916910408
v 0.6920755821065772 0.16710136413574214 -0.14835287466140518
v 0.744970872282322 0.1675842384006759 -0.1185471358676527
v 0.8016133391283685 0.16874999999999996 -0.08442751855649756
v 0.8148431539601495 0.169915761599324 -0.042726113569470626
v 0.8226565087028747 0.12845957547426215 0
v 0.82022135530151 0.12790393493227342 0.04300811832117506
v 0.7915046403635624 0.1265624999999999 0.08336285020470122
v 0.7316864215240289 0.1252210650677264 0.11643318262791594
v 0.701181268683515 0.12466542452573767 0.15030476375326235
v 0.7285154845464176 0.1252210650677264 0.19783814710175784
v 0.7581679665461919 0.1265624999999999 0.251234763440211
v 0.7445797919802535 0.12790393493227342 0.29374889498432155
v 0.7124414351253037 0.12845957547426215 0.32906260348114985
v 0.6834524564668752 0.12790393493227342 0.3653346651557085
v 0.6333613443901729 0.1265624999999999 0.38879620215457306
v 0.5608882895014907 0.1252210650677264 0.3935086626088598
v 0.5133003139919372 0.12466542452573767 0.41064025119354974
v 0.5072640747289286 0.1252210650677264 0.46273905504633195
v 0.4995709922144609 0.1265624999999999 0.5208428740714736
v 0.46123195563423147 0.12790393493227342 0.5522259221821312
v 0.41132825435143744 0.12845957547426215 0.5699531481002429
v 0.36355302385687427 0.12790393493227342 0.5897700834946753
v 0.30550938767034624 0.1265624999999999 0.5900519257168395
v 0.2398005932629543 0.1252210650677264 0.5651438142291085
v 0.18788095469157792 0.12466542452573767 0.5609450149468121
v 0.15009166573850258 0.1252210650677264 0.6036494068849008
v 0.10711437395685028 0.1265624999999999 0.6508915572117796
v 0.05429738925258958 0.12790393493227342 0.6627344594917066
v 5.037318300903561e-17 0.12845957547426215 0.6581252069622998
v -0.05376014790146889 0.12790393493227342 0.6561770842412079
v -0.10420356275587637 0.1265624999999999 0.6332037122908502
v -0.1455414782848949 0.1252210650677264 0.5853491372192232
v -0.187880954691578 0.12466542452573767 0.5609450149468121
v -0.24729768387719703 0.1252210650677264 0.5828123876371338
v -0.3140434543002637 0.1265624999999999 0.6065343732369536
v -0.3671861187304018 0.12790393493227342 0.5956638335842028
v -0.41132825435143716 0.12845957547426215 0.569953148100243
v -0.4566683314446355 0.12790393493227342 0.5467619651735004
v -0.48599525269321625 0.1265624999999999 0.5066890755121383
v -0.49188582826107474 0.1252210650677264 0.44871063160119257
v -0.5133003139919371 0.12466542452573767 0.4106402511935498
v -0.5784238188079149 0.1252210650677264 0.405811259783143
v -0.6510535925893416 0.1265624999999999 0.39965679377156876
v -0.690282402727664 0.12790393493227342 0.3689855645073851
v -0.7124414351253037 0.12845957547426215 0.32906260348114985
v -0.737212604368344 0.12790393493227342 0.29084241908549946
v -0.7375649071460493 0.1265624999999999 0.244407510136277
v -0.7064297677863856 0.1252210650677264 0.1918404746103635
v -0.7011812686835149 0.12466542452573767 0.1503047637532625
v -0.7545617586061253 0.1252210650677264 0.12007333259080216
v -0.8136144465147247 0.1265624999999999 0.08569149916548016
v -0.8284180743646333 0.12790393493227342 0.04343791140207172
v -0.8226565087028747 0.12845957547426215 8.059709281445698e-17
v -0.8202213553015101 0.12790393493227342 -0.04300811832117493
v -0.7915046403635624 0.1265624999999999 -0.08336285020470134
v -0.7316864215240285 0.1252210650677264 -0.11643318262791595
v -0.701181268683515 0.12466542452573767 -0.1503047637532621
v -0.7285154845464176 0.1252210650677264 -0.19783814710175782
v -0.7581679665461919 0.1265624999999999 -0.2512347634402109
v -0.7445797919802536 0.12790393493227342 -0.29374889498432144
v -0.7124414351253036 0.12845957547426215 -0.32906260348114996
v -0.6834524564668756 0.12790393493227342 -0.3653346651557084
v -0.6333613443901733 0.1265624999999999 -0.38879620215457306
v -0.5608882895014907 0.1252210650677264 -0.3935086626088598
v -0.5133003139919372 0.12466542452573767 -0.41064025119354963
v -0.5072640747289286 0.1252210650677264 -0.46273905504633195
v -0.49957099221446094 0.1265624999999999 -0.5208428740714732
v -0.46123195563423136 0.12790393493227342 -0.5522259221821312
v -0.4113282543514377 0.12845957547426215 -0.5699531481002429
v -0.3635530238568744 0.12790393493227342 -0.5897700834946753
v -0.30550938767034674 0.12656249999999994 -0.5900519257168396
v -0.23980059326295441 0.1252210650677264 -0.5651438142291085
v -0.18788095469157784 0.12466542452573767 -0.5609450149468121
v -0.15009166573850283 0.1252210650677264 -0.6036494068849007
v -0.1071143739568502 0.1265624999999999 -0.6508915572117795
v -0.05429738925258931 0.12790393493227342 -0.6627344594917065
v -1.511195490271068e-16 0.12845957547426215 -0.6581252069622998
v 0.053760147901468255 0.12790393493227345 -0.6561770842412081
v 0.10420356275587628 0.1265624999999999 -0.63320371229085
v 0.145541478284895 0.1252210650677264 -0.5853491372192232
v 0.18788095469157756 0.12466542452573767 -0.5609450149468121
v 0.24729768387719714 0.1252210650677264 -0.5828123876371339
v 0.314043454300264 0.1265624999999999 -0.6065343732369536
v 0.3671861187304017 0.12790393493227342 -0.5956638335842029
v 0.41132825435143744 0.12845957547426215 -0.5699531481002429
v 0.4566683314446354 0.12790393493227342 -0.5467619651735005
v 0.485995252693216 0.1265624999999999 -0.506689075512138
v 0.4918858282610747 0.1252210650677264 -0.4487106316011922
v 0.513300313991937 0.12466542452573767 -0.41064025119354985
v 0.5784238188079145 0.1252210650677264 -0.40581125978314314
v 0.6510535925893415 0.1265624999999999 -0.39965679377156876
v 0.690282402727664 0.12790393493227342 -0.3689855645073852
v 0.7124414351253034 0.12845957547426215 -0.3290626034811502
v 0.737212604368344 0.12790393493227342 -0.2908424190854995
v 0.7375649071460499 0.12656249999999994 -0.2444075101362776
v 0.7064297677863857 0.1252210650677264 -0.19184047461036358
v 0.7011812686835152 0.12466542452573767 -0.15030476375326232
v 0.7545617586061251 0.12522106506772637 -0.1200733325908022
v 0.8136144465147246 0.1265624999999999 -0.08569149916548023
v 0.8284180743646333 0.12790393493227342 -0.043437911402071504
v 0.8351959194775314 0.08654758930206308 0
v 0.8310490909403319 0.08591125262822218 0.04357586815174814
v 0.8018980555645419 0.08437500000000009 0.08445750546043862
v 0.7417455629944236 0.082838747371778 0.11803389274286243
v 0.7102166062142871 0.0822024106979371 0.15224157286903273
v 0.7377009164039474 0.082838747371778 0.20033257427258813
v 0.7692924356014182 0.08437500000000009 0.25492108820571063
v 0.7567864247620746 0.08591125262822218 0.29856461108320065
v 0.7233008834046446 0.08654758930206308 0.3340783677910125
v 0.6924747069514491 0.08591125262822218 0.37015744518750787
v 0.6416781464514645 0.08437500000000009 0.3939015674948196
v 0.5685993177332725 0.082838747371778 0.39891857482065607
v 0.5199146401279962 0.0822024106979371 0.41593171210239693
v 0.5136598750805115 0.082838747371778 0.46857346508717307
v 0.5069011120414635 0.08437500000000009 0.5284851125870864
v 0.46879338715615704 0.08591125262822218 0.5612791077739026
v 0.4175979597387658 0.08654758930206308 0.5786407067237157
v 0.368352284455947 0.08591125262822218 0.5975556337129074
v 0.3095210961960175 0.08437500000000009 0.5978000226216102
v 0.2430973444686037 0.082838747371778 0.5729133469294805
v 0.19030196608629088 0.0822024106979371 0.5681732849714297
v 0.15198408504498107 0.082838747371778 0.6112604743369974
v 0.10868604486756042 0.08437500000000009 0.6604419778388813
v 0.05518754004469642 0.08591125262822218 0.6735993208081262
v 5.114100047245447e-17 0.08654758930206308 0.6681567355820252
v -0.05446983518968524 0.08591125262822218 0.6648392727522655
v -0.10557188182554812 0.08437500000000009 0.6415184444516338
v -0.147542365928578 0.082838747371778 0.593396450395539
v -0.19030196608629096 0.0822024106979371 0.5681732849714297
v -0.2504157178407349 0.082838747371778 0.5901607331231579
v -0.3186513602571382 0.08437500000000009 0.6154339484811345
v -0.37320576385400067 0.08591125262822218 0.6054291398096597
v -0.4175979597387655 0.08654758930206308 0.5786407067237158
v -0.4626968064843847 0.08591125262822218 0.5539797655611595
v -0.49237695936852444 0.08437500000000009 0.5133425171611716
v -0.49864821852582014 0.082838747371778 0.4548794541866181
v -0.5199146401279962 0.0822024106979371 0.415931712102397
v -0.5857168313589663 0.082838747371778 0.41092790006440927
v -0.6606063907338577 0.08437500000000009 0.4055208896331708
v -0.7015988847173783 0.08591125262822218 0.3750347097249256
v -0.7233008834046446 0.08654758930206308 0.3340783677910125
v -0.7469445421411341 0.08591125262822218 0.29468182756475764
v -0.7472500282770127 0.08437500000000009 0.24761687695681406
v -0.7161416836618506 0.082838747371778 0.19447787557488305
v -0.7102166062142868 0.0822024106979371 0.15224157286903287
v -0.764075592921246 0.08283874737177799 0.12158726803598496
v -0.8255524722986018 0.0843750000000001 0.0869488358940483
v -0.8419991510101578 0.08591125262822218 0.04415003203575718
v -0.8351959194775314 0.08654758930206308 8.182560075592715e-17
v -0.831049090940332 0.08591125262822218 -0.04357586815174802
v -0.8018980555645419 0.08437500000000009 -0.08445750546043874
v -0.7417455629944234 0.08283874737177799 -0.11803389274286247
v -0.7102166062142871 0.0822024106979371 -0.15224157286903248
v -0.7377009164039474 0.082838747371778 -0.2003325742725881
v -0.7692924356014182 0.08437500000000007 -0.2549210882057105
v -0.7567864247620748 0.08591125262822216 -0.29856461108320054
v -0.7233008834046446 0.08654758930206308 -0.33407836779101263
v -0.6924747069514493 0.08591125262822219 -0.3701574451875078
v -0.6416781464514649 0.0843750000000001 -0.3939015674948196
v -0.5685993177332727 0.082838747371778 -0.3989185748206561
v -0.5199146401279962 0.0822024106979371 -0.4159317121023968
v -0.5136598750805115 0.082838747371778 -0.46857346508717307
v -0.5069011120414635 0.08437500000000007 -0.5284851125870861
v -0.468793387156157 0.08591125262822218 -0.5612791077739026
v -0.41759795973876607 0.08654758930206308 -0.5786407067237156
v -0.36835228445594714 0.08591125262822219 -0.5975556337129074
v -0.3095210961960181 0.0843750000000001 -0.5978000226216104
v -0.24309734446860384 0.082838747371778 -0.5729133469294806
v -0.1903019660862908 0.0822024106979371 -0.5681732849714297
v -0.15198408504498132 0.082838747371778 -0.6112604743369972
v -0.10868604486756035 0.08437500000000007 -0.6604419778388813
v -0.05518754004469614 0.08591125262822219 -0.6735993208081262
v -1.5342300141736339e-16 0.08654758930206308 -0.6681567355820252
v 0.0544698351896846 0.08591125262822219 -0.6648392727522657
v 0.10557188182554801 0.08437500000000009 -0.6415184444516336
v 0.1475423659285781 0.082838747371778 -0.5933964503955391
v 0.19030196608629052 0.0822024106979371 -0.5681732849714297
v 0.250415717840735 0.082838747371778 -0.590160733123158
v 0.31865136025713847 0.08437500000000009 -0.6154339484811346
v 0.37320576385400056 0.08591125262822218 -0.6054291398096598
v 0.4175979597387658 0.08654758930206308 -0.5786407067237157
v 0.46269680648438466 0.08591125262822219 -0.5539797655611595
v 0.49237695936852416 0.08437500000000007 -0.5133425171611713
v 0.49864821852582003 0.082838747371778 -0.45487945418661774
v 0.519914640127996 0.0822024106979371 -0.41593171210239704
v 0.585716831358966 0.082838747371778 -0.4109279000644095
v 0.6606063907338575 0.08437500000000007 -0.40552088963317073
v 0.7015988847173783 0.08591125262822216 -0.37503470972492564
v 0.7233008834046444 0.08654758930206308 -0.33407836779101285
v 0.7469445421411341 0.08591125262822218 -0.29468182756475775
v 0.7472500282770134 0.08437500000000012 -0.24761687695681464
v 0.7161416836618506 0.082838747371778 -0.1944778755748831
v 0.7102166062142872 0.0822024106979371 -0.1522415728690327
v 0.7640755929212458 0.08283874737177799 -0.121587268035985
v 0.8255524722986017 0.08437500000000009 -0.08694883589404835
v 0.8419991510101578 0.08591125262822218 -0.044150032035756966
v 0.8477561258280075 0.04466457635164265 0
v 0.841810350407748 0.043939057485763364 0.04414013231954631
v 0.8121483269524669 0.042187500000000044 0.08553708452377379
v 0.7516861011050971 0.040435942514236725 0.11961572951775987
v 0.7191801477989898 0.03971042364835744 0.1541629918521878
v 0.7468125938382063 0.040435942514236725 0.2028069724409469
v 0.7803566753550736 0.042187500000000044 0.2585874547363599
v 0.7689951471596758 0.043939057485763364 0.303381151569651
v 0.7341783411809316 0.04466457635164265 0.33910245033120295
v 0.7014415659220733 0.043939057485763364 0.3749506160782328
v 0.6498804049545079 0.042187500000000044 0.39893661894423166
v 0.5762194282800923 0.040435942514236725 0.4042647008966271
v 0.526476407983755 0.03971042364835744 0.42118112638700395
v 0.5200043203544449 0.04043594251423672 0.474361027733753
v 0.5141915456600349 0.042187500000000044 0.5360859750436759
v 0.47635611309620024 0.043939057485763364 0.5703338431525653
v 0.4238780629140039 0.04466457635164265 0.5873426729447453
v 0.3731220803099569 0.043939057485763364 0.605293385057205
v 0.31347755327217747 0.042187500000000044 0.6054414084873802
v 0.24635522498431345 0.040435942514236725 0.5805912721418336
v 0.19270373981523475 0.03971042364835744 0.5753441182391918
v 0.153861309171015 0.040435942514236725 0.6188104287245029
v 0.11024920655047898 0.04218750000000004 0.6699406912643877
v 0.05607784321896916 0.04393905748576337 0.6844660420466111
v 5.191009129764151e-17 0.04466457635164265 0.678204900662406
v -0.055175165399432964 0.043939057485763364 0.6734482803261984
v -0.10692135565471708 0.04218750000000005 0.6497186615619738
v -0.14951966189719978 0.040435942514236725 0.6013488808840778
v -0.19270373981523486 0.03971042364835744 0.575344118239192
v -0.2535087155511834 0.04043594251423672 0.5974500750705649
v -0.3232343184204498 0.04218750000000004 0.6242853402840588
v -0.3792264394620636 0.043939057485763364 0.6151961177277407
v -0.4238780629140036 0.04466457635164265 0.5873426729447453
v -0.46868827009779085 0.04393905748576337 0.5611532527376587
v -0.4986707736802895 0.042187500000000044 0.5199043239636063
v -0.5053308761207839 0.040435942514236725 0.4609755426240738
v -0.526476407983755 0.03971042364835744 0.421181126387004
v -0.5929512846671913 0.040435942514236725 0.4160034562835559
v -0.6701074688045946 0.04218750000000004 0.41135323652802797
v -0.7129173039407066 0.04393905748576337 0.38108489047696015
v -0.7341783411809316 0.04466457635164265 0.33910245033120295
v -0.7566167313215062 0.043939057485763364 0.2984976642479656
v -0.756801760609225 0.042187500000000044 0.250782042617742
v -0.7257390901772921 0.040435942514236725 0.19708417998745079
v -0.7191801477989896 0.03971042364835744 0.15416299185218796
v -0.7735130359056278 0.04043594251423671 0.12308904733681209
v -0.8374258640804849 0.04218750000000005 0.08819936524038315
v -0.8555825525582639 0.04393905748576337 0.04486227457517538
v -0.8477561258280075 0.04466457635164265 8.305614607622642e-17
v -0.841810350407748 0.04393905748576337 -0.04414013231954619
v -0.8121483269524669 0.042187500000000044 -0.08553708452377391
v -0.7516861011050968 0.04043594251423671 -0.11961572951775987
v -0.7191801477989898 0.03971042364835744 -0.15416299185218754
v -0.7468125938382063 0.040435942514236725 -0.20280697244094686
v -0.7803566753550736 0.04218750000000004 -0.2585874547363598
v -0.7689951471596759 0.04393905748576336 -0.3033811515696509
v -0.7341783411809315 0.04466457635164265 -0.33910245033120306
v -0.7014415659220735 0.04393905748576337 -0.3749506160782327
v -0.6498804049545084 0.042187500000000065 -0.39893661894423166
v -0.5762194282800923 0.040435942514236725 -0.40426470089662714
v -0.526476407983755 0.03971042364835744 -0.4211811263870039
v -0.5200043203544449 0.04043594251423672 -0.474361027733753
v -0.514191545660035 0.04218750000000004 -0.5360859750436756
v -0.47635611309620013 0.04393905748576337 -0.5703338431525653
v -0.42387806291400415 0.04466457635164265 -0.5873426729447452
v -0.373122080309957 0.04393905748576338 -0.605293385057205
v -0.313477553272178 0.042187500000000065 -0.6054414084873803
v -0.2463552249843136 0.040435942514236725 -0.5805912721418337
v -0.1927037398152347 0.03971042364835744 -0.575344118239192
v -0.15386130917101526 0.04043594251423672 -0.6188104287245026
v -0.11024920655047891 0.04218750000000004 -0.6699406912643877
v -0.05607784321896889 0.04393905748576338 -0.6844660420466111
v -1.5573027389292453e-16 0.04466457635164265 -0.678204900662406
v 0.05517516539943231 0.043939057485763384 -0.6734482803261986
v 0.10692135565471697 0.042187500000000044 -0.6497186615619737
v 0.1495196618971999 0.040435942514236725 -0.6013488808840779
v 0.1927037398152344 0.03971042364835744 -0.5753441182391917
v 0.25350871555118354 0.04043594251423672 -0.597450075070565
v 0.32323431842045014 0.04218750000000005 -0.624285340284059
v 0.37922643946206347 0.043939057485763364 -0.6151961177277407
v 0.4238780629140039 0.04466457635164265 -0.5873426729447453
v 0.4686882700977908 0.04393905748576338 -0.5611532527376588
v 0.4986707736802892 0.04218750000000003 -0.5199043239636061
v 0.5053308761207838 0.04043594251423672 -0.46097554262407353
v 0.526476407983755 0.03971042364835744 -0.42118112638700417
v 0.5929512846671909 0.04043594251423672 -0.41600345628355606
v 0.6701074688045945 0.04218750000000003 -0.41135323652802797
v 0.7129173039407066 0.04393905748576336 -0.3810848904769602
v 0.7341783411809315 0.04466457635164265 -0.33910245033120334
v 0.7566167313215062 0.043939057485763364 -0.29849766424796564
v 0.7568017606092257 0.04218750000000008 -0.2507820426177426
v 0.7257390901772922 0.04043594251423673 -0.1970841799874509
v 0.7191801477989899 0.03971042364835744 -0.1541629918521878
v 0.7735130359056276 0.040435942514236704 -0.12308904733681214
v 0.8374258640804848 0.04218750000000005 -0.0881993652403832
v 0.8555825525582639 0.043939057485763364 -0.04486227457517516
v 0.8603352734352125 0.0028125 0
v 0.8525041702754986 0.001988737822087165 0.04470086030743013
v 0.8222525075255049 1.7221595613009655e-19 0.08660127701058538
v 0.7615043718863486 -0.001988737822087165 0.12117810990549846
v 0.7280713314088536 -0.0028125 0.1560689002266037
v 0.7558521058049963 -0.0019887378220871652 0.20526177310908555
v 0.7913602179380845 -5.1664786839028955e-19 0.2622337079939863
v 0.7812033656106431 0.001988737822087166 0.30819749324091944
v 0.7450722025667255 0.0028125 0.344134109374085
v 0.7103522305986127 0.0019887378220871652 0.37971374870745345
v 0.6579657617109268 8.610797806504827e-19 0.40389990890154226
v 0.5837458124555539 -0.0019887378220871626 0.4095450703152839
v 0.532985206125599 -0.0028125 0.42638816490047915
v 0.5262985169379116 -0.0019887378220871674 0.48010275226030397
v 0.5214419847825297 3.7904919179025284e-18 0.5436451400266166
v 0.4839185268651451 0.001988737822087162 0.5793882047735763
v 0.4301676367176064 0.0028125 0.5960577620533803
v 0.37786198439118185 0.001988737822087164 0.6129826447863204
v 0.3173776213985773 1.549943605170869e-18 0.6129738863793268
v 0.24957303399224393 -0.0019887378220871618 0.5881747598699416
v 0.19508612528325459 -0.0028125 0.582457065127083
v 0.15572366547961614 -0.0019887378220871644 0.6263005866594149
v 0.11180379290481415 -6.8903791282442655e-18 0.6793872958200099
v 0.05696810964367277 0.0019887378220871687 0.6953323147330355
v 5.26803419402998e-17 0.0028125 0.6882682187481701
v -0.05587607538428773 0.001988737822087165 0.682003336220399
v -0.10825159626323158 7.23481104050446e-18 0.6578020060204042
v -0.15147263738187305 -0.0019887378220871613 0.609203497509079
v -0.1950861252832547 -0.0028125 0.582457065127083
v -0.2565772163863566 -0.0019887378220871717 0.6046816846439969
v -0.3277921349924828 -7.579242952764652e-18 0.6330881743504676
v -0.3852468665511491 0.0019887378220871613 0.6249626924885147
v -0.4301676367176061 0.0028125 0.5960577620533805
v -0.47464218588431656 0.001988737822087172 0.5682817844788903
v -0.5048748861269278 -2.068332356601563e-18 0.5263726093687414
v -0.5119313378941049 -0.001988737822087161 0.46699664996444323
v -0.5329852061255989 -0.0028125 0.42638816490047926
v -0.60012844032538 -0.0019887378220871652 0.4210388135503294
v -0.6795564250332703 -8.268106777285039e-18 0.4171535878260238
v -0.7242352559669704 0.001988737822087168 0.38713482149211603
v -0.7450722025667255 0.0028125 0.344134109374085
v -0.7662283059829003 0.0019887378220871583 0.3022895875129455
v -0.7662173579741585 -1.3794685320811771e-18 0.25390209711886186
v -0.735218449837427 -0.0019887378220871605 0.19965842719379523
v -0.7280713314088534 -0.0028125 0.15606890022660383
v -0.7828757333242679 -0.00198873782208718 0.12457893238369297
v -0.8492341197750126 1.1027043841447394e-17 0.08944303432385127
v -0.8691653934162943 0.001988737822087167 0.04557448771493827
v -0.8603352734352125 0.0028125 8.428854710447969e-17
v -0.8525041702754986 0.001988737822087173 -0.04470086030743
v -0.8222525075255049 -6.906047075607909e-19 -0.08660127701058551
v -0.7615043718863483 -0.001988737822087174 -0.12117810990549849
v -0.7280713314088535 -0.0028125 -0.15606890022660344
v -0.7558521058049962 -0.001988737822087166 -0.20526177310908547
v -0.7913602179380845 -9.645834426325811e-18 -0.2622337079939862
v -0.7812033656106432 0.0019887378220871527 -0.3081974932409193
v -0.7450722025667254 0.0028125 -0.3441341093740851
v -0.7103522305986129 0.001988737822087174 -0.3797137487074533
v -0.6579657617109272 1.998227356021241e-17 -0.40389990890154226
v -0.583745812455554 -0.0019887378220871596 -0.409545070315284
v -0.532985206125599 -0.0028125 -0.4263881649004791
v -0.5262985169379117 -0.001988737822087167 -0.48010275226030397
v -0.5214419847825298 -1.0334698250846196e-17 -0.5436451400266162
v -0.48391852686514497 0.0019887378220871665 -0.5793882047735763
v -0.43016763671760666 0.0028125 -0.5960577620533802
v -0.3778619843911819 0.001988737822087174 -0.6129826447863204
v -0.31737762139857784 2.06711373847328e-17 -0.612973886379327
v -0.24957303399224404 -0.001988737822087159 -0.5881747598699417
v -0.1950861252832545 -0.0028125 -0.582457065127083
v -0.15572366547961639 -0.001988737822087167 -0.6263005866594147
v -0.11180379290481408 -1.1023562075366583e-17 -0.6793872958200099
v -0.056968109643672486 0.00198873782208718 -0.6953323147330354
v -1.5804102582089937e-16 0.0028125 -0.6882682187481701
v 0.05587607538428707 0.0019887378220871887 -0.682003336220399
v 0.10825159626323147 1.3759867660003675e-18 -0.6578020060204041
v 0.15147263738187317 -0.0019887378220871587 -0.6092034975090791
v 0.19508612528325422 -0.0028125 -0.5824570651270828
v 0.2565772163863568 -0.001988737822087168 -0.604681684643997
v 0.32779213499248316 8.271588543365849e-18 -0.6330881743504677
v 0.385246866551149 0.0019887378220871652 -0.6249626924885147
v 0.4301676367176064 0.0028125 -0.5960577620533803
v 0.47464218588431645 0.0019887378220871748 -0.5682817844788903
v 0.5048748861269274 -1.7919163852732064e-17 -0.5263726093687412
v 0.5119313378941048 -0.001988737822087172 -0.4669966499644428
v 0.5329852061255987 -0.0028125 -0.4263881649004793
v 0.6001284403253797 -0.0019887378220871683 -0.42103881355032957
v 0.6795564250332702 -1.2401289724407356e-17 -0.4171535878260238
v 0.7242352559669704 0.0019887378220871505 -0.38713482149211603
v 0.7450722025667252 0.0028125 -0.3441341093740854
v 0.7662283059829004 0.0019887378220871613 -0.3022895875129456
v 0.766217357974159 4.272174330154677e-17 -0.25390209711886247
v 0.735218449837427 -0.0019887378220871574 -0.19965842719379528
v 0.7280713314088537 -0.0028125 -0.15606890022660366
v 0.7828757333242677 -0.0019887378220871826 -0.12457893238369305
v 0.8492341197750126 6.893860894325076e-18 -0.08944303432385134
v 0.8691653934162943 0.0019887378220871644 -0.04557448771493805
v 0.8729323873423118 -0.039006612002849626 0
v 0.8631305726177805 -0.039938272527020084 0.04525805327285502
v 0.8322087212147334 -0.042187500000000044 0.08764988532954598
v 0.7711976874773845 -0.044436727472980005 0.12272060618707535
v 0.7368904826795694 -0.04536838799715046 0.15795936779533665
v 0.7648219916584812 -0.044436727472980005 0.2076976658726726
v 0.8023035777964911 -0.042187500000000044 0.26586001845101137
v 0.7934093432926309 -0.039938272527020084 0.3130129508922094
v 0.7559816232246397 -0.039006612002849626 0.3491729549369247
v 0.7192067193744727 -0.039938272527020084 0.3844468529072341
v 0.6659327154919547 -0.042187500000000044 0.40879051582007325
v 0.5911764098283052 -0.04443672747298 0.4147582375167869
v 0.5394412729353986 -0.04536838799715046 0.4315530183483188
v 0.5325442329788344 -0.044436727472980005 0.48580025161585905
v 0.528652768387024 -0.04218750000000004 0.551162960947772
v 0.4914795525837162 -0.03993827252702009 0.5884409045032367
v 0.436466193671156 -0.039006612002849626 0.6047852985797116
v 0.38257200648373785 -0.039938272527020084 0.6206234287724333
v 0.321220576439642 -0.042187500000000044 0.6203960577231097
v 0.2527498905814011 -0.04443672747298 0.5956617340497196
v 0.1974492097441708 -0.04536838799715046 0.5895123861436555
v 0.15757167713865727 -0.044436727472980005 0.6337330522557401
v 0.11334987661177638 -0.04218750000000005 0.6887822331606305
v 0.057858212663585096 -0.039938272527020084 0.7061965929591824
v 5.3451692701540984e-17 -0.039006612002849626 0.6983459098738495
v -0.056572566591068844 -0.039938272527020084 0.6905044580942244
v -0.10956235666193231 -0.04218750000000004 0.6657669769717869
v -0.15340075773384415 -0.04443672747298 0.6169581499819078
v -0.1974492097441709 -0.04536838799715046 0.5895123861436556
v -0.25962208234084044 -0.04443672747298001 0.6118575933267847
v -0.3323250230637641 -0.04218750000000005 0.6418428622371929
v -0.3912661886152616 -0.03993827252702009 0.6347274746341048
v -0.43646619367115574 -0.039006612002849626 0.6047852985797117
v -0.48055856613404246 -0.03993827252702008 0.5753653754995783
v -0.5109881447750914 -0.042187500000000044 0.5327461723935637
v -0.5184477968959835 -0.04443672747298 0.47294112786264425
v -0.5394412729353985 -0.04536838799715046 0.4315530183483189
v -0.6072503145198238 -0.044436727472980005 0.4260353863830676
v -0.6889537011847147 -0.04218750000000005 0.42292221470961927
v -0.7355511306290459 -0.039938272527020084 0.3931836420669729
v -0.7559816232246397 -0.039006612002849626 0.3491729549369247
v -0.7757792859655415 -0.03993827252702009 0.3060576051869903
v -0.7754950721538869 -0.042187500000000044 0.25697646115171363
v -0.7445771675621493 -0.04443672747298 0.20219991246512095
v -0.7368904826795691 -0.04536838799715046 0.15795936779533679
v -0.7921663153196744 -0.04443672747298002 0.1260573417109259
v -0.8609777914507882 -0.04218750000000003 0.09067990128942105
v -0.8827457411989778 -0.039938272527020084 0.04628657013086813
v -0.8729323873423118 -0.039006612002849626 8.552270832246558e-17
v -0.8631305726177806 -0.03993827252702008 -0.045258053272854884
v -0.8322087212147334 -0.042187500000000044 -0.08764988532954611
v -0.7711976874773842 -0.04443672747298001 -0.12272060618707535
v -0.7368904826795692 -0.04536838799715046 -0.15795936779533637
v -0.7648219916584811 -0.044436727472980005 -0.20769766587267252
v -0.8023035777964911 -0.04218750000000006 -0.26586001845101126
v -0.7934093432926309 -0.0399382725270201 -0.31301295089220926
v -0.7559816232246395 -0.039006612002849626 -0.34917295493692474
v -0.719206719374473 -0.03993827252702008 -0.38444685290723396
v -0.6659327154919551 -0.042187500000000024 -0.40879051582007314
v -0.5911764098283053 -0.04443672747298 -0.4147582375167869
v -0.5394412729353986 -0.04536838799715046 -0.4315530183483187
v -0.5325442329788345 -0.044436727472980005 -0.48580025161585905
v -0.528652768387024 -0.04218750000000006 -0.5511629609477717
v -0.49147955258371606 -0.039938272527020084 -0.5884409045032367
v -0.4364661936711563 -0.039006612002849626 -0.6047852985797115
v -0.38257200648373796 -0.03993827252702008 -0.6206234287724333
v -0.3212205764396426 -0.042187500000000024 -0.6203960577231098
v -0.25274989058140124 -0.04443672747298 -0.5956617340497196
v -0.1974492097441707 -0.04536838799715046 -0.5895123861436555
v -0.1575716771386575 -0.044436727472980005 -0.63373305225574
v -0.11334987661177628 -0.04218750000000006 -0.6887822331606304
v -0.057858212663584804 -0.03993827252702007 -0.7061965929591822
v -1.6035507810462294e-16 -0.039006612002849626 -0.6983459098738495
v 0.056572566591068185 -0.039938272527020056 -0.6905044580942247
v 0.1095623566619322 -0.042187500000000044 -0.6657669769717869
v 0.15340075773384426 -0.04443672747298 -0.6169581499819078
v 0.19744920974417043 -0.04536838799715046 -0.5895123861436554
v 0.2596220823408406 -0.044436727472980005 -0.6118575933267849
v 0.3323250230637645 -0.04218750000000004 -0.641842862237193
v 0.39126618861526147 -0.039938272527020084 -0.634727474634105
v 0.436466193671156 -0.039006612002849626 -0.6047852985797116
v 0.48055856613404235 -0.03993827252702008 -0.5753653754995783
v 0.5109881447750911 -0.042187500000000065 -0.5327461723935634
v 0.5184477968959835 -0.04443672747298001 -0.47294112786264386
v 0.5394412729353983 -0.04536838799715046 -0.43155301834831894
v 0.6072503145198234 -0.044436727472980005 -0.4260353863830677
v 0.6889537011847144 -0.04218750000000006 -0.4229222147096192
v 0.7355511306290458 -0.039938272527020105 -0.3931836420669729
v 0.7559816232246395 -0.039006612002849626 -0.34917295493692513
v 0.7757792859655415 -0.03993827252702009 -0.30605760518699043
v 0.7754950721538876 -0.042187499999999996 -0.25697646115171424
v 0.7445771675621494 -0.04443672747298 -0.202199912465121
v 0.7368904826795695 -0.04536838799715046 -0.15795936779533665
v 0.7921663153196742 -0.044436727472980025 -0.12605734171092595
v 0.8609777914507881 -0.04218750000000004 -0.0906799012894211
v 0.8827457411989778 -0.039938272527020084 -0.046286570130867906
v 0.8855473728610613 -0.0807906675338746 0
v 0.8736905624076368 -0.08184049420717565 0.04581176391135161
v 0.8420161647010993 -0.08437500000000009 0.08868282487348783
v 0.7807643413787033 -0.08690950579282453 0.12424294680740589
v 0.7456388155915789 -0.08795933246612558 0.1598346547864499
v 0.773725738195558 -0.08690950579282453 0.2101155976181532
v 0.8131882529021888 -0.08437500000000009 0.2694668824916552
v 0.8056122047233719 -0.08184049420717565 0.3178271791314604
v 0.7669065211522496 -0.0807906675338746 0.3542189491444245
v 0.7280058696471321 -0.08184049420717565 0.38915037630246035
v 0.673780623482364 -0.08437500000000009 0.41360804510024674
v 0.5985099122483543 -0.08690950579282453 0.41990328472773364
v 0.5458454971085165 -0.08795933246612558 0.43667639768681316
v 0.5387438963278752 -0.08690950579282453 0.49145574054689284
v 0.5358248835150958 -0.08437500000000009 0.5586404668772452
v 0.4990386479320674 -0.08184049420717565 0.597491293030341
v 0.4427736864305308 -0.0807906675338746 0.6135252169217995
v 0.38725259202956125 -0.08184049420717565 0.6282164596290574
v 0.325006108325791 -0.08437500000000009 0.6277073236593791
v 0.2558852354690365 -0.08690950579282451 0.6030508766060894
v 0.19979331848306237 -0.08795933246612558 0.5965110524732631
v 0.1594060625119419 -0.08690950579282453 0.6411107146804536
v 0.11488766930563254 -0.0843750000000001 0.6981267893037317
v 0.05874808843544587 -0.08184049420717565 0.7170580974771144
v 5.422413778338232e-17 -0.0807906675338746 0.7084378982888491
v -0.05726470488918958 -0.08184049420717565 0.6989524499261094
v -0.11085353109185962 -0.08437500000000007 0.6736129317608797
v -0.15530368350925733 -0.08690950579282451 0.6246114731029628
v -0.19979331848306245 -0.08795933246612558 0.5965110524732631
v -0.26264449702269127 -0.08690950579282453 0.6189805905564463
v -0.3368336031145689 -0.0843750000000001 0.650550602321751
v -0.39728397391432535 -0.08184049420717567 0.6444897637786977
v -0.44277368643053044 -0.0807906675338746 0.6135252169217996
v -0.4864379703780752 -0.08184049420717565 0.5824046957177058
v -0.5170100563753084 -0.08437500000000009 0.5390244987858913
v -0.524879105909667 -0.08690950579282451 0.4788079297986834
v -0.5458454971085164 -0.08795933246612558 0.4366763976868132
v -0.6143196756836161 -0.08690950579282453 0.43099511706230026
v -0.6983005835965561 -0.0843750000000001 0.4286599068120767
v -0.7468641162879263 -0.08184049420717565 0.3992309183456539
v -0.7669065211522496 -0.0807906675338746 0.3542189491444245
v -0.7852705745363215 -0.08184049420717567 0.30980207362364903
v -0.7846341545742238 -0.08437500000000009 0.2600048866606329
v -0.7538135957576115 -0.08690950579282451 0.20470818837522928
v -0.7456388155915786 -0.08795933246612558 0.15983465478645004
v -0.8013883933505661 -0.08690950579282454 0.12752485000955358
v -0.872658486629665 -0.08437500000000007 0.09191013544450598
v -0.8963226218463928 -0.08184049420717565 0.04699847074835675
v -0.8855473728610613 -0.0807906675338746 8.675862045341171e-17
v -0.8736905624076368 -0.08184049420717565 -0.04581176391135147
v -0.8420161647010993 -0.08437500000000009 -0.08868282487348796
v -0.780764341378703 -0.08690950579282454 -0.12424294680740591
v -0.7456388155915789 -0.08795933246612558 -0.15983465478644962
v -0.773725738195558 -0.08690950579282453 -0.21011559761815318
v -0.8131882529021888 -0.0843750000000001 -0.26946688249165507
v -0.805612204723372 -0.08184049420717567 -0.3178271791314603
v -0.7669065211522493 -0.0807906675338746 -0.3542189491444246
v -0.7280058696471323 -0.08184049420717564 -0.3891503763024602
v -0.6737806234823646 -0.08437500000000006 -0.4136080451002467
v -0.5985099122483544 -0.08690950579282451 -0.4199032847277337
v -0.5458454971085165 -0.08795933246612558 -0.4366763976868131
v -0.5387438963278754 -0.08690950579282453 -0.4914557405468929
v -0.5358248835150959 -0.0843750000000001 -0.5586404668772449
v -0.4990386479320673 -0.08184049420717565 -0.597491293030341
v -0.44277368643053105 -0.0807906675338746 -0.6135252169217995
v -0.38725259202956136 -0.08184049420717564 -0.6282164596290574
v -0.32500610832579163 -0.08437500000000006 -0.6277073236593792
v -0.25588523546903663 -0.08690950579282451 -0.6030508766060895
v -0.19979331848306228 -0.08795933246612558 -0.5965110524732631
v -0.15940606251194211 -0.08690950579282453 -0.6411107146804532
v -0.11488766930563245 -0.0843750000000001 -0.6981267893037316
v -0.05874808843544557 -0.08184049420717564 -0.7170580974771142
v -1.6267241335014696e-16 -0.0807906675338746 -0.7084378982888491
v 0.05726470488918891 -0.08184049420717562 -0.6989524499261096
v 0.11085353109185951 -0.08437500000000009 -0.6736129317608796
v 0.15530368350925744 -0.08690950579282451 -0.6246114731029629
v 0.19979331848306198 -0.08795933246612558 -0.5965110524732631
v 0.2626444970226914 -0.08690950579282453 -0.6189805905564464
v 0.3368336031145692 -0.08437500000000007 -0.6505506023217511
v 0.39728397391432524 -0.08184049420717565 -0.6444897637786978
v 0.4427736864305308 -0.0807906675338746 -0.6135252169217995
v 0.4864379703780752 -0.08184049420717564 -0.582404695717706
v 0.5170100563753081 -0.08437500000000012 -0.539024498785891
v 0.5248791059096669 -0.08690950579282453 -0.47880792979868314
v 0.5458454971085164 -0.08795933246612558 -0.4366763976868133
v 0.6143196756836158 -0.08690950579282453 -0.4309951170623005
v 0.6983005835965559 -0.0843750000000001 -0.42865990681207666
v 0.7468641162879261 -0.08184049420717568 -0.3992309183456539
v 0.7669065211522493 -0.0807906675338746 -0.3542189491444249
v 0.7852705745363217 -0.08184049420717567 -0.30980207362364914
v 0.7846341545742245 -0.08437500000000003 -0.2600048866606335
v 0.7538135957576116 -0.08690950579282451 -0.2047081883752294
v 0.745638815591579 -0.08795933246612558 -0.1598346547864499
v 0.8013883933505659 -0.08690950579282454 -0.12752485000955363
v 0.8726584866296649 -0.08437500000000007 -0.09191013544450605
v 0.8963226218463928 -0.08184049420717565 -0.04699847074835652
v 0.8981810142947103 -0.12253751009702674 0
v 0.8841861225294647 -0.1237164023454002 0.04636209619500771
v 0.8516751066859819 -0.1265624999999999 0.08970012394257706
v 0.7902036113835992 -0.12940859765459964 0.12574501684181358
v 0.754318431035383 -0.1305874899029731 0.16169521154547392
v 0.7825677744353977 -0.12940859765459964 0.2125167711050635
v 0.8240167235928829 -0.1265624999999999 0.27305512202753124
v 0.8178119382437041 -0.1237164023454002 0.3226401733589425
v 0.7778475755760932 -0.12253751009702674 0.3592724057178841
v 0.7367513336622971 -0.1237164023454002 0.3938252020893604
v 0.6815097006967717 -0.1265624999999999 0.4183526287312773
v 0.6057457660942697 -0.1294085976545996 0.4249798235377524
v 0.5521994166035407 -0.1305874899029731 0.44175953328283246
v 0.5449005909034402 -0.12940859765459964 0.49707203228138674
v 0.5429599645074497 -0.1265624999999999 0.5660793617464551
v 0.5065958056878993 -0.1237164023454002 0.6065393617077411
v 0.44909050714735527 -0.12253751009702674 0.6222780604608745
v 0.39190461991776415 -0.1237164023454002 0.6357631631248454
v 0.3287343207718854 -0.1265624999999999 0.6349078844999945
v 0.25897883196140886 -0.1294085976545996 0.6103416297172293
v 0.20211901443184238 -0.1305874899029731 0.6034547448283064
v 0.16122773408366425 -0.12940859765459964 0.6484372438278156
v 0.11641752140981418 -0.1265624999999999 0.7074230936334908
v 0.05963773610902779 -0.12371640234540018 0.727916817909262
v 5.4997725210547003e-17 -0.12253751009702674 0.7185448114357683
v -0.05795262024375971 -0.1237164023454002 0.7073488980235717
v -0.11212515492822119 -0.1265624999999999 0.6813400853487858
v -0.15718127105226695 -0.1294085976545996 0.6321628891068795
v -0.2021190144318425 -0.1305874899029731 0.6034547448283065
v -0.26564596388132916 -0.12940859765459964 0.6260542195483181
v -0.34131890253441394 -0.1265624999999999 0.6592133788743062
v -0.40330021669867794 -0.1237164023454002 0.6542495505949635
v -0.44909050714735493 -0.12253751009702674 0.6222780604608746
v -0.4922815026117003 -0.12371640234540018 0.5894010669298377
v -0.5229407859140965 -0.1265624999999999 0.5452077605574174
v -0.5312247794221905 -0.1294085976545996 0.48459661287541583
v -0.5521994166035405 -0.1305874899029731 0.4417595332828325
v -0.6213400403517334 -0.12940859765459964 0.43592047272275214
v -0.7075992021830686 -0.1265624999999999 0.4343679716059598
v -0.7581742021346765 -0.12371640234540018 0.4052766445503195
v -0.7778475755760932 -0.12253751009702674 0.3592724057178841
v -0.7947039539060565 -0.1237164023454002 0.31352369593421137
v -0.793634855624993 -0.1265624999999999 0.2629874566175084
v -0.7629270371465366 -0.1294085976545996 0.2071830655691272
v -0.7543184310353829 -0.1305874899029731 0.1616952115454741
v -0.8105465547847688 -0.12940859765459964 0.12898218726693148
v -0.8842788670418639 -0.12656249999999988 0.0931340171278513
v -0.9098960223865774 -0.1237164023454002 0.04771018888722229
v -0.8981810142947103 -0.12253751009702674 8.799636033687521e-17
v -0.8841861225294647 -0.12371640234540018 -0.04636209619500757
v -0.8516751066859819 -0.1265624999999999 -0.0897001239425772
v -0.7902036113835988 -0.12940859765459964 -0.1257450168418136
v -0.7543184310353831 -0.1305874899029731 -0.16169521154547367
v -0.7825677744353977 -0.12940859765459964 -0.21251677110506348
v -0.8240167235928829 -0.1265624999999999 -0.2730551220275311
v -0.8178119382437044 -0.12371640234540021 -0.32264017335894235
v -0.777847575576093 -0.12253751009702674 -0.35927240571788416
v -0.7367513336622972 -0.12371640234540018 -0.3938252020893602
v -0.6815097006967722 -0.12656249999999988 -0.41835262873127727
v -0.6057457660942697 -0.1294085976545996 -0.42497982353775243
v -0.5521994166035407 -0.1305874899029731 -0.44175953328283246
v -0.5449005909034402 -0.12940859765459964 -0.49707203228138674
v -0.5429599645074498 -0.12656249999999994 -0.5660793617464548
v -0.5065958056878993 -0.1237164023454002 -0.6065393617077411
v -0.44909050714735554 -0.12253751009702674 -0.6222780604608744
v -0.39190461991776426 -0.12371640234540018 -0.6357631631248453
v -0.328734320771886 -0.12656249999999988 -0.6349078844999947
v -0.258978831961409 -0.1294085976545996 -0.6103416297172294
v -0.20211901443184233 -0.1305874899029731 -0.6034547448283065
v -0.1612277340836645 -0.12940859765459964 -0.6484372438278155
v -0.1164175214098141 -0.12656249999999994 -0.7074230936334908
v -0.0596377361090275 -0.12371640234540017 -0.727916817909262
v -1.64993175631641e-16 -0.12253751009702674 -0.7185448114357683
v 0.05795262024375903 -0.12371640234540016 -0.7073488980235719
v 0.11212515492822107 -0.1265624999999999 -0.6813400853487857
v 0.15718127105226704 -0.1294085976545996 -0.6321628891068795
v 0.20211901443184202 -0.1305874899029731 -0.6034547448283065
v 0.2656459638813293 -0.12940859765459964 -0.6260542195483182
v 0.3413189025344143 -0.1265624999999999 -0.6592133788743064
v 0.4033002166986779 -0.1237164023454002 -0.6542495505949636
v 0.44909050714735527 -0.12253751009702674 -0.6222780604608745
v 0.4922815026117002 -0.12371640234540018 -0.5894010669298377
v 0.5229407859140963 -0.12656249999999994 -0.5452077605574172
v 0.5312247794221904 -0.12940859765459964 -0.48459661287541533
v 0.5521994166035405 -0.1305874899029731 -0.4417595332828327
v 0.6213400403517331 -0.12940859765459964 -0.4359204727227524
v 0.7075992021830685 -0.12656249999999994 -0.4343679716059598
v 0.7581742021346765 -0.12371640234540021 -0.4052766445503195
v 0.7778475755760931 -0.12253751009702674 -0.35927240571788455
v 0.7947039539060565 -0.1237164023454002 -0.3135236959342114
v 0.7936348556249937 -0.12656249999999986 -0.262987456617509
v 0.7629270371465368 -0.1294085976545996 -0.20718306556912727
v 0.7543184310353832 -0.1305874899029731 -0.16169521154547395
v 0.8105465547847687 -0.12940859765459967 -0.12898218726693153
v 0.8842788670418638 -0.1265624999999999 -0.09313401712785137
v 0.9098960223865774 -0.1237164023454002 -0.04771018888722205
v 0.9108349714807485 -0.16424491882324213 0
v 0.8946202064193862 -0.16556442655011863 0.04690920498656783
v 0.8611868846177446 -0.16874999999999996 0.09070192339954765
v 0.799515760182813 -0.17193557344988128 0.1272268580922482
v 0.7629323132650561 -0.17325508117675778 0.16354167777518405
v 0.791353464145359 -0.17193557344988128 0.21490264293634234
v 0.8347924490435424 -0.16874999999999996 0.2766258833283889
v 0.8300093963781822 -0.16556442655011863 0.3274522699095234
v 0.788806223957603 -0.16424491882324213 0.3643339885922994
v 0.7454455723814619 -0.16556442655011863 0.3984726457574539
v 0.6891210173602278 -0.16874999999999996 0.42302492368321637
v 0.6128841727366879 -0.17193557344988128 0.42998799522468995
v 0.558505216046076 -0.17325508117675778 0.44680417283686075
v 0.551018051487485 -0.17193557344988128 0.5026525337814324
v 0.5500602906788913 -0.16874999999999996 0.5734820219241121
v 0.5141515539498414 -0.16556442655011863 0.6155857428197988
v 0.4554174857403744 -0.16424491882324213 0.6310449791660823
v 0.39652939922256875 -0.16556442655011863 0.6432656628917374
v 0.33240573001372425 -0.16874999999999996 0.6419987372877299
v 0.2620307661519507 -0.17193557344988128 0.6175341962815986
v 0.2044270972189801 -0.17325508117675778 0.6103458506120448
v 0.16303779691856846 -0.17193557344988128 0.6557170841263303
v 0.11793992163840254 -0.16874999999999996 0.7166741158715019
v 0.06052721785343361 -0.16556442655011863 0.7387735130693964
v 5.577255661876847e-17 -0.16424491882324213 0.7286679771845989
v -0.05863650623320985 -0.16556442655011863 0.7156961651355089
v -0.1133774042494344 -0.16874999999999996 0.6889495076941959
v -0.1590335726153102 -0.17193557344988128 0.6396126081462504
v -0.20442709721898017 -0.17325508117675778 0.6103458506120448
v -0.2686283036704276 -0.17193557344988128 0.633082771316287
v -0.345782354160486 -0.16874999999999996 0.6678339592348339
v -0.4093153373869041 -0.16556442655011863 0.6640075171025458
v -0.45541748574037405 -0.16424491882324213 0.6310449791660824
v -0.49809080719681714 -0.16556442655011863 0.5963564579051697
v -0.5287811546040203 -0.16874999999999996 0.5512968138881822
v -0.5374849940308625 -0.17193557344988128 0.4903073381893504
v -0.558505216046076 -0.17325508117675778 0.4468041728368608
v -0.6283156672267906 -0.17193557344988128 0.440814441189988
v -0.7168525274051398 -0.16874999999999996 0.44004823254311315
v -0.7694821785247487 -0.16556442655011863 0.411321243159873
v -0.788806223957603 -0.16424491882324213 0.3643339885922994
v -0.8040820786146715 -0.16556442655011863 0.3172235193780551
v -0.8024984216096622 -0.16874999999999996 0.2659245840109794
v -0.7719177453519982 -0.17193557344988128 0.20962461292156062
v -0.762932313265056 -0.17325508117675778 0.16354167777518425
v -0.8196463551579122 -0.1719355734498813 0.13043023753485486
v -0.8958426448393776 -0.16874999999999993 0.09435193731072199
v -0.9234668913367455 -0.16556442655011863 0.04842177428274694
v -0.9108349714807485 -0.16424491882324213 8.923609059002956e-17
v -0.8946202064193862 -0.16556442655011863 -0.04690920498656769
v -0.8611868846177446 -0.16874999999999996 -0.09070192339954779
v -0.7995157601828127 -0.17193557344988128 -0.1272268580922482
v -0.7629323132650562 -0.17325508117675778 -0.16354167777518383
v -0.7913534641453589 -0.17193557344988128 -0.21490264293634226
v -0.8347924490435423 -0.16874999999999998 -0.2766258833283888
v -0.8300093963781823 -0.16556442655011866 -0.32745226990952325
v -0.7888062239576028 -0.16424491882324213 -0.36433398859229943
v -0.7454455723814621 -0.16556442655011863 -0.3984726457574538
v -0.6891210173602282 -0.16874999999999993 -0.42302492368321626
v -0.612884172736688 -0.17193557344988128 -0.42998799522468995
v -0.5585052160460761 -0.17325508117675778 -0.44680417283686075
v -0.551018051487485 -0.17193557344988128 -0.5026525337814324
v -0.5500602906788913 -0.16874999999999998 -0.5734820219241118
v -0.5141515539498412 -0.16556442655011863 -0.6155857428197988
v -0.45541748574037466 -0.16424491882324213 -0.6310449791660823
v -0.3965293992225689 -0.16556442655011863 -0.6432656628917374
v -0.3324057300137248 -0.16874999999999993 -0.6419987372877299
v -0.2620307661519508 -0.17193557344988128 -0.6175341962815986
v -0.20442709721897998 -0.17325508117675778 -0.6103458506120448
v -0.1630377969185687 -0.17193557344988128 -0.6557170841263301
v -0.11793992163840245 -0.16874999999999998 -0.7166741158715018
v -0.06052721785343331 -0.1655644265501186 -0.7387735130693964
v -1.673176698563054e-16 -0.16424491882324213 -0.7286679771845989
v 0.05863650623320918 -0.1655644265501186 -0.7156961651355093
v 0.1133774042494343 -0.16874999999999996 -0.6889495076941958
v 0.15903357261531031 -0.17193557344988128 -0.6396126081462505
v 0.20442709721897973 -0.17325508117675778 -0.6103458506120449
v 0.2686283036704278 -0.17193557344988128 -0.6330827713162872
v 0.3457823541604864 -0.16874999999999996 -0.667833959234834
v 0.409315337386904 -0.16556442655011863 -0.6640075171025459
v 0.4554174857403744 -0.16424491882324213 -0.6310449791660823
v 0.49809080719681703 -0.16556442655011863 -0.5963564579051698
v 0.5287811546040201 -0.16874999999999998 -0.551296813888182
v 0.5374849940308624 -0.17193557344988128 -0.49030733818935
v 0.5585052160460758 -0.17325508117675778 -0.44680417283686086
v 0.6283156672267902 -0.17193557344988128 -0.44081444118998825
v 0.7168525274051396 -0.16874999999999998 -0.44004823254311304
v 0.7694821785247485 -0.16556442655011866 -0.411321243159873
v 0.7888062239576029 -0.16424491882324213 -0.3643339885922999
v 0.8040820786146715 -0.16556442655011863 -0.31722351937805515
v 0.8024984216096629 -0.1687499999999999 -0.26592458401098
v 0.7719177453519983 -0.17193557344988125 -0.20962461292156073
v 0.7629323132650562 -0.17325508117675778 -0.16354167777518405
v 0.819646355157912 -0.1719355734498813 -0.1304302375348549
v 0.8958426448393775 -0.16874999999999996 -0.09435193731072206
v 0.9234668913367455 -0.16556442655011863 -0.0484217742827467
v 0.9235117741620725 -0.2059106084704399 0
v 0.904996728350937 -0.20738295091115885 0.04745329553006552
v 0.8705538988827484 -0.2109375 0.09168847605788726
v 0.8087020336419648 -0.21449204908884115 0.12868866881317362
v 0.7714843242482721 -0.2159643915295601 0.16537488132447595
v 0.800089096129906 -0.21449204908884115 0.21727492092115638
v 0.84551986137731 -0.2109375 0.28018063507064084
v 0.8422062940729637 -0.20738295091115885 0.33226414535748605
v 0.7997846571183922 -0.2059106084704399 0.36940470966482897
v 0.7540918473874252 -0.20738295091115885 0.4030944507627021
v 0.6966164942598699 -0.2109375 0.427626109053511
v 0.6199260872178458 -0.21449204908884115 0.4349284698281966
v 0.5647657225926772 -0.2159643915295601 0.45181257807414177
v 0.5571006569637056 -0.21449204908884115 0.5082012395749387
v 0.557128782437897 -0.2109375 0.5808514921705562
v 0.5217069550459054 -0.20738295091115885 0.6246317082754937
v 0.4617558870810364 -0.2059106084704399 0.6398277256947137
v 0.4011286648975594 -0.20738295091115885 0.6507267734400058
v 0.3360212625658597 -0.2109375 0.6489816714657832
v 0.2650414463567193 -0.21449204908884115 0.6246295385874503
v 0.2067186016555949 -0.2159643915295601 0.6171874593986177
v 0.1648375466612325 -0.21449204908884115 0.6629554464921209
v 0.11945549616411481 -0.2109375 0.7258836610209582
v 0.06141665872859656 -0.20738295091115883 0.7496297093942103
v 5.654878691012377e-17 -0.2059106084704399 0.738809419329658
v -0.05931661941258196 -0.20738295091115885 0.7239973826807496
v -0.1146105950723589 -0.2109375 0.6964431191061989
v -0.160860836016467 -0.21449204908884115 0.646961626913572
v -0.206718601655595 -0.2159643915295601 0.6171874593986177
v -0.2715936511514452 -0.21449204908884117 0.6400712769039246
v -0.35022579383830094 -0.2109375 0.6764158891018478
v -0.41533018169685737 -0.20738295091115885 0.6737650352583711
v -0.46175588708103604 -0.2059106084704399 0.6398277256947138
v -0.5038680634533774 -0.20738295091115883 0.6032734779099403
v -0.5345326363168887 -0.2109375 0.5572931954078959
v -0.5436605872852457 -0.21449204908884115 0.49594086977427665
v -0.5647657225926771 -0.2159643915295601 0.4518125780741418
v -0.6352515494686732 -0.21449204908884115 0.4456805255709645
v -0.726064365213195 -0.21093750000000003 0.44570302595031763
v -0.7807896353443672 -0.20738295091115885 0.41736556403672426
v -0.7997846571183922 -0.2059106084704399 0.36940470966482897
v -0.813408466800007 -0.20738295091115885 0.32090293191804753
v -0.811227089332229 -0.2109375 0.26881701005268777
v -0.7807869232343129 -0.21449204908884115 0.2120331570853755
v -0.771484324248272 -0.2159643915295601 0.1653748813244761
v -0.8286943081151502 -0.21449204908884117 0.13187003732898606
v -0.9073545762761981 -0.21093749999999997 0.0955643969312918
v -0.9370371367427628 -0.20738295091115885 0.0491333269828773
v -0.9235117741620725 -0.2059106084704399 9.047805905619803e-17
v -0.9049967283509371 -0.20738295091115883 -0.04745329553006537
v -0.8705538988827484 -0.2109375 -0.0916884760578874
v -0.8087020336419645 -0.21449204908884117 -0.12868866881317367
v -0.7714843242482721 -0.2159643915295601 -0.16537488132447567
v -0.8000890961299059 -0.21449204908884115 -0.2172749209211563
v -0.8455198613773098 -0.21093750000000003 -0.2801806350706407
v -0.8422062940729638 -0.20738295091115885 -0.3322641453574859
v -0.7997846571183921 -0.2059106084704399 -0.369404709664829
v -0.7540918473874255 -0.20738295091115883 -0.40309445076270195
v -0.6966164942598705 -0.21093749999999997 -0.427626109053511
v -0.6199260872178459 -0.21449204908884115 -0.43492846982819666
v -0.5647657225926772 -0.2159643915295601 -0.45181257807414166
v -0.5571006569637057 -0.21449204908884115 -0.5082012395749387
v -0.557128782437897 -0.21093750000000003 -0.5808514921705559
v -0.5217069550459053 -0.20738295091115885 -0.6246317082754937
v -0.46175588708103665 -0.2059106084704399 -0.6398277256947137
v -0.40112866489755955 -0.20738295091115883 -0.6507267734400057
v -0.33602126256586023 -0.21093749999999997 -0.6489816714657834
v -0.2650414463567194 -0.21449204908884115 -0.6246295385874504
v -0.20671860165559483 -0.2159643915295601 -0.6171874593986177
v -0.16483754666123274 -0.21449204908884115 -0.6629554464921207
v -0.11945549616411474 -0.21093750000000003 -0.7258836610209582
v -0.06141665872859626 -0.20738295091115883 -0.7496297093942103
v -1.696463607303713e-16 -0.2059106084704399 -0.738809419329658
v 0.059316619412581276 -0.2073829509111588 -0.7239973826807499
v 0.1146105950723588 -0.2109375 -0.6964431191061988
v 0.1608608360164671 -0.21449204908884115 -0.6469616269135721
v 0.20671860165559452 -0.2159643915295601 -0.6171874593986177
v 0.2715936511514453 -0.21449204908884115 -0.6400712769039246
v 0.3502257938383013 -0.21093749999999997 -0.676415889101848
v 0.41533018169685726 -0.20738295091115885 -0.6737650352583712
v 0.4617558870810364 -0.2059106084704399 -0.6398277256947137
v 0.5038680634533773 -0.20738295091115883 -0.6032734779099405
v 0.5345326363168884 -0.21093750000000003 -0.5572931954078958
v 0.5436605872852457 -0.21449204908884117 -0.49594086977427637
v 0.564765722592677 -0.2159643915295601 -0.4518125780741419
v 0.6352515494686729 -0.21449204908884117 -0.4456805255709647
v 0.7260643652131947 -0.21093750000000003 -0.4457030259503175
v 0.7807896353443671 -0.20738295091115888 -0.41736556403672426
v 0.7997846571183921 -0.2059106084704399 -0.36940470966482947
v 0.8134084668000071 -0.20738295091115885 -0.32090293191804764
v 0.8112270893322295 -0.21093749999999992 -0.2688170100526884
v 0.780786923234313 -0.21449204908884115 -0.21203315708537562
v 0.7714843242482722 -0.2159643915295601 -0.16537488132447592
v 0.8286943081151501 -0.21449204908884117 -0.13187003732898614
v 0.907354576276198 -0.2109375 -0.09556439693129187
v 0.9370371367427628 -0.20738295091115885 -0.04913332698287706
v 0.9362148142004229 -0.247532229423523 0
v 0.9153205513892078 -0.24917031399975254 0.04799462281920151
v 0.8797796044753622 -0.25312500000000004 0.09266014580450616
v 0.81776465675699 -0.25707968600024755 0.13013080306795705
v 0.7799791959262474 -0.2587177705764771 0.16719583652921155
v 0.80878187230454 -0.25707968600024755 0.2196355608362169
v 0.856204357429474 -0.25312500000000004 0.2837211656081834
v 0.8544052048157756 -0.24917031399975254 0.3370768149857915
v 0.8107858124968944 -0.247532229423523 0.3744859256801691
v 0.7626942108470328 -0.24917031399975254 0.407692783162164
v 0.7039988960792729 -0.25312500000000004 0.4321578819752173
v 0.626873215151142 -0.25707968600024755 0.4398024439745168
v 0.5709844002647331 -0.2587177705764771 0.45678752021178637
v 0.5631534220134381 -0.25707968600024755 0.5137227241804223
v 0.5641689958597415 -0.25312500000000004 0.5881914799798083
v 0.5292636031299885 -0.24917031399975254 0.6336791667307529
v 0.46810740710021154 -0.247532229423523 0.6486286499975155
v 0.4057045724365028 -0.24917031399975254 0.6581499914968277
v 0.3395822520063406 -0.25312500000000004 0.6558592626679245
v 0.26801160178884414 -0.25707968600024755 0.6316293751888706
v 0.2089947956615144 -0.2587177705764771 0.623983356740998
v 0.16662846707901213 -0.25707968600024755 0.6701582984469675
v 0.12096500745471386 -0.25312500000000004 0.7350563622959764
v 0.062306246402334585 -0.2491703139997525 0.7604876974897823
v 5.732662377624409e-17 -0.247532229423523 0.7489718513603383
v -0.059993278524001964 -0.24917031399975254 0.7322564411113662
v -0.11582518225563253 -0.25312500000000004 0.7038236835802899
v -0.16266350383494627 -0.25707968600024755 0.654211725405592
v -0.20899479566151452 -0.2587177705764771 0.623983356740998
v -0.27454445104527087 -0.25707968600024755 0.6470254978436318
v -0.3546514570102291 -0.25312500000000004 0.684963485943579
v -0.4213460187322392 -0.24917031399975254 0.6835241638526206
v -0.4681074071002112 -0.247532229423523 0.6486286499975156
v -0.5096159789527047 -0.2491703139997525 0.6101553686776264
v -0.5401973524690216 -0.25312500000000004 0.5631991168634183
v -0.5497530549681461 -0.25707968600024755 0.5014985721209136
v -0.570984400264733 -0.2587177705764771 0.4567875202117865
v -0.6421534052255279 -0.25707968600024755 0.4505227376107505
v -0.73523934997476 -0.25312500000000004 0.45133519668779326
v -0.7920989584134412 -0.2491703139997525 0.4234108825039908
v -0.8107858124968944 -0.247532229423523 0.3744859256801691
v -0.8226874893710345 -0.24917031399975254 0.32456365794920233
v -0.8198240783349054 -0.25312500000000004 0.27166580160507253
v -0.7895367189860883 -0.25707968600024755 0.21440928143107538
v -0.7799791959262473 -0.2587177705764771 0.1671958365292117
v -0.8376978730587085 -0.2570796860002476 0.13330277366320978
v -0.9188204528699709 -0.25312500000000004 0.09677200596377104
v -0.9506096218622279 -0.2491703139997525 0.049844997121867726
v -0.9362148142004229 -0.247532229423523 9.172259804199055e-17
v -0.9153205513892079 -0.2491703139997525 -0.047994622819201374
v -0.8797796044753621 -0.25312500000000004 -0.09266014580450627
v -0.8177646567569897 -0.25707968600024755 -0.13013080306795707
v -0.7799791959262474 -0.2587177705764771 -0.16719583652921127
v -0.80878187230454 -0.25707968600024755 -0.21963556083621685
v -0.8562043574294739 -0.25312500000000004 -0.2837211656081832
v -0.8544052048157758 -0.24917031399975254 -0.33707681498579134
v -0.8107858124968943 -0.247532229423523 -0.3744859256801692
v -0.762694210847033 -0.2491703139997525 -0.40769278316216384
v -0.7039988960792734 -0.253125 -0.4321578819752172
v -0.6268732151511421 -0.25707968600024755 -0.43980244397451684
v -0.5709844002647331 -0.2587177705764771 -0.4567875202117863
v -0.5631534220134382 -0.25707968600024755 -0.5137227241804223
v -0.5641689958597415 -0.25312500000000004 -0.5881914799798078
v -0.5292636031299884 -0.24917031399975254 -0.6336791667307529
v -0.4681074071002118 -0.247532229423523 -0.6486286499975153
v -0.405704572436503 -0.2491703139997525 -0.6581499914968278
v -0.33958225200634123 -0.253125 -0.6558592626679246
v -0.26801160178884426 -0.25707968600024755 -0.6316293751888707
v -0.20899479566151433 -0.2587177705764771 -0.623983356740998
v -0.1666284670790124 -0.25707968600024755 -0.6701582984469673
v -0.12096500745471378 -0.25312500000000004 -0.7350563622959763
v -0.06230624640233427 -0.2491703139997525 -0.7604876974897822
v -1.7197987132873227e-16 -0.247532229423523 -0.7489718513603383
v 0.05999327852400127 -0.24917031399975248 -0.7322564411113666
v 0.1158251822556324 -0.25312500000000004 -0.7038236835802898
v 0.16266350383494638 -0.25707968600024755 -0.6542117254055921
v 0.20899479566151402 -0.2587177705764771 -0.6239833567409979
v 0.274544451045271 -0.25707968600024755 -0.647025497843632
v 0.35465145701022954 -0.25312500000000004 -0.6849634859435794
v 0.42134601873223915 -0.24917031399975254 -0.6835241638526207
v 0.4681074071002116 -0.247532229423523 -0.6486286499975156
v 0.5096159789527047 -0.2491703139997525 -0.6101553686776265
v 0.5401973524690212 -0.2531250000000001 -0.5631991168634181
v 0.549753054968146 -0.25707968600024755 -0.5014985721209133
v 0.5709844002647328 -0.2587177705764771 -0.45678752021178654
v 0.6421534052255276 -0.25707968600024755 -0.45052273761075073
v 0.7352393499747598 -0.25312500000000004 -0.4513351966877932
v 0.7920989584134411 -0.24917031399975256 -0.4234108825039908
v 0.8107858124968943 -0.247532229423523 -0.3744859256801696
v 0.8226874893710345 -0.24917031399975254 -0.3245636579492024
v 0.8198240783349061 -0.25312499999999993 -0.2716658016050732
v 0.7895367189860885 -0.25707968600024755 -0.2144092814310755
v 0.7799791959262475 -0.2587177705764771 -0.16719583652921152
v 0.8376978730587082 -0.2570796860002476 -0.13330277366320983
v 0.9188204528699708 -0.25312500000000004 -0.09677200596377111
v 0.9506096218622279 -0.24917031399975254 -0.049844997121867476
v 0.948948335651193 -0.289107367694378 0
v 0.9255974730421944 -0.290924808868535 0.04853349084497564
v 0.8888685001675376 -0.2953125000000001 0.09361740645905513
v 0.8267068272983953 -0.2997001911314652 0.13155376971747992
v 0.7884225204020748 -0.3015176323056222 0.16900574210899705
v 0.8174398935821023 -0.2997001911314652 0.2219867625930155
v 0.8668522881837334 -0.2953125000000001 0.28724957947188245
v 0.8666095546478755 -0.290924808868535 0.34189163042370024
v 0.8218133655528954 -0.289107367694378 0.37957933426047713
v 0.7712574935551127 -0.290924808868535 0.4122702252229662
v 0.7112718227319507 -0.2953125000000001 0.4366224522969702
v 0.6337280078490201 -0.2997001911314652 0.44461163745830373
v 0.5771653427658285 -0.3015176323056222 0.46173227421266283
v 0.569181987288314 -0.2997001911314652 0.5192221331422573
v 0.5711851157258558 -0.2953125000000001 0.5955063483225406
v 0.5368236204725664 -0.290924808868535 0.6427306591473553
v 0.4744741678255966 -0.289107367694378 0.6574506924423162
v 0.41025969151348674 -0.290924808868535 0.665539485689066
v 0.34309043479632495 -0.2953125000000001 0.6626348646446157
v 0.2709422804755158 -0.2997001911314652 0.638536175996696
v 0.2112571776362463 -0.3015176323056222 0.6307380163216599
v 0.16841222715428053 -0.2997001911314652 0.6773323524236667
v 0.12246935278055783 -0.2953125000000001 0.7441976720525669
v 0.0631962307136814 -0.290924808868535 0.7713505268017533
v 5.810632709057209e-17 -0.289107367694378 0.7591586685209544
v -0.06066686355621961 -0.290924808868535 0.7404779784337556
v -0.11702175807381875 -0.2953125000000001 0.7110948001340304
v -0.16444221214684984 -0.2997001911314652 0.6613654618387163
v -0.2112571776362464 -0.3015176323056222 0.6307380163216599
v -0.27748345324126905 -0.29970019113146523 0.6539519148656816
v -0.3590619743398529 -0.2953125000000001 0.6934818305469866
v -0.42736453802962515 -0.290924808868535 0.6932876437183005
v -0.47447416782559626 -0.289107367694378 0.6574506924423164
v -0.5153377815287076 -0.29092480886853495 0.6170059948440905
v -0.5457780653712128 -0.2953125000000001 0.5690174581855605
v -0.5557645468228797 -0.2997001911314652 0.5069824062792161
v -0.5771653427658284 -0.3015176323056222 0.4617322742126629
v -0.6490276664278217 -0.2997001911314652 0.4553455898306513
v -0.7443829354031753 -0.2953125000000001 0.45694809258068475
v -0.8034133239341942 -0.290924808868535 0.429458896378053
v -0.8218133655528954 -0.289107367694378 0.37957933426047713
v -0.8319243571113322 -0.290924808868535 0.32820775321078943
v -0.8282935808057695 -0.2953125000000001 0.27447234783706
v -0.79817021999587 -0.2997001911314652 0.21675382438041269
v -0.7884225204020747 -0.3015176323056222 0.16900574210899721
v -0.8466654405295827 -0.29970019113146523 0.1347297817234245
v -0.9302470900657092 -0.2953125000000001 0.09797548222444623
v -0.9641881585021915 -0.290924808868535 0.05055698457094517
v -0.948948335651193 -0.289107367694378 9.297012334491533e-17
v -0.9255974730421945 -0.29092480886853495 -0.0485334908449755
v -0.8888685001675376 -0.2953125000000001 -0.09361740645905527
v -0.826706827298395 -0.29970019113146523 -0.13155376971747992
v -0.7884225204020748 -0.3015176323056222 -0.16900574210899677
v -0.8174398935821022 -0.2997001911314652 -0.22198676259301542
v -0.8668522881837333 -0.2953125000000001 -0.2872495794718823
v -0.8666095546478756 -0.290924808868535 -0.3418916304237001
v -0.8218133655528952 -0.289107367694378 -0.37957933426047724
v -0.7712574935551131 -0.29092480886853495 -0.4122702252229661
v -0.7112718227319512 -0.29531250000000003 -0.43662245229697016
v -0.6337280078490202 -0.2997001911314652 -0.44461163745830384
v -0.5771653427658285 -0.3015176323056222 -0.4617322742126627
v -0.5691819872883142 -0.2997001911314652 -0.5192221331422573
v -0.5711851157258558 -0.2953125000000001 -0.5955063483225402
v -0.5368236204725663 -0.290924808868535 -0.6427306591473553
v -0.4744741678255969 -0.289107367694378 -0.6574506924423162
v -0.4102596915134869 -0.29092480886853495 -0.665539485689066
v -0.34309043479632556 -0.29531250000000003 -0.6626348646446157
v -0.2709422804755159 -0.2997001911314652 -0.6385361759966961
v -0.2112571776362462 -0.3015176323056222 -0.6307380163216599
v -0.16841222715428078 -0.2997001911314652 -0.6773323524236665
v -0.12246935278055773 -0.2953125000000001 -0.7441976720525668
v -0.06319623071368109 -0.29092480886853495 -0.7713505268017533
v -1.7431898127171623e-16 -0.289107367694378 -0.7591586685209544
v 0.06066686355621892 -0.29092480886853495 -0.740477978433756
v 0.11702175807381864 -0.2953125000000001 -0.7110948001340303
v 0.16444221214684995 -0.2997001911314652 -0.6613654618387164
v 0.2112571776362459 -0.3015176323056222 -0.6307380163216599
v 0.2774834532412692 -0.2997001911314652 -0.6539519148656818
v 0.3590619743398533 -0.2953125000000001 -0.6934818305469869
v 0.42736453802962504 -0.290924808868535 -0.6932876437183005
v 0.4744741678255966 -0.289107367694378 -0.6574506924423162
v 0.5153377815287075 -0.29092480886853495 -0.6170059948440906
v 0.5457780653712124 -0.29531250000000014 -0.5690174581855604
v 0.5557645468228797 -0.29970019113146523 -0.5069824062792158
v 0.5771653427658284 -0.3015176323056222 -0.46173227421266294
v 0.6490276664278214 -0.2997001911314652 -0.45534558983065154
v 0.7443829354031752 -0.2953125000000001 -0.4569480925806847
v 0.8034133239341941 -0.290924808868535 -0.429458896378053
v 0.8218133655528953 -0.289107367694378 -0.37957933426047763
v 0.8319243571113322 -0.290924808868535 -0.3282077532107895
v 0.8282935808057702 -0.2953125 -0.27447234783706065
v 0.7981702199958701 -0.2997001911314652 -0.2167538243804128
v 0.7884225204020749 -0.3015176323056222 -0.16900574210899705
v 0.8466654405295824 -0.29970019113146523 -0.13472978172342456
v 0.930247090065709 -0.2953125000000001 -0.0979754822244463
v 0.9641881585021915 -0.290924808868535 -0.05055698457094493
v 0.9617174227239066 -0.3306335449218749 0
v 0.93583420864367 -0.33264468305154493 0.04907025172437142
v 0.897826115204497 -0.3374999999999999 0.09456084037268882
v 0.8355327071607032 -0.3423553169484549 0.13295823104357601
v 0.796820738080943 -0.3443664550781249 0.17080597862492786
v 0.8260721436040637 -0.3423553169484549 0.22433096581983808
v 0.8774709459055515 -0.3374999999999999 0.2907682931059423
v 0.878823614083 -0.33264468305154493 0.3467102764586652
v 0.8328717193410009 -0.3306335449218749 0.3846869690895626
v 0.7797872910881928 -0.33264468305154493 0.4168297680208708
v 0.718439698715258 -0.3374999999999999 0.4410225360477526
v 0.6404936556917182 -0.3423553169484549 0.44935828859025895
v 0.5833132647997832 -0.3443664550781249 0.46665061183982653
v 0.5751926080823871 -0.3423553169484549 0.5247051726971037
v 0.5781819470457548 -0.3374999999999999 0.6028011068070064
v 0.5443896524548641 -0.33264468305154493 0.6517893527995299
v 0.4808587113619534 -0.3306335449218749 0.6662973754728008
v 0.41479699861758146 -0.33264468305154493 0.6729000845949257
v 0.3465479451448065 -0.3374999999999999 0.6693125993448953
v 0.27383484642287975 -0.3423553169484549 0.6453531555969505
v 0.2135074732811598 -0.3443664550781249 0.6374565904647544
v 0.17019067773268393 -0.3423553169484549 0.6844850522857479
v 0.12396956239679373 -0.3374999999999999 0.7533138507425459
v 0.06408692308358768 -0.33264468305154493 0.7822219984225565
v 5.888820817115371e-17 -0.3306335449218749 0.7693739381791254
v -0.061337814655464354 -0.33264468305154493 0.748667366914936
v -0.11820105046586088 -0.3374999999999999 0.7182608921635979
v -0.16619778880446998 -0.3423553169484549 0.6684261657285626
v -0.2135074732811599 -0.3443664550781249 0.6374565904647544
v -0.28041370727479725 -0.34235531694845495 0.6608577148832507
v -0.36346036638242774 -0.3374999999999999 0.701976756724441
v -0.4333878455733313 -0.33264468305154493 0.7030588912664001
v -0.4808587113619531 -0.3306335449218749 0.6662973754728009
v -0.5210372100260884 -0.3326446830515449 0.6238298328705544
v -0.5512781700596906 -0.3374999999999999 0.5747517589722063
v -0.5616978607378237 -0.3423553169484549 0.5123949245533745
v -0.5833132647997832 -0.3443664550781249 0.4666506118398266
v -0.6558814658713796 -0.3423553169484549 0.46015408646590983
v -0.7535013835087576 -0.3374999999999999 0.4625455576366038
v -0.8147366909994125 -0.33264468305154493 0.43551172196389126
v -0.832871719341001 -0.3306335449218749 0.3846869690895626
v -0.841125105743657 -0.33264468305154493 0.3318375988940652
v -0.836640749181119 -0.3374999999999999 0.2772383561158452
v -0.8066914444961881 -0.3423553169484549 0.21906787713830383
v -0.7968207380809429 -0.3443664550781249 0.170805978624928
v -0.855606315357184 -0.34235531694845495 0.1361525421861472
v -0.9416423134281828 -0.3374999999999999 0.09917564991743495
v -0.9777774980281955 -0.33264468305154493 0.051269538466870206
v -0.9617174227239067 -0.3306335449218749 9.422113307384594e-17
v -0.9358342086436701 -0.3326446830515449 -0.04907025172437128
v -0.897826115204497 -0.3374999999999999 -0.09456084037268896
v -0.8355327071607028 -0.34235531694845495 -0.13295823104357601
v -0.796820738080943 -0.3443664550781249 -0.17080597862492758
v -0.8260721436040637 -0.3423553169484549 -0.22433096581983802
v -0.8774709459055513 -0.3374999999999999 -0.29076829310594215
v -0.8788236140830001 -0.33264468305154493 -0.34671027645866503
v -0.8328717193410007 -0.3306335449218749 -0.38468696908956274
v -0.7797872910881931 -0.3326446830515449 -0.4168297680208707
v -0.7184396987152585 -0.33749999999999986 -0.44102253604775254
v -0.6404936556917183 -0.3423553169484549 -0.449358288590259
v -0.5833132647997833 -0.3443664550781249 -0.4666506118398264
v -0.5751926080823873 -0.3423553169484549 -0.5247051726971037
v -0.5781819470457547 -0.3374999999999999 -0.6028011068070059
v -0.544389652454864 -0.33264468305154493 -0.6517893527995299
v -0.4808587113619538 -0.3306335449218749 -0.6662973754728007
v -0.4147969986175816 -0.3326446830515449 -0.6729000845949257
v -0.3465479451448071 -0.33749999999999986 -0.6693125993448954
v -0.27383484642287986 -0.3423553169484549 -0.6453531555969506
v -0.2135074732811597 -0.3443664550781249 -0.6374565904647544
v -0.17019067773268418 -0.3423553169484549 -0.6844850522857476
v -0.12396956239679364 -0.3374999999999999 -0.7533138507425458
v -0.06408692308358738 -0.3326446830515449 -0.7822219984225565
v -1.7666462451346114e-16 -0.3306335449218749 -0.7693739381791254
v 0.061337814655463646 -0.3326446830515449 -0.7486673669149364
v 0.11820105046586075 -0.3374999999999999 -0.7182608921635978
v 0.1661977888044701 -0.3423553169484549 -0.6684261657285627
v 0.2135074732811594 -0.3443664550781249 -0.6374565904647544
v 0.2804137072747974 -0.3423553169484549 -0.6608577148832508
v 0.3634603663824282 -0.3374999999999999 -0.7019767567244413
v 0.4333878455733312 -0.33264468305154493 -0.7030588912664002
v 0.48085871136195346 -0.3306335449218749 -0.6662973754728008
v 0.5210372100260883 -0.3326446830515449 -0.6238298328705545
v 0.5512781700596904 -0.33749999999999997 -0.5747517589722062
v 0.5616978607378236 -0.34235531694845495 -0.5123949245533742
v 0.5833132647997831 -0.3443664550781249 -0.4666506118398267
v 0.6558814658713793 -0.3423553169484549 -0.46015408646591005
v 0.7535013835087574 -0.33749999999999997 -0.46254555763660377
v 0.8147366909994124 -0.33264468305154493 -0.43551172196389126
v 0.8328717193410009 -0.3306335449218749 -0.3846869690895631
v 0.8411251057436571 -0.33264468305154493 -0.3318375988940653
v 0.8366407491811196 -0.3374999999999998 -0.27723835611584585
v 0.8066914444961882 -0.3423553169484549 -0.21906787713830395
v 0.796820738080943 -0.3443664550781249 -0.1708059786249278
v 0.8556063153571838 -0.34235531694845495 -0.13615254218614728
v 0.9416423134281826 -0.3374999999999999 -0.099175649917435
v 0.9777774980281955 -0.33264468305154493 -0.051269538466869956
v 0.9745279856578032 -0.3721082183718681 0
v 0.9460383725073629 -0.3743281385642253 0.04960530471217986
v 0.906658993558998 -0.37968749999999996 0.09549113676969338
v 0.8442474114389665 -0.3850468614357746 0.1343450010107784
v 0.8051811237907046 -0.38726678162813183 0.1725981055044025
v 0.8346884703546261 -0.3850468614357746 0.22667084486882758
v 0.8880685490029158 -0.37968749999999996 0.2942800298512026
v 0.8910524879533385 -0.3743281385642253 0.35153476703040215
v 0.8439659922785347 -0.3721082183718681 0.3898111942631212
v 0.7882899481011497 -0.3743281385642253 0.4213748030461608
v 0.7255077605106657 -0.37968749999999996 0.445361347702408
v 0.6471740797536616 -0.3850468614357746 0.4540451483223668
v 0.5894334919102014 -0.38726678162813183 0.47154679352816115
v 0.5811921415300633 -0.3850468614357746 0.5301780980955365
v 0.5851649050815092 -0.37968749999999996 0.6100814012787509
v 0.5519648612789174 -0.3743281385642253 0.6608590337431081
v 0.48726399282890176 -0.3721082183718681 0.6751727938228278
v 0.41931986869966176 -0.3743281385642253 0.6802372631930996
v 0.3499573089309881 -0.37968749999999996 0.6758973451782259
v 0.2766909760360082 -0.3850468614357746 0.6520842648137076
v 0.2157476318805031 -0.38726678162813183 0.6441448990325637
v 0.17196584773520532 -0.3850468614357746 0.6916245580928783
v 0.12546679740447747 -0.37968749999999996 0.7624119539164097
v 0.06497869577445357 -0.3743281385642253 0.793106656053536
v 5.967262891576732e-17 -0.3721082183718681 0.7796223885262427
v -0.06200663089022491 -0.3743281385642253 0.7568306980058903
v -0.11936392096211657 -0.37968749999999996 0.7253271948471987
v -0.16793125126347294 -0.3850468614357746 0.6753979291511732
v -0.21574763188050322 -0.38726678162813183 0.6441448990325637
v -0.28333855608603414 -0.38504686143577466 0.6677507762837006
v -0.3678500373140032 -0.37968749999999996 0.7104548392023324
v -0.43941845878800245 -0.3743281385642253 0.7128419903626709
v -0.4872639928289014 -0.3721082183718681 0.6751727938228278
v -0.5267185038077008 -0.37432813856422525 0.6306319584809199
v -0.5567016846280101 -0.37968749999999996 0.5804062084085325
v -0.5675564354029585 -0.3850468614357746 0.5177392638029293
v -0.5894334919102014 -0.38726678162813183 0.4715467935281612
v -0.6627226226194207 -0.3850468614357746 0.4649537132240507
v -0.762601751598438 -0.37968749999999996 0.4681319240652073
v -0.8260737921788851 -0.3743281385642253 0.4415718890231339
v -0.8439659922785347 -0.3721082183718681 0.3898111942631213
v -0.8502965789913743 -0.3743281385642253 0.3354558949597295
v -0.8448716814727824 -0.37968749999999996 0.2799658471447905
v -0.8151053310171347 -0.3850468614357746 0.2213527808288066
v -0.8051811237907045 -0.38726678162813183 0.1725981055044027
v -0.8645306976160969 -0.38504686143577466 0.13757267818816432
v -0.9530149423955127 -0.3796874999999999 0.10037343792358193
v -0.99138332006692 -0.3743281385642253 0.05198295661956291
v -0.9745279856578033 -0.3721082183718681 9.547620626522772e-17
v -0.946038372507363 -0.37432813856422525 -0.04960530471217972
v -0.906658993558998 -0.37968749999999996 -0.09549113676969352
v -0.8442474114389662 -0.38504686143577466 -0.13434500101077843
v -0.8051811237907047 -0.38726678162813183 -0.17259810550440224
v -0.834688470354626 -0.3850468614357746 -0.2266708448688275
v -0.8880685490029157 -0.37968749999999996 -0.2942800298512025
v -0.8910524879533386 -0.3743281385642253 -0.351534767030402
v -0.8439659922785345 -0.3721082183718681 -0.3898111942631214
v -0.78828994810115 -0.37432813856422525 -0.4213748030461607
v -0.7255077605106662 -0.3796874999999999 -0.44536134770240804
v -0.6471740797536617 -0.3850468614357746 -0.45404514832236686
v -0.5894334919102016 -0.38726678162813183 -0.47154679352816115
v -0.5811921415300634 -0.3850468614357746 -0.5301780980955365
v -0.5851649050815091 -0.3796875 -0.6100814012787504
v -0.5519648612789173 -0.3743281385642253 -0.6608590337431081
v -0.4872639928289021 -0.3721082183718681 -0.6751727938228277
v -0.419319868699662 -0.37432813856422525 -0.6802372631930997
v -0.34995730893098875 -0.3796874999999999 -0.6758973451782262
v -0.2766909760360083 -0.3850468614357746 -0.6520842648137077
v -0.21574763188050303 -0.38726678162813183 -0.6441448990325637
v -0.17196584773520557 -0.3850468614357746 -0.691624558092878
v -0.1254667974044774 -0.3796875 -0.7624119539164097
v -0.06497869577445325 -0.37432813856422525 -0.793106656053536
v -1.7901788674730197e-16 -0.3721082183718681 -0.7796223885262427
v 0.06200663089022419 -0.37432813856422525 -0.7568306980058908
v 0.11936392096211644 -0.37968749999999996 -0.7253271948471985
v 0.16793125126347308 -0.3850468614357746 -0.6753979291511735
v 0.21574763188050275 -0.38726678162813183 -0.6441448990325638
v 0.2833385560860343 -0.3850468614357746 -0.6677507762837008
v 0.3678500373140036 -0.37968749999999996 -0.7104548392023328
v 0.43941845878800234 -0.3743281385642253 -0.712841990362671
v 0.48726399282890176 -0.3721082183718681 -0.6751727938228278
v 0.5267185038077008 -0.37432813856422525 -0.63063195848092
v 0.5567016846280097 -0.3796875 -0.5804062084085324
v 0.5675564354029584 -0.38504686143577466 -0.517739263802929
v 0.5894334919102013 -0.38726678162813183 -0.47154679352816126
v 0.6627226226194203 -0.3850468614357746 -0.4649537132240509
v 0.7626017515984379 -0.3796875 -0.46813192406520726
v 0.826073792178885 -0.3743281385642253 -0.4415718890231339
v 0.8439659922785346 -0.3721082183718681 -0.3898111942631218
v 0.8502965789913743 -0.3743281385642253 -0.33545589495972955
v 0.844871681472783 -0.37968749999999984 -0.27996584714479117
v 0.8151053310171348 -0.3850468614357746 -0.22135278082880672
v 0.8051811237907047 -0.38726678162813183 -0.1725981055044025
v 0.8645306976160967 -0.38504686143577466 -0.13757267818816438
v 0.9530149423955124 -0.37968749999999996 -0.100373437923582
v 0.99138332006692 -0.3743281385642253 -0.05198295661956266
v 0.9873867445470385 -0.4135287809371948 0
v 0.9562184568976083 -0.415973331903422 0.0501390950983303
v 0.9153746757824813 -0.421875 0.09640908983601311
v 0.8528569952596997 -0.427776668096578 0.1357150431707269
v 0.813511770916152 -0.4302212190628052 0.17438385764015632
v 0.8432995657005559 -0.427776668096578 0.22900930325975113
v 0.8986542246502586 -0.421875 0.29778781418721223
v 0.9033021032075593 -0.415973331903422 0.35636744041701196
v 0.8551020041377514 -0.4135287809371948 0.39495469781881537
v 0.7967725408044278 -0.415973331903422 0.42590911283696126
v 0.7324820420610649 -0.421875 0.44964259126671613
v 0.6537739217084603 -0.42777666809657794 0.45867547316543134
v 0.5955319488659566 -0.4302212190628052 0.47642555909276524
v 0.5871880323597212 -0.427776668096578 0.5356477006061411
v 0.5921400038983243 -0.421875 0.6173535018836693
v 0.5595529184090269 -0.41597333190342206 0.6699440977657934
v 0.49369337227351934 -0.4135287809371948 0.6840816033102011
v 0.4238320658514068 -0.415973331903422 0.6875571277418725
v 0.35332143669908644 -0.421875 0.6823947234848651
v 0.2795126538029109 -0.42777666809657794 0.6587341805374952
v 0.2179798220501954 -0.4302212190628052 0.6508094167329217
v 0.17373993994287937 -0.427776668096578 0.6987597291475282
v 0.12696234729567207 -0.421875 0.7714998173058714
v 0.06587198100031762 -0.415973331903422 0.8040097751442334
v 6.04600008115028e-17 -0.4135287809371948 0.7899093956376309
v -0.06267386887291294 -0.415973331903422 0.7649747655180866
v -0.12051136229501622 -0.421875 0.7322997406259852
v -0.1696438039634086 -0.42777666809657794 0.68228559620776
v -0.2179798220501955 -0.4302212190628052 0.6508094167329217
v -0.2862616290746886 -0.427776668096578 0.6746396525604446
v -0.37223476773401515 -0.421875 0.7189233797202067
v -0.44545930052126476 -0.41597333190342206 0.7226416825660475
v -0.493693372273519 -0.4135287809371948 0.6840816033102012
v -0.5323863910462013 -0.415973331903422 0.6374180326435425
v -0.562053239083395 -0.421875 0.5859856336488519
v -0.573344341456789 -0.42777666809657794 0.5230191373667683
v -0.5955319488659565 -0.4302212190628052 0.4764255590927653
v -0.6695596257576765 -0.427776668096578 0.46975042588777705
v -0.7716918773545862 -0.421875 0.4737120031186594
v -0.8374301222072419 -0.415973331903422 0.4476423347272214
v -0.8551020041377514 -0.4135287809371948 0.39495469781881537
v -0.8594464096773404 -0.41597333190342206 0.3390656526811255
v -0.8529934043560812 -0.421875 0.28265714935926917
v -0.823417725671869 -0.42777666809657794 0.22361012304232877
v -0.8135117709161519 -0.4302212190628052 0.17438385764015651
v -0.8734496614344093 -0.427776668096578 0.13899195195430356
v -0.9643747716323398 -0.42187499999999994 0.10156987783653762
v -1.0050122189302917 -0.415973331903422 0.05269758480025415
v -0.9873867445470385 -0.4135287809371948 9.673600129840448e-17
v -0.9562184568976085 -0.415973331903422 -0.05013909509833016
v -0.9153746757824813 -0.421875 -0.09640908983601326
v -0.8528569952596995 -0.427776668096578 -0.13571504317072694
v -0.813511770916152 -0.4302212190628052 -0.17438385764015604
v -0.8432995657005559 -0.427776668096578 -0.22900930325975108
v -0.8986542246502583 -0.42187500000000006 -0.297787814187212
v -0.9033021032075594 -0.41597333190342206 -0.3563674404170118
v -0.8551020041377511 -0.4135287809371948 -0.3949546978188154
v -0.796772540804428 -0.415973331903422 -0.42590911283696115
v -0.7324820420610654 -0.42187499999999994 -0.449642591266716
v -0.6537739217084604 -0.42777666809657794 -0.45867547316543134
v -0.5955319488659566 -0.4302212190628052 -0.4764255590927652
v -0.5871880323597213 -0.427776668096578 -0.5356477006061411
v -0.5921400038983242 -0.42187500000000006 -0.6173535018836689
v -0.5595529184090268 -0.415973331903422 -0.6699440977657934
v -0.49369337227351967 -0.4135287809371948 -0.6840816033102011
v -0.42383206585140704 -0.415973331903422 -0.6875571277418726
v -0.35332143669908705 -0.42187499999999994 -0.6823947234848652
v -0.279512653802911 -0.42777666809657794 -0.6587341805374952
v -0.2179798220501953 -0.4302212190628052 -0.6508094167329217
v -0.17373993994287962 -0.427776668096578 -0.6987597291475279
v -0.126962347295672 -0.42187500000000006 -0.7714998173058712
v -0.0658719810003173 -0.415973331903422 -0.8040097751442334
v -1.8138000243450837e-16 -0.4135287809371948 -0.7899093956376309
v 0.06267386887291224 -0.41597333190342195 -0.7649747655180872
v 0.12051136229501609 -0.421875 -0.7322997406259852
v 0.16964380396340872 -0.42777666809657794 -0.68228559620776
v 0.217979822050195 -0.4302212190628052 -0.6508094167329216
v 0.2862616290746888 -0.427776668096578 -0.6746396525604447
v 0.37223476773401554 -0.421875 -0.7189233797202069
v 0.44545930052126465 -0.415973331903422 -0.7226416825660477
v 0.4936933722735194 -0.4135287809371948 -0.6840816033102011
v 0.5323863910462012 -0.415973331903422 -0.6374180326435425
v 0.5620532390833947 -0.42187500000000006 -0.5859856336488516
v 0.573344341456789 -0.427776668096578 -0.5230191373667679
v 0.5955319488659564 -0.4302212190628052 -0.4764255590927654
v 0.669559625757676 -0.427776668096578 -0.46975042588777727
v 0.771691877354586 -0.42187500000000006 -0.47371200311865935
v 0.8374301222072418 -0.41597333190342206 -0.4476423347272214
v 0.8551020041377514 -0.4135287809371948 -0.39495469781881587
v 0.8594464096773405 -0.41597333190342206 -0.3390656526811256
v 0.8529934043560818 -0.4218749999999999 -0.28265714935926983
v 0.8234177256718691 -0.42777666809657794 -0.22361012304232888
v 0.8135117709161521 -0.4302212190628052 -0.17438385764015632
v 0.873449661434409 -0.42777666809657805 -0.1389919519543036
v 0.9643747716323396 -0.421875 -0.10156987783653769
v 1.0050122189302917 -0.415973331903422 -0.0526975848002539
v 1.0003012111549936 -0.4548925611376763 0
v 0.966383808866914 -0.4575783740473849 0.050672112993373486
v 0.923981678497153 -0.46406250000000004 0.09731559655931551
v 0.8613684383989634 -0.4705466259526152 0.13706946821444554
v 0.821821573585175 -0.4732324388623238 0.17616514157169771
v 0.8519169429046786 -0.4705466259526152 0.23134946757348843
v 0.9092379892166474 -0.46406250000000004 0.3012949652467019
v 0.915579194690849 -0.45757837404738483 0.36121095362497374
v 0.8662862602965664 -0.4548925611376763 0.4001204844619974
v 0.8052428576638545 -0.4575783740473849 0.43043686066246256
v 0.7393693583603481 -0.46406250000000004 0.45387045020366606
v 0.6602985320376052 -0.4705466259526152 0.4632530169165189
v 0.6016151466205529 -0.4732324388623238 0.48129211729644233
v 0.5931882972363985 -0.47054662595261526 0.5411212932325165
v 0.5991138434683096 -0.46406250000000004 0.6246242896226525
v 0.5671579957631653 -0.4575783740473849 0.6790495398407697
v 0.5001506055774969 -0.4548925611376763 0.693029008237253
v 0.42833773303883577 -0.4575783740473849 0.6948663991244571
v 0.35664361574257064 -0.46406250000000004 0.6888110832475941
v 0.282302167253315 -0.4705466259526152 0.6653082938445297
v 0.22020642696462212 -0.4732324388623238 0.6574572588681401
v 0.17551532636403283 -0.4705466259526152 0.7059001053626073
v 0.1284576271883321 -0.46406250000000004 0.7805860400213493
v 0.06676726988988704 -0.45757837404738483 0.814937350235506
v 6.125078382120918e-17 -0.4548925611376763 0.8002409689239949
v -0.06334014124171694 -0.4575783740473849 0.7731070470935312
v -0.12164449569914423 -0.46406250000000004 0.7391853427977226
v -0.17133683526805688 -0.4705466259526152 0.6890947507191708
v -0.22020642696462223 -0.4732324388623238 0.6574572588681401
v -0.28918683446686017 -0.47054662595261526 0.6815335543237425
v -0.3766187065583772 -0.46406250000000004 0.7273903913733178
v -0.451513692031217 -0.4575783740473849 0.7324633557526794
v -0.5001506055774966 -0.4548925611376763 0.6930290082372531
v -0.5380460758280781 -0.45757837404738483 0.6441942861310838
v -0.5673380627545824 -0.46406250000000004 0.5914954866882784
v -0.5790662711456486 -0.4705466259526152 0.5282388256300842
v -0.6016151466205528 -0.4732324388623238 0.4812921172964424
v -0.6764016165406457 -0.4705466259526152 0.47455063778911893
v -0.7807803620283152 -0.46406250000000004 0.4792910747746477
v -0.8488119248009621 -0.45757837404738483 0.45372639661053216
v -0.8662862602965664 -0.4548925611376763 0.4001204844619974
v -0.8685829989055712 -0.4575783740473849 0.3426701864310686
v -0.8610138540594924 -0.46406250000000004 0.28531489259405657
v -0.8316353673056621 -0.4705466259526152 0.22584173380265204
v -0.821821573585175 -0.4732324388623238 0.17616514157169788
v -0.8823751317032582 -0.47054662595261526 0.14041226109122634
v -0.9757325500266872 -0.4640625 0.10276610175066563
v -1.0186716877943822 -0.45757837404738483 0.0534138159119097
v -1.0003012111549936 -0.4548925611376763 9.800125411393469e-17
v -0.9663838088669141 -0.45757837404738483 -0.05067211299337335
v -0.923981678497153 -0.46406250000000004 -0.09731559655931565
v -0.861368438398963 -0.47054662595261526 -0.13706946821444554
v -0.8218215735851752 -0.4732324388623238 -0.17616514157169744
v -0.8519169429046785 -0.47054662595261526 -0.23134946757348834
v -0.9092379892166472 -0.4640625000000001 -0.3012949652467017
v -0.9155791946908491 -0.4575783740473849 -0.3612109536249736
v -0.8662862602965661 -0.4548925611376763 -0.4001204844619975
v -0.8052428576638548 -0.45757837404738483 -0.43043686066246245
v -0.7393693583603486 -0.4640625 -0.45387045020366595
v -0.6602985320376054 -0.4705466259526152 -0.46325301691651893
v -0.6016151466205529 -0.4732324388623238 -0.4812921172964422
v -0.5931882972363987 -0.47054662595261526 -0.5411212932325165
v -0.5991138434683095 -0.4640625000000001 -0.624624289622652
v -0.5671579957631652 -0.45757837404738483 -0.6790495398407697
v -0.5001506055774972 -0.4548925611376763 -0.693029008237253
v -0.4283377330388359 -0.45757837404738483 -0.6948663991244571
v -0.35664361574257125 -0.4640625 -0.6888110832475941
v -0.28230216725331514 -0.4705466259526152 -0.6653082938445298
v -0.22020642696462203 -0.4732324388623238 -0.6574572588681401
v -0.1755153263640331 -0.47054662595261526 -0.705900105362607
v -0.12845762718833198 -0.4640625000000001 -0.7805860400213492
v -0.06676726988988672 -0.45757837404738483 -0.814937350235506
v -1.8375235146362757e-16 -0.4548925611376763 -0.8002409689239951
v 0.06334014124171622 -0.4575783740473848 -0.7731070470935317
v 0.12164449569914411 -0.46406250000000004 -0.7391853427977226
v 0.17133683526805701 -0.4705466259526152 -0.6890947507191709
v 0.22020642696462175 -0.4732324388623238 -0.6574572588681402
v 0.28918683446686033 -0.47054662595261526 -0.6815335543237426
v 0.3766187065583777 -0.46406250000000004 -0.7273903913733182
v 0.4515136920312169 -0.4575783740473849 -0.7324633557526795
v 0.500150605577497 -0.4548925611376763 -0.6930290082372532
v 0.538046075828078 -0.45757837404738483 -0.644194286131084
v 0.5673380627545821 -0.4640625000000001 -0.5914954866882782
v 0.5790662711456486 -0.47054662595261526 -0.5282388256300838
v 0.6016151466205528 -0.4732324388623238 -0.48129211729644245
v 0.6764016165406451 -0.47054662595261526 -0.4745506377891191
v 0.780780362028315 -0.4640625000000001 -0.47929107477464766
v 0.848811924800962 -0.4575783740473849 -0.45372639661053216
v 0.8662862602965664 -0.4548925611376763 -0.400120484461998
v 0.8685829989055712 -0.4575783740473849 -0.3426701864310687
v 0.861013854059493 -0.4640624999999999 -0.2853148925940572
v 0.8316353673056622 -0.4705466259526152 -0.22584173380265216
v 0.8218215735851752 -0.4732324388623238 -0.1761651415716977
v 0.882375131703258 -0.4705466259526153 -0.1404122610912264
v 0.9757325500266871 -0.46406250000000004 -0.1027661017506657
v 1.0186716877943822 -0.4575783740473849 -0.05341381591190944
v 1.0132796687620793 -0.49619682312011726 0
v 0.9765446050160304 -0.49914133045576714 0.05120489200503175
v 0.9324894715786952 -0.5062500000000001 0.09821165432582896
v 0.8697896277256508 -0.513358669544233 0.13840953117854451
v 0.8301202069497032 -0.5163031768798829 0.17794403125834354
v 0.8605529121658552 -0.513358669544233 0.2336946808095841
v 0.9198307265446173 -0.5062500000000001 0.3048050896178226
v 0.9278912889417833 -0.49914133045576714 0.3660682759967454
v 0.8775259342862423 -0.49619682312011726 0.4053118675048318
v 0.813709378369378 -0.49914133045576714 0.43496257928080834
v 0.7461772871950343 -0.5062500000000001 0.45804957622534187
v 0.6667539565720331 -0.513358669544233 0.4677820212167742
v 0.6076901678767738 -0.5163031768798829 0.486152134301419
v 0.5992015077303192 -0.513358669544233 0.5466066951767375
v 0.6060935953579968 -0.5062500000000001 0.6319012414296739
v 0.5747847556759054 -0.49914133045576714 0.6881809421094681
v 0.5066398343810399 -0.49619682312011726 0.7020207474289938
v 0.43284138091501984 -0.49914133045576714 0.7021723947005342
v 0.359927501297018 -0.5062500000000001 0.6951534840818564
v 0.2850621012046832 -0.513358669544233 0.671812696436171
v 0.22243003907292938 -0.5163031768798829 0.6640961655597625
v 0.1772945431949332 -0.513358669544233 0.7130558869938396
v 0.12995417475752527 -0.5062500000000001 0.7896799659042197
v 0.06766511130494827 -0.49914133045576714 0.8258960805374697
v 6.204548514952855e-17 -0.49619682312011726 0.8106237350096637
v -0.06400611500628976 -0.49914133045576714 0.7812356840128242
v -0.12276456790728604 -0.5062500000000001 0.7459915772629565
v -0.17301191397318058 -0.513358669544233 0.6958317021805208
v -0.2224300390729295 -0.5163031768798829 0.6640961655597626
v -0.2921183510119798 -0.513358669544233 0.6884423297326839
v -0.38100636202227806 -0.5062500000000001 0.7358645812356938
v -0.4575853449959315 -0.49914133045576714 0.7423130311534268
v -0.5066398343810395 -0.49619682312011726 0.7020207474289938
v -0.5437032241010102 -0.4991413304557671 0.6509675026955026
v -0.5725619702816773 -0.5062500000000001 0.5969418297560275
v -0.5847275265209678 -0.513358669544233 0.5334031652576265
v -0.6076901678767738 -0.5163031768798829 0.48615213430141907
v -0.683258368970922 -0.513358669544233 0.4793612061842555
v -0.7898765517870918 -0.5062500000000001 0.48487487628639747
v -0.8602261776368352 -0.49914133045576714 0.4598278045407243
v -0.8775259342862423 -0.49619682312011726 0.4053118675048318
v -0.8777154933756675 -0.49914133045576714 0.3462731047320159
v -0.8689418551023205 -0.5062500000000001 0.28794200103761447
v -0.8397658705452137 -0.513358669544233 0.22804968096374667
v -0.830120206949703 -0.5163031768798829 0.1779440312583437
v -0.8913198587422986 -0.5133586695442331 0.14183563455594664
v -0.9870999573802753 -0.5062500000000001 0.10396333980602018
v -1.032370100671837 -0.49914133045576714 0.054132089043958685
v -1.0132796687620795 -0.49619682312011726 9.927277623924568e-17
v -0.9765446050160305 -0.4991413304557671 -0.0512048920050316
v -0.9324894715786952 -0.5062500000000001 -0.09821165432582911
v -0.8697896277256505 -0.513358669544233 -0.13840953117854454
v -0.8301202069497032 -0.5163031768798829 -0.17794403125834324
v -0.8605529121658552 -0.513358669544233 -0.23369468080958408
v -0.9198307265446172 -0.5062500000000001 -0.3048050896178224
v -0.9278912889417834 -0.4991413304557672 -0.36606827599674524
v -0.8775259342862417 -0.49619682312011726 -0.4053118675048318
v -0.8137093783693783 -0.4991413304557671 -0.4349625792808082
v -0.7461772871950348 -0.50625 -0.4580495762253418
v -0.6667539565720331 -0.513358669544233 -0.4677820212167743
v -0.6076901678767739 -0.5163031768798829 -0.4861521343014189
v -0.5992015077303193 -0.513358669544233 -0.5466066951767375
v -0.6060935953579968 -0.5062500000000001 -0.6319012414296733
v -0.5747847556759053 -0.49914133045576714 -0.6881809421094681
v -0.5066398343810402 -0.49619682312011726 -0.7020207474289937
v -0.43284138091502006 -0.4991413304557671 -0.7021723947005343
v -0.35992750129701867 -0.50625 -0.6951534840818565
v -0.28506210120468334 -0.513358669544233 -0.671812696436171
v -0.22243003907292933 -0.5163031768798829 -0.6640961655597626
v -0.17729454319493346 -0.513358669544233 -0.7130558869938394
v -0.1299541747575252 -0.5062500000000001 -0.7896799659042196
v -0.06766511130494794 -0.4991413304557671 -0.8258960805374697
v -1.8613645544858563e-16 -0.49619682312011726 -0.8106237350096637
v 0.06400611500628903 -0.49914133045576703 -0.7812356840128247
v 0.1227645679072859 -0.5062500000000001 -0.7459915772629563
v 0.1730119139731807 -0.513358669544233 -0.6958317021805208
v 0.222430039072929 -0.5163031768798829 -0.6640961655597626
v 0.29211835101197997 -0.513358669544233 -0.6884423297326842
v 0.38100636202227856 -0.5062500000000001 -0.735864581235694
v 0.4575853449959314 -0.49914133045576714 -0.742313031153427
v 0.5066398343810399 -0.49619682312011726 -0.7020207474289938
v 0.5437032241010101 -0.4991413304557671 -0.6509675026955027
v 0.572561970281677 -0.5062500000000002 -0.5969418297560273
v 0.5847275265209677 -0.513358669544233 -0.5334031652576261
v 0.6076901678767737 -0.5163031768798829 -0.4861521343014192
v 0.6832583689709215 -0.513358669544233 -0.47936120618425576
v 0.7898765517870916 -0.5062500000000001 -0.4848748762863974
v 0.8602261776368351 -0.4991413304557672 -0.4598278045407243
v 0.877525934286242 -0.49619682312011726 -0.4053118675048323
v 0.8777154933756675 -0.49914133045576714 -0.346273104732016
v 0.868941855102321 -0.50625 -0.2879420010376151
v 0.8397658705452138 -0.513358669544233 -0.22804968096374678
v 0.8301202069497032 -0.5163031768798829 -0.1779440312583435
v 0.8913198587422984 -0.5133586695442331 -0.1418356345559467
v 0.9870999573802751 -0.5062500000000001 -0.10396333980602025
v 1.032370100671837 -0.49914133045576714 -0.05413208904395842
v 1.0263311500961947 -0.5374387666583063 0
v 0.9867118242371419 -0.5406602210696259 0.05173800780899439
v 0.9409084530848211 -0.5484375000000001 0.0990983582797678
v 0.8781293375132446 -0.5562147789303744 0.1397366283122322
v 0.8384181056089463 -0.559436233341694 0.17972276345403912
v 0.8692205542430232 -0.5562147789303744 0.23604849522350257
v 0.9304441641311508 -0.5484375000000001 0.30832207345121665
v 0.9402466860456131 -0.5406602210696259 0.37094268205158865
v 0.8888288486786043 -0.5374387666583063 0.4105324600384778
v 0.8221812511232294 -0.5406602210696259 0.43949115879864353
v 0.7529141490821188 -0.5484375000000001 0.46218507697753936
v 0.6731469213997243 -0.5562147789303744 0.4722672049628749
v 0.6137646512913975 -0.559436233341694 0.4910117210331179
v 0.6052367719513586 -0.5562147789303744 0.5521122150858521
v 0.6130869870335443 -0.5484375000000001 0.6391924138087057
v 0.5824383396573897 -0.5406602210696259 0.6973444604228549
v 0.5131655750480975 -0.5374387666583063 0.7110630789428835
v 0.4373478757388374 -0.5406602210696259 0.709483008707578
v 0.363177106862897 -0.5484375000000001 0.7014296775454629
v 0.28779533130965135 -0.5562147789303744 0.6782541654320117
v 0.22465345431754888 -0.559436233341694 0.6707344844871571
v 0.17908028538570797 -0.5562147789303744 0.7202379127845895
v 0.13145364687026903 -0.5484375000000001 0.7987916630780517
v 0.06856611051704448 -0.5406602210696257 0.8368933537775003
v 6.284465789152632e-17 -0.5374387666583063 0.8210649200769558
v -0.06467250976124307 -0.5406602210696259 0.7893694593897135
v -0.12387294784970958 -0.5484375000000001 0.7527267624678571
v -0.17467078539029018 -0.5562147789303744 0.7025034700105959
v -0.22465345431754902 -0.559436233341694 0.6707344844871571
v -0.29506061902937786 -0.5562147789303745 0.6953764433944183
v -0.38540259181402065 -0.5484375000000001 0.7443553313049206
v -0.4636783525644856 -0.5406602210696259 0.7521973488364906
v -0.5131655750480971 -0.5374387666583063 0.7110630789428835
v -0.5493639484983043 -0.5406602210696257 0.6577450008985837
v -0.5777313462219241 -0.5484375000000001 0.602331319265695
v -0.5903340062035936 -0.5562147789303744 0.5385175371197795
v -0.6137646512913973 -0.559436233341694 0.491011721033118
v -0.6901402688573152 -0.5562147789303744 0.48418941756108697
v -0.7989905172608817 -0.5484375000000001 0.49046958962683534
v -0.8716805755285687 -0.5406602210696259 0.46595067172591165
v -0.8888288486786043 -0.5374387666583063 0.4105324600384778
v -0.8868537608844721 -0.5406602210696259 0.34987830059106995
v -0.8767870969318285 -0.5484375000000001 0.2905416854903176
v -0.8478177067900146 -0.5562147789303744 0.23023626504772116
v -0.8384181056089463 -0.559436233341694 0.1797227634540393
v -0.900297390980736 -0.5562147789303745 0.14326422830856647
v -0.9984895788475653 -0.5484375000000001 0.10516291749621519
v -1.0461166922218752 -0.5406602210696259 0.05485288841363564
v -1.0263311500961947 -0.5374387666583063 1.0055145262644213e-16
v -0.986711824237142 -0.5406602210696257 -0.05173800780899424
v -0.9409084530848211 -0.5484375000000001 -0.09909835827976796
v -0.8781293375132444 -0.5562147789303745 -0.13973662831223221
v -0.8384181056089464 -0.559436233341694 -0.17972276345403887
v -0.8692205542430231 -0.5562147789303744 -0.2360484952235025
v -0.9304441641311508 -0.5484375000000001 -0.3083220734512165
v -0.9402466860456132 -0.5406602210696259 -0.3709426820515884
v -0.8888288486786041 -0.5374387666583063 -0.41053246003847793
v -0.8221812511232298 -0.5406602210696257 -0.4394911587986435
v -0.7529141490821194 -0.5484375 -0.4621850769775393
v -0.6731469213997244 -0.5562147789303744 -0.4722672049628749
v -0.6137646512913975 -0.559436233341694 -0.4910117210331179
v -0.6052367719513587 -0.5562147789303744 -0.5521122150858521
v -0.6130869870335441 -0.5484375000000001 -0.6391924138087053
v -0.5824383396573894 -0.5406602210696259 -0.6973444604228549
v -0.5131655750480978 -0.5374387666583063 -0.7110630789428833
v -0.4373478757388376 -0.5406602210696257 -0.7094830087075781
v -0.3631771068628976 -0.5484375 -0.701429677545463
v -0.2877953313096515 -0.5562147789303744 -0.6782541654320117
v -0.22465345431754882 -0.559436233341694 -0.6707344844871571
v -0.17908028538570825 -0.5562147789303744 -0.7202379127845893
v -0.13145364687026895 -0.5484375000000001 -0.7987916630780517
v -0.06856611051704414 -0.5406602210696257 -0.8368933537775003
v -1.8853397367457896e-16 -0.5374387666583063 -0.8210649200769558
v 0.06467250976124234 -0.5406602210696257 -0.789369459389714
v 0.12387294784970947 -0.5484375000000001 -0.752726762467857
v 0.1746707853902903 -0.5562147789303744 -0.7025034700105959
v 0.2246534543175485 -0.559436233341694 -0.6707344844871572
v 0.2950606190293781 -0.5562147789303744 -0.6953764433944185
v 0.38540259181402114 -0.5484375000000001 -0.7443553313049209
v 0.4636783525644855 -0.5406602210696259 -0.7521973488364907
v 0.5131655750480975 -0.5374387666583063 -0.7110630789428835
v 0.5493639484983042 -0.5406602210696257 -0.6577450008985839
v 0.5777313462219238 -0.5484375000000002 -0.6023313192656948
v 0.5903340062035934 -0.5562147789303745 -0.5385175371197791
v 0.6137646512913972 -0.559436233341694 -0.4910117210331181
v 0.6901402688573147 -0.5562147789303744 -0.4841894175610872
v 0.7989905172608815 -0.5484375000000001 -0.49046958962683534
v 0.8716805755285686 -0.5406602210696259 -0.46595067172591165
v 0.8888288486786045 -0.5374387666583063 -0.4105324600384785
v 0.8868537608844722 -0.5406602210696259 -0.34987830059107
v 0.8767870969318292 -0.5484374999999999 -0.2905416854903183
v 0.8478177067900147 -0.5562147789303744 -0.23023626504772127
v 0.8384181056089464 -0.559436233341694 -0.1797227634540391
v 0.9002973909807357 -0.5562147789303745 -0.14326422830856653
v 0.9984895788475653 -0.5484375000000001 -0.10516291749621527
v 1.0461166922218752 -0.5406602210696259 -0.05485288841363538
v 1.0394654133996741 -0.5786155271530151 0
v 0.9968972185056703 -0.5821330203114212 0.05227207661739266
v 0.9492499219902797 -0.590625 0.09997689845172879
v 0.8863972076684249 -0.5991169796885787 0.1410522936128358
v 0.8467264402269644 -0.6026344728469848 0.18150373269511552
v 0.8779336922255148 -0.5991169796885787 0.2384146646604794
v 0.9410908472673511 -0.590625 0.3118500738906591
v 0.9526544395882338 -0.5821330203114212 0.37583774357708233
v 0.9002034543594113 -0.5786155271530151 0.4157861653598696
v 0.8306682683020865 -0.5821330203114212 0.44402783366149673
v 0.7595889854516484 -0.590625 0.46628250264688614
v 0.6794848161764243 -0.5991169796885787 0.4767137525981474
v 0.61984677435807 -0.6026344728469848 0.49587741948645603
v 0.6113037148927648 -0.5991169796885787 0.5576466331209289
v 0.6201022848208854 -0.590625 0.6465064250683056
v 0.590124355975762 -0.5821330203114212 0.7065468094740686
v 0.5197327066998372 -0.5786155271530151 0.720162763487529
v 0.44186242642879936 -0.5821330203114212 0.7168066912590619
v 0.3663967936816721 -0.590625 0.7076480868130475
v 0.290505016920741 -0.5991169796885787 0.6846401465539753
v 0.22687966586889438 -0.6026344728469848 0.6773811521815716
v 0.18087540082435347 -0.5991169796885787 0.7274576365746913
v 0.13295781593196937 -0.590625 0.8079319017473672
v 0.06947092774564816 -0.5821330203114212 0.8479372283576918
v 6.364889956721457e-17 -0.5786155271530151 0.8315723307197396
v -0.0653400957717409 -0.5821330203114212 0.7975177748045363
v -0.12497112306466084 -0.590625 0.7593999375922241
v -0.17631536701604472 -0.5991169796885787 0.7091177661347401
v -0.22687966586889452 -0.6026344728469848 0.6773811521815717
v -0.29801833082559887 -0.5991169796885787 0.7023469537804116
v -0.3898125923633237 -0.590625 0.7528726778138808
v -0.46979717947135274 -0.5821330203114212 0.7621235516705872
v -0.519732706699837 -0.5786155271530151 0.7201627634875293
v -0.5550347920768708 -0.5821330203114212 0.6645346146416694
v -0.5828531283086077 -0.590625 0.6076711883613187
v -0.5958921907476842 -0.5991169796885787 0.5435878529411395
v -0.61984677435807 -0.6026344728469848 0.4958774194864561
v -0.6970582914011613 -0.5991169796885787 0.48904297191421203
v -0.8081330313353816 -0.590625 0.4960818278567084
v -0.8831835118425858 -0.5821330203114212 0.47209948478060954
v -0.9002034543594115 -0.5786155271530151 0.41578616535986973
v -0.8960083640738271 -0.5821330203114212 0.35348994114303955
v -0.8845601085163094 -0.590625 0.2931174349453377
v -0.8558001831924691 -0.5991169796885787 0.23240401353659285
v -0.8467264402269643 -0.6026344728469848 0.18150373269511572
v -0.9093220457183633 -0.5991169796885787 0.14470032065948288
v -1.0099148771842097 -0.590625 0.10636625274557547
v -1.0599215354471148 -0.5821330203114212 0.055576742196518585
v -1.0394654133996744 -0.5786155271530151 1.0183823930754332e-16
v -0.9968972185056705 -0.5821330203114212 -0.05227207661739251
v -0.9492499219902797 -0.590625 -0.09997689845172894
v -0.8863972076684246 -0.5991169796885787 -0.1410522936128358
v -0.8467264402269645 -0.6026344728469848 -0.18150373269511524
v -0.8779336922255147 -0.5991169796885787 -0.2384146646604793
v -0.9410908472673509 -0.590625 -0.31185007389065883
v -0.9526544395882339 -0.5821330203114213 -0.37583774357708216
v -0.900203454359411 -0.5786155271530151 -0.4157861653598697
v -0.8306682683020868 -0.5821330203114212 -0.4440278336614966
v -0.759588985451649 -0.5906249999999998 -0.4662825026468862
v -0.6794848161764244 -0.5991169796885787 -0.4767137525981474
v -0.6198467743580701 -0.6026344728469848 -0.49587741948645603
v -0.611303714892765 -0.5991169796885787 -0.557646633120929
v -0.6201022848208854 -0.590625 -0.646506425068305
v -0.5901243559757618 -0.5821330203114212 -0.7065468094740686
v -0.5197327066998376 -0.5786155271530151 -0.7201627634875291
v -0.4418624264287996 -0.5821330203114212 -0.7168066912590619
v -0.36639679368167277 -0.5906249999999998 -0.7076480868130477
v -0.2905050169207411 -0.5991169796885787 -0.6846401465539753
v -0.22687966586889433 -0.6026344728469848 -0.6773811521815717
v -0.18087540082435374 -0.5991169796885787 -0.727457636574691
v -0.13295781593196926 -0.590625 -0.807931901747367
v -0.06947092774564782 -0.5821330203114212 -0.8479372283576918
v -1.9094669870164372e-16 -0.5786155271530151 -0.8315723307197396
v 0.06534009577174016 -0.5821330203114211 -0.7975177748045369
v 0.1249711230646607 -0.590625 -0.7593999375922239
v 0.17631536701604483 -0.5991169796885787 -0.7091177661347401
v 0.226879665868894 -0.6026344728469848 -0.6773811521815717
v 0.29801833082559903 -0.5991169796885787 -0.7023469537804117
v 0.38981259236332416 -0.590625 -0.752872677813881
v 0.46979717947135263 -0.5821330203114212 -0.7621235516705873
v 0.5197327066998373 -0.5786155271530151 -0.7201627634875292
v 0.5550347920768707 -0.5821330203114212 -0.6645346146416695
v 0.5828531283086074 -0.5906250000000001 -0.6076711883613185
v 0.5958921907476842 -0.5991169796885787 -0.5435878529411391
v 0.6198467743580699 -0.6026344728469848 -0.49587741948645614
v 0.6970582914011608 -0.5991169796885787 -0.4890429719142122
v 0.8081330313353814 -0.590625 -0.4960818278567083
v 0.8831835118425857 -0.5821330203114213 -0.47209948478060954
v 0.9002034543594115 -0.5786155271530151 -0.41578616535987034
v 0.8960083640738271 -0.5821330203114212 -0.3534899411430396
v 0.88456010851631 -0.5906249999999997 -0.29311743494533843
v 0.8558001831924691 -0.5991169796885787 -0.23240401353659293
v 0.8467264402269645 -0.6026344728469848 -0.18150373269511552
v 0.9093220457183631 -0.5991169796885787 -0.14470032065948293
v 1.0099148771842095 -0.590625 -0.10636625274557553
v 1.0599215354471148 -0.5821330203114212 -0.055576742196518314
v 1.0526929166910846 -0.619724175632 0
v 1.0071132817909005 -0.6235576570850181 0.05280775354863555
v 0.9575260487941654 -0.6328125 0.10084855666299401
v 0.894603719929902 -0.6420673429149819 0.14235819503832428
v 0.8550570924009652 -0.645900824368 0.18328948591307398
v 0.8867068615163471 -0.6420673429149819 0.24079713640408132
v 0.9517841111982233 -0.6328125 0.3153935098476209
v 0.9651243347596655 -0.6235576570850181 0.38075732099058746
v 0.911658808238415 -0.619724175632 0.4210771666764338
v 0.8391808405517387 -0.6235576570850181 0.4485781688062665
v 0.7662115351267139 -0.6328125 0.4703478315228134
v 0.6857756758804016 -0.6420673429149819 0.48112730131204945
v 0.6259452350096227 -0.645900824368 0.500756188007698
v 0.617412457530576 -0.642067342914982 0.5632191818910198
v 0.6271482755612915 -0.6328125 0.6538524361960667
v 0.5978488660933101 -0.6235576570850181 0.7157952465586208
v 0.5263464583455424 -0.619724175632 0.729327046590732
v 0.4463905707830675 -0.6235576570850181 0.7241524259900266
v 0.36959125939064874 -0.6328125 0.7138177847643652
v 0.29319459328984027 -0.6420673429149819 0.6909787357426455
v 0.22911185739134246 -0.645900824368 0.6840456739207721
v 0.18268288415257233 -0.6420673429149819 0.7347271024285422
v 0.13446856595314025 -0.6328125 0.8171121302966539
v 0.07038027656138955 -0.623557657085018 0.8590364138652354
v 6.445885054554141e-17 -0.619724175632 0.8421543333528677
v -0.06600969193579452 -0.6235576570850181 0.8056906254327206
v -0.12606069582874235 -0.6328125 0.7660208390353326
v -0.17794774379790526 -0.6420673429149819 0.7156829759439216
v -0.22911185739134254 -0.645900824368 0.6840456739207721
v -0.30099642050510134 -0.642067342914982 0.7093654892130775
v -0.394241887309526 -0.6328125 0.7614272889585785
v -0.4759466512382341 -0.6235576570850181 0.7720994678077325
v -0.5263464583455422 -0.619724175632 0.7293270465907321
v -0.560722711007833 -0.623557657085018 0.6713446724413912
v -0.5879347894035167 -0.6328125 0.6129692281013711
v -0.6014091266400617 -0.6420673429149819 0.5486205407043213
v -0.6259452350096226 -0.645900824368 0.5007561880076982
v -0.7040239773637748 -0.6420673429149819 0.49392996602446093
v -0.8173155452450829 -0.6328125 0.5017186204490331
v -0.8947440581982762 -0.623557657085018 0.478279092874648
v -0.9116588082384152 -0.619724175632 0.42107716667643386
v -0.9051905324875328 -0.6235576570850181 0.35711245662645397
v -0.8922722309554564 -0.6328125 0.295673007512519
v -0.8637234196783069 -0.6420673429149819 0.23455567463187232
v -0.8550570924009651 -0.645900824368 0.18328948591307417
v -0.918408878035677 -0.642067342914982 0.14614630732205794
v -1.0213901628708177 -0.6328125 0.10757485276251216
v -1.0737955173315443 -0.623557657085018 0.0563042212491117
v -1.0526929166910848 -0.619724175632 1.0313416087286626e-16
v -1.0071132817909008 -0.623557657085018 -0.0528077535486354
v -0.9575260487941654 -0.6328125 -0.10084855666299417
v -0.8946037199299016 -0.642067342914982 -0.1423581950383243
v -0.8550570924009653 -0.645900824368 -0.1832894859130737
v -0.8867068615163471 -0.6420673429149819 -0.2407971364040813
v -0.9517841111982229 -0.6328125 -0.31539350984762066
v -0.9651243347596656 -0.6235576570850181 -0.38075732099058723
v -0.9116588082384147 -0.619724175632 -0.42107716667643386
v -0.839180840551739 -0.623557657085018 -0.4485781688062664
v -0.7662115351267145 -0.6328124999999999 -0.4703478315228134
v -0.6857756758804017 -0.6420673429149819 -0.4811273013120495
v -0.6259452350096228 -0.645900824368 -0.500756188007698
v -0.6174124575305763 -0.6420673429149819 -0.5632191818910198
v -0.6271482755612913 -0.6328125 -0.653852436196066
v -0.5978488660933099 -0.6235576570850181 -0.7157952465586208
v -0.5263464583455428 -0.619724175632 -0.729327046590732
v -0.4463905707830677 -0.623557657085018 -0.7241524259900266
v -0.36959125939064935 -0.6328124999999999 -0.7138177847643654
v -0.29319459328984043 -0.6420673429149819 -0.6909787357426456
v -0.22911185739134235 -0.645900824368 -0.6840456739207721
v -0.18268288415257258 -0.642067342914982 -0.734727102428542
v -0.13446856595314013 -0.6328125 -0.8171121302966536
v -0.0703802765613892 -0.623557657085018 -0.8590364138652354
v -1.9337655163662423e-16 -0.619724175632 -0.8421543333528678
v 0.06600969193579377 -0.623557657085018 -0.8056906254327211
v 0.12606069582874221 -0.6328125 -0.7660208390353324
v 0.1779477437979054 -0.6420673429149819 -0.7156829759439217
v 0.22911185739134207 -0.645900824368 -0.6840456739207722
v 0.3009964205051015 -0.642067342914982 -0.7093654892130776
v 0.3942418873095264 -0.6328125 -0.7614272889585787
v 0.475946651238234 -0.6235576570850181 -0.7720994678077326
v 0.5263464583455425 -0.619724175632 -0.7293270465907321
v 0.5607227110078329 -0.623557657085018 -0.6713446724413913
v 0.5879347894035164 -0.6328125000000001 -0.6129692281013709
v 0.6014091266400617 -0.642067342914982 -0.548620540704321
v 0.6259452350096225 -0.645900824368 -0.5007561880076983
v 0.7040239773637744 -0.642067342914982 -0.4939299660244612
v 0.8173155452450825 -0.6328125000000001 -0.501718620449033
v 0.8947440581982761 -0.6235576570850181 -0.478279092874648
v 0.9116588082384153 -0.619724175632 -0.4210771666764345
v 0.905190532487533 -0.6235576570850181 -0.3571124566264542
v 0.8922722309554572 -0.6328124999999998 -0.29567300751251974
v 0.863723419678307 -0.6420673429149819 -0.23455567463187244
v 0.8550570924009653 -0.645900824368 -0.18328948591307395
v 0.9184088780356767 -0.642067342914982 -0.14614630732205802
v 1.0213901628708175 -0.6328125 -0.10757485276251222
v 1.0737955173315443 -0.6235576570850181 -0.05630422124911143
v 1.0660247902846194 -0.6607617187500002 0
v 1.0173732171601955 -0.664932014775684 0.053345730902526846
v 0.9657498440704635 -0.6750000000000003 0.10171470321321169
v 0.9027601720957137 -0.6850679852243166 0.1436561304061007
v 0.8634226278409751 -0.6892382812500003 0.18508271668539766
v 0.8955552780994956 -0.6850679852243166 0.24320004255875896
v 0.9625380513687318 -0.6750000000000003 0.3189570521416797
v 0.977666864660317 -0.664932014775684 0.38570555399168116
v 0.923204549450459 -0.6607617187500002 0.4264099161138477
v 0.8477299693765523 -0.664932014775684 0.453148045009115
v 0.7727922091576245 -0.6750000000000003 0.47438745454922143
v 0.6920281610558869 -0.6850679852243166 0.4855139271793389
v 0.632069231984228 -0.6892382812500003 0.5056553855873824
v 0.6235735947281766 -0.6850679852243166 0.5688395262971401
v 0.6342342470059431 -0.6750000000000003 0.6612401304183853
v 0.6056183699893166 -0.664932014775684 0.7250975540016731
v 0.5330123951423098 -0.6607617187500002 0.7385636395603672
v 0.4509381608988017 -0.664932014775684 0.7315297064037688
v 0.3727655258839368 -0.6750000000000003 0.7199484705393113
v 0.2958677631215403 -0.6850679852243166 0.6972786592508102
v 0.23135339585674705 -0.6892382812500003 0.6907381022727801
v 0.1845058702280705 -0.6850679852243166 0.7420589183413002
v 0.13598788834575054 -0.6750000000000003 0.8263444497464338
v 0.07129492215822571 -0.664932014775684 0.8702002499831343
v 6.527519236168938e-17 -0.6607617187500002 0.8528198322276955
v -0.06668216362815864 -0.664932014775684 0.8138985737281563
v -0.12714337901651443 -0.6750000000000003 0.7725998752563711
v -0.17957016300762585 -0.6850679852243166 0.7222081376765711
v -0.23135339585674716 -0.6892382812500003 0.6907381022727801
v -0.30400005319844836 -0.6850679852243166 0.7164442224795962
v -0.3986963151770994 -0.6750000000000003 0.7700304410949853
v -0.4821319424896013 -0.664932014775684 0.7821334917282537
v -0.5330123951423096 -0.6607617187500002 0.7385636395603675
v -0.5664350562613936 -0.664932014775684 0.6781839755012422
v -0.5929843181865266 -0.6750000000000003 0.6182337673260996
v -0.6068924089741735 -0.6850679852243166 0.5536225288447095
v -0.6320692319842279 -0.6892382812500003 0.5056553855873824
v -0.711049407871425 -0.6850679852243166 0.49885887578254134
v -0.8265501630229809 -0.6750000000000003 0.5073873976047544
v -0.9063719425020915 -0.664932014775684 0.4844946959914532
v -0.9232045494504593 -0.6607617187500002 0.4264099161138478
v -0.9144121330047107 -0.664932014775684 0.36075052871904134
v -0.8999355881741391 -0.6750000000000003 0.29821242070714954
v -0.8715983240635127 -0.6850679852243166 0.2366942104972323
v -0.8634226278409749 -0.6892382812500003 0.18508271668539783
v -0.9275736479266244 -0.6850679852243167 0.14760469618245647
v -1.032930562183043 -0.6750000000000002 0.10879031067660039
v -1.0877503124789178 -0.664932014775684 0.057035937726580624
v -1.0660247902846196 -0.6607617187500002 1.0444030777870304e-16
v -1.0173732171601957 -0.664932014775684 -0.0533457309025267
v -0.9657498440704635 -0.6750000000000003 -0.10171470321321184
v -0.9027601720957134 -0.6850679852243166 -0.14365613040610073
v -0.8634226278409751 -0.6892382812500003 -0.18508271668539736
v -0.8955552780994955 -0.6850679852243166 -0.24320004255875893
v -0.9625380513687315 -0.6750000000000003 -0.31895705214167946
v -0.9776668646603172 -0.6649320147756841 -0.38570555399168094
v -0.9232045494504588 -0.6607617187500002 -0.4264099161138478
v -0.8477299693765528 -0.664932014775684 -0.45314804500911493
v -0.772792209157625 -0.6750000000000002 -0.4743874545492214
v -0.6920281610558869 -0.6850679852243166 -0.48551392717933894
v -0.632069231984228 -0.6892382812500003 -0.5056553855873823
v -0.6235735947281767 -0.6850679852243166 -0.5688395262971401
v -0.6342342470059429 -0.6750000000000003 -0.6612401304183847
v -0.6056183699893165 -0.664932014775684 -0.7250975540016731
v -0.5330123951423102 -0.6607617187500002 -0.7385636395603673
v -0.4509381608988019 -0.664932014775684 -0.7315297064037689
v -0.37276552588393747 -0.6750000000000002 -0.7199484705393114
v -0.29586776312154045 -0.6850679852243166 -0.6972786592508103
v -0.23135339585674697 -0.6892382812500003 -0.6907381022727801
v -0.1845058702280708 -0.6850679852243166 -0.7420589183413001
v -0.13598788834575043 -0.6750000000000004 -0.8263444497464337
v -0.07129492215822536 -0.6649320147756839 -0.8702002499831343
v -1.9582557708506816e-16 -0.6607617187500002 -0.8528198322276958
v 0.06668216362815789 -0.6649320147756839 -0.813898573728157
v 0.1271433790165143 -0.6750000000000003 -0.772599875256371
v 0.17957016300762596 -0.6850679852243166 -0.7222081376765712
v 0.23135339585674664 -0.6892382812500003 -0.6907381022727801
v 0.3040000531984485 -0.6850679852243166 -0.7164442224795964
v 0.3986963151770999 -0.6750000000000003 -0.7700304410949855
v 0.4821319424896011 -0.664932014775684 -0.7821334917282539
v 0.5330123951423099 -0.6607617187500002 -0.7385636395603674
v 0.5664350562613935 -0.664932014775684 -0.6781839755012423
v 0.5929843181865264 -0.6750000000000004 -0.6182337673260994
v 0.6068924089741735 -0.6850679852243166 -0.5536225288447092
v 0.6320692319842278 -0.6892382812500003 -0.5056553855873825
v 0.7110494078714246 -0.6850679852243166 -0.4988588757825416
v 0.8265501630229808 -0.6750000000000004 -0.5073873976047544
v 0.9063719425020914 -0.6649320147756841 -0.4844946959914532
v 0.9232045494504593 -0.6607617187500002 -0.42640991611384843
v 0.9144121330047107 -0.664932014775684 -0.36075052871904145
v 0.8999355881741398 -0.675 -0.2982124207071502
v 0.8715983240635128 -0.6850679852243166 -0.23669421049723244
v 0.8634226278409751 -0.6892382812500003 -0.1850827166853976
v 0.9275736479266242 -0.6850679852243167 -0.14760469618245656
v 1.0329305621830427 -0.6750000000000003 -0.10879031067660046
v 1.0877503124789178 -0.664932014775684 -0.057035937726580346
v 1.0794728076340898 -0.7017250987887383 0
v 1.0276909021559397 -0.7062539312500898 0.05388673634481317
v 0.9739351250376956 -0.7171875000000001 0.10257679335944425
v 0.9108786503419509 -0.7281210687499103 0.14494802298808415
v 0.871836267925629 -0.7326499012112618 0.18688625913826895
v 0.9044948051663183 -0.7281210687499103 0.24562769098680487
v 0.9733674918268784 -0.7171875000000001 0.32254561303022067
v 0.9902932048676356 -0.7062539312500898 0.3906868515282846
v 0.9348508741056344 -0.7017250987887383 0.43178912305363587
v 0.8563272182896837 -0.7062539312500898 0.4577436434640184
v 0.7793420640709655 -0.7171875000000001 0.47840815890310395
v 0.69825153659346 -0.7281210687499103 0.48988013027279215
v 0.6382284440027928 -0.7326499012112618 0.5105827552022342
v 0.6297981719983349 -0.7281210687499103 0.5745177423340142
v 0.6413699669961309 -0.7171875000000001 0.6686796914941476
v 0.6134397904053022 -0.7062539312500898 0.734462020295108
v 0.539736403817045 -0.7017250987887383 0.7478806992845074
v 0.45551134782591685 -0.7062539312500898 0.7389485109765601
v 0.37592492640881586 -0.7171875000000001 0.7260504446162167
v 0.298528487500961 -0.7281210687499103 0.7035492522628523
v 0.2336078239228362 -0.7326499012112618 0.6974690143405032
v 0.18634762724880047 -0.7281210687499103 0.749466228585473
v 0.13751787745919417 -0.7171875000000001 0.8356415866271251
v 0.07221567949875071 -0.7062539312500898 0.8814386838525263
v 6.609864593178473e-17 -0.7017250987887383 0.8635782461072719
v -0.06735842043101654 -0.7062539312500898 0.8221527217247518
v -0.12822099169930512 -0.7171875000000001 0.7791481000301567
v -0.18118502873510514 -0.7281210687499103 0.7287029202735609
v -0.2336078239228363 -0.7326499012112618 0.6974690143405033
v -0.30703461373350577 -0.7281210687499104 0.7235958441330543
v -0.40318201628777567 -0.7171875000000001 0.7786939934615026
v -0.4883585644103556 -0.7062539312500898 0.7922345638941086
v -0.5397364038170447 -0.7017250987887383 0.7478806992845075
v -0.5721795543300229 -0.7062539312500897 0.6850617746317472
v -0.5980101986288798 -0.7171875000000001 0.6234736512567723
v -0.6123501628409901 -0.7281210687499103 0.5586012292747681
v -0.6382284440027927 -0.7326499012112618 0.5105827552022343
v -0.7181471779175177 -0.7281210687499103 0.503838537598668
v -0.835849614367684 -0.7171875000000001 0.5130959735969047
v -0.9180775253688851 -0.7062539312500898 0.4907518323242417
v -0.9348508741056344 -0.7017250987887383 0.43178912305363587
v -0.9236856387207 -0.7062539312500898 0.36440907826073354
v -0.9075630557702707 -0.7171875000000001 0.3007399411270527
v -0.8794365653285652 -0.7281210687499103 0.23882279000076886
v -0.8718362679256288 -0.7326499012112618 0.18688625913826915
v -0.93683278573184 -0.7281210687499104 0.14907810179904044
v -1.044551983283907 -0.7171875 0.11001430196735529
v -1.1017983548156578 -0.7062539312500898 0.05777254359900063
v -1.0794728076340898 -0.7017250987887383 1.0575783349085557e-16
v -1.0276909021559402 -0.7062539312500897 -0.05388673634481303
v -0.9739351250376955 -0.7171875000000001 -0.10257679335944439
v -0.9108786503419506 -0.7281210687499104 -0.14494802298808415
v -0.8718362679256291 -0.7326499012112618 -0.18688625913826867
v -0.9044948051663182 -0.7281210687499103 -0.2456276909868048
v -0.9733674918268781 -0.7171875000000001 -0.32254561303022045
v -0.9902932048676357 -0.7062539312500898 -0.3906868515282844
v -0.9348508741056338 -0.7017250987887383 -0.43178912305363587
v -0.8563272182896842 -0.7062539312500897 -0.4577436434640183
v -0.7793420640709661 -0.7171875 -0.4784081589031039
v -0.6982515365934601 -0.7281210687499103 -0.48988013027279215
v -0.6382284440027929 -0.7326499012112618 -0.5105827552022342
v -0.629798171998335 -0.7281210687499103 -0.5745177423340142
v -0.6413699669961307 -0.7171875000000002 -0.6686796914941471
v -0.613439790405302 -0.7062539312500898 -0.734462020295108
v -0.5397364038170454 -0.7017250987887383 -0.7478806992845073
v -0.4555113478259171 -0.7062539312500897 -0.7389485109765603
v -0.37592492640881653 -0.7171875 -0.7260504446162168
v -0.29852848750096117 -0.7281210687499103 -0.7035492522628523
v -0.2336078239228361 -0.7326499012112618 -0.6974690143405033
v -0.18634762724880075 -0.7281210687499103 -0.7494662285854726
v -0.13751787745919405 -0.7171875000000002 -0.835641586627125
v -0.07221567949875035 -0.7062539312500897 -0.8814386838525263
v -1.9829593779535419e-16 -0.7017250987887383 -0.8635782461072719
v 0.06735842043101581 -0.7062539312500897 -0.8221527217247527
v 0.12822099169930498 -0.7171875000000001 -0.7791481000301567
v 0.18118502873510525 -0.7281210687499103 -0.7287029202735609
v 0.23360782392283577 -0.7326499012112618 -0.6974690143405033
v 0.30703461373350593 -0.7281210687499103 -0.7235958441330546
v 0.40318201628777617 -0.7171875000000001 -0.778693993461503
v 0.48835856441035547 -0.7062539312500898 -0.7922345638941087
v 0.539736403817045 -0.7017250987887383 -0.7478806992845074
v 0.5721795543300228 -0.7062539312500897 -0.6850617746317473
v 0.5980101986288795 -0.7171875000000002 -0.6234736512567721
v 0.6123501628409901 -0.7281210687499104 -0.5586012292747676
v 0.6382284440027925 -0.7326499012112618 -0.5105827552022344
v 0.7181471779175173 -0.7281210687499103 -0.5038385375986683
v 0.8358496143676838 -0.7171875000000002 -0.5130959735969046
v 0.918077525368885 -0.70625393125009 -0.4907518323242417
v 0.9348508741056344 -0.7017250987887383 -0.43178912305363654
v 0.9236856387207 -0.7062539312500898 -0.3644090782607336
v 0.9075630557702714 -0.7171874999999999 -0.30073994112705343
v 0.8794365653285653 -0.7281210687499103 -0.23882279000076895
v 0.8718362679256291 -0.7326499012112618 -0.18688625913826895
v 0.9368327857318398 -0.7281210687499104 -0.14907810179904052
v 1.0445519832839067 -0.7171875000000001 -0.11001430196735534
v 1.1017983548156578 -0.7062539312500898 -0.057772543599000345
v 1.0930493545725715 -0.7426111936569213 0
v 1.0380808525285379 -0.747521198856311 0.05443153100553202
v 0.9820964802282458 -0.7593749999999999 0.10343636359507127
v 0.9189719997004342 -0.7712288011436889 0.14623591681282538
v 0.8803118597027494 -0.7761388063430785 0.1887030815159132
v 0.9135419181802662 -0.7712288011436889 0.24808455582120717
v 0.9842879518589531 -0.7593749999999999 0.3261643351523316
v 1.0030151863249046 -0.747521198856311 0.3957058811008504
v 0.9466085086500313 -0.7426111936569213 0.43721974182902856
v 0.8649846825934638 -0.747521198856311 0.4623714296290862
v 0.7858727735980231 -0.7593749999999999 0.482417110639714
v 0.7044556490991457 -0.7712288011436889 0.49423281878578845
v 0.644433007807858 -0.7761388063430785 0.5155464062462863
v 0.6360976611778211 -0.7712288011436889 0.5802642948998503
v 0.648565661478601 -0.7593749999999999 0.6761817807939624
v 0.621320456050918 -0.747521198856311 0.7438974199902029
v 0.5465246772862858 -0.7426111936569213 0.757286806920025
v 0.46011656549218 -0.747521198856311 0.746419277080303
v 0.3790750919286035 -0.7593749999999999 0.7321345824734897
v 0.3011809762181989 -0.7712288011436889 0.709800436092142
v 0.23587885189489147 -0.7761388063430785 0.7042494877621995
v 0.18821154955545308 -0.7712288011436889 0.7569626847634641
v 0.13906072586650053 -0.7593749999999999 0.8450168643352121
v 0.07314341133715101 -0.747521198856311 0.8927622459415848
v 6.6929969669369e-17 -0.7426111936569213 0.8744394836580572
v -0.06803941375691511 -0.747521198856311 0.8304646820228303
v -0.12929545449383892 -0.7593749999999999 0.7856771841825969
v -0.1827948960160317 -0.7712288011436889 0.7351775997603475
v -0.2358788518948916 -0.7761388063430785 0.7042494877621996
v -0.3101056947765086 -0.7712288011436889 0.7308335345442126
v -0.40770541894041434 -0.7593749999999999 0.7874303614871624
v -0.4946323513760628 -0.747521198856311 0.8024121490599239
v -0.5465246772862855 -0.7426111936569213 0.7572868069200251
v -0.5779642870363576 -0.747521198856311 0.6919877460747713
v -0.6030213882996424 -0.7593749999999999 0.6286982188784184
v -0.6177910234822355 -0.7712288011436889 0.5635645192793166
v -0.6444330078078578 -0.7761388063430785 0.5155464062462863
v -0.725330368624813 -0.7712288011436889 0.508878128942257
v -0.8452272259924523 -0.7593749999999999 0.5188525291828806
v -0.9298717749877536 -0.747521198856311 0.4970563648407344
v -0.9466085086500313 -0.7426111936569213 0.43721974182902856
v -0.9330240963503785 -0.747521198856311 0.368093252393744
v -0.9151682280918622 -0.7593749999999999 0.30326007354288287
v -0.8872505451151774 -0.7712288011436889 0.24094478097455918
v -0.8803118597027493 -0.7761388063430785 0.1887030815159134
v -0.9462033559543293 -0.771228801143689 0.15056923964436256
v -1.0562710804190156 -0.7593749999999998 0.11124858069320037
v -1.1159528074269809 -0.747521198856311 0.058514729069720876
v -1.0930493545725715 -0.7426111936569213 1.070879514709904e-16
v -1.038080852528538 -0.747521198856311 -0.054431531005531865
v -0.9820964802282458 -0.7593749999999999 -0.10343636359507143
v -0.918971999700434 -0.7712288011436889 -0.1462359168128254
v -0.8803118597027495 -0.7761388063430785 -0.18870308151591292
v -0.9135419181802661 -0.7712288011436889 -0.24808455582120714
v -0.9842879518589529 -0.759375 -0.32616433515233134
v -1.0030151863249046 -0.7475211988563111 -0.39570588110085025
v -0.9466085086500308 -0.7426111936569213 -0.43721974182902856
v -0.8649846825934642 -0.747521198856311 -0.4623714296290861
v -0.7858727735980237 -0.7593749999999998 -0.48241711063971393
v -0.7044556490991458 -0.7712288011436889 -0.4942328187857885
v -0.6444330078078581 -0.7761388063430785 -0.5155464062462863
v -0.6360976611778213 -0.7712288011436889 -0.5802642948998504
v -0.6485656614786008 -0.759375 -0.6761817807939617
v -0.6213204560509179 -0.747521198856311 -0.7438974199902029
v -0.5465246772862862 -0.7426111936569213 -0.7572868069200249
v -0.4601165654921803 -0.747521198856311 -0.7464192770803033
v -0.37907509192860417 -0.7593749999999998 -0.7321345824734898
v -0.301180976218199 -0.7712288011436889 -0.7098004360921422
v -0.23587885189489136 -0.7761388063430785 -0.7042494877621995
v -0.18821154955545336 -0.7712288011436889 -0.7569626847634638
v -0.1390607258665004 -0.759375 -0.8450168643352118
v -0.07314341133715066 -0.7475211988563109 -0.8927622459415848
v -2.0078990900810703e-16 -0.7426111936569213 -0.8744394836580573
v 0.06803941375691434 -0.7475211988563109 -0.830464682022831
v 0.12929545449383878 -0.7593749999999999 -0.7856771841825968
v 0.1827948960160318 -0.7712288011436889 -0.7351775997603476
v 0.23587885189489102 -0.7761388063430785 -0.7042494877621995
v 0.3101056947765088 -0.7712288011436889 -0.7308335345442128
v 0.4077054189404149 -0.7593749999999999 -0.7874303614871628
v 0.49463235137606265 -0.747521198856311 -0.8024121490599239
v 0.546524677286286 -0.7426111936569213 -0.7572868069200251
v 0.5779642870363575 -0.7475211988563109 -0.6919877460747714
v 0.6030213882996421 -0.759375 -0.6286982188784183
v 0.6177910234822355 -0.7712288011436889 -0.5635645192793163
v 0.6444330078078577 -0.7761388063430785 -0.5155464062462864
v 0.7253303686248125 -0.7712288011436889 -0.5088781289422573
v 0.8452272259924521 -0.759375 -0.5188525291828806
v 0.9298717749877535 -0.7475211988563111 -0.4970563648407344
v 0.9466085086500315 -0.7426111936569213 -0.4372197418290293
v 0.9330240963503785 -0.747521198856311 -0.36809325239374413
v 0.9151682280918628 -0.7593749999999997 -0.30326007354288353
v 0.8872505451151775 -0.7712288011436889 -0.2409447809745593
v 0.8803118597027495 -0.7761388063430785 -0.18870308151591317
v 0.9462033559543289 -0.771228801143689 -0.15056923964436258
v 1.0562710804190154 -0.7593749999999999 -0.11124858069320044
v 1.1159528074269809 -0.747521198856311 -0.05851472906972059
v 1.106767397022689 -0.7834168168902399 0
v 1.0485581844127754 -0.7887315644238265 0.05498090749573797
v 0.9902492323425068 -0.8015625000000002 0.10429502773751398
v 0.9270537927672846 -0.8143934355761738 0.14752197168610517
v 0.8888638444071737 -0.8197081831097605 0.19053627943210022
v 0.9227136684628038 -0.8143934355761738 0.25057526757691817
v 0.9953156109363532 -0.8015625000000002 0.3298185799132003
v 1.0158452666179953 -0.7887315644238265 0.4007675574305721
v 0.9584886819020264 -0.7834168168902399 0.44270695880907557
v 0.8737149578627156 -0.7887315644238265 0.4670381363795415
v 0.7923965989507037 -0.8015625000000002 0.4864218364460926
v 0.7106509029073673 -0.8143934355761738 0.4985792922034497
v 0.6506934951170484 -0.8197081831097605 0.5205547960936386
v 0.6424839350723464 -0.8143934355761739 0.5860900146668157
v 0.6558319914083606 -0.8015625000000002 0.683757513219481
v 0.6292680838112525 -0.7887315644238265 0.7534129923947124
v 0.5533836985113446 -0.7834168168902399 0.7667909455216211
v 0.46476051393834855 -0.7887315644238265 0.7539528737859105
v 0.3822219367848913 -0.8015625000000002 0.738212306898077
v 0.3038296775129728 -0.8143934355761738 0.716042694011999
v 0.23817034929012526 -0.8197081831097605 0.7110910755257389
v 0.19010115012928402 -0.8143934355761738 0.7645624156347953
v 0.14061871941200244 -0.8015625000000002 0.8544841730398884
v 0.07407902612460471 -0.7887315644238264 0.9041820244795742
v 6.776995750822419e-17 -0.7834168168902399 0.8854139176181512
v -0.06872613436967254 -0.7887315644238265 0.8388465475302204
v -0.1303687846718923 -0.8015625000000002 0.7921993858740057
v -0.18440246460763143 -0.8143934355761738 0.7416430342138278
v -0.23817034929012537 -0.8197081831097605 0.7110910755257389
v -0.3132190844711474 -0.8143934355761739 0.7381709347702428
v -0.41227322489150015 -0.8015625000000002 0.7962524887490823
v -0.5009594467882148 -0.7887315644238265 0.8126762132943962
v -0.5533836985113443 -0.7834168168902399 0.7667909455216212
v -0.5837976704744269 -0.7887315644238264 0.6989719662901729
v -0.6080272955576157 -0.8015625000000002 0.633917279160563
v -0.6232241152543121 -0.8143934355761738 0.5685207223258939
v -0.6506934951170483 -0.8197081831097605 0.5205547960936387
v -0.7326125183335196 -0.8143934355761738 0.5139871480578773
v -0.8546968915243505 -0.8015625000000002 0.5246655931266884
v -0.9417662404933907 -0.7887315644238264 0.5034144670490021
v -0.9584886819020264 -0.7834168168902399 0.44270695880907557
v -0.9424410922323878 -0.7887315644238265 0.37180841115067886
v -0.9227653836225962 -0.8015625000000002 0.3057775494279131
v -0.8950533675149988 -0.8143934355761738 0.24306374201037828
v -0.8888638444071735 -0.8197081831097605 0.1905362794321004
v -0.9557030195434932 -0.8143934355761739 0.15208092010342733
v -1.0681052162998612 -0.8015625000000001 0.1124949755296019
v -1.1302275305994676 -0.7887315644238264 0.05926322089968384
v -1.106767397022689 -0.7834168168902399 1.0843193201315872e-16
v -1.0485581844127758 -0.7887315644238264 -0.05498090749573782
v -0.9902492323425068 -0.8015625000000002 -0.10429502773751413
v -0.9270537927672844 -0.8143934355761739 -0.14752197168610523
v -0.8888638444071737 -0.8197081831097605 -0.19053627943209991
v -0.9227136684628037 -0.8143934355761738 -0.2505752675769181
v -0.9953156109363529 -0.8015625000000003 -0.32981857991320007
v -1.0158452666179951 -0.7887315644238265 -0.4007675574305718
v -0.958488681902026 -0.7834168168902399 -0.44270695880907557
v -0.8737149578627161 -0.7887315644238264 -0.4670381363795415
v -0.7923965989507044 -0.8015625000000001 -0.4864218364460926
v -0.7106509029073674 -0.8143934355761738 -0.49857929220344976
v -0.6506934951170484 -0.8197081831097605 -0.5205547960936386
v -0.6424839350723465 -0.8143934355761739 -0.5860900146668157
v -0.6558319914083603 -0.8015625000000003 -0.6837575132194803
v -0.6292680838112525 -0.7887315644238264 -0.7534129923947125
v -0.5533836985113451 -0.7834168168902399 -0.7667909455216212
v -0.46476051393834883 -0.7887315644238264 -0.7539528737859107
v -0.38222193678489197 -0.8015625000000001 -0.7382123068980773
v -0.3038296775129729 -0.8143934355761738 -0.7160426940119992
v -0.23817034929012515 -0.8197081831097605 -0.7110910755257389
v -0.19010115012928433 -0.8143934355761739 -0.7645624156347951
v -0.14061871941200232 -0.8015625000000003 -0.8544841730398883
v -0.07407902612460435 -0.7887315644238264 -0.9041820244795742
v -2.0330987252467263e-16 -0.7834168168902399 -0.8854139176181515
v 0.06872613436967179 -0.7887315644238263 -0.8388465475302213
v 0.13036878467189217 -0.8015625000000002 -0.7921993858740057
v 0.18440246460763154 -0.8143934355761738 -0.7416430342138279
v 0.23817034929012482 -0.8197081831097605 -0.711091075525739
v 0.31321908447114755 -0.8143934355761739 -0.7381709347702429
v 0.4122732248915007 -0.8015625000000002 -0.7962524887490827
v 0.5009594467882147 -0.7887315644238265 -0.8126762132943965
v 0.5533836985113447 -0.7834168168902399 -0.7667909455216213
v 0.5837976704744268 -0.7887315644238264 -0.6989719662901729
v 0.6080272955576153 -0.8015625000000003 -0.6339172791605627
v 0.6232241152543121 -0.8143934355761739 -0.5685207223258936
v 0.6506934951170482 -0.8197081831097605 -0.5205547960936389
v 0.7326125183335191 -0.8143934355761739 -0.5139871480578774
v 0.8546968915243501 -0.8015625000000003 -0.5246655931266881
v 0.9417662404933904 -0.7887315644238265 -0.503414467049002
v 0.9584886819020266 -0.7834168168902399 -0.4427069588090763
v 0.9424410922323879 -0.7887315644238265 -0.371808411150679
v 0.9227653836225969 -0.8015625 -0.3057775494279138
v 0.8950533675149989 -0.8143934355761738 -0.2430637420103784
v 0.8888638444071738 -0.8197081831097605 -0.1905362794321002
v 0.9557030195434929 -0.8143934355761739 -0.15208092010342736
v 1.068105216299861 -0.8015625000000002 -0.11249497552960198
v 1.1302275305994676 -0.7887315644238265 -0.05926322089968355
v 1.1206404472562252 -0.8241387176513671 0
v 1.0591385750386413 -0.8298827292635177 0.05553568784738367
v 0.9984093993773127 -0.84375 0.105154472834204
v 0.935138296718548 -0.8576172707364823 0.14880845794213396
v 0.8975072245718718 -0.8633612823486329 0.19238906882010506
v 0.9320276453870422 -0.8576172707364823 0.25310460288402853
v 1.006467272057396 -0.84375 0.3335139153366601
v 1.028796499709735 -0.8298827292635177 0.4058770305190974
v 0.9705030958322465 -0.8241387176513671 0.4482561789024901
v 0.8825311072068995 -0.8298827292635177 0.47175074650793347
v 0.7989263577165387 -0.84375 0.4904302045469065
v 0.7168482347961389 -0.8576172707364823 0.5029272235632954
v 0.6570208885467405 -0.8633612823486329 0.5256167108373924
v 0.648969241132055 -0.8576172707364823 0.5920060740671576
v 0.6631800285939163 -0.84375 0.6914184320201185
v 0.6372907599987047 -0.8298827292635177 0.7630184191260243
v 0.5603202236281128 -0.8241387176513671 0.7764024766657972
v 0.4694501419037243 -0.8298827292635177 0.7615605736129032
v 0.3853716436936799 -0.84375 0.744295559007435
v 0.3064792672644288 -0.8576172707364823 0.7222870457790451
v 0.2404863360251313 -0.8633612823486329 0.7180057796574976
v 0.19202005280309517 -0.8576172707364823 0.7722799957896727
v 0.14219423203224799 -0.84375 0.8640579382117928
v 0.0750234758022047 -0.8298827292635177 0.915709638518061
v 6.861943683636974e-17 -0.8241387176513671 0.8965123578049804
v -0.06941960980922968 -0.8298827292635177 0.847310860030913
v -0.1314430910427548 -0.84375 0.7987275195018504
v -0.1860105724276674 -0.8576172707364823 0.7481106373748385
v -0.24048633602513145 -0.8633612823486329 0.7180057796574977
v -0.3163807536050353 -0.8576172707364823 0.7456221163096335
v -0.4168923941708248 -0.84375 0.8051738176459166
v -0.5073462881488716 -0.8298827292635177 0.8230371997677881
v -0.5603202236281125 -0.8241387176513671 0.7764024766657973
v -0.5896884331349167 -0.8298827292635177 0.7060248857655199
v -0.613037755683633 -0.84375 0.639141086173231
v -0.6286590294541193 -0.8576172707364823 0.5734785878369113
v -0.6570208885467403 -0.8633612823486329 0.5256167108373925
v -0.7400075925839469 -0.8576172707364823 0.5191753929056441
v -0.8642730400251476 -0.8437500000000001 0.5305440228751331
v -0.9537730239075305 -0.8298827292635177 0.5098326079989636
v -0.9705030958322467 -0.8241387176513671 0.44825617890249014
v -0.9519507170161289 -0.8298827292635177 0.3755601135229795
v -0.9303694487592935 -0.84375 0.3082973149549439
v -0.9028588072238064 -0.8576172707364823 0.24518341381154315
v -0.8975072245718716 -0.8633612823486329 0.19238906882010526
v -0.9653499947370897 -0.8576172707364824 0.1536160422424762
v -1.0800724227647418 -0.8437499999999999 0.11375538562579836
v -1.1446370481475763 -0.8298827292635177 0.060018780641763816
v -1.1206404472562255 -0.8241387176513671 1.0979109893819159e-16
v -1.0591385750386415 -0.8298827292635177 -0.05553568784738352
v -0.9984093993773127 -0.84375 -0.10515447283420415
v -0.9351382967185476 -0.8576172707364824 -0.148808457942134
v -0.8975072245718718 -0.8633612823486329 -0.19238906882010476
v -0.9320276453870422 -0.8576172707364823 -0.2531046028840285
v -1.0064672720573957 -0.8437500000000001 -0.3335139153366598
v -1.028796499709735 -0.8298827292635178 -0.4058770305190972
v -0.9705030958322461 -0.8241387176513671 -0.44825617890249014
v -0.8825311072069 -0.8298827292635176 -0.4717507465079334
v -0.7989263577165393 -0.8437499999999999 -0.4904302045469065
v -0.716848234796139 -0.8576172707364823 -0.5029272235632954
v -0.6570208885467406 -0.8633612823486329 -0.5256167108373923
v -0.6489692411320551 -0.8576172707364823 -0.5920060740671576
v -0.6631800285939163 -0.8437500000000001 -0.6914184320201181
v -0.6372907599987045 -0.8298827292635177 -0.7630184191260243
v -0.5603202236281132 -0.8241387176513671 -0.7764024766657971
v -0.4694501419037246 -0.8298827292635176 -0.7615605736129034
v -0.38537164369368054 -0.8437499999999999 -0.7442955590074353
v -0.306479267264429 -0.8576172707364823 -0.7222870457790452
v -0.2404863360251312 -0.8633612823486329 -0.7180057796574976
v -0.19202005280309545 -0.8576172707364823 -0.7722799957896723
v -0.14219423203224785 -0.8437500000000001 -0.8640579382117926
v -0.07502347580220432 -0.8298827292635176 -0.915709638518061
v -2.058583105091092e-16 -0.8241387176513671 -0.8965123578049804
v 0.06941960980922891 -0.8298827292635176 -0.8473108600309139
v 0.1314430910427547 -0.84375 -0.7987275195018504
v 0.1860105724276675 -0.8576172707364823 -0.7481106373748385
v 0.24048633602513086 -0.8633612823486329 -0.7180057796574975
v 0.3163807536050355 -0.8576172707364823 -0.7456221163096337
v 0.41689239417082535 -0.8437499999999999 -0.8051738176459169
v 0.5073462881488714 -0.8298827292635177 -0.8230371997677882
v 0.5603202236281128 -0.8241387176513671 -0.7764024766657972
v 0.5896884331349166 -0.8298827292635176 -0.70602488576552
v 0.6130377556836326 -0.8437500000000001 -0.6391410861732306
v 0.6286590294541193 -0.8576172707364823 -0.5734785878369109
v 0.6570208885467403 -0.8633612823486329 -0.5256167108373925
v 0.7400075925839465 -0.8576172707364823 -0.5191753929056443
v 0.8642730400251474 -0.8437500000000001 -0.530544022875133
v 0.9537730239075302 -0.8298827292635178 -0.5098326079989636
v 0.9705030958322468 -0.8241387176513671 -0.44825617890249086
v 0.9519507170161289 -0.8298827292635177 -0.3755601135229796
v 0.9303694487592944 -0.8437499999999997 -0.3082973149549446
v 0.9028588072238065 -0.8576172707364822 -0.24518341381154327
v 0.8975072245718719 -0.8633612823486329 -0.19238906882010506
v 0.9653499947370895 -0.8576172707364824 -0.1536160422424763
v 1.0800724227647416 -0.84375 -0.11375538562579843
v 1.1446370481475763 -0.8298827292635177 -0.060018780641763525
v 1.134682528785286 -0.8647735807299617 0
v 1.0698382220712455 -0.8709723491676713 0.0560967213813178
v 1.0065936541222515 -0.8859375000000003 0.10601645489665415
v 0.9432404387130816 -0.9009026508323292 0.150097750938117
v 0.9062575298118146 -0.9071014192700388 0.19426477859815985
v 0.94150193726897 -0.9009026508323292 0.25567747386725664
v 1.0177603235714014 -0.8859375000000003 0.3372561034148033
v 1.0418825042052562 -0.8709723491676713 0.4110396731286905
v 0.9826638951584252 -0.8647735807299617 0.45387301151411436
v 0.8914466273899526 -0.8709723491676713 0.47651647461373703
v 0.8054753914476677 -0.8859375000000003 0.49445040480857033
v 0.7230590874659845 -0.9009026508323292 0.5072846408485516
v 0.6634265565641148 -0.9071014192700388 0.5307412452512917
v 0.6555661742201556 -0.9009026508323292 0.598023962452064
v 0.6706212305424518 -0.8859375000000003 0.6991764825671319
v 0.6453969206948675 -0.8709723491676713 0.7727238005748003
v 0.5673412643926432 -0.8647735807299617 0.7861311161267404
v 0.47419262880407403 -0.8709723491676713 0.76925402329328
v 0.3885306481115388 -0.8859375000000003 0.7503967680547883
v 0.3091346376523923 -0.9009026508323292 0.7285450209109046
v 0.2428309732476998 -0.9071014192700388 0.7250060238494517
v 0.19397198420388986 -0.9009026508323292 0.7801304132433812
v 0.14378972036248652 -0.8859375000000003 0.8737530878487644
v 0.07597775348675578 -0.8709723491676713 0.9273572096845845
v 6.947926634626626e-17 -0.8647735807299617 0.907746023028229
v -0.07012090172664734 -0.8709723491676713 0.8558705776569964
v -0.1325205686208175 -0.8859375000000003 0.8052749232978016
v -0.18762218867264624 -0.9009026508323292 0.7545923509704654
v -0.2428309732476999 -0.9071014192700388 0.7250060238494517
v -0.3195968423340704 -0.9009026508323292 0.7532015498151756
v -0.42157012926850385 -0.8859375000000004 0.8142082588571208
v -0.5137995914108628 -0.8709723491676713 0.8335060033642049
v -0.5673412643926429 -0.8647735807299617 0.7861311161267405
v -0.5956455932671711 -0.8709723491676713 0.7131573019119624
v -0.6180630060107127 -0.8859375000000003 0.6443803131581339
v -0.6341058010606895 -0.9009026508323292 0.5784472699727876
v -0.6634265565641146 -0.9071014192700388 0.5307412452512918
v -0.7475299530650801 -0.9009026508323292 0.5244529393761246
v -0.8739706032089144 -0.8859375000000004 0.5364969844339614
v -0.9659047507185006 -0.8709723491676713 0.516317536555894
v -0.9826638951584254 -0.8647735807299617 0.45387301151411447
v -0.9615675291165996 -0.8709723491676714 0.3793541030432592
v -0.9379959600684853 -0.8859375000000003 0.3108245184892311
v -0.9106812761386307 -0.9009026508323292 0.2473077101219139
v -0.9062575298118145 -0.9071014192700388 0.19426477859816008
v -0.9751630165542254 -0.9009026508323293 0.15517758736311196
v -1.0921913598109563 -0.8859375000000002 0.1150317762899892
v -1.1591965121057306 -0.8709723491676713 0.060782202789404695
v -1.1346825287852862 -0.8647735807299617 1.1116682615402602e-16
v -1.0698382220712457 -0.8709723491676713 -0.056096721381317646
v -1.0065936541222515 -0.8859375000000003 -0.1060164548966543
v -0.9432404387130814 -0.9009026508323292 -0.15009775093811706
v -0.9062575298118147 -0.9071014192700388 -0.19426477859815958
v -0.94150193726897 -0.9009026508323292 -0.2556774738672566
v -1.017760323571401 -0.8859375000000004 -0.33725610341480305
v -1.0418825042052562 -0.8709723491676714 -0.4110396731286902
v -0.982663895158425 -0.8647735807299617 -0.4538730115141144
v -0.8914466273899531 -0.8709723491676713 -0.476516474613737
v -0.8054753914476682 -0.8859375000000002 -0.4944504048085702
v -0.7230590874659846 -0.9009026508323291 -0.5072846408485516
v -0.6634265565641148 -0.9071014192700388 -0.5307412452512917
v -0.6555661742201557 -0.9009026508323292 -0.598023962452064
v -0.6706212305424518 -0.8859375000000004 -0.6991764825671315
v -0.6453969206948675 -0.8709723491676713 -0.7727238005748003
v -0.5673412643926437 -0.8647735807299617 -0.7861311161267402
v -0.47419262880407426 -0.8709723491676713 -0.7692540232932801
v -0.3885306481115395 -0.8859375000000002 -0.7503967680547884
v -0.30913463765239246 -0.9009026508323291 -0.7285450209109047
v -0.2428309732476997 -0.9071014192700388 -0.7250060238494517
v -0.19397198420389017 -0.9009026508323292 -0.780130413243381
v -0.14378972036248644 -0.8859375000000004 -0.8737530878487644
v -0.07597775348675542 -0.8709723491676712 -0.9273572096845845
v -2.0843779903879877e-16 -0.8647735807299617 -0.907746023028229
v 0.07012090172664656 -0.8709723491676712 -0.8558705776569971
v 0.13252056862081737 -0.8859375000000003 -0.8052749232978014
v 0.18762218867264635 -0.9009026508323291 -0.7545923509704655
v 0.24283097324769937 -0.9071014192700388 -0.7250060238494517
v 0.3195968423340706 -0.9009026508323292 -0.753201549815176
v 0.4215701292685044 -0.8859375000000002 -0.8142082588571212
v 0.5137995914108628 -0.8709723491676713 -0.8335060033642051
v 0.5673412643926432 -0.8647735807299617 -0.7861311161267404
v 0.5956455932671711 -0.8709723491676713 -0.7131573019119626
v 0.6180630060107125 -0.8859375000000004 -0.6443803131581339
v 0.6341058010606895 -0.9009026508323292 -0.5784472699727873
v 0.6634265565641145 -0.9071014192700388 -0.530741245251292
v 0.7475299530650795 -0.9009026508323292 -0.5244529393761248
v 0.8739706032089142 -0.8859375000000004 -0.5364969844339613
v 0.9659047507185002 -0.8709723491676714 -0.516317536555894
v 0.9826638951584257 -0.8647735807299617 -0.45387301151411513
v 0.9615675291165996 -0.8709723491676713 -0.37935410304325934
v 0.9379959600684861 -0.8859374999999999 -0.3108245184892318
v 0.9106812761386308 -0.9009026508323291 -0.24730771012191402
v 0.9062575298118147 -0.9071014192700388 -0.19426477859815985
v 0.9751630165542251 -0.9009026508323293 -0.15517758736311205
v 1.092191359810956 -0.8859375000000003 -0.11503177628998928
v 1.1591965121057306 -0.8709723491676713 -0.060782202789404396
v 1.148908139970576 -0.9053180265426637 0
v 1.0806738016778272 -0.911998034409976 0.056664882508538246
v 1.0148192821213515 -0.9281250000000001 0.10688279447289922
v 0.951375769766767 -0.9442519655900242 0.15139232530556165
v 0.9151307813632698 -0.9509319734573365 0.19616684306812038
v 0.9511550910493263 -0.9442519655900242 0.25829891719702064
v 1.0292126995759483 -0.9281250000000001 0.341051086984787
v 1.0551174302252093 -0.9119980344099758 0.4162610677131726
v 0.9949836358292465 -0.9053180265426637 0.4595632559882304
v 0.9004754138894684 -0.911998034409976 0.48134274842598557
v 0.8120575320218156 -0.9281250000000001 0.4984909280895424
v 0.7292953818470195 -0.9442519655900242 0.511659907559321
v 0.6699222275281194 -0.9509319734573365 0.5359377820224954
v 0.6622876485394795 -0.9442519655900243 0.6041554604823636
v 0.6781674143648412 -0.9281250000000001 0.7070439851475013
v 0.6535953312300534 -0.911998034409976 0.7825396313361256
v 0.5744540699852881 -0.9053180265426637 0.7959869086633972
v 0.4789953661453454 -0.911998034409976 0.7770452136201131
v 0.3917056220094237 -0.9281250000000001 0.7565288200903517
v 0.31180088531761596 -0.9442519655900242 0.7348286307831773
v 0.24520855383515044 -0.9509319734573365 0.7321046250906159
v 0.19596076544637187 -0.9442519655900242 0.7881290360286042
v 0.14540771814157208 -0.9281250000000002 0.8835850184766596
v 0.07694289105505242 -0.9119980344099758 0.9391373326972154
v 7.035033380646527e-17 -0.9053180265426637 0.9191265119764611
v -0.0708311031356729 -0.911998034409976 0.8645390413422619
v -0.13360349309112382 -0.928125 0.8118554256970814
v -0.18924040663195202 -0.9442519655900242 0.7611006158134136
v -0.24520855383515056 -0.9509319734573365 0.7321046250906159
v -0.3228736464962754 -0.9442519655900243 0.7609240728394607
v -0.4263138587309835 -0.9281250000000002 0.8233701596607585
v -0.5203263346414655 -0.911998034409976 0.8440939441801676
v -0.5744540699852879 -0.9053180265426637 0.7959869086633975
v -0.6016784355324818 -0.9119980344099758 0.720380331111575
v -0.6231136601119278 -0.9281250000000001 0.6496460256174523
v -0.6395748844491512 -0.9442519655900242 0.5834363054776156
v -0.6699222275281193 -0.9509319734573365 0.5359377820224955
v -0.7551943256029544 -0.9442519655900242 0.5298301188315836
v -0.8838049814343761 -0.9281250000000002 0.542533931491873
v -0.9781745391701573 -0.9119980344099758 0.5228762649840427
v -0.9949836358292468 -0.9053180265426637 0.4595632559882305
v -0.9713065170251409 -0.911998034409976 0.38319629291627627
v -0.9456610251129395 -0.9281250000000001 0.3133644976075389
v -0.9185357884789715 -0.9442519655900242 0.2494407082540928
v -0.9151307813632695 -0.9509319734573365 0.19616684306812054
v -0.9851612950357543 -0.9442519655900244 0.15676861235709758
v -1.1044812730958253 -0.928125 0.11632617451325762
v -1.173921665871519 -0.9119980344099758 0.061554312844041996
v -1.1489081399705763 -0.9053180265426637 1.1256053409034445e-16
v -1.0806738016778277 -0.9119980344099758 -0.0566648825085381
v -1.0148192821213515 -0.9281250000000001 -0.10688279447289938
v -0.9513757697667666 -0.9442519655900243 -0.15139232530556168
v -0.9151307813632698 -0.9509319734573365 -0.19616684306812004
v -0.9511550910493263 -0.9442519655900243 -0.2582989171970206
v -1.0292126995759483 -0.9281250000000002 -0.34105108698478676
v -1.0551174302252095 -0.911998034409976 -0.4162610677131724
v -0.9949836358292461 -0.9053180265426637 -0.4595632559882304
v -0.900475413889469 -0.9119980344099758 -0.48134274842598557
v -0.8120575320218162 -0.928125 -0.4984909280895423
v -0.7292953818470195 -0.9442519655900242 -0.511659907559321
v -0.6699222275281194 -0.9509319734573365 -0.5359377820224954
v -0.6622876485394796 -0.9442519655900243 -0.6041554604823636
v -0.6781674143648411 -0.9281250000000002 -0.7070439851475007
v -0.6535953312300533 -0.9119980344099758 -0.7825396313361256
v -0.5744540699852887 -0.9053180265426637 -0.7959869086633973
v -0.47899536614534566 -0.9119980344099758 -0.7770452136201133
v -0.3917056220094244 -0.9281249999999999 -0.7565288200903519
v -0.31180088531761607 -0.9442519655900242 -0.7348286307831773
v -0.24520855383515033 -0.9509319734573365 -0.7321046250906159
v -0.1959607654463722 -0.9442519655900243 -0.7881290360286041
v -0.14540771814157194 -0.9281250000000002 -0.8835850184766594
v -0.07694289105505205 -0.9119980344099757 -0.9391373326972154
v -2.1105100141939581e-16 -0.9053180265426637 -0.9191265119764611
v 0.0708311031356721 -0.9119980344099757 -0.8645390413422627
v 0.1336034930911237 -0.9281250000000001 -0.8118554256970814
v 0.18924040663195213 -0.9442519655900242 -0.7611006158134136
v 0.24520855383514997 -0.9509319734573365 -0.7321046250906159
v 0.32287364649627565 -0.9442519655900243 -0.760924072839461
v 0.4263138587309841 -0.928125 -0.823370159660759
v 0.5203263346414654 -0.911998034409976 -0.8440939441801677
v 0.5744540699852883 -0.9053180265426637 -0.7959869086633974
v 0.6016784355324818 -0.9119980344099758 -0.7203803311115753
v 0.6231136601119276 -0.9281250000000002 -0.6496460256174523
v 0.6395748844491511 -0.9442519655900243 -0.5834363054776153
v 0.6699222275281191 -0.9509319734573365 -0.5359377820224956
v 0.7551943256029539 -0.9442519655900243 -0.5298301188315839
v 0.8838049814343758 -0.9281250000000002 -0.5425339314918728
v 0.978174539170157 -0.9119980344099761 -0.5228762649840427
v 0.994983635829247 -0.9053180265426637 -0.45956325598823117
v 0.9713065170251409 -0.911998034409976 -0.3831962929162764
v 0.9456610251129405 -0.9281249999999998 -0.31336449760753976
v 0.9185357884789717 -0.9442519655900242 -0.24944070825409292
v 0.9151307813632699 -0.9509319734573365 -0.19616684306812032
v 0.985161295035754 -0.9442519655900244 -0.15676861235709763
v 1.1044812730958251 -0.928125 -0.1163261745132577
v 1.173921665871519 -0.911998034409976 -0.06155431284404169
v 1.1633322164354736 -0.9457686111330985 0
v 1.091662425422926 -0.9529573497455249 0.05724106847000025
v 1.0231041382013002 -0.9703124999999999 0.1077553720689611
v 0.9595604271857501 -0.9876676502544749 0.1526947489722828
v 0.9241434554642252 -0.9948563888669013 0.19809879406571704
v 0.9610060708621049 -0.9876676502544749 0.26097408283816054
v 1.0408428389816307 -0.9703124999999999 0.3449049761640856
v 1.0685159249670633 -0.9529573497455249 0.42154699283129243
v 1.007475252473977 -0.9457686111330985 0.4653328865741894
v 0.9096317249794389 -0.9529573497455249 0.486237189603955
v 0.8186870668562105 -0.9703124999999999 0.5025605448864846
v 0.735569488301431 -0.9876676502544749 0.5160617025087848
v 0.6765199628820788 -0.9948563888669013 0.5412159703056629
v 0.6691468687838008 -0.9876676502544749 0.6104126138120333
v 0.6858307298026548 -0.9703124999999999 0.7150336068424168
v 0.6618950648501464 -0.9529573497455249 0.7924767746676612
v 0.5816661082177369 -0.9457686111330985 0.8059802019791816
v 0.483865938417982 -0.9529573497455249 0.7849464484535513
v 0.39490345709319463 -0.9703124999999999 0.7627050255539295
v 0.3144832990497693 -0.9876676502544749 0.7411503396134276
v 0.2476234925821463 -0.9948563888669013 0.7393147643713801
v 0.19799030359706313 -0.9876676502544749 0.7962915778652013
v 0.1470508304286099 -0.9703125 0.893569560006209
v 0.07791995663248687 -0.9529573497455249 0.9510630447114095
v 7.123355376013493e-17 -0.9457686111330985 0.930665773148379
v -0.07155133558750039 -0.9529573497455249 0.8733299403383405
v -0.13469421508620122 -0.9703124999999998 0.8184833105610405
v -0.19086843621535343 -0.9876676502544749 0.7676483417486002
v -0.24762349258214644 -0.9948563888669013 0.7393147643713802
v -0.32621760354770024 -0.987667650254475 0.7688048566896836
v -0.4311312202051068 -0.9703125 0.8326742711853042
v -0.5269337410391153 -0.9529573497455249 0.8548127399736508
v -0.5816661082177366 -0.9457686111330985 0.8059802019791817
v -0.6077964870049436 -0.9529573497455248 0.7277053799835514
v -0.6282006811081058 -0.9703124999999999 0.6549496534849684
v -0.645077128135981 -0.9876676502544749 0.5884555906411448
v -0.6765199628820787 -0.9948563888669013 0.541215970305663
v -0.7630157672650416 -0.9876676502544749 0.5353174950270408
v -0.8937920085530203 -0.9703125 0.5486645838421237
v -0.9905959683345766 -0.9529573497455249 0.529516051880117
v -1.0074752524739772 -0.9457686111330985 0.4653328865741895
v -0.9811830605669388 -0.9529573497455249 0.3870927507343856
v -0.9533812819424119 -0.9703124999999999 0.31592276567455574
v -0.9264379245167844 -0.9876676502544749 0.2515866392398155
v -0.9241434554642249 -0.9948563888669013 0.19809879406571726
v -0.9953644723315006 -0.987667650254475 0.1583922428776506
v -1.116961950007762 -0.9703124999999998 0.1176406643428879
v -1.1888288058892618 -0.9529573497455249 0.06233596530598957
v -1.1633322164354738 -0.9457686111330985 1.1397368601621593e-16
v -1.0916624254229261 -0.9529573497455248 -0.0572410684700001
v -1.0231041382013002 -0.9703124999999999 -0.10775537206896126
v -0.9595604271857499 -0.987667650254475 -0.15269474897228283
v -0.9241434554642252 -0.9948563888669013 -0.19809879406571676
v -0.9610060708621049 -0.9876676502544749 -0.2609740828381605
v -1.0408428389816302 -0.9703125 -0.3449049761640854
v -1.0685159249670635 -0.952957349745525 -0.4215469928312922
v -1.0074752524739765 -0.9457686111330985 -0.46533288657418936
v -0.9096317249794393 -0.9529573497455248 -0.48623718960395496
v -0.8186870668562111 -0.9703124999999997 -0.5025605448864846
v -0.735569488301431 -0.9876676502544749 -0.5160617025087848
v -0.6765199628820788 -0.9948563888669013 -0.5412159703056629
v -0.6691468687838011 -0.9876676502544749 -0.6104126138120334
v -0.6858307298026546 -0.9703125 -0.7150336068424162
v -0.6618950648501462 -0.9529573497455249 -0.7924767746676612
v -0.5816661082177375 -0.9457686111330985 -0.8059802019791816
v -0.4838659384179823 -0.9529573497455248 -0.7849464484535515
v -0.3949034570931953 -0.9703124999999997 -0.7627050255539297
v -0.31448329904976946 -0.9876676502544749 -0.7411503396134276
v -0.24762349258214622 -0.9948563888669013 -0.7393147643713801
v -0.19799030359706343 -0.9876676502544749 -0.796291577865201
v -0.14705083042860978 -0.9703125 -0.8935695600062089
v -0.0779199566324865 -0.9529573497455248 -0.9510630447114096
v -2.1370066128040483e-16 -0.9457686111330985 -0.9306657731483791
v 0.07155133558749961 -0.9529573497455247 -0.8733299403383415
v 0.13469421508620105 -0.9703124999999999 -0.8184833105610403
v 0.19086843621535357 -0.9876676502544749 -0.7676483417486002
v 0.24762349258214586 -0.9948563888669013 -0.7393147643713802
v 0.32621760354770046 -0.9876676502544749 -0.7688048566896838
v 0.4311312202051074 -0.9703124999999998 -0.8326742711853047
v 0.5269337410391152 -0.9529573497455249 -0.8548127399736509
v 0.581666108217737 -0.9457686111330985 -0.8059802019791817
v 0.6077964870049436 -0.9529573497455248 -0.7277053799835517
v 0.6282006811081053 -0.9703125 -0.6549496534849681
v 0.645077128135981 -0.987667650254475 -0.5884555906411444
v 0.6765199628820786 -0.9948563888669013 -0.5412159703056632
v 0.7630157672650412 -0.9876676502544749 -0.5353174950270411
v 0.8937920085530202 -0.9703125 -0.5486645838421237
v 0.9905959683345764 -0.952957349745525 -0.529516051880117
v 1.0074752524739774 -0.9457686111330985 -0.4653328865741902
v 0.9811830605669389 -0.9529573497455249 -0.38709275073438576
v 0.9533812819424127 -0.9703124999999996 -0.31592276567455646
v 0.9264379245167845 -0.9876676502544748 -0.2515866392398156
v 0.9241434554642253 -0.9948563888669013 -0.19809879406571704
v 0.9953644723315003 -0.987667650254475 -0.15839224287765066
v 1.1169619500077619 -0.9703124999999998 -0.11764066434288797
v 1.1888288058892618 -0.9529573497455249 -0.06233596530598926
v 1.17797009237749 -0.9861218261718752 0
v 1.1028215960956445 -0.9938478144108155 0.05782619702042924
v 1.0314666016707754 -1.0125000000000002 0.10863612343035292
v 0.967811095649852 -1.031152185589185 0.15400767696961018
v 0.9333124456644426 -1.0388781738281252 0.2000642528813628
v 0.971074215588381 -1.031152185589185 0.2637082225231103
v 1.0526696433418152 -1.0125000000000002 0.348824034376503
v 1.0820930970378413 -0.9938478144108155 0.4269034090754077
v 1.0201520248972085 -0.9861218261718752 0.471188036950996
v 0.9189301449231614 -0.9938478144108155 0.4912075940621935
v 0.8253787030581254 -1.0125000000000002 0.5066682833276577
v 0.7418941967912168 -1.0311521855891848 0.5204989988934509
v 0.6832321295627392 -1.0388781738281252 0.5465857036501913
v 0.6761573005826408 -1.031152185589185 0.6168077061272056
v 0.6936236314414024 -1.0125000000000002 0.7231583325573542
v 0.6703054806224206 -0.9938478144108155 0.8025464360366198
v 0.5889850461887451 -0.9861218261718752 0.8161216199177667
v 0.48881210351790255 -0.9938478144108155 0.7929703129589585
v 0.3981312475112034 -1.0125000000000002 0.7689390858768533
v 0.31718734703303864 -1.0311521855891848 0.7475230344025836
v 0.25008031610170345 -1.0388781738281252 0.7466499565315542
v 0.20006458292937404 -1.031152185589185 0.8046340629892229
v 0.14872172764512287 -1.0125000000000002 0.9037229395296247
v 0.07891005199206651 -0.9938478144108155 0.963147793573344
v 7.212986515607026e-17 -0.9861218261718752 0.9423760739019921
v -0.07228274627553664 -0.9938478144108155 0.8822572768765157
v -0.13579515428794095 -1.0125000000000002 0.8251732813366206
v -0.19250959621201266 -1.0311521855891848 0.7742488765198817
v -0.25008031610170356 -1.0388781738281252 0.7466499565315542
v -0.32963527815388755 -1.031152185589185 0.7768593724707046
v -0.4360300429706286 -1.0125000000000002 0.8421357146734522
v -0.5336292613442594 -0.9938478144108155 0.8656744776302732
v -0.5889850461887448 -0.9861218261718752 0.8161216199177668
v -0.6140094925777418 -0.9938478144108154 0.7351441159385296
v -0.6333353541595721 -1.0125000000000002 0.6603029624465003
v -0.6506237486168136 -1.0311521855891848 0.5935153574329735
v -0.683232129562739 -1.0388781738281252 0.5465857036501914
v -0.7710096326590069 -1.031152185589185 0.5409258404661127
v -0.9039479156966921 -1.0125000000000002 0.5548989051531218
v -1.0031830450457748 -0.9938478144108155 0.5362443844979363
v -1.0201520248972085 -0.9861218261718752 0.471188036950996
v -0.9912128911986977 -0.9938478144108155 0.39104968281432206
v -0.9611738573460665 -1.0125000000000002 0.31850499800896276
v -0.9344037930032295 -1.0311521855891848 0.253749877626431
v -0.9333124456644424 -1.0388781738281252 0.20006425288136298
v -1.0057925787365276 -1.031152185589185 0.16005166634349932
v -1.1296536744120316 -1.0125000000000002 0.11897738211609828
v -1.20393474196668 -0.9938478144108155 0.06312804159365328
v -1.17797009237749 -0.9861218261718752 1.154077842497124e-16
v -1.102821596095645 -0.9938478144108154 -0.05782619702042909
v -1.0314666016707754 -1.0125000000000002 -0.10863612343035307
v -0.9678110956498517 -1.031152185589185 -0.15400767696961018
v -0.9333124456644426 -1.0388781738281252 -0.20006425288136245
v -0.971074215588381 -1.031152185589185 -0.26370822252311027
v -1.052669643341815 -1.0125000000000002 -0.3488240343765028
v -1.0820930970378413 -0.9938478144108156 -0.4269034090754074
v -1.0201520248972078 -0.9861218261718752 -0.471188036950996
v -0.918930144923162 -0.9938478144108154 -0.49120759406219355
v -0.8253787030581261 -1.0125 -0.5066682833276577
v -0.7418941967912168 -1.0311521855891848 -0.5204989988934509
v -0.6832321295627392 -1.0388781738281252 -0.5465857036501912
v -0.6761573005826409 -1.031152185589185 -0.6168077061272056
v -0.6936236314414023 -1.0125000000000002 -0.7231583325573536
v -0.6703054806224205 -0.9938478144108155 -0.8025464360366198
v -0.5889850461887456 -0.9861218261718752 -0.8161216199177665
v -0.4888121035179029 -0.9938478144108154 -0.7929703129589587
v -0.39813124751120416 -1.0125 -0.7689390858768536
v -0.31718734703303875 -1.0311521855891848 -0.7475230344025836
v -0.25008031610170334 -1.0388781738281252 -0.7466499565315542
v -0.20006458292937437 -1.031152185589185 -0.8046340629892228
v -0.14872172764512276 -1.0125000000000002 -0.9037229395296245
v -0.07891005199206613 -0.9938478144108154 -0.9631477935733442
v -2.1638959546821076e-16 -0.9861218261718752 -0.9423760739019921
v 0.07228274627553585 -0.9938478144108153 -0.8822572768765166
v 0.1357951542879408 -1.0125000000000002 -0.8251732813366205
v 0.19250959621201277 -1.0311521855891848 -0.7742488765198817
v 0.250080316101703 -1.0388781738281252 -0.7466499565315542
v 0.3296352781538877 -1.031152185589185 -0.7768593724707047
v 0.4360300429706292 -1.0125000000000002 -0.8421357146734525
v 0.5336292613442593 -0.9938478144108155 -0.8656744776302733
v 0.5889850461887453 -0.9861218261718752 -0.8161216199177668
v 0.6140094925777417 -0.9938478144108154 -0.7351441159385297
v 0.6333353541595717 -1.0125000000000004 -0.6603029624465
v 0.6506237486168136 -1.031152185589185 -0.5935153574329731
v 0.6832321295627389 -1.0388781738281252 -0.5465857036501914
v 0.7710096326590063 -1.031152185589185 -0.5409258404661129
v 0.9039479156966918 -1.0125000000000004 -0.5548989051531218
v 1.0031830450457746 -0.9938478144108156 -0.5362443844979363
v 1.0201520248972087 -0.9861218261718752 -0.47118803695099676
v 0.9912128911986979 -0.9938478144108155 -0.3910496828143222
v 0.9611738573460673 -1.0124999999999997 -0.31850499800896354
v 0.9344037930032296 -1.0311521855891848 -0.2537498776264311
v 0.9333124456644427 -1.0388781738281252 -0.2000642528813628
v 1.0057925787365274 -1.031152185589185 -0.1600516663434994
v 1.1296536744120314 -1.0125000000000002 -0.11897738211609836
v 1.20393474196668 -0.9938478144108155 -0.06312804159365296
v 1.192837460871401 -1.0263740989565848 0
v 1.114169162575559 -1.034666902123747 0.05842120406172501
v 1.0399255302986448 -1.0546875 0.10952703469497095
v 0.9761449670405025 -1.074708097876253 0.15533384503981165
v 0.9426550241562518 -1.0830009010434152 0.2020669219710465
v 0.9813791954966351 -1.074708097876253 0.26650667797699706
v 1.0647124335478837 -1.0546875 0.35281466400223693
v 1.0958644796445975 -1.034666902123747 0.43233644454952685
v 1.0330275437003595 -1.0263740989565848 0.47713498434856033
v 0.9283855463650903 -1.034666902123747 0.4962619118673521
v 0.8321475305982736 -1.0546875 0.5108234065664824
v 0.7482826860835164 -1.074708097876253 0.5249810426881933
v 0.6900713716924437 -1.0830009010434152 0.5520570973539549
v 0.683332640309998 -1.074708097876253 0.6233532316049322
v 0.7015588501762203 -1.0546875 0.7314314352727619
v 0.6788362006337821 -1.034666902123747 0.8127601358195714
v 0.5964187304357006 -1.0263740989565848 0.8264220349602875
v 0.49384177274136887 -1.034666902123747 0.8011296411537973
v 0.40139627209054196 -1.0546875 0.7752450591735899
v 0.31991866368026095 -1.074708097876253 0.7539599939066247
v 0.2525836524638081 -1.0830009010434152 0.7541240193250015
v 0.2021876559904699 -1.074708097876253 0.8131727902249954
v 0.1504231394569316 -1.0546875 0.9140617441432127
v 0.07991430987013315 -1.034666902123747 0.9754054050565526
v 7.304022891796087e-17 -1.0263740989565848 0.9542699686971208
v -0.07302650507715636 -1.034666902123747 0.8913353300604473
v -0.1369087933687135 -1.0546875 0.8319404242389162
v -0.19416730629976453 -1.074708097876253 0.7809159736324021
v -0.25258365246380826 -1.0830009010434152 0.7541240193250016
v -0.3331333474712459 -1.074708097876253 0.7851033563973079
v -0.4410183300027959 -1.0546875 0.8517699468383066
v -0.5404205556869083 -1.034666902123747 0.876691583715678
v -0.5964187304357003 -1.0263740989565848 0.8264220349602877
v -0.62032738983419 -1.034666902123747 0.7427084370920725
v -0.6385292582081029 -1.0546875 0.6657180244786188
v -0.6562263033602417 -1.074708097876253 0.5986261488668132
v -0.6900713716924436 -1.0830009010434152 0.552057097353955
v -0.7791915395061652 -1.074708097876253 0.5466661122479984
v -0.9142892940909517 -1.0546875 0.5612470801409762
v -1.0159501697744646 -1.034666902123747 0.5430689605070257
v -1.0330275437003595 -1.0263740989565848 0.47713498434856033
v -1.001412051442246 -1.034666902123747 0.395073418193095
v -0.9690563239669873 -1.0546875 0.3211170176724336
v -0.942449992383281 -1.074708097876253 0.2559349309442088
v -0.9426550241562517 -1.0830009010434152 0.20206692197104673
v -1.0164659877812432 -1.0747080978762533 0.161750124792376
v -1.1425771801790168 -1.0546875 0.12033851156554523
v -1.2192567563206906 -1.034666902123747 0.06393144789610658
v -1.192837460871401 -1.0263740989565848 1.1686436626873739e-16
v -1.1141691625755594 -1.034666902123747 -0.058421204061724866
v -1.0399255302986448 -1.0546875 -0.10952703469497112
v -0.9761449670405021 -1.074708097876253 -0.1553338450398117
v -0.9426550241562518 -1.0830009010434152 -0.2020669219710462
v -0.9813791954966351 -1.074708097876253 -0.266506677976997
v -1.0647124335478835 -1.0546875 -0.3528146640022367
v -1.0958644796445975 -1.0346669021237471 -0.4323364445495265
v -1.033027543700359 -1.0263740989565848 -0.47713498434856033
v -0.9283855463650909 -1.034666902123747 -0.4962619118673521
v -0.8321475305982742 -1.0546874999999998 -0.5108234065664824
v -0.7482826860835164 -1.074708097876253 -0.5249810426881933
v -0.6900713716924438 -1.0830009010434152 -0.5520570973539549
v -0.6833326403099981 -1.074708097876253 -0.6233532316049322
v -0.7015588501762202 -1.0546875 -0.7314314352727613
v -0.6788362006337821 -1.034666902123747 -0.8127601358195716
v -0.596418730435701 -1.0263740989565848 -0.8264220349602875
v -0.4938417727413692 -1.034666902123747 -0.8011296411537975
v -0.4013962720905426 -1.0546874999999998 -0.77524505917359
v -0.3199186636802611 -1.074708097876253 -0.7539599939066248
v -0.25258365246380804 -1.0830009010434152 -0.7541240193250016
v -0.2021876559904702 -1.074708097876253 -0.8131727902249952
v -0.15042313945693145 -1.0546875 -0.9140617441432125
v -0.07991430987013276 -1.0346669021237467 -0.9754054050565526
v -2.1912068675388263e-16 -1.0263740989565848 -0.954269968697121
v 0.07302650507715557 -1.0346669021237467 -0.8913353300604482
v 0.13690879336871337 -1.0546875 -0.831940424238916
v 0.19416730629976464 -1.074708097876253 -0.7809159736324021
v 0.25258365246380765 -1.0830009010434152 -0.7541240193250016
v 0.3331333474712461 -1.074708097876253 -0.785103356397308
v 0.44101833000279655 -1.0546875 -0.8517699468383072
v 0.5404205556869082 -1.034666902123747 -0.8766915837156783
v 0.5964187304357007 -1.0263740989565848 -0.8264220349602878
v 0.62032738983419 -1.034666902123747 -0.7427084370920727
v 0.6385292582081027 -1.0546875000000002 -0.6657180244786186
v 0.6562263033602417 -1.074708097876253 -0.5986261488668129
v 0.6900713716924436 -1.0830009010434152 -0.5520570973539551
v 0.7791915395061647 -1.074708097876253 -0.5466661122479987
v 0.9142892940909514 -1.0546875000000002 -0.561247080140976
v 1.0159501697744644 -1.0346669021237471 -0.5430689605070256
v 1.0330275437003598 -1.0263740989565848 -0.4771349843485611
v 1.0014120514422462 -1.034666902123747 -0.3950734181930952
v 0.969056323966988 -1.0546874999999996 -0.3211170176724344
v 0.942449992383281 -1.074708097876253 -0.25593493094420894
v 0.942655024156252 -1.0830009010434152 -0.2020669219710465
v 1.016465987781243 -1.0747080978762533 -0.16175012479237605
v 1.1425771801790165 -1.0546875 -0.12033851156554533
v 1.2192567563206904 -1.034666902123747 -0.06393144789610626
v 1.2079503332607833 -1.0665217924118044 0
v 1.12572327384615 -1.075412041083624 0.059027041231666695
v 1.0485002131817034 -1.0968750000000003 0.11043013742903059
v 0.9845796991105324 -1.1183379589163764 0.15667606305922188
v 0.9521888022195597 -1.127228207588196 0.20411057647735123
v 0.9919409680729693 -1.1183379589163764 0.2693748689227435
v 1.0769909054931257 -1.0968750000000003 0.3568833916861864
v 1.109845992731652 -1.075412041083624 0.437852379931829
v 1.046115675113717 -1.0665217924118044 0.48318013330431325
v 0.9380130520123605 -1.075412041083624 0.5014082267553148
v 0.8390089845956106 -1.0968750000000003 0.5150353896296287
v 0.7547484920681463 -1.1183379589163764 0.5295173304184319
v 0.6970505816228707 -1.127228207588196 0.5576404652982966
v 0.6906867843290054 -1.1183379589163764 0.6300618668573866
v 0.7096493639979861 -1.0968750000000003 0.73986644558624
v 0.6874970865365772 -1.075412041083624 0.8231296812211005
v 0.6039751666303917 -1.0665217924118044 0.8368925400909736
v 0.49896299040200637 -1.075412041083624 0.8094374828415553
v 0.4047059761446677 -1.0968750000000003 0.7816373251055191
v 0.3226830360874928 -1.1183379589163764 0.7604748567137389
v 0.255138220596689 -1.127228207588196 0.7617510417756479
v 0.2043636345012358 -1.1183379589163764 0.8219242963859479
v 0.1521578485103261 -1.0968750000000003 0.9246028828845749
v 0.08093389120527648 -1.075412041083624 0.9878500491610906
v 7.396562545783984e-17 -1.0665217924118044 0.9663602666086266
v -0.07378380153958346 -1.075412041083624 0.90057861907692
v -0.13803767178628806 -1.0968750000000003 0.838800170545363
v -0.1958450788240273 -1.1183379589163764 0.787663759288426
v -0.2551382205966891 -1.127228207588196 0.7617510417756479
v -0.3367185861534289 -1.1183379589163767 0.7935527744583751
v -0.4461042396077328 -1.0968750000000003 0.8615927243945004
v -0.547315474914786 -1.075412041083624 0.8878767941853217
v -0.6039751666303914 -1.0665217924118044 0.8368925400909737
v -0.6267602834441435 -1.0754120410836239 0.7504104416098889
v -0.6437942370370359 -1.0968750000000003 0.6712071876764885
v -0.6618966630230397 -1.1183379589163764 0.603798793654517
v -0.6970505816228706 -1.127228207588196 0.5576404652982966
v -0.7875773335717334 -1.1183379589163764 0.5525494274632045
v -0.9248330569827995 -1.0968750000000003 0.5677194911983888
v -1.0289121015263758 -1.075412041083624 0.5499976692292616
v -1.046115675113717 -1.0665217924118044 0.48318013330431325
v -1.0117968535519435 -1.075412041083624 0.399170392321605
v -0.9770466563818988 -1.0968750000000003 0.3237647809157342
v -0.9505935708921737 -1.1183379589163764 0.25814642886999434
v -0.9521888022195595 -1.127228207588196 0.20411057647735142
v -1.027405370482434 -1.1183379589163767 0.16349090760098872
v -1.1557536036057194 -1.096875 0.12172627880826084
v -1.2348125614513632 -1.075412041083624 0.06474711296422125
v -1.2079503332607833 -1.0665217924118044 1.1834500073254373e-16
v -1.1257232738461505 -1.0754120410836239 -0.05902704123166654
v -1.0485002131817034 -1.0968750000000003 -0.11043013742903074
v -0.9845796991105322 -1.1183379589163767 -0.15667606305922196
v -0.9521888022195597 -1.127228207588196 -0.2041105764773509
v -0.9919409680729693 -1.1183379589163764 -0.2693748689227434
v -1.0769909054931255 -1.0968750000000003 -0.35688339168618616
v -1.1098459927316522 -1.075412041083624 -0.4378523799318288
v -1.0461156751137166 -1.0665217924118044 -0.48318013330431325
v -0.9380130520123612 -1.0754120410836239 -0.5014082267553148
v -0.8390089845956111 -1.096875 -0.5150353896296287
v -0.7547484920681463 -1.1183379589163764 -0.5295173304184319
v -0.6970505816228707 -1.127228207588196 -0.5576404652982965
v -0.6906867843290057 -1.1183379589163764 -0.6300618668573867
v -0.709649363997986 -1.0968750000000005 -0.7398664455862394
v -0.687497086536577 -1.075412041083624 -0.8231296812211005
v -0.6039751666303923 -1.0665217924118044 -0.8368925400909737
v -0.4989629904020067 -1.0754120410836239 -0.8094374828415555
v -0.40470597614466836 -1.096875 -0.7816373251055193
v -0.32268303608749294 -1.1183379589163764 -0.7604748567137389
v -0.2551382205966889 -1.127228207588196 -0.7617510417756479
v -0.2043636345012361 -1.1183379589163764 -0.8219242963859476
v -0.15215784851032596 -1.0968750000000005 -0.9246028828845748
v -0.0809338912052761 -1.0754120410836239 -0.9878500491610909
v -2.2189687637351956e-16 -1.0665217924118044 -0.9663602666086268
v 0.07378380153958265 -1.0754120410836239 -0.900578619076921
v 0.1380376717862879 -1.0968750000000003 -0.8388001705453628
v 0.19584507882402746 -1.1183379589163764 -0.7876637592884262
v 0.25513822059668856 -1.127228207588196 -0.7617510417756479
v 0.33671858615342914 -1.1183379589163764 -0.7935527744583752
v 0.4461042396077334 -1.0968750000000003 -0.8615927243945009
v 0.5473154749147859 -1.075412041083624 -0.8878767941853218
v 0.6039751666303919 -1.0665217924118044 -0.8368925400909738
v 0.6267602834441434 -1.0754120410836239 -0.750410441609889
v 0.6437942370370354 -1.0968750000000005 -0.6712071876764882
v 0.6618966630230398 -1.1183379589163767 -0.6037987936545168
v 0.6970505816228705 -1.127228207588196 -0.5576404652982967
v 0.7875773335717329 -1.1183379589163764 -0.5525494274632047
v 0.9248330569827992 -1.0968750000000005 -0.5677194911983888
v 1.0289121015263756 -1.075412041083624 -0.5499976692292616
v 1.0461156751137175 -1.0665217924118044 -0.48318013330431414
v 1.0117968535519437 -1.075412041083624 -0.39917039232160517
v 0.9770466563818996 -1.0968749999999998 -0.32376478091573496
v 0.9505935708921738 -1.1183379589163764 -0.2581464288699945
v 0.9521888022195598 -1.127228207588196 -0.2041105764773512
v 1.0274053704824335 -1.1183379589163767 -0.16349090760098878
v 1.1557536036057194 -1.0968750000000003 -0.12172627880826091
v 1.2348125614513632 -1.075412041083624 -0.06474711296422093
v 1.2233249977369227 -1.1065612050890923 0
v 1.1375023322667488 -1.1160806139711534 0.059644673453737924
v 1.0572103226152654 -1.1390625 0.11134750355798098
v 0.9931333730959166 -1.1620443860288467 0.15803720829300313
v 0.9619316898767065 -1.171563794910908 0.20619905558109494
v 1.002779733146601 -1.1620443860288467 0.2723182808947946
v 1.0895250848109492 -1.1390625 0.36103685333951346
v 1.1240539041561235 -1.1160806139711534 0.4434576331577778
v 1.059430525124716 -1.1065612050890923 0.48932999909476904
v 0.9478279956984655 -1.1160806139711534 0.5066547353180638
v 0.8459788068042239 -1.1390625 0.519313895775296
v 0.7613054752640659 -1.1620443860288467 0.5341175863632802
v 0.7041828704003379 -1.171563794910908 0.5633462963202702
v 0.6982337977458902 -1.1620443860288467 0.636946442428439
v 0.7179083681694813 -1.1390625 0.7484771206187952
v 0.6962982154986707 -1.1160806139711534 0.8336671374792054
v 0.6116624988684615 -1.1065612050890923 0.8475444200997727
v 0.5041839131191689 -1.1160806139711534 0.8179070700125105
v 0.4080679528961458 -1.1390625 0.7881305490013603
v 0.32548639014181663 -1.1620443860288467 0.7670815885042559
v 0.2577488194763687 -1.171563794910908 0.7695453519013653
v 0.20659668011105228 -1.1620443860288467 0.8309053190915069
v 0.1539286840374556 -1.1390625 0.9353635478750981
v 0.0819699823071168 -1.1160806139711534 1.0004962055567144
v 7.490705213977328e-17 -1.1065612050890923 0.9786599981895382
v -0.0745558418171725 -1.1160806139711534 0.910001865813399
v -0.13918437944747603 -1.1390625 0.8457682580922127
v -0.1975465103662539 -1.1620443860288467 0.7945066984767335
v -0.2577488194763688 -1.171563794910908 0.7695453519013654
v -0.34039785111849286 -1.162044386028847 0.8022237865172805
v -0.4512960666743916 -1.1390625 0.8716200678487591
v -0.5543220414472221 -1.1160806139711534 0.899243123324899
v -0.6116624988684611 -1.1065612050890923 0.8475444200997728
v -0.6333184191475798 -1.1160806139711532 0.7582623965587729
v -0.6491423697191199 -1.1390625 0.6767830454433792
v -0.6676469829541003 -1.1620443860288467 0.6090443802112527
v -0.7041828704003378 -1.171563794910908 0.5633462963202703
v -0.7961830530355487 -1.1620443860288467 0.5585870381967123
v -0.9355964007734933 -1.1390625 0.574326694535585
v -1.042083921849007 -1.1160806139711534 0.5570385723989364
v -1.059430525124716 -1.1065612050890923 0.48932999909476904
v -1.0223838375156378 -1.1160806139711534 0.40334713049533505
v -0.9851631862517001 -1.1390625 0.32645436231691666
v -0.9588519856303198 -1.1620443860288467 0.2603891121134534
v -0.9619316898767063 -1.171563794910908 0.20619905558109514
v -1.0386316488643825 -1.162044386028847 0.1652773440888419
v -1.1692044348438735 -1.1390624999999999 0.12314294722996445
v -1.2506202569458928 -1.1160806139711534 0.06557598584569349
v -1.2233249977369227 -1.1065612050890923 1.1985128342363725e-16
v -1.1375023322667492 -1.1160806139711532 -0.05964467345373777
v -1.0572103226152654 -1.1390625 -0.11134750355798115
v -0.9931333730959164 -1.162044386028847 -0.1580372082930032
v -0.9619316898767065 -1.171563794910908 -0.2061990555810946
v -1.002779733146601 -1.1620443860288467 -0.27231828089479454
v -1.0895250848109488 -1.1390625000000003 -0.3610368533395132
v -1.1240539041561235 -1.1160806139711534 -0.4434576331577776
v -1.0594305251247156 -1.1065612050890923 -0.48932999909476904
v -0.9478279956984662 -1.1160806139711532 -0.5066547353180638
v -0.8459788068042247 -1.1390624999999999 -0.519313895775296
v -0.7613054752640659 -1.1620443860288467 -0.5341175863632802
v -0.7041828704003379 -1.171563794910908 -0.5633462963202701
v -0.6982337977458903 -1.1620443860288467 -0.636946442428439
v -0.7179083681694811 -1.1390625000000003 -0.7484771206187943
v -0.6962982154986704 -1.1160806139711534 -0.8336671374792054
v -0.611662498868462 -1.1065612050890923 -0.8475444200997728
v -0.5041839131191692 -1.1160806139711532 -0.8179070700125107
v -0.4080679528961465 -1.1390624999999999 -0.7881305490013604
v -0.32548639014181674 -1.1620443860288467 -0.7670815885042559
v -0.2577488194763686 -1.171563794910908 -0.7695453519013654
v -0.20659668011105262 -1.1620443860288467 -0.8309053190915067
v -0.1539286840374555 -1.1390625000000003 -0.9353635478750979
v -0.0819699823071164 -1.1160806139711532 -1.0004962055567144
v -2.2472115641931984e-16 -1.1065612050890923 -0.9786599981895384
v 0.07455584181717169 -1.1160806139711532 -0.9100018658134001
v 0.13918437944747591 -1.1390625 -0.8457682580922127
v 0.197546510366254 -1.1620443860288467 -0.7945066984767335
v 0.2577488194763682 -1.171563794910908 -0.7695453519013653
v 0.34039785111849313 -1.1620443860288467 -0.8022237865172809
v 0.45129606667439226 -1.1390625 -0.8716200678487597
v 0.554322041447222 -1.1160806139711534 -0.8992431233248991
v 0.6116624988684616 -1.1065612050890923 -0.8475444200997729
v 0.6333184191475798 -1.1160806139711532 -0.7582623965587731
v 0.6491423697191195 -1.1390625000000003 -0.6767830454433788
v 0.6676469829541002 -1.162044386028847 -0.6090443802112524
v 0.7041828704003377 -1.171563794910908 -0.5633462963202704
v 0.7961830530355481 -1.1620443860288467 -0.5585870381967125
v 0.935596400773493 -1.1390625000000003 -0.5743266945355848
v 1.0420839218490066 -1.1160806139711537 -0.5570385723989364
v 1.0594305251247165 -1.1065612050890923 -0.48932999909476993
v 1.0223838375156378 -1.1160806139711534 -0.40334713049533516
v 0.9851631862517011 -1.1390624999999996 -0.32645436231691743
v 0.9588519856303198 -1.1620443860288467 -0.26038911211345345
v 0.9619316898767067 -1.171563794910908 -0.20619905558109494
v 1.038631648864382 -1.162044386028847 -0.16527734408884198
v 1.1692044348438733 -1.1390625 -0.12314294722996454
v 1.2506202569458928 -1.1160806139711534 -0.06557598584569317
v 1.2389779772060352 -1.146488571166992 0
v 1.1495249462157915 -1.1566699579484465 0.06027507645398677
v 1.0660758650823081 -1.18125 0.1122812402045836
v 1.0018244503720528 -1.2058300420515533 0.15942021849786378
v 0.9719018548547109 -1.2160114288330077 0.208336253704504
v 1.013915887417746 -1.2058300420515533 0.2753424528905544
v 1.1023352807952613 -1.18125 0.365281778870201
v 1.1385047899955858 -1.1566699579484465 0.4491587437608429
v 1.0729864029898837 -1.146488571166992 0.49559119088241405
v 0.9578458829230743 -1.1566699579484465 0.5120097259105184
v 0.8530730063948859 -1.18125 0.5236687524185154
v 0.7679677875934156 -1.2058300420515533 0.5387917392448371
v 0.711481537724081 -1.2160114288330077 0.5691852301792647
v 0.7059878827478145 -1.2058300420515533 0.6440199139106384
v 0.7263492448626733 -1.18125 0.7572774123592685
v 0.705249855615918 -1.1566699579484465 0.8443847984270295
v 0.6194889886030177 -1.146488571166992 0.8583891223919069
v 0.5095127888276435 -1.1566699579484465 0.8265517827924463
v 0.4114899245591641 -1.18125 0.7947396453204923
v 0.32833477631600666 -1.2058300420515533 0.7737944485725963
v 0.26042031713063 -1.2160114288330077 0.7775214838837688
v 0.20889099502944794 -1.2058300420515533 0.840132759088806
v 0.155738515346176 -1.18125 0.9463611747603393
v 0.08302379196179893 -1.1566699579484465 1.0133586282535771
v 7.586552069997167e-17 -1.146488571166992 0.9911823817648282
v -0.07534384556748355 -1.1566699579484465 0.9196199569726333
v -0.14035155025572935 -1.18125 0.8528606920658469
v -0.19927527312232968 -1.2058300420515533 0.8014595602976423
v -0.26042031713063013 -1.2160114288330077 0.7775214838837688
v -0.3441780661131926 -1.2058300420515533 0.8111327099341966
v -0.4566022235877511 -1.18125 0.881868224636209
v -0.5614484297010534 -1.1566699579484465 0.9108038319964685
v -0.6194889886030174 -1.146488571166992 0.858389122391907
v -0.640012157388148 -1.1566699579484465 0.7662767063384599
v -0.6545859405231442 -1.18125 0.6824584051159088
v -0.6734896740560463 -1.2058300420515533 0.6143742300747325
v -0.7114815377240808 -1.2160114288330077 0.5691852301792648
v -0.8050248923882981 -1.2058300420515533 0.5647903061982518
v -0.946596765449085 -1.18125 0.5810793958901385
v -1.0554809980337871 -1.1566699579484465 0.5641998844927343
v -1.0729864029898837 -1.146488571166992 0.49559119088241405
v -1.0331897284905576 -1.1566699579484465 0.4076102310621148
v -0.9934245566506155 -1.18125 0.32919193964733134
v -0.9672430607157452 -1.2058300420515533 0.2626678210528054
v -0.9719018548547106 -1.2160114288330077 0.20833625370450418
v -1.0501659488610067 -1.2058300420515535 0.16711279602355847
v -1.182951468450425 -1.1812499999999997 0.12459081227694074
v -1.2666982853169715 -1.1566699579484465 0.0664190335694392
v -1.2389779772060352 -1.146488571166992 1.2138483311995467e-16
v -1.149524946215792 -1.1566699579484465 -0.06027507645398661
v -1.0660758650823081 -1.18125 -0.11228124020458378
v -1.0018244503720526 -1.2058300420515535 -0.15942021849786384
v -0.9719018548547108 -1.2160114288330077 -0.20833625370450365
v -1.013915887417746 -1.2058300420515533 -0.27534245289055437
v -1.102335280795261 -1.1812500000000001 -0.36528177887020075
v -1.1385047899955858 -1.1566699579484467 -0.4491587437608426
v -1.072986402989883 -1.146488571166992 -0.49559119088241393
v -0.957845882923075 -1.1566699579484463 -0.5120097259105185
v -0.8530730063948867 -1.1812499999999997 -0.5236687524185154
v -0.7679677875934156 -1.2058300420515533 -0.5387917392448371
v -0.7114815377240808 -1.2160114288330077 -0.5691852301792646
v -0.7059878827478148 -1.2058300420515533 -0.6440199139106385
v -0.7263492448626732 -1.1812500000000001 -0.7572774123592678
v -0.7052498556159179 -1.1566699579484465 -0.8443847984270295
v -0.6194889886030183 -1.146488571166992 -0.858389122391907
v -0.509512788827644 -1.1566699579484463 -0.8265517827924466
v -0.4114899245591649 -1.1812499999999997 -0.7947396453204927
v -0.32833477631600677 -1.2058300420515533 -0.7737944485725963
v -0.2604203171306299 -1.2160114288330077 -0.7775214838837688
v -0.20889099502944827 -1.2058300420515533 -0.8401327590888058
v -0.15573851534617586 -1.1812500000000001 -0.9463611747603391
v -0.08302379196179854 -1.1566699579484463 -1.0133586282535774
v -2.27596562099915e-16 -1.146488571166992 -0.9911823817648284
v 0.07534384556748273 -1.1566699579484463 -0.9196199569726344
v 0.14035155025572918 -1.18125 -0.8528606920658467
v 0.1992752731223298 -1.2058300420515533 -0.8014595602976423
v 0.2604203171306295 -1.2160114288330077 -0.7775214838837686
v 0.34417806611319285 -1.2058300420515533 -0.8111327099341968
v 0.45660222358775165 -1.18125 -0.8818682246362093
v 0.5614484297010532 -1.1566699579484465 -0.9108038319964689
v 0.6194889886030178 -1.146488571166992 -0.8583891223919071
v 0.640012157388148 -1.1566699579484463 -0.76627670633846
v 0.6545859405231439 -1.1812500000000001 -0.6824584051159085
v 0.6734896740560464 -1.2058300420515533 -0.6143742300747321
v 0.7114815377240807 -1.2160114288330077 -0.5691852301792649
v 0.8050248923882977 -1.2058300420515533 -0.564790306198252
v 0.9465967654490848 -1.1812500000000001 -0.5810793958901385
v 1.0554809980337867 -1.1566699579484467 -0.5641998844927342
v 1.0729864029898841 -1.146488571166992 -0.4955911908824149
v 1.0331897284905576 -1.1566699579484465 -0.40761023106211486
v 0.9934245566506165 -1.1812499999999995 -0.3291919396473322
v 0.9672430607157454 -1.2058300420515533 -0.2626678210528055
v 0.9719018548547111 -1.2160114288330077 -0.20833625370450404
v 1.0501659488610062 -1.2058300420515535 -0.16711279602355852
v 1.1829514684504248 -1.18125 -0.12459081227694084
v 1.2666982853169715 -1.1566699579484465 -0.06641903356943889
v 1.2549259865474944 -1.186300060451031 0
v 1.1618098822197458 -1.1971773646590185 0.06091923425091697
v 1.0751171314789671 -1.2234375000000002 0.11323348444656212
v 1.010671728259441 -1.2496976353409819 0.16082808488942066
v 0.9821176809541355 -1.2605749395489694 0.2105261115871901
v 1.0253699784964783 -1.2496976353409819 0.27845296488902216
v 1.1154420396128604 -1.2234375000000002 0.3696249766790032
v 1.153215494083749 -1.1971773646590185 0.454962356908665
v 1.086797784219379 -1.186300060451031 0.5019703946189977
v 0.9680823509632834 -1.1971773646590185 0.5174815573282875
v 0.8603078201255385 -1.2234375000000002 0.5281099266813398
v 0.774749838503511 -1.2496976353409819 0.543549898460015
v 0.7189600414701479 -1.2605749395489694 0.5751680331761183
v 0.713963346600215 -1.2496976353409819 0.6512953327515806
v 0.7349855323294884 -1.2234375000000002 0.7662814355223917
v 0.714362440846434 -1.1971773646590185 0.855295156482046
v 0.6274629932737473 -1.186300060451031 0.8694382273755031
v 0.5149579355593864 -1.1971773646590185 0.8353851150215438
v 0.4149797231272925 -1.2234375000000002 0.801479740546993
v 0.33123435518442257 -1.2496976353409819 0.7806279556922294
v 0.2631576394839876 -1.2605749395489694 0.7856941447633085
v 0.21125081255700237 -1.2496976353409819 0.8496236421691942
v 0.15759024520987105 -1.2234375000000002 0.9576134025425935
v 0.08409654848119132 -1.1971773646590185 1.026452309585812
v 7.684205462961118e-17 -1.186300060451031 1.0039407892379957
v -0.0761490428136463 -1.1971773646590185 0.9294479057757967
v -0.14154185555820245 -1.2234375000000002 0.860093705183174
v -0.20103510611177575 -1.2496976353409819 0.8085373826075529
v -0.26315763948398774 -1.2605749395489694 0.7856941447633085
v -0.34806620611127725 -1.2496976353409819 0.8202959827971824
v -0.46203122084875375 -1.2234375000000002 0.8923536316902881
v -0.568702946135831 -1.1971773646590185 0.9225723952669991
v -0.6274629932737469 -1.186300060451031 0.8694382273755032
v -0.6468519466603594 -1.1971773646590185 0.7744658807706272
v -0.6601374083516746 -1.2234375000000002 0.6882462561004308
v -0.6794373730750188 -1.2496976353409819 0.619799870802809
v -0.7189600414701478 -1.2605749395489694 0.5751680331761184
v -0.8141191659394759 -1.2496976353409819 0.5711706772801721
v -0.957851794402989 -1.2234375000000002 0.5879884258635907
v -1.0691189456025576 -1.1971773646590185 0.5714899526771471
v -1.086797784219379 -1.186300060451031 0.5019703946189977
v -1.0442313937769294 -1.1971773646590187 0.4119663484475091
v -1.0018496756837412 -1.2234375000000002 0.331983778501834
v -0.975784944615287 -1.2496976353409817 0.26498748414753814
v -0.9821176809541352 -1.2605749395489694 0.21052611158719026
v -1.0620295527114916 -1.249697635340982 0.16900065004560197
v -1.1970167531782427 -1.2234375 0.12607219616789683
v -1.283065386982265 -1.1971773646590185 0.06727723878495312
v -1.2549259865474947 -1.186300060451031 1.229472874073779e-16
v -1.1618098822197462 -1.1971773646590185 -0.06091923425091681
v -1.0751171314789671 -1.2234375000000002 -0.11323348444656228
v -1.0106717282594408 -1.2496976353409819 -0.16082808488942074
v -0.9821176809541354 -1.2605749395489694 -0.21052611158718973
v -1.0253699784964783 -1.2496976353409819 -0.27845296488902205
v -1.1154420396128601 -1.2234375000000004 -0.3696249766790029
v -1.1532154940837487 -1.1971773646590187 -0.45496235690866477
v -1.0867977842193783 -1.186300060451031 -0.5019703946189977
v -0.9680823509632842 -1.1971773646590185 -0.5174815573282876
v -0.8603078201255392 -1.2234375 -0.5281099266813397
v -0.7747498385035112 -1.2496976353409817 -0.5435498984600151
v -0.7189600414701479 -1.2605749395489694 -0.5751680331761181
v -0.7139633466002151 -1.2496976353409819 -0.6512953327515806
v -0.7349855323294883 -1.2234375000000004 -0.7662814355223911
v -0.7143624408464339 -1.1971773646590185 -0.855295156482046
v -0.6274629932737479 -1.186300060451031 -0.869438227375503
v -0.5149579355593868 -1.1971773646590185 -0.8353851150215442
v -0.41497972312729325 -1.2234375 -0.8014797405469933
v -0.33123435518442274 -1.2496976353409817 -0.7806279556922296
v -0.26315763948398746 -1.2605749395489694 -0.7856941447633085
v -0.21125081255700268 -1.2496976353409819 -0.8496236421691938
v -0.15759024520987094 -1.2234375000000004 -0.9576134025425934
v -0.08409654848119093 -1.1971773646590183 -1.0264523095858122
v -2.3052616388883353e-16 -1.186300060451031 -1.0039407892379957
v 0.07614904281364551 -1.1971773646590183 -0.9294479057757981
v 0.1415418555582023 -1.2234375000000002 -0.8600937051831737
v 0.2010351061117759 -1.2496976353409817 -0.8085373826075531
v 0.26315763948398707 -1.2605749395489694 -0.7856941447633083
v 0.3480662061112775 -1.2496976353409819 -0.8202959827971825
v 0.46203122084875436 -1.2234375000000002 -0.8923536316902886
v 0.568702946135831 -1.1971773646590185 -0.9225723952669992
v 0.6274629932737474 -1.186300060451031 -0.8694382273755031
v 0.6468519466603593 -1.1971773646590185 -0.7744658807706274
v 0.6601374083516742 -1.2234375000000004 -0.6882462561004304
v 0.6794373730750187 -1.2496976353409819 -0.6197998708028085
v 0.7189600414701477 -1.2605749395489694 -0.5751680331761184
v 0.8141191659394754 -1.2496976353409819 -0.5711706772801723
v 0.9578517944029886 -1.2234375000000004 -0.5879884258635906
v 1.0691189456025574 -1.1971773646590187 -0.5714899526771471
v 1.0867977842193792 -1.186300060451031 -0.5019703946189986
v 1.0442313937769294 -1.1971773646590185 -0.41196634844750923
v 1.0018496756837423 -1.2234374999999995 -0.33198377850183486
v 0.975784944615287 -1.2496976353409817 -0.26498748414753825
v 0.9821176809541358 -1.2605749395489694 -0.2105261115871901
v 1.0620295527114911 -1.249697635340982 -0.16900065004560202
v 1.1970167531782425 -1.2234375000000002 -0.1260721961678969
v 1.283065386982265 -1.1971773646590185 -0.0672772387849528
v 1.271185889367234 -1.2259917783737182 0
v 1.1743760166833324 -1.237600080227787 0.06157813662447327
v 1.084354646695996 -1.265625 0.11420639800642085
v 1.0196942950856132 -1.293649919772213 0.16226384499120872
v 0.9925977259252324 -1.3052582216262818 0.2127726072565079
v 1.03716265856236 -1.293649919772213 0.2816554252664435
v 1.1288660969193443 -1.265625 0.37407331795773857
v 1.168203086871886 -1.237600080227787 0.4608752071732167
v 1.10087927312434 -1.2259917783737182 0.5084743557468936
v 0.9785531286526478 -1.237600080227787 0.5230786373078358
v 0.8676996719964191 -1.265625 0.5326475006266753
v 0.7816662605187013 -1.293649919772213 0.5484023299123724
v 0.7266319668545975 -1.3052582216262818 0.581305573483678
v 0.7221745693800825 -1.293649919772213 0.6587858168193933
v 0.743830893679552 -1.265625 0.7755034349970732
v 0.7236465455271923 -1.237600080227787 0.8664108721351761
v 0.6355929446836173 -1.2259917783737182 0.8807034184994718
v 0.5205277200485376 -1.237600080227787 0.8444206395465916
v 0.4185452709126518 -1.265625 0.8083661356035562
v 0.33419138269514786 -1.293649919772213 0.7875968534061697
v 0.26596575907063486 -1.3052582216262818 0.794078180740186
v 0.21368038753811816 -1.293649919772213 0.8593950807705096
v 0.1594868031730032 -1.265625 0.9691380329013797
v 0.08518949670291578 -1.237600080227787 1.0397924435949706
v 7.783768652674325e-17 -1.2259917783737182 1.0169487114937874
v -0.07697267078059168 -1.237600080227787 0.9395008133466659
v -0.14275799750802587 -1.265625 0.8674837173567971
v -0.2028298062390108 -1.293649919772213 0.8157554360684905
v -0.26596575907063497 -1.3052582216262818 0.794078180740186
v -0.352069281583054 -1.2936499197722133 0.8297301268498876
v -0.46759164744717296 -1.265625 0.9030928775354752
v -0.5760940089665205 -1.237600080227787 0.9345624694975088
v -0.6355929446836168 -1.2259917783737182 0.8807034184994719
v -0.6538482966347946 -1.2376000802277867 0.7828425029221187
v -0.6658093757833441 -1.265625 0.6941597375971353
v -0.6855029123904655 -1.293649919772213 0.625333008414961
v -0.7266319668545974 -1.3052582216262818 0.5813055734836781
v -0.8234822710242417 -1.293649919772213 0.5777396555040659
v -0.9693792937463408 -1.2656250000000002 0.5950647149436415
v -1.0830135901689704 -1.237600080227787 0.5789172364217539
v -1.10087927312434 -1.2259917783737182 0.5084743557468936
v -1.055525799433239 -1.237600080227787 0.41642217603883
v -1.0104576695044452 -1.265625 0.33483621673012154
v -0.9844960667577121 -1.293649919772213 0.26735310615611835
v -0.9925977259252321 -1.3052582216262818 0.21277260725650807
v -1.0742438509631358 -1.2936499197722133 0.1709443100304946
v -1.2114225411267256 -1.2656249999999998 0.12758944253840254
v -1.2997405544937133 -1.237600080227787 0.0681515973623327
v -1.2711858893672343 -1.2259917783737182 1.2454029844278918e-16
v -1.1743760166833328 -1.2376000802277867 -0.06157813662447311
v -1.084354646695996 -1.265625 -0.11420639800642103
v -1.019694295085613 -1.2936499197722133 -0.16226384499120877
v -0.9925977259252323 -1.3052582216262818 -0.21277260725650754
v -1.03716265856236 -1.293649919772213 -0.28165542526644344
v -1.1288660969193438 -1.2656250000000002 -0.3740733179577383
v -1.168203086871886 -1.2376000802277871 -0.4608752071732164
v -1.1008792731243393 -1.2259917783737182 -0.5084743557468936
v -0.9785531286526485 -1.2376000802277867 -0.5230786373078358
v -0.8676996719964198 -1.2656249999999998 -0.5326475006266754
v -0.7816662605187013 -1.293649919772213 -0.5484023299123724
v -0.7266319668545975 -1.3052582216262818 -0.5813055734836778
v -0.7221745693800826 -1.293649919772213 -0.6587858168193933
v -0.7438308936795517 -1.2656250000000002 -0.7755034349970724
v -0.7236465455271923 -1.237600080227787 -0.8664108721351762
v -0.6355929446836177 -1.2259917783737182 -0.8807034184994716
v -0.5205277200485381 -1.2376000802277867 -0.844420639546592
v -0.41854527091265264 -1.2656249999999998 -0.8083661356035565
v -0.33419138269514803 -1.293649919772213 -0.7875968534061699
v -0.26596575907063474 -1.3052582216262818 -0.794078180740186
v -0.21368038753811847 -1.293649919772213 -0.8593950807705093
v -0.1594868031730031 -1.2656250000000002 -0.9691380329013796
v -0.08518949670291538 -1.2376000802277867 -1.0397924435949708
v -2.335130595802297e-16 -1.2259917783737182 -1.0169487114937874
v 0.07697267078059086 -1.2376000802277864 -0.9395008133466672
v 0.14275799750802573 -1.265625 -0.8674837173567969
v 0.20282980623901098 -1.293649919772213 -0.8157554360684908
v 0.26596575907063436 -1.3052582216262818 -0.7940781807401859
v 0.3520692815830542 -1.293649919772213 -0.8297301268498879
v 0.4675916474471737 -1.2656249999999998 -0.9030928775354757
v 0.5760940089665205 -1.237600080227787 -0.9345624694975091
v 0.6355929446836174 -1.2259917783737182 -0.880703418499472
v 0.6538482966347946 -1.2376000802277867 -0.7828425029221189
v 0.6658093757833436 -1.2656250000000002 -0.6941597375971349
v 0.6855029123904656 -1.2936499197722133 -0.6253330084149608
v 0.7266319668545973 -1.3052582216262818 -0.5813055734836782
v 0.8234822710242411 -1.293649919772213 -0.5777396555040663
v 0.9693792937463405 -1.2656250000000002 -0.5950647149436414
v 1.08301359016897 -1.2376000802277871 -0.5789172364217537
v 1.1008792731243402 -1.2259917783737182 -0.5084743557468946
v 1.0555257994332392 -1.237600080227787 -0.4164221760388302
v 1.010457669504446 -1.2656249999999993 -0.3348362167301224
v 0.9844960667577123 -1.293649919772213 -0.2673531061561185
v 0.9925977259252327 -1.3052582216262818 -0.21277260725650793
v 1.0742438509631356 -1.2936499197722133 -0.17094431003049465
v 1.2114225411267254 -1.265625 -0.12758944253840265
v 1.299740554493713 -1.237600080227787 -0.06815159736233235
v 1.2877746543517403 -1.265559765994549 0
v 1.187242287337679 -1.2779353052610742 0.06225277657023643
v 1.0938091186773422 -1.3078125000000003 0.1152021618861923
v 1.0289114846119212 -1.3376896947389263 0.16373057538262065
v 1.0033606789532328 -1.3500652340054515 0.21507974691412934
v 1.0493146377555915 -1.3376896947389263 0.2849554581390528
v 1.1426283299914894 -1.3078125000000003 0.37863372082735625
v 1.183484823715334 -1.2779353052610742 0.466904102074145
v 1.115245565018332 -1.265559765994549 0.5151098617406961
v 0.9892739959251762 -1.2779353052610742 0.528809400901013
v 0.8752651324867761 -1.3078125000000003 0.5372916462352668
v 0.7887318743053476 -1.3376896947389263 0.5533594315023611
v 0.7345109953105711 -1.3500652340054515 0.5876087962484567
v 0.7306359715223001 -1.3376896947389263 0.6665045207976893
v 0.752899085339321 -1.3078125000000003 0.7849577529625116
v 0.7331128585344867 -1.2779353052610742 0.8777447430135057
v 0.6438873271758703 -1.265559765994549 0.8921964520146655
v 0.5262305362114126 -1.2779353052610742 0.8536719733103775
v 0.4221945608832587 -1.3078125000000003 0.8154142678756131
v 0.33721219523397017 -1.3376896947389263 0.7947160748268988
v 0.26884968364266165 -1.3500652340054515 0.8026885431625862
v 0.21618398675847972 -1.3376896947389263 0.869464235356893
v 0.16143113878835036 -1.3078125000000003 0.9809529890988126
v 0.08630389494845175 -1.2779353052610742 1.0533943889017345
v 7.885345542374739e-17 -1.265559765994549 1.0302197234813923
v -0.07781597071279563 -1.2779353052610742 0.9497938298701432
v -0.14400270235774015 -1.3078125000000003 0.8750472949418739
v -0.2046632192282758 -1.3376896947389263 0.8231291876895372
v -0.2688496836426618 -1.3500652340054515 0.8026885431625863
v -0.3561943226738156 -1.3376896947389263 0.8394517102044728
v -0.47329215103419503 -1.3078125000000005 0.9141026639931913
v -0.583630127592681 -1.2779353052610742 0.9467878589722672
v -0.6438873271758699 -1.265559765994549 0.8921964520146658
v -0.6610117511262662 -1.2779353052610742 0.7914191967401414
v -0.6716145577940835 -1.3078125000000003 0.7002121059894209
v -0.6916992893779514 -1.3376896947389263 0.6309854994442781
v -0.734510995310571 -1.3500652340054515 0.5876087962484569
v -0.8331306509971117 -1.3376896947389263 0.5845087772178402
v -0.9811971912031388 -1.3078125000000005 0.6023192682714568
v -1.0971809287668823 -1.2779353052610742 0.5864902868275894
v -1.1152455650183322 -1.265559765994549 0.5151098617406962
v -1.0670899666379712 -1.2779353052610745 0.42098442896913
v -1.0192678348445163 -1.3078125000000003 0.337755648706607
v -0.9933950935336234 -1.337689694738926 0.2697697561871762
v -1.0033606789532326 -1.3500652340054515 0.21507974691412957
v -1.086830294196115 -1.3376896947389265 0.17294718940678386
v -1.2261912363735168 -1.3078125 0.12914491103068027
v -1.316742986127168 -1.2779353052610742 0.06904311595876149
v -1.2877746543517405 -1.265559765994549 1.2616552867799586e-16
v -1.1872422873376796 -1.2779353052610742 -0.06225277657023628
v -1.0938091186773422 -1.3078125000000003 -0.11520216188619246
v -1.028911484611921 -1.3376896947389263 -0.1637305753826207
v -1.0033606789532328 -1.3500652340054515 -0.215079746914129
v -1.0493146377555915 -1.3376896947389263 -0.28495545813905276
v -1.142628329991489 -1.3078125000000005 -0.3786337208273559
v -1.1834848237153337 -1.2779353052610745 -0.4669041020741447
v -1.1152455650183313 -1.265559765994549 -0.5151098617406961
v -0.989273995925177 -1.2779353052610742 -0.5288094009010131
v -0.8752651324867768 -1.3078125 -0.5372916462352669
v -0.7887318743053476 -1.337689694738926 -0.5533594315023611
v -0.734510995310571 -1.3500652340054515 -0.5876087962484566
v -0.7306359715223003 -1.3376896947389263 -0.6665045207976895
v -0.7528990853393208 -1.3078125000000005 -0.7849577529625108
v -0.7331128585344866 -1.2779353052610742 -0.8777447430135057
v -0.6438873271758708 -1.265559765994549 -0.8921964520146656
v -0.526230536211413 -1.2779353052610742 -0.8536719733103778
v -0.4221945608832595 -1.3078125 -0.8154142678756134
v -0.3372121952339703 -1.337689694738926 -0.7947160748268988
v -0.26884968364266154 -1.3500652340054515 -0.8026885431625862
v -0.21618398675848002 -1.3376896947389263 -0.8694642353568927
v -0.16143113878835022 -1.3078125000000005 -0.9809529890988125
v -0.08630389494845134 -1.277935305261074 -1.0533943889017345
v -2.3656036627124222e-16 -1.265559765994549 -1.0302197234813926
v 0.07781597071279481 -1.277935305261074 -0.9497938298701445
v 0.14400270235774001 -1.3078125000000003 -0.8750472949418738
v 0.2046632192282759 -1.337689694738926 -0.8231291876895372
v 0.2688496836426611 -1.3500652340054515 -0.8026885431625861
v 0.3561943226738158 -1.3376896947389263 -0.8394517102044731
v 0.47329215103419575 -1.3078125 -0.9141026639931918
v 0.5836301275926808 -1.2779353052610742 -0.9467878589722674
v 0.6438873271758704 -1.265559765994549 -0.8921964520146657
v 0.6610117511262662 -1.2779353052610742 -0.7914191967401416
v 0.671614557794083 -1.3078125000000005 -0.7002121059894204
v 0.6916992893779513 -1.3376896947389263 -0.6309854994442776
v 0.7345109953105708 -1.3500652340054515 -0.587608796248457
v 0.8331306509971113 -1.3376896947389263 -0.5845087772178404
v 0.9811971912031384 -1.3078125000000005 -0.6023192682714567
v 1.097180928766882 -1.2779353052610745 -0.5864902868275892
v 1.1152455650183324 -1.265559765994549 -0.5151098617406971
v 1.0670899666379714 -1.2779353052610742 -0.4209844289691302
v 1.0192678348445174 -1.3078124999999996 -0.33775564870660785
v 0.9933950935336234 -1.337689694738926 -0.2697697561871763
v 1.003360678953233 -1.3500652340054515 -0.21507974691412932
v 1.0868302941961148 -1.3376896947389265 -0.1729471894067839
v 1.2261912363735166 -1.3078125000000003 -0.12914491103068038
v 1.3167429861271678 -1.2779353052610742 -0.06904311595876114
v 1.3047093113290265 -1.3050000000000002 0
v 1.2004276445237536 -1.3181801948466054 0.06294414774498132
v 1.1035013870782262 -1.35 0.11622297096000332
v 1.0383428299352782 -1.3818198051533948 0.16523138436329585
v 1.0144253178555889 -1.395 0.21745155576087197
v 1.0618466374111064 -1.3818198051533948 0.2883586906631639
v 1.1567497094902017 -1.35 0.38331313435358344
v 1.1990781026857478 -1.3181801948466054 0.4730559054350168
v 1.129911408165037 -1.3050000000000002 0.5218837245316105
v 1.000260743222073 -1.3181801948466054 0.5346822887762162
v 0.883020877471107 -1.35 0.5420526001859546
v 0.7959616533343162 -1.3818198051533948 0.5584317083351965
v 0.7426108731544987 -1.395 0.5940886985235989
v 0.7393619812566243 -1.3818198051533948 0.6744646064807609
v 0.7622039252677946 -1.35 0.7946587957505218
v 0.742772157150618 -1.3181801948466054 0.8893096725912728
v 0.6523546556645133 -1.3050000000000002 0.9039291265320295
v 0.5320747835534831 -1.3181801948466054 0.8631527423226396
v 0.4259356368457833 -1.35 0.822639672936889
v 0.340303194516283 -1.3818198051533948 0.8020007070307489
v 0.27181444470108995 -1.395 0.8115402542844711
v 0.21876587931015506 -1.3818198051533948 0.8798482756684635
v 0.16342621480204989 -1.35 0.9930762745678186
v 0.08744101194665686 -1.3181801948466054 1.067273631155511
v 7.989040409684199e-17 -1.3050000000000002 1.0437674490632212
v -0.07868018468122676 -1.3181801948466054 0.9603421156190028
v -0.14527871370000398 -1.3499999999999999 0.8828011096625813
v -0.2065392304541198 -1.3818198051533948 0.8306742639482229
v -0.27181444470109006 -1.395 0.8115402542844711
v -0.3604483633289544 -1.3818198051533948 0.8494773099288846
v -0.479141417941979 -1.3500000000000003 0.925399767592161
v -0.5913198817937707 -1.3181801948466054 0.9592624821485983
v -0.6523546556645129 -1.3050000000000002 0.9039291265320297
v -0.6683528609702702 -1.3181801948466054 0.8002085945776588
v -0.677565750232443 -1.35 0.7064167019768854
v -0.6980396354189956 -1.3818198051533948 0.6367693226674531
v -0.7426108731544986 -1.395 0.594088698523599
v -0.8430807581009511 -1.3818198051533948 0.5914895850052995
v -0.9933234946881514 -1.3500000000000003 0.6097631402142356
v -1.111637090739091 -1.3181801948466054 0.5942177257204942
v -1.129911408165037 -1.3050000000000002 0.5218837245316105
v -1.078940927903299 -1.3181801948466056 0.42565982684278647
v -1.028299591171111 -1.35 0.3407485094766266
v -1.0025008837884362 -1.3818198051533948 0.27224255561302646
v -1.0144253178555884 -1.395 0.21745155576087216
v -1.099810344585578 -1.381819805153395 0.17501270344812414
v -1.2413453432097743 -1.3499999999999999 0.1307409718416399
v -1.3340920389443887 -1.3181801948466054 0.06995280955732558
v -1.3047093113290265 -1.3050000000000002 1.2782464655494718e-16
v -1.200427644523754 -1.3181801948466054 -0.06294414774498117
v -1.1035013870782262 -1.35 -0.1162229709600035
v -1.0383428299352782 -1.381819805153395 -0.16523138436329593
v -1.0144253178555886 -1.395 -0.2174515557608716
v -1.0618466374111062 -1.3818198051533948 -0.2883586906631638
v -1.1567497094902015 -1.3500000000000003 -0.38331313435358316
v -1.1990781026857475 -1.3181801948466056 -0.47305590543501647
v -1.1299114081650363 -1.3050000000000002 -0.5218837245316105
v -1.0002607432220736 -1.3181801948466052 -0.5346822887762163
v -0.8830208774711078 -1.3499999999999999 -0.5420526001859546
v -0.7959616533343162 -1.3818198051533948 -0.5584317083351965
v -0.7426108731544988 -1.395 -0.5940886985235989
v -0.7393619812566244 -1.3818198051533948 -0.6744646064807609
v -0.7622039252677943 -1.3500000000000003 -0.7946587957505209
v -0.7427721571506177 -1.3181801948466054 -0.8893096725912728
v -0.6523546556645138 -1.3050000000000002 -0.9039291265320294
v -0.5320747835534836 -1.3181801948466052 -0.86315274232264
v -0.42593563684578406 -1.3499999999999999 -0.8226396729368893
v -0.3403031945162831 -1.3818198051533945 -0.8020007070307489
v -0.27181444470108984 -1.395 -0.8115402542844711
v -0.2187658793101554 -1.3818198051533948 -0.8798482756684631
v -0.16342621480204977 -1.3500000000000003 -0.9930762745678183
v -0.08744101194665646 -1.3181801948466052 -1.067273631155511
v -2.39671212290526e-16 -1.3050000000000002 -1.0437674490632214
v 0.07868018468122591 -1.318180194846605 -0.9603421156190043
v 0.1452787137000038 -1.35 -0.8828011096625812
v 0.2065392304541199 -1.3818198051533945 -0.8306742639482229
v 0.27181444470108945 -1.395 -0.8115402542844711
v 0.36044836332895464 -1.3818198051533948 -0.8494773099288849
v 0.47914141794197973 -1.3499999999999999 -0.9253997675921616
v 0.5913198817937706 -1.3181801948466054 -0.9592624821485984
v 0.6523546556645134 -1.3050000000000002 -0.9039291265320297
v 0.6683528609702702 -1.3181801948466052 -0.800208594577659
v 0.6775657502324426 -1.3500000000000003 -0.7064167019768852
v 0.6980396354189957 -1.3818198051533948 -0.6367693226674527
v 0.7426108731544986 -1.395 -0.5940886985235991
v 0.8430807581009506 -1.3818198051533948 -0.5914895850052999
v 0.9933234946881511 -1.3500000000000003 -0.6097631402142354
v 1.1116370907390907 -1.3181801948466056 -0.5942177257204941
v 1.1299114081650374 -1.3050000000000002 -0.5218837245316114
v 1.0789409279032993 -1.3181801948466054 -0.4256598268427867
v 1.0282995911711121 -1.3499999999999994 -0.3407485094766275
v 1.0025008837884362 -1.3818198051533945 -0.2722425556130265
v 1.014425317855589 -1.395 -0.21745155576087197
v 1.0998103445855778 -1.381819805153395 -0.1750127034481242
v 1.241345343209774 -1.35 -0.13074097184163996
v 1.3340920389443887 -1.3181801948466054 -0.06995280955732523
vt 0 0
vt 0 0.015625
vt 0.010416666666666666 0.015625
vt 0.010416666666666666 0
vt 0.020833333333333332 0.015625
vt 0.020833333333333332 0
vt 0.03125 0.015625
vt 0.03125 0
vt 0.041666666666666664 0.015625
vt 0.041666666666666664 0
vt 0.052083333333333336 0.015625
vt 0.052083333333333336 0
vt 0.0625 0.015625
vt 0.0625 0
vt 0.07291666666666667 0.015625
vt 0.07291666666666667 0
vt 0.08333333333333333 0.015625
vt 0.08333333333333333 0
vt 0.09375 0.015625
vt 0.09375 0
vt 0.10416666666666667 0.015625
vt 0.10416666666666667 0
vt 0.11458333333333333 0.015625
vt 0.11458333333333333 0
vt 0.125 0.015625
vt 0.125 0
vt 0.13541666666666666 0.015625
vt 0.13541666666666666 0
vt 0.14583333333333334 0.015625
vt 0.14583333333333334 0
vt 0.15625 0.015625
vt 0.15625 0
vt 0.16666666666666666 0.015625
vt 0.16666666666666666 0
vt 0.17708333333333334 0.015625
vt 0.17708333333333334 0
vt 0.1875 0.015625
vt 0.1875 0
vt 0.19791666666666666 0.015625
vt 0.19791666666666666 0
vt 0.20833333333333334 0.015625
vt 0.20833333333333334 0
vt 0.21875 0.015625
vt 0.21875 0
vt 0.22916666666666666 0.015625
vt 0.22916666666666666 0
vt 0.23958333333333334 0.015625
vt 0.23958333333333334 0
vt 0.25 0.015625
vt 0.25 0
vt 0.2604166666666667 0.015625
vt 0.2604166666666667 0
vt 0.2708333333333333 0.015625
vt 0.2708333333333333 0
vt 0.28125 0.015625
vt 0.28125 0
vt 0.2916666666666667 0.015625
vt 0.2916666666666667 0
vt 0.3020833333333333 0.015625
vt 0.3020833333333333 0
vt 0.3125 0.015625
vt 0.3125 0
vt 0.3229166666666667 0.015625
vt 0.3229166666666667 0
vt 0.3333333333333333 0.015625
vt 0.3333333333333333 0
vt 0.34375 0.015625
vt 0.34375 0
vt 0.3541666666666667 0.015625
vt 0.3541666666666667 0
vt 0.3645833333333333 0.015625
vt 0.3645833333333333 0
vt 0.375 0.015625
vt 0.375 0
vt 0.3854166666666667 0.015625
vt 0.3854166666666667 0
vt 0.3958333333333333 0.015625
vt 0.3958333333333333 0
vt 0.40625 0.015625
vt 0.40625 0
vt 0.4166666666666667 0.015625
vt 0.4166666666666667 0
vt 0.4270833333333333 0.015625
vt 0.4270833333333333 0
vt 0.4375 0.015625
vt 0.4375 0
vt 0.4479166666666667 0.015625
vt 0.4479166666666667 0
vt 0.4583333333333333 0.015625
vt 0.4583333333333333 0
vt 0.46875 0.015625
vt 0.46875 0
vt 0.4791666666666667 0.015625
vt 0.4791666666666667 0
vt 0.4895833333333333 0.015625
vt 0.4895833333333333 0
vt 0.5 0.015625
vt 0.5 0
vt 0.5104166666666666 0.015625
vt 0.5104166666666666 0
vt 0.5208333333333334 0.015625
vt 0.5208333333333334 0
vt 0.53125 0.015625
vt 0.53125 0
vt 0.5416666666666666 0.015625
vt 0.5416666666666666 0
vt 0.5520833333333334 0.015625
vt 0.5520833333333334 0
vt 0.5625 0.015625
vt 0.5625 0
vt 0.5729166666666666 0.015625
vt 0.5729166666666666 0
vt 0.5833333333333334 0.015625
vt 0.5833333333333334 0
vt 0.59375 0.015625
vt 0.59375 0
vt 0.6041666666666666 0.015625
vt 0.6041666666666666 0
vt 0.6145833333333334 0.015625
vt 0.6145833333333334 0
vt 0.625 0.015625
vt 0.625 0
vt 0.6354166666666666 0.015625
vt 0.6354166666666666 0
vt 0.6458333333333334 0.015625
vt 0.6458333333333334 0
vt 0.65625 0.015625
vt 0.65625 0
vt 0.6666666666666666 0.015625
vt 0.6666666666666666 0
vt 0.6770833333333334 0.015625
vt 0.6770833333333334 0
vt 0.6875 0.015625
vt 0.6875 0
vt 0.6979166666666666 0.015625
vt 0.6979166666666666 0
vt 0.7083333333333334 0.015625
vt 0.7083333333333334 0
vt 0.71875 0.015625
vt 0.71875 0
vt 0.7291666666666666 0.015625
vt 0.7291666666666666 0
vt 0.7395833333333334 0.015625
vt 0.7395833333333334 0
vt 0.75 0.015625
vt 0.75 0
vt 0.7604166666666666 0.015625
vt 0.7604166666666666 0
vt 0.7708333333333334 0.015625
vt 0.7708333333333334 0
vt 0.78125 0.015625
vt 0.78125 0
vt 0.7916666666666666 0.015625
vt 0.7916666666666666 0
vt 0.8020833333333334 0.015625
vt 0.8020833333333334 0
vt 0.8125 0.015625
vt 0.8125 0
vt 0.8229166666666666 0.015625
vt 0.8229166666666666 0
vt 0.8333333333333334 0.015625
vt 0.8333333333333334 0
vt 0.84375 0.015625
vt 0.84375 0
vt 0.8541666666666666 0.015625
vt 0.8541666666666666 0
vt 0.8645833333333334 0.015625
vt 0.8645833333333334 0
vt 0.875 0.015625
vt 0.875 0
vt 0.8854166666666666 0.015625
vt 0.8854166666666666 0
vt 0.8958333333333334 0.015625
vt 0.8958333333333334 0
vt 0.90625 0.015625
vt 0.90625 0
vt 0.9166666666666666 0.015625
vt 0.9166666666666666 0
vt 0.9270833333333334 0.015625
vt 0.9270833333333334 0
vt 0.9375 0.015625
vt 0.9375 0
vt 0.9479166666666666 0.015625
vt 0.9479166666666666 0
vt 0.9583333333333334 0.015625
vt 0.9583333333333334 0
vt 0.96875 0.015625
vt 0.96875 0
vt 0.9791666666666666 0.015625
vt 0.9791666666666666 0
vt 0.9895833333333334 0.015625
vt 0.9895833333333334 0
vt 1 0.015625
vt 1 0
vt 0 0.03125
vt 0.010416666666666666 0.03125
vt 0.020833333333333332 0.03125
vt 0.03125 0.03125
vt 0.041666666666666664 0.03125
vt 0.052083333333333336 0.03125
vt 0.0625 0.03125
vt 0.07291666666666667 0.03125
vt 0.08333333333333333 0.03125
vt 0.09375 0.03125
vt 0.10416666666666667 0.03125
vt 0.11458333333333333 0.03125
vt 0.125 0.03125
vt 0.13541666666666666 0.03125
vt 0.14583333333333334 0.03125
vt 0.15625 0.03125
vt 0.16666666666666666 0.03125
vt 0.17708333333333334 0.03125
vt 0.1875 0.03125
vt 0.19791666666666666 0.03125
vt 0.20833333333333334 0.03125
vt 0.21875 0.03125
vt 0.22916666666666666 0.03125
vt 0.23958333333333334 0.03125
vt 0.25 0.03125
vt 0.2604166666666667 0.03125
vt 0.2708333333333333 0.03125
vt 0.28125 0.03125
vt 0.2916666666666667 0.03125
vt 0.3020833333333333 0.03125
vt 0.3125 0.03125
vt 0.3229166666666667 0.03125
vt 0.3333333333333333 0.03125
vt 0.34375 0.03125
vt 0.3541666666666667 0.03125
vt 0.3645833333333333 0.03125
vt 0.375 0.03125
vt 0.3854166666666667 0.03125
vt 0.3958333333333333 0.03125
vt 0.40625 0.03125
vt 0.4166666666666667 0.03125
vt 0.4270833333333333 0.03125
vt 0.4375 0.03125
vt 0.4479166666666667 0.03125
vt 0.4583333333333333 0.03125
vt 0.46875 0.03125
vt 0.4791666666666667 0.03125
vt 0.4895833333333333 0.03125
vt 0.5 0.03125
vt 0.5104166666666666 0.03125
vt 0.5208333333333334 0.03125
vt 0.53125 0.03125
vt 0.5416666666666666 0.03125
vt 0.5520833333333334 0.03125
vt 0.5625 0.03125
vt 0.5729166666666666 0.03125
vt 0.5833333333333334 0.03125
vt 0.59375 0.03125
vt 0.6041666666666666 0.03125
vt 0.6145833333333334 0.03125
vt 0.625 0.03125
vt 0.6354166666666666 0.03125
vt 0.6458333333333334 0.03125
vt 0.65625 0.03125
vt 0.6666666666666666 0.03125
vt 0.6770833333333334 0.03125
vt 0.6875 0.03125
vt 0.6979166666666666 0.03125
vt 0.7083333333333334 0.03125
vt 0.71875 0.03125
vt 0.7291666666666666 0.03125
vt 0.7395833333333334 0.03125
vt 0.75 0.03125
vt 0.7604166666666666 0.03125
vt 0.7708333333333334 0.03125
vt 0.78125 0.03125
vt 0.7916666666666666 0.03125
vt 0.8020833333333334 0.03125
vt 0.8125 0.03125
vt 0.8229166666666666 0.03125
vt 0.8333333333333334 0.03125
vt 0.84375 0.03125
vt 0.8541666666666666 0.03125
vt 0.8645833333333334 0.03125
vt 0.875 0.03125
vt 0.8854166666666666 0.03125
vt 0.8958333333333334 0.03125
vt 0.90625 0.03125
vt 0.9166666666666666 0.03125
vt 0.9270833333333334 0.03125
vt 0.9375 0.03125
vt 0.9479166666666666 0.03125
vt 0.9583333333333334 0.03125
vt 0.96875 0.03125
vt 0.9791666666666666 0.03125
vt 0.9895833333333334 0.03125
vt 1 0.03125
vt 0 0.046875
vt 0.010416666666666666 0.046875
vt 0.020833333333333332 0.046875
vt 0.03125 0.046875
vt 0.041666666666666664 0.046875
vt 0.052083333333333336 0.046875
vt 0.0625 0.046875
vt 0.07291666666666667 0.046875
vt 0.08333333333333333 0.046875
vt 0.09375 0.046875
vt 0.10416666666666667 0.046875
vt 0.11458333333333333 0.046875
vt 0.125 0.046875
vt 0.13541666666666666 0.046875
vt 0.14583333333333334 0.046875
vt 0.15625 0.046875
vt 0.16666666666666666 0.046875
vt 0.17708333333333334 0.046875
vt 0.1875 0.046875
vt 0.19791666666666666 0.046875
vt 0.20833333333333334 0.046875
vt 0.21875 0.046875
vt 0.22916666666666666 0.046875
vt 0.23958333333333334 0.046875
vt 0.25 0.046875
vt 0.2604166666666667 0.046875
vt 0.2708333333333333 0.046875
vt 0.28125 0.046875
vt 0.2916666666666667 0.046875
vt 0.3020833333333333 0.046875
vt 0.3125 0.046875
vt 0.3229166666666667 0.046875
vt 0.3333333333333333 0.046875
vt 0.34375 0.046875
vt 0.3541666666666667 0.046875
vt 0.3645833333333333 0.046875
vt 0.375 0.046875
vt 0.3854166666666667 0.046875
vt 0.3958333333333333 0.046875
vt 0.40625 0.046875
vt 0.4166666666666667 0.046875
vt 0.4270833333333333 0.046875
vt 0.4375 0.046875
vt 0.4479166666666667 0.046875
vt 0.4583333333333333 0.046875
vt 0.46875 0.046875
vt 0.4791666666666667 0.046875
vt 0.4895833333333333 0.046875
vt 0.5 0.046875
vt 0.5104166666666666 0.046875
vt 0.5208333333333334 0.046875
vt 0.53125 0.046875
vt 0.5416666666666666 0.046875
vt 0.5520833333333334 0.046875
vt 0.5625 0.046875
vt 0.5729166666666666 0.046875
vt 0.5833333333333334 0.046875
vt 0.59375 0.046875
vt 0.6041666666666666 0.046875
vt 0.6145833333333334 0.046875
vt 0.625 0.046875
vt 0.6354166666666666 0.046875
vt 0.6458333333333334 0.046875
vt 0.65625 0.046875
vt 0.6666666666666666 0.046875
vt 0.6770833333333334 0.046875
vt 0.6875 0.046875
vt 0.6979166666666666 0.046875
vt 0.7083333333333334 0.046875
vt 0.71875 0.046875
vt 0.7291666666666666 0.046875
vt 0.7395833333333334 0.046875
vt 0.75 0.046875
vt 0.7604166666666666 0.046875
vt 0.7708333333333334 0.046875
vt 0.78125 0.046875
vt 0.7916666666666666 0.046875
vt 0.8020833333333334 0.046875
vt 0.8125 0.046875
vt 0.8229166666666666 0.046875
vt 0.8333333333333334 0.046875
vt 0.84375 0.046875
vt 0.8541666666666666 0.046875
vt 0.8645833333333334 0.046875
vt 0.875 0.046875
vt 0.8854166666666666 0.046875
vt 0.8958333333333334 0.046875
vt 0.90625 0.046875
vt 0.9166666666666666 0.046875
vt 0.9270833333333334 0.046875
vt 0.9375 0.046875
vt 0.9479166666666666 0.046875
vt 0.9583333333333334 0.046875
vt 0.96875 0.046875
vt 0.9791666666666666 0.046875
vt 0.9895833333333334 0.046875
vt 1 0.046875
vt 0 0.0625
vt 0.010416666666666666 0.0625
vt 0.020833333333333332 0.0625
vt 0.03125 0.0625
vt 0.041666666666666664 0.0625
vt 0.052083333333333336 0.0625
vt 0.0625 0.0625
vt 0.07291666666666667 0.0625
vt 0.08333333333333333 0.0625
vt 0.09375 0.0625
vt 0.10416666666666667 0.0625
vt 0.11458333333333333 0.0625
vt 0.125 0.0625
vt 0.13541666666666666 0.0625
vt 0.14583333333333334 0.0625
vt 0.15625 0.0625
vt 0.16666666666666666 0.0625
vt 0.17708333333333334 0.0625
vt 0.1875 0.0625
vt 0.19791666666666666 0.0625
vt 0.20833333333333334 0.0625
vt 0.21875 0.0625
vt 0.22916666666666666 0.0625
vt 0.23958333333333334 0.0625
vt 0.25 0.0625
vt 0.2604166666666667 0.0625
vt 0.2708333333333333 0.0625
vt 0.28125 0.0625
vt 0.2916666666666667 0.0625
vt 0.3020833333333333 0.0625
vt 0.3125 0.0625
vt 0.3229166666666667 0.0625
vt 0.3333333333333333 0.0625
vt 0.34375 0.0625
vt 0.3541666666666667 0.0625
vt 0.3645833333333333 0.0625
vt 0.375 0.0625
vt 0.3854166666666667 0.0625
vt 0.3958333333333333 0.0625
vt 0.40625 0.0625
vt 0.4166666666666667 0.0625
vt 0.4270833333333333 0.0625
vt 0.4375 0.0625
vt 0.4479166666666667 0.0625
vt 0.4583333333333333 0.0625
vt 0.46875 0.0625
vt 0.4791666666666667 0.0625
vt 0.4895833333333333 0.0625
vt 0.5 0.0625
vt 0.5104166666666666 0.0625
vt 0.5208333333333334 0.0625
vt 0.53125 0.0625
vt 0.5416666666666666 0.0625
vt 0.5520833333333334 0.0625
vt 0.5625 0.0625
vt 0.5729166666666666 0.0625
vt 0.5833333333333334 0.0625
vt 0.59375 0.0625
vt 0.6041666666666666 0.0625
vt 0.6145833333333334 0.0625
vt 0.625 0.0625
vt 0.6354166666666666 0.0625
vt 0.6458333333333334 0.0625
vt 0.65625 0.0625
vt 0.6666666666666666 0.0625
vt 0.6770833333333334 0.0625
vt 0.6875 0.0625
vt 0.6979166666666666 0.0625
vt 0.7083333333333334 0.0625
vt 0.71875 0.0625
vt 0.7291666666666666 0.0625
vt 0.7395833333333334 0.0625
vt 0.75 0.0625
vt 0.7604166666666666 0.0625
vt 0.7708333333333334 0.0625
vt 0.78125 0.0625
vt 0.7916666666666666 0.0625
vt 0.8020833333333334 0.0625
vt 0.8125 0.0625
vt 0.8229166666666666 0.0625
vt 0.8333333333333334 0.0625
vt 0.84375 0.0625
vt 0.8541666666666666 0.0625
vt 0.8645833333333334 0.0625
vt 0.875 0.0625
vt 0.8854166666666666 0.0625
vt 0.8958333333333334 0.0625
vt 0.90625 0.0625
vt 0.9166666666666666 0.0625
vt 0.9270833333333334 0.0625
vt 0.9375 0.0625
vt 0.9479166666666666 0.0625
vt 0.9583333333333334 0.0625
vt 0.96875 0.0625
vt 0.9791666666666666 0.0625
vt 0.9895833333333334 0.0625
vt 1 0.0625
vt 0 0.078125
vt 0.010416666666666666 0.078125
vt 0.020833333333333332 0.078125
vt 0.03125 0.078125
vt 0.041666666666666664 0.078125
vt 0.052083333333333336 0.078125
vt 0.0625 0.078125
vt 0.07291666666666667 0.078125
vt 0.08333333333333333 0.078125
vt 0.09375 0.078125
vt 0.10416666666666667 0.078125
vt 0.11458333333333333 0.078125
vt 0.125 0.078125
vt 0.13541666666666666 0.078125
vt 0.14583333333333334 0.078125
vt 0.15625 0.078125
vt 0.16666666666666666 0.078125
vt 0.17708333333333334 0.078125
vt 0.1875 0.078125
vt 0.19791666666666666 0.078125
vt 0.20833333333333334 0.078125
vt 0.21875 0.078125
vt 0.22916666666666666 0.078125
vt 0.23958333333333334 0.078125
vt 0.25 0.078125
vt 0.2604166666666667 0.078125
vt 0.2708333333333333 0.078125
vt 0.28125 0.078125
vt 0.2916666666666667 0.078125
vt 0.3020833333333333 0.078125
vt 0.3125 0.078125
vt 0.3229166666666667 0.078125
vt 0.3333333333333333 0.078125
vt 0.34375 0.078125
vt 0.3541666666666667 0.078125
vt 0.3645833333333333 0.078125
vt 0.375 0.078125
vt 0.3854166666666667 0.078125
vt 0.3958333333333333 0.078125
vt 0.40625 0.078125
vt 0.4166666666666667 0.078125
vt 0.4270833333333333 0.078125
vt 0.4375 0.078125
vt 0.4479166666666667 0.078125
vt 0.4583333333333333 0.078125
vt 0.46875 0.078125
vt 0.4791666666666667 0.078125
vt 0.4895833333333333 0.078125
vt 0.5 0.078125
vt 0.5104166666666666 0.078125
vt 0.5208333333333334 0.078125
vt 0.53125 0.078125
vt 0.5416666666666666 0.078125
vt 0.5520833333333334 0.078125
vt 0.5625 0.078125
vt 0.5729166666666666 0.078125
vt 0.5833333333333334 0.078125
vt 0.59375 0.078125
vt 0.6041666666666666 0.078125
vt 0.6145833333333334 0.078125
vt 0.625 0.078125
vt 0.6354166666666666 0.078125
vt 0.6458333333333334 0.078125
vt 0.65625 0.078125
vt 0.6666666666666666 0.078125
vt 0.6770833333333334 0.078125
vt 0.6875 0.078125
vt 0.6979166666666666 0.078125
vt 0.7083333333333334 0.078125
vt 0.71875 0.078125
vt 0.7291666666666666 0.078125
vt 0.7395833333333334 0.078125
vt 0.75 0.078125
vt 0.7604166666666666 0.078125
vt 0.7708333333333334 0.078125
vt 0.78125 0.078125
vt 0.7916666666666666 0.078125
vt 0.8020833333333334 0.078125
vt 0.8125 0.078125
vt 0.8229166666666666 0.078125
vt 0.8333333333333334 0.078125
vt 0.84375 0.078125
vt 0.8541666666666666 0.078125
vt 0.8645833333333334 0.078125
vt 0.875 0.078125
vt 0.8854166666666666 0.078125
vt 0.8958333333333334 0.078125
vt 0.90625 0.078125
vt 0.9166666666666666 0.078125
vt 0.9270833333333334 0.078125
vt 0.9375 0.078125
vt 0.9479166666666666 0.078125
vt 0.9583333333333334 0.078125
vt 0.96875 0.078125
vt 0.9791666666666666 0.078125
vt 0.9895833333333334 0.078125
vt 1 0.078125
vt 0 0.09375
vt 0.010416666666666666 0.09375
vt 0.020833333333333332 0.09375
vt 0.03125 0.09375
vt 0.041666666666666664 0.09375
vt 0.052083333333333336 0.09375
vt 0.0625 0.09375
vt 0.07291666666666667 0.09375
vt 0.08333333333333333 0.09375
vt 0.09375 0.09375
vt 0.10416666666666667 0.09375
vt 0.11458333333333333 0.09375
vt 0.125 0.09375
vt 0.13541666666666666 0.09375
vt 0.14583333333333334 0.09375
vt 0.15625 0.09375
vt 0.16666666666666666 0.09375
vt 0.17708333333333334 0.09375
vt 0.1875 0.09375
vt 0.19791666666666666 0.09375
vt 0.20833333333333334 0.09375
vt 0.21875 0.09375
vt 0.22916666666666666 0.09375
vt 0.23958333333333334 0.09375
vt 0.25 0.09375
vt 0.2604166666666667 0.09375
vt 0.2708333333333333 0.09375
vt 0.28125 0.09375
vt 0.2916666666666667 0.09375
vt 0.3020833333333333 0.09375
vt 0.3125 0.09375
vt 0.3229166666666667 0.09375
vt 0.3333333333333333 0.09375
vt 0.34375 0.09375
vt 0.3541666666666667 0.09375
vt 0.3645833333333333 0.09375
vt 0.375 0.09375
vt 0.3854166666666667 0.09375
vt 0.3958333333333333 0.09375
vt 0.40625 0.09375
vt 0.4166666666666667 0.09375
vt 0.4270833333333333 0.09375
vt 0.4375 0.09375
vt 0.4479166666666667 0.09375
vt 0.4583333333333333 0.09375
vt 0.46875 0.09375
vt 0.4791666666666667 0.09375
vt 0.4895833333333333 0.09375
vt 0.5 0.09375
vt 0.5104166666666666 0.09375
vt 0.5208333333333334 0.09375
vt 0.53125 0.09375
vt 0.5416666666666666 0.09375
vt 0.5520833333333334 0.09375
vt 0.5625 0.09375
vt 0.5729166666666666 0.09375
vt 0.5833333333333334 0.09375
vt 0.59375 0.09375
vt 0.6041666666666666 0.09375
vt 0.6145833333333334 0.09375
vt 0.625 0.09375
vt 0.6354166666666666 0.09375
vt 0.6458333333333334 0.09375
vt 0.65625 0.09375
vt 0.6666666666666666 0.09375
vt 0.6770833333333334 0.09375
vt 0.6875 0.09375
vt 0.6979166666666666 0.09375
vt 0.7083333333333334 0.09375
vt 0.71875 0.09375
vt 0.7291666666666666 0.09375
vt 0.7395833333333334 0.09375
vt 0.75 0.09375
vt 0.7604166666666666 0.09375
vt 0.7708333333333334 0.09375
vt 0.78125 0.09375
vt 0.7916666666666666 0.09375
vt 0.8020833333333334 0.09375
vt 0.8125 0.09375
vt 0.8229166666666666 0.09375
vt 0.8333333333333334 0.09375
vt 0.84375 0.09375
vt 0.8541666666666666 0.09375
vt 0.8645833333333334 0.09375
vt 0.875 0.09375
vt 0.8854166666666666 0.09375
vt 0.8958333333333334 0.09375
vt 0.90625 0.09375
vt 0.9166666666666666 0.09375
vt 0.9270833333333334 0.09375
vt 0.9375 0.09375
vt 0.9479166666666666 0.09375
vt 0.9583333333333334 0.09375
vt 0.96875 0.09375
vt 0.9791666666666666 0.09375
vt 0.9895833333333334 0.09375
vt 1 0.09375
vt 0 0.109375
vt 0.010416666666666666 0.109375
vt 0.020833333333333332 0.109375
vt 0.03125 0.109375
vt 0.041666666666666664 0.109375
vt 0.052083333333333336 0.109375
vt 0.0625 0.109375
vt 0.07291666666666667 0.109375
vt 0.08333333333333333 0.109375
vt 0.09375 0.109375
vt 0.10416666666666667 0.109375
vt 0.11458333333333333 0.109375
vt 0.125 0.109375
vt 0.13541666666666666 0.109375
vt 0.14583333333333334 0.109375
vt 0.15625 0.109375
vt 0.16666666666666666 0.109375
vt 0.17708333333333334 0.109375
vt 0.1875 0.109375
vt 0.19791666666666666 0.109375
vt 0.20833333333333334 0.109375
vt 0.21875 0.109375
vt 0.22916666666666666 0.109375
vt 0.23958333333333334 0.109375
vt 0.25 0.109375
vt 0.2604166666666667 0.109375
vt 0.2708333333333333 0.109375
vt 0.28125 0.109375
vt 0.2916666666666667 0.109375
vt 0.3020833333333333 0.109375
vt 0.3125 0.109375
vt 0.3229166666666667 0.109375
vt 0.3333333333333333 0.109375
vt 0.34375 0.109375
vt 0.3541666666666667 0.109375
vt 0.3645833333333333 0.109375
vt 0.375 0.109375
vt 0.3854166666666667 0.109375
vt 0.3958333333333333 0.109375
vt 0.40625 0.109375
vt 0.4166666666666667 0.109375
vt 0.4270833333333333 0.109375
vt 0.4375 0.109375
vt 0.4479166666666667 0.109375
vt 0.4583333333333333 0.109375
vt 0.46875 0.109375
vt 0.4791666666666667 0.109375
vt 0.4895833333333333 0.109375
vt 0.5 0.109375
vt 0.5104166666666666 0.109375
vt 0.5208333333333334 0.109375
vt 0.53125 0.109375
vt 0.5416666666666666 0.109375
vt 0.5520833333333334 0.109375
vt 0.5625 0.109375
vt 0.5729166666666666 0.109375
vt 0.5833333333333334 0.109375
vt 0.59375 0.109375
vt 0.6041666666666666 0.109375
vt 0.6145833333333334 0.109375
vt 0.625 0.109375
vt 0.6354166666666666 0.109375
vt 0.6458333333333334 0.109375
vt 0.65625 0.109375
vt 0.6666666666666666 0.109375
vt 0.6770833333333334 0.109375
vt 0.6875 0.109375
vt 0.6979166666666666 0.109375
vt 0.7083333333333334 0.109375
vt 0.71875 0.109375
vt 0.7291666666666666 0.109375
vt 0.7395833333333334 0.109375
vt 0.75 0.109375
vt 0.7604166666666666 0.109375
vt 0.7708333333333334 0.109375
vt 0.78125 0.109375
vt 0.7916666666666666 0.109375
vt 0.8020833333333334 0.109375
vt 0.8125 0.109375
vt 0.8229166666666666 0.109375
vt 0.8333333333333334 0.109375
vt 0.84375 0.109375
vt 0.8541666666666666 0.109375
vt 0.8645833333333334 0.109375
vt 0.875 0.109375
vt 0.8854166666666666 0.109375
vt 0.8958333333333334 0.109375
vt 0.90625 0.109375
vt 0.9166666666666666 0.109375
vt 0.9270833333333334 0.109375
vt 0.9375 0.109375
vt 0.9479166666666666 0.109375
vt 0.9583333333333334 0.109375
vt 0.96875 0.109375
vt 0.9791666666666666 0.109375
vt 0.9895833333333334 0.109375
vt 1 0.109375
vt 0 0.125
vt 0.010416666666666666 0.125
vt 0.020833333333333332 0.125
vt 0.03125 0.125
vt 0.041666666666666664 0.125
vt 0.052083333333333336 0.125
vt 0.0625 0.125
vt 0.07291666666666667 0.125
vt 0.08333333333333333 0.125
vt 0.09375 0.125
vt 0.10416666666666667 0.125
vt 0.11458333333333333 0.125
vt 0.125 0.125
vt 0.13541666666666666 0.125
vt 0.14583333333333334 0.125
vt 0.15625 0.125
vt 0.16666666666666666 0.125
vt 0.17708333333333334 0.125
vt 0.1875 0.125
vt 0.19791666666666666 0.125
vt 0.20833333333333334 0.125
vt 0.21875 0.125
vt 0.22916666666666666 0.125
vt 0.23958333333333334 0.125
vt 0.25 0.125
vt 0.2604166666666667 0.125
vt 0.2708333333333333 0.125
vt 0.28125 0.125
vt 0.2916666666666667 0.125
vt 0.3020833333333333 0.125
vt 0.3125 0.125
vt 0.3229166666666667 0.125
vt 0.3333333333333333 0.125
vt 0.34375 0.125
vt 0.3541666666666667 0.125
vt 0.3645833333333333 0.125
vt 0.375 0.125
vt 0.3854166666666667 0.125
vt 0.3958333333333333 0.125
vt 0.40625 0.125
vt 0.4166666666666667 0.125
vt 0.4270833333333333 0.125
vt 0.4375 0.125
vt 0.4479166666666667 0.125
vt 0.4583333333333333 0.125
vt 0.46875 0.125
vt 0.4791666666666667 0.125
vt 0.4895833333333333 0.125
vt 0.5 0.125
vt 0.5104166666666666 0.125
vt 0.5208333333333334 0.125
vt 0.53125 0.125
vt 0.5416666666666666 0.125
vt 0.5520833333333334 0.125
vt 0.5625 0.125
vt 0.5729166666666666 0.125
vt 0.5833333333333334 0.125
vt 0.59375 0.125
vt 0.6041666666666666 0.125
vt 0.6145833333333334 0.125
vt 0.625 0.125
vt 0.6354166666666666 0.125
vt 0.6458333333333334 0.125
vt 0.65625 0.125
vt 0.6666666666666666 0.125
vt 0.6770833333333334 0.125
vt 0.6875 0.125
vt 0.6979166666666666 0.125
vt 0.7083333333333334 0.125
vt 0.71875 0.125
vt 0.7291666666666666 0.125
vt 0.7395833333333334 0.125
vt 0.75 0.125
vt 0.7604166666666666 0.125
vt 0.7708333333333334 0.125
vt 0.78125 0.125
vt 0.7916666666666666 0.125
vt 0.8020833333333334 0.125
vt 0.8125 0.125
vt 0.8229166666666666 0.125
vt 0.8333333333333334 0.125
vt 0.84375 0.125
vt 0.8541666666666666 0.125
vt 0.8645833333333334 0.125
vt 0.875 0.125
vt 0.8854166666666666 0.125
vt 0.8958333333333334 0.125
vt 0.90625 0.125
vt 0.9166666666666666 0.125
vt 0.9270833333333334 0.125
vt 0.9375 0.125
vt 0.9479166666666666 0.125
vt 0.9583333333333334 0.125
vt 0.96875 0.125
vt 0.9791666666666666 0.125
vt 0.9895833333333334 0.125
vt 1 0.125
vt 0 0.140625
vt 0.010416666666666666 0.140625
vt 0.020833333333333332 0.140625
vt 0.03125 0.140625
vt 0.041666666666666664 0.140625
vt 0.052083333333333336 0.140625
vt 0.0625 0.140625
vt 0.07291666666666667 0.140625
vt 0.08333333333333333 0.140625
vt 0.09375 0.140625
vt 0.10416666666666667 0.140625
vt 0.11458333333333333 0.140625
vt 0.125 0.140625
vt 0.13541666666666666 0.140625
vt 0.14583333333333334 0.140625
vt 0.15625 0.140625
vt 0.16666666666666666 0.140625
vt 0.17708333333333334 0.140625
vt 0.1875 0.140625
vt 0.19791666666666666 0.140625
vt 0.20833333333333334 0.140625
vt 0.21875 0.140625
vt 0.22916666666666666 0.140625
vt 0.23958333333333334 0.140625
vt 0.25 0.140625
vt 0.2604166666666667 0.140625
vt 0.2708333333333333 0.140625
vt 0.28125 0.140625
vt 0.2916666666666667 0.140625
vt 0.3020833333333333 0.140625
vt 0.3125 0.140625
vt 0.3229166666666667 0.140625
vt 0.3333333333333333 0.140625
vt 0.34375 0.140625
vt 0.3541666666666667 0.140625
vt 0.3645833333333333 0.140625
vt 0.375 0.140625
vt 0.3854166666666667 0.140625
vt 0.3958333333333333 0.140625
vt 0.40625 0.140625
vt 0.4166666666666667 0.140625
vt 0.4270833333333333 0.140625
vt 0.4375 0.140625
vt 0.4479166666666667 0.140625
vt 0.4583333333333333 0.140625
vt 0.46875 0.140625
vt 0.4791666666666667 0.140625
vt 0.4895833333333333 0.140625
vt 0.5 0.140625
vt 0.5104166666666666 0.140625
vt 0.5208333333333334 0.140625
vt 0.53125 0.140625
vt 0.5416666666666666 0.140625
vt 0.5520833333333334 0.140625
vt 0.5625 0.140625
vt 0.5729166666666666 0.140625
vt 0.5833333333333334 0.140625
vt 0.59375 0.140625
vt 0.6041666666666666 0.140625
vt 0.6145833333333334 0.140625
vt 0.625 0.140625
vt 0.6354166666666666 0.140625
vt 0.6458333333333334 0.140625
vt 0.65625 0.140625
vt 0.6666666666666666 0.140625
vt 0.6770833333333334 0.140625
vt 0.6875 0.140625
vt 0.6979166666666666 0.140625
vt 0.7083333333333334 0.140625
vt 0.71875 0.140625
vt 0.7291666666666666 0.140625
vt 0.7395833333333334 0.140625
vt 0.75 0.140625
vt 0.7604166666666666 0.140625
vt 0.7708333333333334 0.140625
vt 0.78125 0.140625
vt 0.7916666666666666 0.140625
vt 0.8020833333333334 0.140625
vt 0.8125 0.140625
vt 0.8229166666666666 0.140625
vt 0.8333333333333334 0.140625
vt 0.84375 0.140625
vt 0.8541666666666666 0.140625
vt 0.8645833333333334 0.140625
vt 0.875 0.140625
vt 0.8854166666666666 0.140625
vt 0.8958333333333334 0.140625
vt 0.90625 0.140625
vt 0.9166666666666666 0.140625
vt 0.9270833333333334 0.140625
vt 0.9375 0.140625
vt 0.9479166666666666 0.140625
vt 0.9583333333333334 0.140625
vt 0.96875 0.140625
vt 0.9791666666666666 0.140625
vt 0.9895833333333334 0.140625
vt 1 0.140625
vt 0 0.15625
vt 0.010416666666666666 0.15625
vt 0.020833333333333332 0.15625
vt 0.03125 0.15625
vt 0.041666666666666664 0.15625
vt 0.052083333333333336 0.15625
vt 0.0625 0.15625
vt 0.07291666666666667 0.15625
vt 0.08333333333333333 0.15625
vt 0.09375 0.15625
vt 0.10416666666666667 0.15625
vt 0.11458333333333333 0.15625
vt 0.125 0.15625
vt 0.13541666666666666 0.15625
vt 0.14583333333333334 0.15625
vt 0.15625 0.15625
vt 0.16666666666666666 0.15625
vt 0.17708333333333334 0.15625
vt 0.1875 0.15625
vt 0.19791666666666666 0.15625
vt 0.20833333333333334 0.15625
vt 0.21875 0.15625
vt 0.22916666666666666 0.15625
vt 0.23958333333333334 0.15625
vt 0.25 0.15625
vt 0.2604166666666667 0.15625
vt 0.2708333333333333 0.15625
vt 0.28125 0.15625
vt 0.2916666666666667 0.15625
vt 0.3020833333333333 0.15625
vt 0.3125 0.15625
vt 0.3229166666666667 0.15625
vt 0.3333333333333333 0.15625
vt 0.34375 0.15625
vt 0.3541666666666667 0.15625
vt 0.3645833333333333 0.15625
vt 0.375 0.15625
vt 0.3854166666666667 0.15625
vt 0.3958333333333333 0.15625
vt 0.40625 0.15625
vt 0.4166666666666667 0.15625
vt 0.4270833333333333 0.15625
vt 0.4375 0.15625
vt 0.4479166666666667 0.15625
vt 0.4583333333333333 0.15625
vt 0.46875 0.15625
vt 0.4791666666666667 0.15625
vt 0.4895833333333333 0.15625
vt 0.5 0.15625
vt 0.5104166666666666 0.15625
vt 0.5208333333333334 0.15625
vt 0.53125 0.15625
vt 0.5416666666666666 0.15625
vt 0.5520833333333334 0.15625
vt 0.5625 0.15625
vt 0.5729166666666666 0.15625
vt 0.5833333333333334 0.15625
vt 0.59375 0.15625
vt 0.6041666666666666 0.15625
vt 0.6145833333333334 0.15625
vt 0.625 0.15625
vt 0.6354166666666666 0.15625
vt 0.6458333333333334 0.15625
vt 0.65625 0.15625
vt 0.6666666666666666 0.15625
vt 0.6770833333333334 0.15625
vt 0.6875 0.15625
vt 0.6979166666666666 0.15625
vt 0.7083333333333334 0.15625
vt 0.71875 0.15625
vt 0.7291666666666666 0.15625
vt 0.7395833333333334 0.15625
vt 0.75 0.15625
vt 0.7604166666666666 0.15625
vt 0.7708333333333334 0.15625
vt 0.78125 0.15625
vt 0.7916666666666666 0.15625
vt 0.8020833333333334 0.15625
vt 0.8125 0.15625
vt 0.8229166666666666 0.15625
vt 0.8333333333333334 0.15625
vt 0.84375 0.15625
vt 0.8541666666666666 0.15625
vt 0.8645833333333334 0.15625
vt 0.875 0.15625
vt 0.8854166666666666 0.15625
vt 0.8958333333333334 0.15625
vt 0.90625 0.15625
vt 0.9166666666666666 0.15625
vt 0.9270833333333334 0.15625
vt 0.9375 0.15625
vt 0.9479166666666666 0.15625
vt 0.9583333333333334 0.15625
vt 0.96875 0.15625
vt 0.9791666666666666 0.15625
vt 0.9895833333333334 0.15625
vt 1 0.15625
vt 0 0.171875
vt 0.010416666666666666 0.171875
vt 0.020833333333333332 0.171875
vt 0.03125 0.171875
vt 0.041666666666666664 0.171875
vt 0.052083333333333336 0.171875
vt 0.0625 0.171875
vt 0.07291666666666667 0.171875
vt 0.08333333333333333 0.171875
vt 0.09375 0.171875
vt 0.10416666666666667 0.171875
vt 0.11458333333333333 0.171875
vt 0.125 0.171875
vt 0.13541666666666666 0.171875
vt 0.14583333333333334 0.171875
vt 0.15625 0.171875
vt 0.16666666666666666 0.171875
vt 0.17708333333333334 0.171875
vt 0.1875 0.171875
vt 0.19791666666666666 0.171875
vt 0.20833333333333334 0.171875
vt 0.21875 0.171875
vt 0.22916666666666666 0.171875
vt 0.23958333333333334 0.171875
vt 0.25 0.171875
vt 0.2604166666666667 0.171875
vt 0.2708333333333333 0.171875
vt 0.28125 0.171875
vt 0.2916666666666667 0.171875
vt 0.3020833333333333 0.171875
vt 0.3125 0.171875
vt 0.3229166666666667 0.171875
vt 0.3333333333333333 0.171875
vt 0.34375 0.171875
vt 0.3541666666666667 0.171875
vt 0.3645833333333333 0.171875
vt 0.375 0.171875
vt 0.3854166666666667 0.171875
vt 0.3958333333333333 0.171875
vt 0.40625 0.171875
vt 0.4166666666666667 0.171875
vt 0.4270833333333333 0.171875
vt 0.4375 0.171875
vt 0.4479166666666667 0.171875
vt 0.4583333333333333 0.171875
vt 0.46875 0.171875
vt 0.4791666666666667 0.171875
vt 0.4895833333333333 0.171875
vt 0.5 0.171875
vt 0.5104166666666666 0.171875
vt 0.5208333333333334 0.171875
vt 0.53125 0.171875
vt 0.5416666666666666 0.171875
vt 0.5520833333333334 0.171875
vt 0.5625 0.171875
vt 0.5729166666666666 0.171875
vt 0.5833333333333334 0.171875
vt 0.59375 0.171875
vt 0.6041666666666666 0.171875
vt 0.6145833333333334 0.171875
vt 0.625 0.171875
vt 0.6354166666666666 0.171875
vt 0.6458333333333334 0.171875
vt 0.65625 0.171875
vt 0.6666666666666666 0.171875
vt 0.6770833333333334 0.171875
vt 0.6875 0.171875
vt 0.6979166666666666 0.171875
vt 0.7083333333333334 0.171875
vt 0.71875 0.171875
vt 0.7291666666666666 0.171875
vt 0.7395833333333334 0.171875
vt 0.75 0.171875
vt 0.7604166666666666 0.171875
vt 0.7708333333333334 0.171875
vt 0.78125 0.171875
vt 0.7916666666666666 0.171875
vt 0.8020833333333334 0.171875
vt 0.8125 0.171875
vt 0.8229166666666666 0.171875
vt 0.8333333333333334 0.171875
vt 0.84375 0.171875
vt 0.8541666666666666 0.171875
vt 0.8645833333333334 0.171875
vt 0.875 0.171875
vt 0.8854166666666666 0.171875
vt 0.8958333333333334 0.171875
vt 0.90625 0.171875
vt 0.9166666666666666 0.171875
vt 0.9270833333333334 0.171875
vt 0.9375 0.171875
vt 0.9479166666666666 0.171875
vt 0.9583333333333334 0.171875
vt 0.96875 0.171875
vt 0.9791666666666666 0.171875
vt 0.9895833333333334 0.171875
vt 1 0.171875
vt 0 0.1875
vt 0.010416666666666666 0.1875
vt 0.020833333333333332 0.1875
vt 0.03125 0.1875
vt 0.041666666666666664 0.1875
vt 0.052083333333333336 0.1875
vt 0.0625 0.1875
vt 0.07291666666666667 0.1875
vt 0.08333333333333333 0.1875
vt 0.09375 0.1875
vt 0.10416666666666667 0.1875
vt 0.11458333333333333 0.1875
vt 0.125 0.1875
vt 0.13541666666666666 0.1875
vt 0.14583333333333334 0.1875
vt 0.15625 0.1875
vt 0.16666666666666666 0.1875
vt 0.17708333333333334 0.1875
vt 0.1875 0.1875
vt 0.19791666666666666 0.1875
vt 0.20833333333333334 0.1875
vt 0.21875 0.1875
vt 0.22916666666666666 0.1875
vt 0.23958333333333334 0.1875
vt 0.25 0.1875
vt 0.2604166666666667 0.1875
vt 0.2708333333333333 0.1875
vt 0.28125 0.1875
vt 0.2916666666666667 0.1875
vt 0.3020833333333333 0.1875
vt 0.3125 0.1875
vt 0.3229166666666667 0.1875
vt 0.3333333333333333 0.1875
vt 0.34375 0.1875
vt 0.3541666666666667 0.1875
vt 0.3645833333333333 0.1875
vt 0.375 0.1875
vt 0.3854166666666667 0.1875
vt 0.3958333333333333 0.1875
vt 0.40625 0.1875
vt 0.4166666666666667 0.1875
vt 0.4270833333333333 0.1875
vt 0.4375 0.1875
vt 0.4479166666666667 0.1875
vt 0.4583333333333333 0.1875
vt 0.46875 0.1875
vt 0.4791666666666667 0.1875
vt 0.4895833333333333 0.1875
vt 0.5 0.1875
vt 0.5104166666666666 0.1875
vt 0.5208333333333334 0.1875
vt 0.53125 0.1875
vt 0.5416666666666666 0.1875
vt 0.5520833333333334 0.1875
vt 0.5625 0.1875
vt 0.5729166666666666 0.1875
vt 0.5833333333333334 0.1875
vt 0.59375 0.1875
vt 0.6041666666666666 0.1875
vt 0.6145833333333334 0.1875
vt 0.625 0.1875
vt 0.6354166666666666 0.1875
vt 0.6458333333333334 0.1875
vt 0.65625 0.1875
vt 0.6666666666666666 0.1875
vt 0.6770833333333334 0.1875
vt 0.6875 0.1875
vt 0.6979166666666666 0.1875
vt 0.7083333333333334 0.1875
vt 0.71875 0.1875
vt 0.7291666666666666 0.1875
vt 0.7395833333333334 0.1875
vt 0.75 0.1875
vt 0.7604166666666666 0.1875
vt 0.7708333333333334 0.1875
vt 0.78125 0.1875
vt 0.7916666666666666 0.1875
vt 0.8020833333333334 0.1875
vt 0.8125 0.1875
vt 0.8229166666666666 0.1875
vt 0.8333333333333334 0.1875
vt 0.84375 0.1875
vt 0.8541666666666666 0.1875
vt 0.8645833333333334 0.1875
vt 0.875 0.1875
vt 0.8854166666666666 0.1875
vt 0.8958333333333334 0.1875
vt 0.90625 0.1875
vt 0.9166666666666666 0.1875
vt 0.9270833333333334 0.1875
vt 0.9375 0.1875
vt 0.9479166666666666 0.1875
vt 0.9583333333333334 0.1875
vt 0.96875 0.1875
vt 0.9791666666666666 0.1875
vt 0.9895833333333334 0.1875
vt 1 0.1875
vt 0 0.203125
vt 0.010416666666666666 0.203125
vt 0.020833333333333332 0.203125
vt 0.03125 0.203125
vt 0.041666666666666664 0.203125
vt 0.052083333333333336 0.203125
vt 0.0625 0.203125
vt 0.07291666666666667 0.203125
vt 0.08333333333333333 0.203125
vt 0.09375 0.203125
vt 0.10416666666666667 0.203125
vt 0.11458333333333333 0.203125
vt 0.125 0.203125
vt 0.13541666666666666 0.203125
vt 0.14583333333333334 0.203125
vt 0.15625 0.203125
vt 0.16666666666666666 0.203125
vt 0.17708333333333334 0.203125
vt 0.1875 0.203125
vt 0.19791666666666666 0.203125
vt 0.20833333333333334 0.203125
vt 0.21875 0.203125
vt 0.22916666666666666 0.203125
vt 0.23958333333333334 0.203125
vt 0.25 0.203125
vt 0.2604166666666667 0.203125
vt 0.2708333333333333 0.203125
vt 0.28125 0.203125
vt 0.2916666666666667 0.203125
vt 0.3020833333333333 0.203125
vt 0.3125 0.203125
vt 0.3229166666666667 0.203125
vt 0.3333333333333333 0.203125
vt 0.34375 0.203125
vt 0.3541666666666667 0.203125
vt 0.3645833333333333 0.203125
vt 0.375 0.203125
vt 0.3854166666666667 0.203125
vt 0.3958333333333333 0.203125
vt 0.40625 0.203125
vt 0.4166666666666667 0.203125
vt 0.4270833333333333 0.203125
vt 0.4375 0.203125
vt 0.4479166666666667 0.203125
vt 0.4583333333333333 0.203125
vt 0.46875 0.203125
vt 0.4791666666666667 0.203125
vt 0.4895833333333333 0.203125
vt 0.5 0.203125
vt 0.5104166666666666 0.203125
vt 0.5208333333333334 0.203125
vt 0.53125 0.203125
vt 0.5416666666666666 0.203125
vt 0.5520833333333334 0.203125
vt 0.5625 0.203125
vt 0.5729166666666666 0.203125
vt 0.5833333333333334 0.203125
vt 0.59375 0.203125
vt 0.6041666666666666 0.203125
vt 0.6145833333333334 0.203125
vt 0.625 0.203125
vt 0.6354166666666666 0.203125
vt 0.6458333333333334 0.203125
vt 0.65625 0.203125
vt 0.6666666666666666 0.203125
vt 0.6770833333333334 0.203125
vt 0.6875 0.203125
vt 0.6979166666666666 0.203125
vt 0.7083333333333334 0.203125
vt 0.71875 0.203125
vt 0.7291666666666666 0.203125
vt 0.7395833333333334 0.203125
vt 0.75 0.203125
vt 0.7604166666666666 0.203125
vt 0.7708333333333334 0.203125
vt 0.78125 0.203125
vt 0.7916666666666666 0.203125
vt 0.8020833333333334 0.203125
vt 0.8125 0.203125
vt 0.8229166666666666 0.203125
vt 0.8333333333333334 0.203125
vt 0.84375 0.203125
vt 0.8541666666666666 0.203125
vt 0.8645833333333334 0.203125
vt 0.875 0.203125
vt 0.8854166666666666 0.203125
vt 0.8958333333333334 0.203125
vt 0.90625 0.203125
vt 0.9166666666666666 0.203125
vt 0.9270833333333334 0.203125
vt 0.9375 0.203125
vt 0.9479166666666666 0.203125
vt 0.9583333333333334 0.203125
vt 0.96875 0.203125
vt 0.9791666666666666 0.203125
vt 0.9895833333333334 0.203125
vt 1 0.203125
vt 0 0.21875
vt 0.010416666666666666 0.21875
vt 0.020833333333333332 0.21875
vt 0.03125 0.21875
vt 0.041666666666666664 0.21875
vt 0.052083333333333336 0.21875
vt 0.0625 0.21875
vt 0.07291666666666667 0.21875
vt 0.08333333333333333 0.21875
vt 0.09375 0.21875
vt 0.10416666666666667 0.21875
vt 0.11458333333333333 0.21875
vt 0.125 0.21875
vt 0.13541666666666666 0.21875
vt 0.14583333333333334 0.21875
vt 0.15625 0.21875
vt 0.16666666666666666 0.21875
vt 0.17708333333333334 0.21875
vt 0.1875 0.21875
vt 0.19791666666666666 0.21875
vt 0.20833333333333334 0.21875
vt 0.21875 0.21875
vt 0.22916666666666666 0.21875
vt 0.23958333333333334 0.21875
vt 0.25 0.21875
vt 0.2604166666666667 0.21875
vt 0.2708333333333333 0.21875
vt 0.28125 0.21875
vt 0.2916666666666667 0.21875
vt 0.3020833333333333 0.21875
vt 0.3125 0.21875
vt 0.3229166666666667 0.21875
vt 0.3333333333333333 0.21875
vt 0.34375 0.21875
vt 0.3541666666666667 0.21875
vt 0.3645833333333333 0.21875
vt 0.375 0.21875
vt 0.3854166666666667 0.21875
vt 0.3958333333333333 0.21875
vt 0.40625 0.21875
vt 0.4166666666666667 0.21875
vt 0.4270833333333333 0.21875
vt 0.4375 0.21875
vt 0.4479166666666667 0.21875
vt 0.4583333333333333 0.21875
vt 0.46875 0.21875
vt 0.4791666666666667 0.21875
vt 0.4895833333333333 0.21875
vt 0.5 0.21875
vt 0.5104166666666666 0.21875
vt 0.5208333333333334 0.21875
vt 0.53125 0.21875
vt 0.5416666666666666 0.21875
vt 0.5520833333333334 0.21875
vt 0.5625 0.21875
vt 0.5729166666666666 0.21875
vt 0.5833333333333334 0.21875
vt 0.59375 0.21875
vt 0.6041666666666666 0.21875
vt 0.6145833333333334 0.21875
vt 0.625 0.21875
vt 0.6354166666666666 0.21875
vt 0.6458333333333334 0.21875
vt 0.65625 0.21875
vt 0.6666666666666666 0.21875
vt 0.6770833333333334 0.21875
vt 0.6875 0.21875
vt 0.6979166666666666 0.21875
vt 0.7083333333333334 0.21875
vt 0.71875 0.21875
vt 0.7291666666666666 0.21875
vt 0.7395833333333334 0.21875
vt 0.75 0.21875
vt 0.7604166666666666 0.21875
vt 0.7708333333333334 0.21875
vt 0.78125 0.21875
vt 0.7916666666666666 0.21875
vt 0.8020833333333334 0.21875
vt 0.8125 0.21875
vt 0.8229166666666666 0.21875
vt 0.8333333333333334 0.21875
vt 0.84375 0.21875
vt 0.8541666666666666 0.21875
vt 0.8645833333333334 0.21875
vt 0.875 0.21875
vt 0.8854166666666666 0.21875
vt 0.8958333333333334 0.21875
vt 0.90625 0.21875
vt 0.9166666666666666 0.21875
vt 0.9270833333333334 0.21875
vt 0.9375 0.21875
vt 0.9479166666666666 0.21875
vt 0.9583333333333334 0.21875
vt 0.96875 0.21875
vt 0.9791666666666666 0.21875
vt 0.9895833333333334 0.21875
vt 1 0.21875
vt 0 0.234375
vt 0.010416666666666666 0.234375
vt 0.020833333333333332 0.234375
vt 0.03125 0.234375
vt 0.041666666666666664 0.234375
vt 0.052083333333333336 0.234375
vt 0.0625 0.234375
vt 0.07291666666666667 0.234375
vt 0.08333333333333333 0.234375
vt 0.09375 0.234375
vt 0.10416666666666667 0.234375
vt 0.11458333333333333 0.234375
vt 0.125 0.234375
vt 0.13541666666666666 0.234375
vt 0.14583333333333334 0.234375
vt 0.15625 0.234375
vt 0.16666666666666666 0.234375
vt 0.17708333333333334 0.234375
vt 0.1875 0.234375
vt 0.19791666666666666 0.234375
vt 0.20833333333333334 0.234375
vt 0.21875 0.234375
vt 0.22916666666666666 0.234375
vt 0.23958333333333334 0.234375
vt 0.25 0.234375
vt 0.2604166666666667 0.234375
vt 0.2708333333333333 0.234375
vt 0.28125 0.234375
vt 0.2916666666666667 0.234375
vt 0.3020833333333333 0.234375
vt 0.3125 0.234375
vt 0.3229166666666667 0.234375
vt 0.3333333333333333 0.234375
vt 0.34375 0.234375
vt 0.3541666666666667 0.234375
vt 0.3645833333333333 0.234375
vt 0.375 0.234375
vt 0.3854166666666667 0.234375
vt 0.3958333333333333 0.234375
vt 0.40625 0.234375
vt 0.4166666666666667 0.234375
vt 0.4270833333333333 0.234375
vt 0.4375 0.234375
vt 0.4479166666666667 0.234375
vt 0.4583333333333333 0.234375
vt 0.46875 0.234375
vt 0.4791666666666667 0.234375
vt 0.4895833333333333 0.234375
vt 0.5 0.234375
vt 0.5104166666666666 0.234375
vt 0.5208333333333334 0.234375
vt 0.53125 0.234375
vt 0.5416666666666666 0.234375
vt 0.5520833333333334 0.234375
vt 0.5625 0.234375
vt 0.5729166666666666 0.234375
vt 0.5833333333333334 0.234375
vt 0.59375 0.234375
vt 0.6041666666666666 0.234375
vt 0.6145833333333334 0.234375
vt 0.625 0.234375
vt 0.6354166666666666 0.234375
vt 0.6458333333333334 0.234375
vt 0.65625 0.234375
vt 0.6666666666666666 0.234375
vt 0.6770833333333334 0.234375
vt 0.6875 0.234375
vt 0.6979166666666666 0.234375
vt 0.7083333333333334 0.234375
vt 0.71875 0.234375
vt 0.7291666666666666 0.234375
vt 0.7395833333333334 0.234375
vt 0.75 0.234375
vt 0.7604166666666666 0.234375
vt 0.7708333333333334 0.234375
vt 0.78125 0.234375
vt 0.7916666666666666 0.234375
vt 0.8020833333333334 0.234375
vt 0.8125 0.234375
vt 0.8229166666666666 0.234375
vt 0.8333333333333334 0.234375
vt 0.84375 0.234375
vt 0.8541666666666666 0.234375
vt 0.8645833333333334 0.234375
vt 0.875 0.234375
vt 0.8854166666666666 0.234375
vt 0.8958333333333334 0.234375
vt 0.90625 0.234375
vt 0.9166666666666666 0.234375
vt 0.9270833333333334 0.234375
vt 0.9375 0.234375
vt 0.9479166666666666 0.234375
vt 0.9583333333333334 0.234375
vt 0.96875 0.234375
vt 0.9791666666666666 0.234375
vt 0.9895833333333334 0.234375
vt 1 0.234375
vt 0 0.25
vt 0.010416666666666666 0.25
vt 0.020833333333333332 0.25
vt 0.03125 0.25
vt 0.041666666666666664 0.25
vt 0.052083333333333336 0.25
vt 0.0625 0.25
vt 0.07291666666666667 0.25
vt 0.08333333333333333 0.25
vt 0.09375 0.25
vt 0.10416666666666667 0.25
vt 0.11458333333333333 0.25
vt 0.125 0.25
vt 0.13541666666666666 0.25
vt 0.14583333333333334 0.25
vt 0.15625 0.25
vt 0.16666666666666666 0.25
vt 0.17708333333333334 0.25
vt 0.1875 0.25
vt 0.19791666666666666 0.25
vt 0.20833333333333334 0.25
vt 0.21875 0.25
vt 0.22916666666666666 0.25
vt 0.23958333333333334 0.25
vt 0.25 0.25
vt 0.2604166666666667 0.25
vt 0.2708333333333333 0.25
vt 0.28125 0.25
vt 0.2916666666666667 0.25
vt 0.3020833333333333 0.25
vt 0.3125 0.25
vt 0.3229166666666667 0.25
vt 0.3333333333333333 0.25
vt 0.34375 0.25
vt 0.3541666666666667 0.25
vt 0.3645833333333333 0.25
vt 0.375 0.25
vt 0.3854166666666667 0.25
vt 0.3958333333333333 0.25
vt 0.40625 0.25
vt 0.4166666666666667 0.25
vt 0.4270833333333333 0.25
vt 0.4375 0.25
vt 0.4479166666666667 0.25
vt 0.4583333333333333 0.25
vt 0.46875 0.25
vt 0.4791666666666667 0.25
vt 0.4895833333333333 0.25
vt 0.5 0.25
vt 0.5104166666666666 0.25
vt 0.5208333333333334 0.25
vt 0.53125 0.25
vt 0.5416666666666666 0.25
vt 0.5520833333333334 0.25
vt 0.5625 0.25
vt 0.5729166666666666 0.25
vt 0.5833333333333334 0.25
vt 0.59375 0.25
vt 0.6041666666666666 0.25
vt 0.6145833333333334 0.25
vt 0.625 0.25
vt 0.6354166666666666 0.25
vt 0.6458333333333334 0.25
vt 0.65625 0.25
vt 0.6666666666666666 0.25
vt 0.6770833333333334 0.25
vt 0.6875 0.25
vt 0.6979166666666666 0.25
vt 0.7083333333333334 0.25
vt 0.71875 0.25
vt 0.7291666666666666 0.25
vt 0.7395833333333334 0.25
vt 0.75 0.25
vt 0.7604166666666666 0.25
vt 0.7708333333333334 0.25
vt 0.78125 0.25
vt 0.7916666666666666 0.25
vt 0.8020833333333334 0.25
vt 0.8125 0.25
vt 0.8229166666666666 0.25
vt 0.8333333333333334 0.25
vt 0.84375 0.25
vt 0.8541666666666666 0.25
vt 0.8645833333333334 0.25
vt 0.875 0.25
vt 0.8854166666666666 0.25
vt 0.8958333333333334 0.25
vt 0.90625 0.25
vt 0.9166666666666666 0.25
vt 0.9270833333333334 0.25
vt 0.9375 0.25
vt 0.9479166666666666 0.25
vt 0.9583333333333334 0.25
vt 0.96875 0.25
vt 0.9791666666666666 0.25
vt 0.9895833333333334 0.25
vt 1 0.25
vt 0 0.265625
vt 0.010416666666666666 0.265625
vt 0.020833333333333332 0.265625
vt 0.03125 0.265625
vt 0.041666666666666664 0.265625
vt 0.052083333333333336 0.265625
vt 0.0625 0.265625
vt 0.07291666666666667 0.265625
vt 0.08333333333333333 0.265625
vt 0.09375 0.265625
vt 0.10416666666666667 0.265625
vt 0.11458333333333333 0.265625
vt 0.125 0.265625
vt 0.13541666666666666 0.265625
vt 0.14583333333333334 0.265625
vt 0.15625 0.265625
vt 0.16666666666666666 0.265625
vt 0.17708333333333334 0.265625
vt 0.1875 0.265625
vt 0.19791666666666666 0.265625
vt 0.20833333333333334 0.265625
vt 0.21875 0.265625
vt 0.22916666666666666 0.265625
vt 0.23958333333333334 0.265625
vt 0.25 0.265625
vt 0.2604166666666667 0.265625
vt 0.2708333333333333 0.265625
vt 0.28125 0.265625
vt 0.2916666666666667 0.265625
vt 0.3020833333333333 0.265625
vt 0.3125 0.265625
vt 0.3229166666666667 0.265625
vt 0.3333333333333333 0.265625
vt 0.34375 0.265625
vt 0.3541666666666667 0.265625
vt 0.3645833333333333 0.265625
vt 0.375 0.265625
vt 0.3854166666666667 0.265625
vt 0.3958333333333333 0.265625
vt 0.40625 0.265625
vt 0.4166666666666667 0.265625
vt 0.4270833333333333 0.265625
vt 0.4375 0.265625
vt 0.4479166666666667 0.265625
vt 0.4583333333333333 0.265625
vt 0.46875 0.265625
vt 0.4791666666666667 0.265625
vt 0.4895833333333333 0.265625
vt 0.5 0.265625
vt 0.5104166666666666 0.265625
vt 0.5208333333333334 0.265625
vt 0.53125 0.265625
vt 0.5416666666666666 0.265625
vt 0.5520833333333334 0.265625
vt 0.5625 0.265625
vt 0.5729166666666666 0.265625
vt 0.5833333333333334 0.265625
vt 0.59375 0.265625
vt 0.6041666666666666 0.265625
vt 0.6145833333333334 0.265625
vt 0.625 0.265625
vt 0.6354166666666666 0.265625
vt 0.6458333333333334 0.265625
vt 0.65625 0.265625
vt 0.6666666666666666 0.265625
vt 0.6770833333333334 0.265625
vt 0.6875 0.265625
vt 0.6979166666666666 0.265625
vt 0.7083333333333334 0.265625
vt 0.71875 0.265625
vt 0.7291666666666666 0.265625
vt 0.7395833333333334 0.265625
vt 0.75 0.265625
vt 0.7604166666666666 0.265625
vt 0.7708333333333334 0.265625
vt 0.78125 0.265625
vt 0.7916666666666666 0.265625
vt 0.8020833333333334 0.265625
vt 0.8125 0.265625
vt 0.8229166666666666 0.265625
vt 0.8333333333333334 0.265625
vt 0.84375 0.265625
vt 0.8541666666666666 0.265625
vt 0.8645833333333334 0.265625
vt 0.875 0.265625
vt 0.8854166666666666 0.265625
vt 0.8958333333333334 0.265625
vt 0.90625 0.265625
vt 0.9166666666666666 0.265625
vt 0.9270833333333334 0.265625
vt 0.9375 0.265625
vt 0.9479166666666666 0.265625
vt 0.9583333333333334 0.265625
vt 0.96875 0.265625
vt 0.9791666666666666 0.265625
vt 0.9895833333333334 0.265625
vt 1 0.265625
vt 0 0.28125
vt 0.010416666666666666 0.28125
vt 0.020833333333333332 0.28125
vt 0.03125 0.28125
vt 0.041666666666666664 0.28125
vt 0.052083333333333336 0.28125
vt 0.0625 0.28125
vt 0.07291666666666667 0.28125
vt 0.08333333333333333 0.28125
vt 0.09375 0.28125
vt 0.10416666666666667 0.28125
vt 0.11458333333333333 0.28125
vt 0.125 0.28125
vt 0.13541666666666666 0.28125
vt 0.14583333333333334 0.28125
vt 0.15625 0.28125
vt 0.16666666666666666 0.28125
vt 0.17708333333333334 0.28125
vt 0.1875 0.28125
vt 0.19791666666666666 0.28125
vt 0.20833333333333334 0.28125
vt 0.21875 0.28125
vt 0.22916666666666666 0.28125
vt 0.23958333333333334 0.28125
vt 0.25 0.28125
vt 0.2604166666666667 0.28125
vt 0.2708333333333333 0.28125
vt 0.28125 0.28125
vt 0.2916666666666667 0.28125
vt 0.3020833333333333 0.28125
vt 0.3125 0.28125
vt 0.3229166666666667 0.28125
vt 0.3333333333333333 0.28125
vt 0.34375 0.28125
vt 0.3541666666666667 0.28125
vt 0.3645833333333333 0.28125
vt 0.375 0.28125
vt 0.3854166666666667 0.28125
vt 0.3958333333333333 0.28125
vt 0.40625 0.28125
vt 0.4166666666666667 0.28125
vt 0.4270833333333333 0.28125
vt 0.4375 0.28125
vt 0.4479166666666667 0.28125
vt 0.4583333333333333 0.28125
vt 0.46875 0.28125
vt 0.4791666666666667 0.28125
vt 0.4895833333333333 0.28125
vt 0.5 0.28125
vt 0.5104166666666666 0.28125
vt 0.5208333333333334 0.28125
vt 0.53125 0.28125
vt 0.5416666666666666 0.28125
vt 0.5520833333333334 0.28125
vt 0.5625 0.28125
vt 0.5729166666666666 0.28125
vt 0.5833333333333334 0.28125
vt 0.59375 0.28125
vt 0.6041666666666666 0.28125
vt 0.6145833333333334 0.28125
vt 0.625 0.28125
vt 0.6354166666666666 0.28125
vt 0.6458333333333334 0.28125
vt 0.65625 0.28125
vt 0.6666666666666666 0.28125
vt 0.6770833333333334 0.28125
vt 0.6875 0.28125
vt 0.6979166666666666 0.28125
vt 0.7083333333333334 0.28125
vt 0.71875 0.28125
vt 0.7291666666666666 0.28125
vt 0.7395833333333334 0.28125
vt 0.75 0.28125
vt 0.7604166666666666 0.28125
vt 0.7708333333333334 0.28125
vt 0.78125 0.28125
vt 0.7916666666666666 0.28125
vt 0.8020833333333334 0.28125
vt 0.8125 0.28125
vt 0.8229166666666666 0.28125
vt 0.8333333333333334 0.28125
vt 0.84375 0.28125
vt 0.8541666666666666 0.28125
vt 0.8645833333333334 0.28125
vt 0.875 0.28125
vt 0.8854166666666666 0.28125
vt 0.8958333333333334 0.28125
vt 0.90625 0.28125
vt 0.9166666666666666 0.28125
vt 0.9270833333333334 0.28125
vt 0.9375 0.28125
vt 0.9479166666666666 0.28125
vt 0.9583333333333334 0.28125
vt 0.96875 0.28125
vt 0.9791666666666666 0.28125
vt 0.9895833333333334 0.28125
vt 1 0.28125
vt 0 0.296875
vt 0.010416666666666666 0.296875
vt 0.020833333333333332 0.296875
vt 0.03125 0.296875
vt 0.041666666666666664 0.296875
vt 0.052083333333333336 0.296875
vt 0.0625 0.296875
vt 0.07291666666666667 0.296875
vt 0.08333333333333333 0.296875
vt 0.09375 0.296875
vt 0.10416666666666667 0.296875
vt 0.11458333333333333 0.296875
vt 0.125 0.296875
vt 0.13541666666666666 0.296875
vt 0.14583333333333334 0.296875
vt 0.15625 0.296875
vt 0.16666666666666666 0.296875
vt 0.17708333333333334 0.296875
vt 0.1875 0.296875
vt 0.19791666666666666 0.296875
vt 0.20833333333333334 0.296875
vt 0.21875 0.296875
vt 0.22916666666666666 0.296875
vt 0.23958333333333334 0.296875
vt 0.25 0.296875
vt 0.2604166666666667 0.296875
vt 0.2708333333333333 0.296875
vt 0.28125 0.296875
vt 0.2916666666666667 0.296875
vt 0.3020833333333333 0.296875
vt 0.3125 0.296875
vt 0.3229166666666667 0.296875
vt 0.3333333333333333 0.296875
vt 0.34375 0.296875
vt 0.3541666666666667 0.296875
vt 0.3645833333333333 0.296875
vt 0.375 0.296875
vt 0.3854166666666667 0.296875
vt 0.3958333333333333 0.296875
vt 0.40625 0.296875
vt 0.4166666666666667 0.296875
vt 0.4270833333333333 0.296875
vt 0.4375 0.296875
vt 0.4479166666666667 0.296875
vt 0.4583333333333333 0.296875
vt 0.46875 0.296875
vt 0.4791666666666667 0.296875
vt 0.4895833333333333 0.296875
vt 0.5 0.296875
vt 0.5104166666666666 0.296875
vt 0.5208333333333334 0.296875
vt 0.53125 0.296875
vt 0.5416666666666666 0.296875
vt 0.5520833333333334 0.296875
vt 0.5625 0.296875
vt 0.5729166666666666 0.296875
vt 0.5833333333333334 0.296875
vt 0.59375 0.296875
vt 0.6041666666666666 0.296875
vt 0.6145833333333334 0.296875
vt 0.625 0.296875
vt 0.6354166666666666 0.296875
vt 0.6458333333333334 0.296875
vt 0.65625 0.296875
vt 0.6666666666666666 0.296875
vt 0.6770833333333334 0.296875
vt 0.6875 0.296875
vt 0.6979166666666666 0.296875
vt 0.7083333333333334 0.296875
vt 0.71875 0.296875
vt 0.7291666666666666 0.296875
vt 0.7395833333333334 0.296875
vt 0.75 0.296875
vt 0.7604166666666666 0.296875
vt 0.7708333333333334 0.296875
vt 0.78125 0.296875
vt 0.7916666666666666 0.296875
vt 0.8020833333333334 0.296875
vt 0.8125 0.296875
vt 0.8229166666666666 0.296875
vt 0.8333333333333334 0.296875
vt 0.84375 0.296875
vt 0.8541666666666666 0.296875
vt 0.8645833333333334 0.296875
vt 0.875 0.296875
vt 0.8854166666666666 0.296875
vt 0.8958333333333334 0.296875
vt 0.90625 0.296875
vt 0.9166666666666666 0.296875
vt 0.9270833333333334 0.296875
vt 0.9375 0.296875
vt 0.9479166666666666 0.296875
vt 0.9583333333333334 0.296875
vt 0.96875 0.296875
vt 0.9791666666666666 0.296875
vt 0.9895833333333334 0.296875
vt 1 0.296875
vt 0 0.3125
vt 0.010416666666666666 0.3125
vt 0.020833333333333332 0.3125
vt 0.03125 0.3125
vt 0.041666666666666664 0.3125
vt 0.052083333333333336 0.3125
vt 0.0625 0.3125
vt 0.07291666666666667 0.3125
vt 0.08333333333333333 0.3125
vt 0.09375 0.3125
vt 0.10416666666666667 0.3125
vt 0.11458333333333333 0.3125
vt 0.125 0.3125
vt 0.13541666666666666 0.3125
vt 0.14583333333333334 0.3125
vt 0.15625 0.3125
vt 0.16666666666666666 0.3125
vt 0.17708333333333334 0.3125
vt 0.1875 0.3125
vt 0.19791666666666666 0.3125
vt 0.20833333333333334 0.3125
vt 0.21875 0.3125
vt 0.22916666666666666 0.3125
vt 0.23958333333333334 0.3125
vt 0.25 0.3125
vt 0.2604166666666667 0.3125
vt 0.2708333333333333 0.3125
vt 0.28125 0.3125
vt 0.2916666666666667 0.3125
vt 0.3020833333333333 0.3125
vt 0.3125 0.3125
vt 0.3229166666666667 0.3125
vt 0.3333333333333333 0.3125
vt 0.34375 0.3125
vt 0.3541666666666667 0.3125
vt 0.3645833333333333 0.3125
vt 0.375 0.3125
vt 0.3854166666666667 0.3125
vt 0.3958333333333333 0.3125
vt 0.40625 0.3125
vt 0.4166666666666667 0.3125
vt 0.4270833333333333 0.3125
vt 0.4375 0.3125
vt 0.4479166666666667 0.3125
vt 0.4583333333333333 0.3125
vt 0.46875 0.3125
vt 0.4791666666666667 0.3125
vt 0.4895833333333333 0.3125
vt 0.5 0.3125
vt 0.5104166666666666 0.3125
vt 0.5208333333333334 0.3125
vt 0.53125 0.3125
vt 0.5416666666666666 0.3125
vt 0.5520833333333334 0.3125
vt 0.5625 0.3125
vt 0.5729166666666666 0.3125
vt 0.5833333333333334 0.3125
vt 0.59375 0.3125
vt 0.6041666666666666 0.3125
vt 0.6145833333333334 0.3125
vt 0.625 0.3125
vt 0.6354166666666666 0.3125
vt 0.6458333333333334 0.3125
vt 0.65625 0.3125
vt 0.6666666666666666 0.3125
vt 0.6770833333333334 0.3125
vt 0.6875 0.3125
vt 0.6979166666666666 0.3125
vt 0.7083333333333334 0.3125
vt 0.71875 0.3125
vt 0.7291666666666666 0.3125
vt 0.7395833333333334 0.3125
vt 0.75 0.3125
vt 0.7604166666666666 0.3125
vt 0.7708333333333334 0.3125
vt 0.78125 0.3125
vt 0.7916666666666666 0.3125
vt 0.8020833333333334 0.3125
vt 0.8125 0.3125
vt 0.8229166666666666 0.3125
vt 0.8333333333333334 0.3125
vt 0.84375 0.3125
vt 0.8541666666666666 0.3125
vt 0.8645833333333334 0.3125
vt 0.875 0.3125
vt 0.8854166666666666 0.3125
vt 0.8958333333333334 0.3125
vt 0.90625 0.3125
vt 0.9166666666666666 0.3125
vt 0.9270833333333334 0.3125
vt 0.9375 0.3125
vt 0.9479166666666666 0.3125
vt 0.9583333333333334 0.3125
vt 0.96875 0.3125
vt 0.9791666666666666 0.3125
vt 0.9895833333333334 0.3125
vt 1 0.3125
vt 0 0.328125
vt 0.010416666666666666 0.328125
vt 0.020833333333333332 0.328125
vt 0.03125 0.328125
vt 0.041666666666666664 0.328125
vt 0.052083333333333336 0.328125
vt 0.0625 0.328125
vt 0.07291666666666667 0.328125
vt 0.08333333333333333 0.328125
vt 0.09375 0.328125
vt 0.10416666666666667 0.328125
vt 0.11458333333333333 0.328125
vt 0.125 0.328125
vt 0.13541666666666666 0.328125
vt 0.14583333333333334 0.328125
vt 0.15625 0.328125
vt 0.16666666666666666 0.328125
vt 0.17708333333333334 0.328125
vt 0.1875 0.328125
vt 0.19791666666666666 0.328125
vt 0.20833333333333334 0.328125
vt 0.21875 0.328125
vt 0.22916666666666666 0.328125
vt 0.23958333333333334 0.328125
vt 0.25 0.328125
vt 0.2604166666666667 0.328125
vt 0.2708333333333333 0.328125
vt 0.28125 0.328125
vt 0.2916666666666667 0.328125
vt 0.3020833333333333 0.328125
vt 0.3125 0.328125
vt 0.3229166666666667 0.328125
vt 0.3333333333333333 0.328125
vt 0.34375 0.328125
vt 0.3541666666666667 0.328125
vt 0.3645833333333333 0.328125
vt 0.375 0.328125
vt 0.3854166666666667 0.328125
vt 0.3958333333333333 0.328125
vt 0.40625 0.328125
vt 0.4166666666666667 0.328125
vt 0.4270833333333333 0.328125
vt 0.4375 0.328125
vt 0.4479166666666667 0.328125
vt 0.4583333333333333 0.328125
vt 0.46875 0.328125
vt 0.4791666666666667 0.328125
vt 0.4895833333333333 0.328125
vt 0.5 0.328125
vt 0.5104166666666666 0.328125
vt 0.5208333333333334 0.328125
vt 0.53125 0.328125
vt 0.5416666666666666 0.328125
vt 0.5520833333333334 0.328125
vt 0.5625 0.328125
vt 0.5729166666666666 0.328125
vt 0.5833333333333334 0.328125
vt 0.59375 0.328125
vt 0.6041666666666666 0.328125
vt 0.6145833333333334 0.328125
vt 0.625 0.328125
vt 0.6354166666666666 0.328125
vt 0.6458333333333334 0.328125
vt 0.65625 0.328125
vt 0.6666666666666666 0.328125
vt 0.6770833333333334 0.328125
vt 0.6875 0.328125
vt 0.6979166666666666 0.328125
vt 0.7083333333333334 0.328125
vt 0.71875 0.328125
vt 0.7291666666666666 0.328125
vt 0.7395833333333334 0.328125
vt 0.75 0.328125
vt 0.7604166666666666 0.328125
vt 0.7708333333333334 0.328125
vt 0.78125 0.328125
vt 0.7916666666666666 0.328125
vt 0.8020833333333334 0.328125
vt 0.8125 0.328125
vt 0.8229166666666666 0.328125
vt 0.8333333333333334 0.328125
vt 0.84375 0.328125
vt 0.8541666666666666 0.328125
vt 0.8645833333333334 0.328125
vt 0.875 0.328125
vt 0.8854166666666666 0.328125
vt 0.8958333333333334 0.328125
vt 0.90625 0.328125
vt 0.9166666666666666 0.328125
vt 0.9270833333333334 0.328125
vt 0.9375 0.328125
vt 0.9479166666666666 0.328125
vt 0.9583333333333334 0.328125
vt 0.96875 0.328125
vt 0.9791666666666666 0.328125
vt 0.9895833333333334 0.328125
vt 1 0.328125
vt 0 0.34375
vt 0.010416666666666666 0.34375
vt 0.020833333333333332 0.34375
vt 0.03125 0.34375
vt 0.041666666666666664 0.34375
vt 0.052083333333333336 0.34375
vt 0.0625 0.34375
vt 0.07291666666666667 0.34375
vt 0.08333333333333333 0.34375
vt 0.09375 0.34375
vt 0.10416666666666667 0.34375
vt 0.11458333333333333 0.34375
vt 0.125 0.34375
vt 0.13541666666666666 0.34375
vt 0.14583333333333334 0.34375
vt 0.15625 0.34375
vt 0.16666666666666666 0.34375
vt 0.17708333333333334 0.34375
vt 0.1875 0.34375
vt 0.19791666666666666 0.34375
vt 0.20833333333333334 0.34375
vt 0.21875 0.34375
vt 0.22916666666666666 0.34375
vt 0.23958333333333334 0.34375
vt 0.25 0.34375
vt 0.2604166666666667 0.34375
vt 0.2708333333333333 0.34375
vt 0.28125 0.34375
vt 0.2916666666666667 0.34375
vt 0.3020833333333333 0.34375
vt 0.3125 0.34375
vt 0.3229166666666667 0.34375
vt 0.3333333333333333 0.34375
vt 0.34375 0.34375
vt 0.3541666666666667 0.34375
vt 0.3645833333333333 0.34375
vt 0.375 0.34375
vt 0.3854166666666667 0.34375
vt 0.3958333333333333 0.34375
vt 0.40625 0.34375
vt 0.4166666666666667 0.34375
vt 0.4270833333333333 0.34375
vt 0.4375 0.34375
vt 0.4479166666666667 0.34375
vt 0.4583333333333333 0.34375
vt 0.46875 0.34375
vt 0.4791666666666667 0.34375
vt 0.4895833333333333 0.34375
vt 0.5 0.34375
vt 0.5104166666666666 0.34375
vt 0.5208333333333334 0.34375
vt 0.53125 0.34375
vt 0.5416666666666666 0.34375
vt 0.5520833333333334 0.34375
vt 0.5625 0.34375
vt 0.5729166666666666 0.34375
vt 0.5833333333333334 0.34375
vt 0.59375 0.34375
vt 0.6041666666666666 0.34375
vt 0.6145833333333334 0.34375
vt 0.625 0.34375
vt 0.6354166666666666 0.34375
vt 0.6458333333333334 0.34375
vt 0.65625 0.34375
vt 0.6666666666666666 0.34375
vt 0.6770833333333334 0.34375
vt 0.6875 0.34375
vt 0.6979166666666666 0.34375
vt 0.7083333333333334 0.34375
vt 0.71875 0.34375
vt 0.7291666666666666 0.34375
vt 0.7395833333333334 0.34375
vt 0.75 0.34375
vt 0.7604166666666666 0.34375
vt 0.7708333333333334 0.34375
vt 0.78125 0.34375
vt 0.7916666666666666 0.34375
vt 0.8020833333333334 0.34375
vt 0.8125 0.34375
vt 0.8229166666666666 0.34375
vt 0.8333333333333334 0.34375
vt 0.84375 0.34375
vt 0.8541666666666666 0.34375
vt 0.8645833333333334 0.34375
vt 0.875 0.34375
vt 0.8854166666666666 0.34375
vt 0.8958333333333334 0.34375
vt 0.90625 0.34375
vt 0.9166666666666666 0.34375
vt 0.9270833333333334 0.34375
vt 0.9375 0.34375
vt 0.9479166666666666 0.34375
vt 0.9583333333333334 0.34375
vt 0.96875 0.34375
vt 0.9791666666666666 0.34375
vt 0.9895833333333334 0.34375
vt 1 0.34375
vt 0 0.359375
vt 0.010416666666666666 0.359375
vt 0.020833333333333332 0.359375
vt 0.03125 0.359375
vt 0.041666666666666664 0.359375
vt 0.052083333333333336 0.359375
vt 0.0625 0.359375
vt 0.07291666666666667 0.359375
vt 0.08333333333333333 0.359375
vt 0.09375 0.359375
vt 0.10416666666666667 0.359375
vt 0.11458333333333333 0.359375
vt 0.125 0.359375
vt 0.13541666666666666 0.359375
vt 0.14583333333333334 0.359375
vt 0.15625 0.359375
vt 0.16666666666666666 0.359375
vt 0.17708333333333334 0.359375
vt 0.1875 0.359375
vt 0.19791666666666666 0.359375
vt 0.20833333333333334 0.359375
vt 0.21875 0.359375
vt 0.22916666666666666 0.359375
vt 0.23958333333333334 0.359375
vt 0.25 0.359375
vt 0.2604166666666667 0.359375
vt 0.2708333333333333 0.359375
vt 0.28125 0.359375
vt 0.2916666666666667 0.359375
vt 0.3020833333333333 0.359375
vt 0.3125 0.359375
vt 0.3229166666666667 0.359375
vt 0.3333333333333333 0.359375
vt 0.34375 0.359375
vt 0.3541666666666667 0.359375
vt 0.3645833333333333 0.359375
vt 0.375 0.359375
vt 0.3854166666666667 0.359375
vt 0.3958333333333333 0.359375
vt 0.40625 0.359375
vt 0.4166666666666667 0.359375
vt 0.4270833333333333 0.359375
vt 0.4375 0.359375
vt 0.4479166666666667 0.359375
vt 0.4583333333333333 0.359375
vt 0.46875 0.359375
vt 0.4791666666666667 0.359375
vt 0.4895833333333333 0.359375
vt 0.5 0.359375
vt 0.5104166666666666 0.359375
vt 0.5208333333333334 0.359375
vt 0.53125 0.359375
vt 0.5416666666666666 0.359375
vt 0.5520833333333334 0.359375
vt 0.5625 0.359375
vt 0.5729166666666666 0.359375
vt 0.5833333333333334 0.359375
vt 0.59375 0.359375
vt 0.6041666666666666 0.359375
vt 0.6145833333333334 0.359375
vt 0.625 0.359375
vt 0.6354166666666666 0.359375
vt 0.6458333333333334 0.359375
vt 0.65625 0.359375
vt 0.6666666666666666 0.359375
vt 0.6770833333333334 0.359375
vt 0.6875 0.359375
vt 0.6979166666666666 0.359375
vt 0.7083333333333334 0.359375
vt 0.71875 0.359375
vt 0.7291666666666666 0.359375
vt 0.7395833333333334 0.359375
vt 0.75 0.359375
vt 0.7604166666666666 0.359375
vt 0.7708333333333334 0.359375
vt 0.78125 0.359375
vt 0.7916666666666666 0.359375
vt 0.8020833333333334 0.359375
vt 0.8125 0.359375
vt 0.8229166666666666 0.359375
vt 0.8333333333333334 0.359375
vt 0.84375 0.359375
vt 0.8541666666666666 0.359375
vt 0.8645833333333334 0.359375
vt 0.875 0.359375
vt 0.8854166666666666 0.359375
vt 0.8958333333333334 0.359375
vt 0.90625 0.359375
vt 0.9166666666666666 0.359375
vt 0.9270833333333334 0.359375
vt 0.9375 0.359375
vt 0.9479166666666666 0.359375
vt 0.9583333333333334 0.359375
vt 0.96875 0.359375
vt 0.9791666666666666 0.359375
vt 0.9895833333333334 0.359375
vt 1 0.359375
vt 0 0.375
vt 0.010416666666666666 0.375
vt 0.020833333333333332 0.375
vt 0.03125 0.375
vt 0.041666666666666664 0.375
vt 0.052083333333333336 0.375
vt 0.0625 0.375
vt 0.07291666666666667 0.375
vt 0.08333333333333333 0.375
vt 0.09375 0.375
vt 0.10416666666666667 0.375
vt 0.11458333333333333 0.375
vt 0.125 0.375
vt 0.13541666666666666 0.375
vt 0.14583333333333334 0.375
vt 0.15625 0.375
vt 0.16666666666666666 0.375
vt 0.17708333333333334 0.375
vt 0.1875 0.375
vt 0.19791666666666666 0.375
vt 0.20833333333333334 0.375
vt 0.21875 0.375
vt 0.22916666666666666 0.375
vt 0.23958333333333334 0.375
vt 0.25 0.375
vt 0.2604166666666667 0.375
vt 0.2708333333333333 0.375
vt 0.28125 0.375
vt 0.2916666666666667 0.375
vt 0.3020833333333333 0.375
vt 0.3125 0.375
vt 0.3229166666666667 0.375
vt 0.3333333333333333 0.375
vt 0.34375 0.375
vt 0.3541666666666667 0.375
vt 0.3645833333333333 0.375
vt 0.375 0.375
vt 0.3854166666666667 0.375
vt 0.3958333333333333 0.375
vt 0.40625 0.375
vt 0.4166666666666667 0.375
vt 0.4270833333333333 0.375
vt 0.4375 0.375
vt 0.4479166666666667 0.375
vt 0.4583333333333333 0.375
vt 0.46875 0.375
vt 0.4791666666666667 0.375
vt 0.4895833333333333 0.375
vt 0.5 0.375
vt 0.5104166666666666 0.375
vt 0.5208333333333334 0.375
vt 0.53125 0.375
vt 0.5416666666666666 0.375
vt 0.5520833333333334 0.375
vt 0.5625 0.375
vt 0.5729166666666666 0.375
vt 0.5833333333333334 0.375
vt 0.59375 0.375
vt 0.6041666666666666 0.375
vt 0.6145833333333334 0.375
vt 0.625 0.375
vt 0.6354166666666666 0.375
vt 0.6458333333333334 0.375
vt 0.65625 0.375
vt 0.6666666666666666 0.375
vt 0.6770833333333334 0.375
vt 0.6875 0.375
vt 0.6979166666666666 0.375
vt 0.7083333333333334 0.375
vt 0.71875 0.375
vt 0.7291666666666666 0.375
vt 0.7395833333333334 0.375
vt 0.75 0.375
vt 0.7604166666666666 0.375
vt 0.7708333333333334 0.375
vt 0.78125 0.375
vt 0.7916666666666666 0.375
vt 0.8020833333333334 0.375
vt 0.8125 0.375
vt 0.8229166666666666 0.375
vt 0.8333333333333334 0.375
vt 0.84375 0.375
vt 0.8541666666666666 0.375
vt 0.8645833333333334 0.375
vt 0.875 0.375
vt 0.8854166666666666 0.375
vt 0.8958333333333334 0.375
vt 0.90625 0.375
vt 0.9166666666666666 0.375
vt 0.9270833333333334 0.375
vt 0.9375 0.375
vt 0.9479166666666666 0.375
vt 0.9583333333333334 0.375
vt 0.96875 0.375
vt 0.9791666666666666 0.375
vt 0.9895833333333334 0.375
vt 1 0.375
vt 0 0.390625
vt 0.010416666666666666 0.390625
vt 0.020833333333333332 0.390625
vt 0.03125 0.390625
vt 0.041666666666666664 0.390625
vt 0.052083333333333336 0.390625
vt 0.0625 0.390625
vt 0.07291666666666667 0.390625
vt 0.08333333333333333 0.390625
vt 0.09375 0.390625
vt 0.10416666666666667 0.390625
vt 0.11458333333333333 0.390625
vt 0.125 0.390625
vt 0.13541666666666666 0.390625
vt 0.14583333333333334 0.390625
vt 0.15625 0.390625
vt 0.16666666666666666 0.390625
vt 0.17708333333333334 0.390625
vt 0.1875 0.390625
vt 0.19791666666666666 0.390625
vt 0.20833333333333334 0.390625
vt 0.21875 0.390625
vt 0.22916666666666666 0.390625
vt 0.23958333333333334 0.390625
vt 0.25 0.390625
vt 0.2604166666666667 0.390625
vt 0.2708333333333333 0.390625
vt 0.28125 0.390625
vt 0.2916666666666667 0.390625
vt 0.3020833333333333 0.390625
vt 0.3125 0.390625
vt 0.3229166666666667 0.390625
vt 0.3333333333333333 0.390625
vt 0.34375 0.390625
vt 0.3541666666666667 0.390625
vt 0.3645833333333333 0.390625
vt 0.375 0.390625
vt 0.3854166666666667 0.390625
vt 0.3958333333333333 0.390625
vt 0.40625 0.390625
vt 0.4166666666666667 0.390625
vt 0.4270833333333333 0.390625
vt 0.4375 0.390625
vt 0.4479166666666667 0.390625
vt 0.4583333333333333 0.390625
vt 0.46875 0.390625
vt 0.4791666666666667 0.390625
vt 0.4895833333333333 0.390625
vt 0.5 0.390625
vt 0.5104166666666666 0.390625
vt 0.5208333333333334 0.390625
vt 0.53125 0.390625
vt 0.5416666666666666 0.390625
vt 0.5520833333333334 0.390625
vt 0.5625 0.390625
vt 0.5729166666666666 0.390625
vt 0.5833333333333334 0.390625
vt 0.59375 0.390625
vt 0.6041666666666666 0.390625
vt 0.6145833333333334 0.390625
vt 0.625 0.390625
vt 0.6354166666666666 0.390625
vt 0.6458333333333334 0.390625
vt 0.65625 0.390625
vt 0.6666666666666666 0.390625
vt 0.6770833333333334 0.390625
vt 0.6875 0.390625
vt 0.6979166666666666 0.390625
vt 0.7083333333333334 0.390625
vt 0.71875 0.390625
vt 0.7291666666666666 0.390625
vt 0.7395833333333334 0.390625
vt 0.75 0.390625
vt 0.7604166666666666 0.390625
vt 0.7708333333333334 0.390625
vt 0.78125 0.390625
vt 0.7916666666666666 0.390625
vt 0.8020833333333334 0.390625
vt 0.8125 0.390625
vt 0.8229166666666666 0.390625
vt 0.8333333333333334 0.390625
vt 0.84375 0.390625
vt 0.8541666666666666 0.390625
vt 0.8645833333333334 0.390625
vt 0.875 0.390625
vt 0.8854166666666666 0.390625
vt 0.8958333333333334 0.390625
vt 0.90625 0.390625
vt 0.9166666666666666 0.390625
vt 0.9270833333333334 0.390625
vt 0.9375 0.390625
vt 0.9479166666666666 0.390625
vt 0.9583333333333334 0.390625
vt 0.96875 0.390625
vt 0.9791666666666666 0.390625
vt 0.9895833333333334 0.390625
vt 1 0.390625
vt 0 0.40625
vt 0.010416666666666666 0.40625
vt 0.020833333333333332 0.40625
vt 0.03125 0.40625
vt 0.041666666666666664 0.40625
vt 0.052083333333333336 0.40625
vt 0.0625 0.40625
vt 0.07291666666666667 0.40625
vt 0.08333333333333333 0.40625
vt 0.09375 0.40625
vt 0.10416666666666667 0.40625
vt 0.11458333333333333 0.40625
vt 0.125 0.40625
vt 0.13541666666666666 0.40625
vt 0.14583333333333334 0.40625
vt 0.15625 0.40625
vt 0.16666666666666666 0.40625
vt 0.17708333333333334 0.40625
vt 0.1875 0.40625
vt 0.19791666666666666 0.40625
vt 0.20833333333333334 0.40625
vt 0.21875 0.40625
vt 0.22916666666666666 0.40625
vt 0.23958333333333334 0.40625
vt 0.25 0.40625
vt 0.2604166666666667 0.40625
vt 0.2708333333333333 0.40625
vt 0.28125 0.40625
vt 0.2916666666666667 0.40625
vt 0.3020833333333333 0.40625
vt 0.3125 0.40625
vt 0.3229166666666667 0.40625
vt 0.3333333333333333 0.40625
vt 0.34375 0.40625
vt 0.3541666666666667 0.40625
vt 0.3645833333333333 0.40625
vt 0.375 0.40625
vt 0.3854166666666667 0.40625
vt 0.3958333333333333 0.40625
vt 0.40625 0.40625
vt 0.4166666666666667 0.40625
vt 0.4270833333333333 0.40625
vt 0.4375 0.40625
vt 0.4479166666666667 0.40625
vt 0.4583333333333333 0.40625
vt 0.46875 0.40625
vt 0.4791666666666667 0.40625
vt 0.4895833333333333 0.40625
vt 0.5 0.40625
vt 0.5104166666666666 0.40625
vt 0.5208333333333334 0.40625
vt 0.53125 0.40625
vt 0.5416666666666666 0.40625
vt 0.5520833333333334 0.40625
vt 0.5625 0.40625
vt 0.5729166666666666 0.40625
vt 0.5833333333333334 0.40625
vt 0.59375 0.40625
vt 0.6041666666666666 0.40625
vt 0.6145833333333334 0.40625
vt 0.625 0.40625
vt 0.6354166666666666 0.40625
vt 0.6458333333333334 0.40625
vt 0.65625 0.40625
vt 0.6666666666666666 0.40625
vt 0.6770833333333334 0.40625
vt 0.6875 0.40625
vt 0.6979166666666666 0.40625
vt 0.7083333333333334 0.40625
vt 0.71875 0.40625
vt 0.7291666666666666 0.40625
vt 0.7395833333333334 0.40625
vt 0.75 0.40625
vt 0.7604166666666666 0.40625
vt 0.7708333333333334 0.40625
vt 0.78125 0.40625
vt 0.7916666666666666 0.40625
vt 0.8020833333333334 0.40625
vt 0.8125 0.40625
vt 0.8229166666666666 0.40625
vt 0.8333333333333334 0.40625
vt 0.84375 0.40625
vt 0.8541666666666666 0.40625
vt 0.8645833333333334 0.40625
vt 0.875 0.40625
vt 0.8854166666666666 0.40625
vt 0.8958333333333334 0.40625
vt 0.90625 0.40625
vt 0.9166666666666666 0.40625
vt 0.9270833333333334 0.40625
vt 0.9375 0.40625
vt 0.9479166666666666 0.40625
vt 0.9583333333333334 0.40625
vt 0.96875 0.40625
vt 0.9791666666666666 0.40625
vt 0.9895833333333334 0.40625
vt 1 0.40625
vt 0 0.421875
vt 0.010416666666666666 0.421875
vt 0.020833333333333332 0.421875
vt 0.03125 0.421875
vt 0.041666666666666664 0.421875
vt 0.052083333333333336 0.421875
vt 0.0625 0.421875
vt 0.07291666666666667 0.421875
vt 0.08333333333333333 0.421875
vt 0.09375 0.421875
vt 0.10416666666666667 0.421875
vt 0.11458333333333333 0.421875
vt 0.125 0.421875
vt 0.13541666666666666 0.421875
vt 0.14583333333333334 0.421875
vt 0.15625 0.421875
vt 0.16666666666666666 0.421875
vt 0.17708333333333334 0.421875
vt 0.1875 0.421875
vt 0.19791666666666666 0.421875
vt 0.20833333333333334 0.421875
vt 0.21875 0.421875
vt 0.22916666666666666 0.421875
vt 0.23958333333333334 0.421875
vt 0.25 0.421875
vt 0.2604166666666667 0.421875
vt 0.2708333333333333 0.421875
vt 0.28125 0.421875
vt 0.2916666666666667 0.421875
vt 0.3020833333333333 0.421875
vt 0.3125 0.421875
vt 0.3229166666666667 0.421875
vt 0.3333333333333333 0.421875
vt 0.34375 0.421875
vt 0.3541666666666667 0.421875
vt 0.3645833333333333 0.421875
vt 0.375 0.421875
vt 0.3854166666666667 0.421875
vt 0.3958333333333333 0.421875
vt 0.40625 0.421875
vt 0.4166666666666667 0.421875
vt 0.4270833333333333 0.421875
vt 0.4375 0.421875
vt 0.4479166666666667 0.421875
vt 0.4583333333333333 0.421875
vt 0.46875 0.421875
vt 0.4791666666666667 0.421875
vt 0.4895833333333333 0.421875
vt 0.5 0.421875
vt 0.5104166666666666 0.421875
vt 0.5208333333333334 0.421875
vt 0.53125 0.421875
vt 0.5416666666666666 0.421875
vt 0.5520833333333334 0.421875
vt 0.5625 0.421875
vt 0.5729166666666666 0.421875
vt 0.5833333333333334 0.421875
vt 0.59375 0.421875
vt 0.6041666666666666 0.421875
vt 0.6145833333333334 0.421875
vt 0.625 0.421875
vt 0.6354166666666666 0.421875
vt 0.6458333333333334 0.421875
vt 0.65625 0.421875
vt 0.6666666666666666 0.421875
vt 0.6770833333333334 0.421875
vt 0.6875 0.421875
vt 0.6979166666666666 0.421875
vt 0.7083333333333334 0.421875
vt 0.71875 0.421875
vt 0.7291666666666666 0.421875
vt 0.7395833333333334 0.421875
vt 0.75 0.421875
vt 0.7604166666666666 0.421875
vt 0.7708333333333334 0.421875
vt 0.78125 0.421875
vt 0.7916666666666666 0.421875
vt 0.8020833333333334 0.421875
vt 0.8125 0.421875
vt 0.8229166666666666 0.421875
vt 0.8333333333333334 0.421875
vt 0.84375 0.421875
vt 0.8541666666666666 0.421875
vt 0.8645833333333334 0.421875
vt 0.875 0.421875
vt 0.8854166666666666 0.421875
vt 0.8958333333333334 0.421875
vt 0.90625 0.421875
vt 0.9166666666666666 0.421875
vt 0.9270833333333334 0.421875
vt 0.9375 0.421875
vt 0.9479166666666666 0.421875
vt 0.9583333333333334 0.421875
vt 0.96875 0.421875
vt 0.9791666666666666 0.421875
vt 0.9895833333333334 0.421875
vt 1 0.421875
vt 0 0.4375
vt 0.010416666666666666 0.4375
vt 0.020833333333333332 0.4375
vt 0.03125 0.4375
vt 0.041666666666666664 0.4375
vt 0.052083333333333336 0.4375
vt 0.0625 0.4375
vt 0.07291666666666667 0.4375
vt 0.08333333333333333 0.4375
vt 0.09375 0.4375
vt 0.10416666666666667 0.4375
vt 0.11458333333333333 0.4375
vt 0.125 0.4375
vt 0.13541666666666666 0.4375
vt 0.14583333333333334 0.4375
vt 0.15625 0.4375
vt 0.16666666666666666 0.4375
vt 0.17708333333333334 0.4375
vt 0.1875 0.4375
vt 0.19791666666666666 0.4375
vt 0.20833333333333334 0.4375
vt 0.21875 0.4375
vt 0.22916666666666666 0.4375
vt 0.23958333333333334 0.4375
vt 0.25 0.4375
vt 0.2604166666666667 0.4375
vt 0.2708333333333333 0.4375
vt 0.28125 0.4375
vt 0.2916666666666667 0.4375
vt 0.3020833333333333 0.4375
vt 0.3125 0.4375
vt 0.3229166666666667 0.4375
vt 0.3333333333333333 0.4375
vt 0.34375 0.4375
vt 0.3541666666666667 0.4375
vt 0.3645833333333333 0.4375
vt 0.375 0.4375
vt 0.3854166666666667 0.4375
vt 0.3958333333333333 0.4375
vt 0.40625 0.4375
vt 0.4166666666666667 0.4375
vt 0.4270833333333333 0.4375
vt 0.4375 0.4375
vt 0.4479166666666667 0.4375
vt 0.4583333333333333 0.4375
vt 0.46875 0.4375
vt 0.4791666666666667 0.4375
vt 0.4895833333333333 0.4375
vt 0.5 0.4375
vt 0.5104166666666666 0.4375
vt 0.5208333333333334 0.4375
vt 0.53125 0.4375
vt 0.5416666666666666 0.4375
vt 0.5520833333333334 0.4375
vt 0.5625 0.4375
vt 0.5729166666666666 0.4375
vt 0.5833333333333334 0.4375
vt 0.59375 0.4375
vt 0.6041666666666666 0.4375
vt 0.6145833333333334 0.4375
vt 0.625 0.4375
vt 0.6354166666666666 0.4375
vt 0.6458333333333334 0.4375
vt 0.65625 0.4375
vt 0.6666666666666666 0.4375
vt 0.6770833333333334 0.4375
vt 0.6875 0.4375
vt 0.6979166666666666 0.4375
vt 0.7083333333333334 0.4375
vt 0.71875 0.4375
vt 0.7291666666666666 0.4375
vt 0.7395833333333334 0.4375
vt 0.75 0.4375
vt 0.7604166666666666 0.4375
vt 0.7708333333333334 0.4375
vt 0.78125 0.4375
vt 0.7916666666666666 0.4375
vt 0.8020833333333334 0.4375
vt 0.8125 0.4375
vt 0.8229166666666666 0.4375
vt 0.8333333333333334 0.4375
vt 0.84375 0.4375
vt 0.8541666666666666 0.4375
vt 0.8645833333333334 0.4375
vt 0.875 0.4375
vt 0.8854166666666666 0.4375
vt 0.8958333333333334 0.4375
vt 0.90625 0.4375
vt 0.9166666666666666 0.4375
vt 0.9270833333333334 0.4375
vt 0.9375 0.4375
vt 0.9479166666666666 0.4375
vt 0.9583333333333334 0.4375
vt 0.96875 0.4375
vt 0.9791666666666666 0.4375
vt 0.9895833333333334 0.4375
vt 1 0.4375
vt 0 0.453125
vt 0.010416666666666666 0.453125
vt 0.020833333333333332 0.453125
vt 0.03125 0.453125
vt 0.041666666666666664 0.453125
vt 0.052083333333333336 0.453125
vt 0.0625 0.453125
vt 0.07291666666666667 0.453125
vt 0.08333333333333333 0.453125
vt 0.09375 0.453125
vt 0.10416666666666667 0.453125
vt 0.11458333333333333 0.453125
vt 0.125 0.453125
vt 0.13541666666666666 0.453125
vt 0.14583333333333334 0.453125
vt 0.15625 0.453125
vt 0.16666666666666666 0.453125
vt 0.17708333333333334 0.453125
vt 0.1875 0.453125
vt 0.19791666666666666 0.453125
vt 0.20833333333333334 0.453125
vt 0.21875 0.453125
vt 0.22916666666666666 0.453125
vt 0.23958333333333334 0.453125
vt 0.25 0.453125
vt 0.2604166666666667 0.453125
vt 0.2708333333333333 0.453125
vt 0.28125 0.453125
vt 0.2916666666666667 0.453125
vt 0.3020833333333333 0.453125
vt 0.3125 0.453125
vt 0.3229166666666667 0.453125
vt 0.3333333333333333 0.453125
vt 0.34375 0.453125
vt 0.3541666666666667 0.453125
vt 0.3645833333333333 0.453125
vt 0.375 0.453125
vt 0.3854166666666667 0.453125
vt 0.3958333333333333 0.453125
vt 0.40625 0.453125
vt 0.4166666666666667 0.453125
vt 0.4270833333333333 0.453125
vt 0.4375 0.453125
vt 0.4479166666666667 0.453125
vt 0.4583333333333333 0.453125
vt 0.46875 0.453125
vt 0.4791666666666667 0.453125
vt 0.4895833333333333 0.453125
vt 0.5 0.453125
vt 0.5104166666666666 0.453125
vt 0.5208333333333334 0.453125
vt 0.53125 0.453125
vt 0.5416666666666666 0.453125
vt 0.5520833333333334 0.453125
vt 0.5625 0.453125
vt 0.5729166666666666 0.453125
vt 0.5833333333333334 0.453125
vt 0.59375 0.453125
vt 0.6041666666666666 0.453125
vt 0.6145833333333334 0.453125
vt 0.625 0.453125
vt 0.6354166666666666 0.453125
vt 0.6458333333333334 0.453125
vt 0.65625 0.453125
vt 0.6666666666666666 0.453125
vt 0.6770833333333334 0.453125
vt 0.6875 0.453125
vt 0.6979166666666666 0.453125
vt 0.7083333333333334 0.453125
vt 0.71875 0.453125
vt 0.7291666666666666 0.453125
vt 0.7395833333333334 0.453125
vt 0.75 0.453125
vt 0.7604166666666666 0.453125
vt 0.7708333333333334 0.453125
vt 0.78125 0.453125
vt 0.7916666666666666 0.453125
vt 0.8020833333333334 0.453125
vt 0.8125 0.453125
vt 0.8229166666666666 0.453125
vt 0.8333333333333334 0.453125
vt 0.84375 0.453125
vt 0.8541666666666666 0.453125
vt 0.8645833333333334 0.453125
vt 0.875 0.453125
vt 0.8854166666666666 0.453125
vt 0.8958333333333334 0.453125
vt 0.90625 0.453125
vt 0.9166666666666666 0.453125
vt 0.9270833333333334 0.453125
vt 0.9375 0.453125
vt 0.9479166666666666 0.453125
vt 0.9583333333333334 0.453125
vt 0.96875 0.453125
vt 0.9791666666666666 0.453125
vt 0.9895833333333334 0.453125
vt 1 0.453125
vt 0 0.46875
vt 0.010416666666666666 0.46875
vt 0.020833333333333332 0.46875
vt 0.03125 0.46875
vt 0.041666666666666664 0.46875
vt 0.052083333333333336 0.46875
vt 0.0625 0.46875
vt 0.07291666666666667 0.46875
vt 0.08333333333333333 0.46875
vt 0.09375 0.46875
vt 0.10416666666666667 0.46875
vt 0.11458333333333333 0.46875
vt 0.125 0.46875
vt 0.13541666666666666 0.46875
vt 0.14583333333333334 0.46875
vt 0.15625 0.46875
vt 0.16666666666666666 0.46875
vt 0.17708333333333334 0.46875
vt 0.1875 0.46875
vt 0.19791666666666666 0.46875
vt 0.20833333333333334 0.46875
vt 0.21875 0.46875
vt 0.22916666666666666 0.46875
vt 0.23958333333333334 0.46875
vt 0.25 0.46875
vt 0.2604166666666667 0.46875
vt 0.2708333333333333 0.46875
vt 0.28125 0.46875
vt 0.2916666666666667 0.46875
vt 0.3020833333333333 0.46875
vt 0.3125 0.46875
vt 0.3229166666666667 0.46875
vt 0.3333333333333333 0.46875
vt 0.34375 0.46875
vt 0.3541666666666667 0.46875
vt 0.3645833333333333 0.46875
vt 0.375 0.46875
vt 0.3854166666666667 0.46875
vt 0.3958333333333333 0.46875
vt 0.40625 0.46875
vt 0.4166666666666667 0.46875
vt 0.4270833333333333 0.46875
vt 0.4375 0.46875
vt 0.4479166666666667 0.46875
vt 0.4583333333333333 0.46875
vt 0.46875 0.46875
vt 0.4791666666666667 0.46875
vt 0.4895833333333333 0.46875
vt 0.5 0.46875
vt 0.5104166666666666 0.46875
vt 0.5208333333333334 0.46875
vt 0.53125 0.46875
vt 0.5416666666666666 0.46875
vt 0.5520833333333334 0.46875
vt 0.5625 0.46875
vt 0.5729166666666666 0.46875
vt 0.5833333333333334 0.46875
vt 0.59375 0.46875
vt 0.6041666666666666 0.46875
vt 0.6145833333333334 0.46875
vt 0.625 0.46875
vt 0.6354166666666666 0.46875
vt 0.6458333333333334 0.46875
vt 0.65625 0.46875
vt 0.6666666666666666 0.46875
vt 0.6770833333333334 0.46875
vt 0.6875 0.46875
vt 0.6979166666666666 0.46875
vt 0.7083333333333334 0.46875
vt 0.71875 0.46875
vt 0.7291666666666666 0.46875
vt 0.7395833333333334 0.46875
vt 0.75 0.46875
vt 0.7604166666666666 0.46875
vt 0.7708333333333334 0.46875
vt 0.78125 0.46875
vt 0.7916666666666666 0.46875
vt 0.8020833333333334 0.46875
vt 0.8125 0.46875
vt 0.8229166666666666 0.46875
vt 0.8333333333333334 0.46875
vt 0.84375 0.46875
vt 0.8541666666666666 0.46875
vt 0.8645833333333334 0.46875
vt 0.875 0.46875
vt 0.8854166666666666 0.46875
vt 0.8958333333333334 0.46875
vt 0.90625 0.46875
vt 0.9166666666666666 0.46875
vt 0.9270833333333334 0.46875
vt 0.9375 0.46875
vt 0.9479166666666666 0.46875
vt 0.9583333333333334 0.46875
vt 0.96875 0.46875
vt 0.9791666666666666 0.46875
vt 0.9895833333333334 0.46875
vt 1 0.46875
vt 0 0.484375
vt 0.010416666666666666 0.484375
vt 0.020833333333333332 0.484375
vt 0.03125 0.484375
vt 0.041666666666666664 0.484375
vt 0.052083333333333336 0.484375
vt 0.0625 0.484375
vt 0.07291666666666667 0.484375
vt 0.08333333333333333 0.484375
vt 0.09375 0.484375
vt 0.10416666666666667 0.484375
vt 0.11458333333333333 0.484375
vt 0.125 0.484375
vt 0.13541666666666666 0.484375
vt 0.14583333333333334 0.484375
vt 0.15625 0.484375
vt 0.16666666666666666 0.484375
vt 0.17708333333333334 0.484375
vt 0.1875 0.484375
vt 0.19791666666666666 0.484375
vt 0.20833333333333334 0.484375
vt 0.21875 0.484375
vt 0.22916666666666666 0.484375
vt 0.23958333333333334 0.484375
vt 0.25 0.484375
vt 0.2604166666666667 0.484375
vt 0.2708333333333333 0.484375
vt 0.28125 0.484375
vt 0.2916666666666667 0.484375
vt 0.3020833333333333 0.484375
vt 0.3125 0.484375
vt 0.3229166666666667 0.484375
vt 0.3333333333333333 0.484375
vt 0.34375 0.484375
vt 0.3541666666666667 0.484375
vt 0.3645833333333333 0.484375
vt 0.375 0.484375
vt 0.3854166666666667 0.484375
vt 0.3958333333333333 0.484375
vt 0.40625 0.484375
vt 0.4166666666666667 0.484375
vt 0.4270833333333333 0.484375
vt 0.4375 0.484375
vt 0.4479166666666667 0.484375
vt 0.4583333333333333 0.484375
vt 0.46875 0.484375
vt 0.4791666666666667 0.484375
vt 0.4895833333333333 0.484375
vt 0.5 0.484375
vt 0.5104166666666666 0.484375
vt 0.5208333333333334 0.484375
vt 0.53125 0.484375
vt 0.5416666666666666 0.484375
vt 0.5520833333333334 0.484375
vt 0.5625 0.484375
vt 0.5729166666666666 0.484375
vt 0.5833333333333334 0.484375
vt 0.59375 0.484375
vt 0.6041666666666666 0.484375
vt 0.6145833333333334 0.484375
vt 0.625 0.484375
vt 0.6354166666666666 0.484375
vt 0.6458333333333334 0.484375
vt 0.65625 0.484375
vt 0.6666666666666666 0.484375
vt 0.6770833333333334 0.484375
vt 0.6875 0.484375
vt 0.6979166666666666 0.484375
vt 0.7083333333333334 0.484375
vt 0.71875 0.484375
vt 0.7291666666666666 0.484375
vt 0.7395833333333334 0.484375
vt 0.75 0.484375
vt 0.7604166666666666 0.484375
vt 0.7708333333333334 0.484375
vt 0.78125 0.484375
vt 0.7916666666666666 0.484375
vt 0.8020833333333334 0.484375
vt 0.8125 0.484375
vt 0.8229166666666666 0.484375
vt 0.8333333333333334 0.484375
vt 0.84375 0.484375
vt 0.8541666666666666 0.484375
vt 0.8645833333333334 0.484375
vt 0.875 0.484375
vt 0.8854166666666666 0.484375
vt 0.8958333333333334 0.484375
vt 0.90625 0.484375
vt 0.9166666666666666 0.484375
vt 0.9270833333333334 0.484375
vt 0.9375 0.484375
vt 0.9479166666666666 0.484375
vt 0.9583333333333334 0.484375
vt 0.96875 0.484375
vt 0.9791666666666666 0.484375
vt 0.9895833333333334 0.484375
vt 1 0.484375
vt 0 0.5
vt 0.010416666666666666 0.5
vt 0.020833333333333332 0.5
vt 0.03125 0.5
vt 0.041666666666666664 0.5
vt 0.052083333333333336 0.5
vt 0.0625 0.5
vt 0.07291666666666667 0.5
vt 0.08333333333333333 0.5
vt 0.09375 0.5
vt 0.10416666666666667 0.5
vt 0.11458333333333333 0.5
vt 0.125 0.5
vt 0.13541666666666666 0.5
vt 0.14583333333333334 0.5
vt 0.15625 0.5
vt 0.16666666666666666 0.5
vt 0.17708333333333334 0.5
vt 0.1875 0.5
vt 0.19791666666666666 0.5
vt 0.20833333333333334 0.5
vt 0.21875 0.5
vt 0.22916666666666666 0.5
vt 0.23958333333333334 0.5
vt 0.25 0.5
vt 0.2604166666666667 0.5
vt 0.2708333333333333 0.5
vt 0.28125 0.5
vt 0.2916666666666667 0.5
vt 0.3020833333333333 0.5
vt 0.3125 0.5
vt 0.3229166666666667 0.5
vt 0.3333333333333333 0.5
vt 0.34375 0.5
vt 0.3541666666666667 0.5
vt 0.3645833333333333 0.5
vt 0.375 0.5
vt 0.3854166666666667 0.5
vt 0.3958333333333333 0.5
vt 0.40625 0.5
vt 0.4166666666666667 0.5
vt 0.4270833333333333 0.5
vt 0.4375 0.5
vt 0.4479166666666667 0.5
vt 0.4583333333333333 0.5
vt 0.46875 0.5
vt 0.4791666666666667 0.5
vt 0.4895833333333333 0.5
vt 0.5 0.5
vt 0.5104166666666666 0.5
vt 0.5208333333333334 0.5
vt 0.53125 0.5
vt 0.5416666666666666 0.5
vt 0.5520833333333334 0.5
vt 0.5625 0.5
vt 0.5729166666666666 0.5
vt 0.5833333333333334 0.5
vt 0.59375 0.5
vt 0.6041666666666666 0.5
vt 0.6145833333333334 0.5
vt 0.625 0.5
vt 0.6354166666666666 0.5
vt 0.6458333333333334 0.5
vt 0.65625 0.5
vt 0.6666666666666666 0.5
vt 0.6770833333333334 0.5
vt 0.6875 0.5
vt 0.6979166666666666 0.5
vt 0.7083333333333334 0.5
vt 0.71875 0.5
vt 0.7291666666666666 0.5
vt 0.7395833333333334 0.5
vt 0.75 0.5
vt 0.7604166666666666 0.5
vt 0.7708333333333334 0.5
vt 0.78125 0.5
vt 0.7916666666666666 0.5
vt 0.8020833333333334 0.5
vt 0.8125 0.5
vt 0.8229166666666666 0.5
vt 0.8333333333333334 0.5
vt 0.84375 0.5
vt 0.8541666666666666 0.5
vt 0.8645833333333334 0.5
vt 0.875 0.5
vt 0.8854166666666666 0.5
vt 0.8958333333333334 0.5
vt 0.90625 0.5
vt 0.9166666666666666 0.5
vt 0.9270833333333334 0.5
vt 0.9375 0.5
vt 0.9479166666666666 0.5
vt 0.9583333333333334 0.5
vt 0.96875 0.5
vt 0.9791666666666666 0.5
vt 0.9895833333333334 0.5
vt 1 0.5
vt 0 0.515625
vt 0.010416666666666666 0.515625
vt 0.020833333333333332 0.515625
vt 0.03125 0.515625
vt 0.041666666666666664 0.515625
vt 0.052083333333333336 0.515625
vt 0.0625 0.515625
vt 0.07291666666666667 0.515625
vt 0.08333333333333333 0.515625
vt 0.09375 0.515625
vt 0.10416666666666667 0.515625
vt 0.11458333333333333 0.515625
vt 0.125 0.515625
vt 0.13541666666666666 0.515625
vt 0.14583333333333334 0.515625
vt 0.15625 0.515625
vt 0.16666666666666666 0.515625
vt 0.17708333333333334 0.515625
vt 0.1875 0.515625
vt 0.19791666666666666 0.515625
vt 0.20833333333333334 0.515625
vt 0.21875 0.515625
vt 0.22916666666666666 0.515625
vt 0.23958333333333334 0.515625
vt 0.25 0.515625
vt 0.2604166666666667 0.515625
vt 0.2708333333333333 0.515625
vt 0.28125 0.515625
vt 0.2916666666666667 0.515625
vt 0.3020833333333333 0.515625
vt 0.3125 0.515625
vt 0.3229166666666667 0.515625
vt 0.3333333333333333 0.515625
vt 0.34375 0.515625
vt 0.3541666666666667 0.515625
vt 0.3645833333333333 0.515625
vt 0.375 0.515625
vt 0.3854166666666667 0.515625
vt 0.3958333333333333 0.515625
vt 0.40625 0.515625
vt 0.4166666666666667 0.515625
vt 0.4270833333333333 0.515625
vt 0.4375 0.515625
vt 0.4479166666666667 0.515625
vt 0.4583333333333333 0.515625
vt 0.46875 0.515625
vt 0.4791666666666667 0.515625
vt 0.4895833333333333 0.515625
vt 0.5 0.515625
vt 0.5104166666666666 0.515625
vt 0.5208333333333334 0.515625
vt 0.53125 0.515625
vt 0.5416666666666666 0.515625
vt 0.5520833333333334 0.515625
vt 0.5625 0.515625
vt 0.5729166666666666 0.515625
vt 0.5833333333333334 0.515625
vt 0.59375 0.515625
vt 0.6041666666666666 0.515625
vt 0.6145833333333334 0.515625
vt 0.625 0.515625
vt 0.6354166666666666 0.515625
vt 0.6458333333333334 0.515625
vt 0.65625 0.515625
vt 0.6666666666666666 0.515625
vt 0.6770833333333334 0.515625
vt 0.6875 0.515625
vt 0.6979166666666666 0.515625
vt 0.7083333333333334 0.515625
vt 0.71875 0.515625
vt 0.7291666666666666 0.515625
vt 0.7395833333333334 0.515625
vt 0.75 0.515625
vt 0.7604166666666666 0.515625
vt 0.7708333333333334 0.515625
vt 0.78125 0.515625
vt 0.7916666666666666 0.515625
vt 0.8020833333333334 0.515625
vt 0.8125 0.515625
vt 0.8229166666666666 0.515625
vt 0.8333333333333334 0.515625
vt 0.84375 0.515625
vt 0.8541666666666666 0.515625
vt 0.8645833333333334 0.515625
vt 0.875 0.515625
vt 0.8854166666666666 0.515625
vt 0.8958333333333334 0.515625
vt 0.90625 0.515625
vt 0.9166666666666666 0.515625
vt 0.9270833333333334 0.515625
vt 0.9375 0.515625
vt 0.9479166666666666 0.515625
vt 0.9583333333333334 0.515625
vt 0.96875 0.515625
vt 0.9791666666666666 0.515625
vt 0.9895833333333334 0.515625
vt 1 0.515625
vt 0 0.53125
vt 0.010416666666666666 0.53125
vt 0.020833333333333332 0.53125
vt 0.03125 0.53125
vt 0.041666666666666664 0.53125
vt 0.052083333333333336 0.53125
vt 0.0625 0.53125
vt 0.07291666666666667 0.53125
vt 0.08333333333333333 0.53125
vt 0.09375 0.53125
vt 0.10416666666666667 0.53125
vt 0.11458333333333333 0.53125
vt 0.125 0.53125
vt 0.13541666666666666 0.53125
vt 0.14583333333333334 0.53125
vt 0.15625 0.53125
vt 0.16666666666666666 0.53125
vt 0.17708333333333334 0.53125
vt 0.1875 0.53125
vt 0.19791666666666666 0.53125
vt 0.20833333333333334 0.53125
vt 0.21875 0.53125
vt 0.22916666666666666 0.53125
vt 0.23958333333333334 0.53125
vt 0.25 0.53125
vt 0.2604166666666667 0.53125
vt 0.2708333333333333 0.53125
vt 0.28125 0.53125
vt 0.2916666666666667 0.53125
vt 0.3020833333333333 0.53125
vt 0.3125 0.53125
vt 0.3229166666666667 0.53125
vt 0.3333333333333333 0.53125
vt 0.34375 0.53125
vt 0.3541666666666667 0.53125
vt 0.3645833333333333 0.53125
vt 0.375 0.53125
vt 0.3854166666666667 0.53125
vt 0.3958333333333333 0.53125
vt 0.40625 0.53125
vt 0.4166666666666667 0.53125
vt 0.4270833333333333 0.53125
vt 0.4375 0.53125
vt 0.4479166666666667 0.53125
vt 0.4583333333333333 0.53125
vt 0.46875 0.53125
vt 0.4791666666666667 0.53125
vt 0.4895833333333333 0.53125
vt 0.5 0.53125
vt 0.5104166666666666 0.53125
vt 0.5208333333333334 0.53125
vt 0.53125 0.53125
vt 0.5416666666666666 0.53125
vt 0.5520833333333334 0.53125
vt 0.5625 0.53125
vt 0.5729166666666666 0.53125
vt 0.5833333333333334 0.53125
vt 0.59375 0.53125
vt 0.6041666666666666 0.53125
vt 0.6145833333333334 0.53125
vt 0.625 0.53125
vt 0.6354166666666666 0.53125
vt 0.6458333333333334 0.53125
vt 0.65625 0.53125
vt 0.6666666666666666 0.53125
vt 0.6770833333333334 0.53125
vt 0.6875 0.53125
vt 0.6979166666666666 0.53125
vt 0.7083333333333334 0.53125
vt 0.71875 0.53125
vt 0.7291666666666666 0.53125
vt 0.7395833333333334 0.53125
vt 0.75 0.53125
vt 0.7604166666666666 0.53125
vt 0.7708333333333334 0.53125
vt 0.78125 0.53125
vt 0.7916666666666666 0.53125
vt 0.8020833333333334 0.53125
vt 0.8125 0.53125
vt 0.8229166666666666 0.53125
vt 0.8333333333333334 0.53125
vt 0.84375 0.53125
vt 0.8541666666666666 0.53125
vt 0.8645833333333334 0.53125
vt 0.875 0.53125
vt 0.8854166666666666 0.53125
vt 0.8958333333333334 0.53125
vt 0.90625 0.53125
vt 0.9166666666666666 0.53125
vt 0.9270833333333334 0.53125
vt 0.9375 0.53125
vt 0.9479166666666666 0.53125
vt 0.9583333333333334 0.53125
vt 0.96875 0.53125
vt 0.9791666666666666 0.53125
vt 0.9895833333333334 0.53125
vt 1 0.53125
vt 0 0.546875
vt 0.010416666666666666 0.546875
vt 0.020833333333333332 0.546875
vt 0.03125 0.546875
vt 0.041666666666666664 0.546875
vt 0.052083333333333336 0.546875
vt 0.0625 0.546875
vt 0.07291666666666667 0.546875
vt 0.08333333333333333 0.546875
vt 0.09375 0.546875
vt 0.10416666666666667 0.546875
vt 0.11458333333333333 0.546875
vt 0.125 0.546875
vt 0.13541666666666666 0.546875
vt 0.14583333333333334 0.546875
vt 0.15625 0.546875
vt 0.16666666666666666 0.546875
vt 0.17708333333333334 0.546875
vt 0.1875 0.546875
vt 0.19791666666666666 0.546875
vt 0.20833333333333334 0.546875
vt 0.21875 0.546875
vt 0.22916666666666666 0.546875
vt 0.23958333333333334 0.546875
vt 0.25 0.546875
vt 0.2604166666666667 0.546875
vt 0.2708333333333333 0.546875
vt 0.28125 0.546875
vt 0.2916666666666667 0.546875
vt 0.3020833333333333 0.546875
vt 0.3125 0.546875
vt 0.3229166666666667 0.546875
vt 0.3333333333333333 0.546875
vt 0.34375 0.546875
vt 0.3541666666666667 0.546875
vt 0.3645833333333333 0.546875
vt 0.375 0.546875
vt 0.3854166666666667 0.546875
vt 0.3958333333333333 0.546875
vt 0.40625 0.546875
vt 0.4166666666666667 0.546875
vt 0.4270833333333333 0.546875
vt 0.4375 0.546875
vt 0.4479166666666667 0.546875
vt 0.4583333333333333 0.546875
vt 0.46875 0.546875
vt 0.4791666666666667 0.546875
vt 0.4895833333333333 0.546875
vt 0.5 0.546875
vt 0.5104166666666666 0.546875
vt 0.5208333333333334 0.546875
vt 0.53125 0.546875
vt 0.5416666666666666 0.546875
vt 0.5520833333333334 0.546875
vt 0.5625 0.546875
vt 0.5729166666666666 0.546875
vt 0.5833333333333334 0.546875
vt 0.59375 0.546875
vt 0.6041666666666666 0.546875
vt 0.6145833333333334 0.546875
vt 0.625 0.546875
vt 0.6354166666666666 0.546875
vt 0.6458333333333334 0.546875
vt 0.65625 0.546875
vt 0.6666666666666666 0.546875
vt 0.6770833333333334 0.546875
vt 0.6875 0.546875
vt 0.6979166666666666 0.546875
vt 0.7083333333333334 0.546875
vt 0.71875 0.546875
vt 0.7291666666666666 0.546875
vt 0.7395833333333334 0.546875
vt 0.75 0.546875
vt 0.7604166666666666 0.546875
vt 0.7708333333333334 0.546875
vt 0.78125 0.546875
vt 0.7916666666666666 0.546875
vt 0.8020833333333334 0.546875
vt 0.8125 0.546875
vt 0.8229166666666666 0.546875
vt 0.8333333333333334 0.546875
vt 0.84375 0.546875
vt 0.8541666666666666 0.546875
vt 0.8645833333333334 0.546875
vt 0.875 0.546875
vt 0.8854166666666666 0.546875
vt 0.8958333333333334 0.546875
vt 0.90625 0.546875
vt 0.9166666666666666 0.546875
vt 0.9270833333333334 0.546875
vt 0.9375 0.546875
vt 0.9479166666666666 0.546875
vt 0.9583333333333334 0.546875
vt 0.96875 0.546875
vt 0.9791666666666666 0.546875
vt 0.9895833333333334 0.546875
vt 1 0.546875
vt 0 0.5625
vt 0.010416666666666666 0.5625
vt 0.020833333333333332 0.5625
vt 0.03125 0.5625
vt 0.041666666666666664 0.5625
vt 0.052083333333333336 0.5625
vt 0.0625 0.5625
vt 0.07291666666666667 0.5625
vt 0.08333333333333333 0.5625
vt 0.09375 0.5625
vt 0.10416666666666667 0.5625
vt 0.11458333333333333 0.5625
vt 0.125 0.5625
vt 0.13541666666666666 0.5625
vt 0.14583333333333334 0.5625
vt 0.15625 0.5625
vt 0.16666666666666666 0.5625
vt 0.17708333333333334 0.5625
vt 0.1875 0.5625
vt 0.19791666666666666 0.5625
vt 0.20833333333333334 0.5625
vt 0.21875 0.5625
vt 0.22916666666666666 0.5625
vt 0.23958333333333334 0.5625
vt 0.25 0.5625
vt 0.2604166666666667 0.5625
vt 0.2708333333333333 0.5625
vt 0.28125 0.5625
vt 0.2916666666666667 0.5625
vt 0.3020833333333333 0.5625
vt 0.3125 0.5625
vt 0.3229166666666667 0.5625
vt 0.3333333333333333 0.5625
vt 0.34375 0.5625
vt 0.3541666666666667 0.5625
vt 0.3645833333333333 0.5625
vt 0.375 0.5625
vt 0.3854166666666667 0.5625
vt 0.3958333333333333 0.5625
vt 0.40625 0.5625
vt 0.4166666666666667 0.5625
vt 0.4270833333333333 0.5625
vt 0.4375 0.5625
vt 0.4479166666666667 0.5625
vt 0.4583333333333333 0.5625
vt 0.46875 0.5625
vt 0.4791666666666667 0.5625
vt 0.4895833333333333 0.5625
vt 0.5 0.5625
vt 0.5104166666666666 0.5625
vt 0.5208333333333334 0.5625
vt 0.53125 0.5625
vt 0.5416666666666666 0.5625
vt 0.5520833333333334 0.5625
vt 0.5625 0.5625
vt 0.5729166666666666 0.5625
vt 0.5833333333333334 0.5625
vt 0.59375 0.5625
vt 0.6041666666666666 0.5625
vt 0.6145833333333334 0.5625
vt 0.625 0.5625
vt 0.6354166666666666 0.5625
vt 0.6458333333333334 0.5625
vt 0.65625 0.5625
vt 0.6666666666666666 0.5625
vt 0.6770833333333334 0.5625
vt 0.6875 0.5625
vt 0.6979166666666666 0.5625
vt 0.7083333333333334 0.5625
vt 0.71875 0.5625
vt 0.7291666666666666 0.5625
vt 0.7395833333333334 0.5625
vt 0.75 0.5625
vt 0.7604166666666666 0.5625
vt 0.7708333333333334 0.5625
vt 0.78125 0.5625
vt 0.7916666666666666 0.5625
vt 0.8020833333333334 0.5625
vt 0.8125 0.5625
vt 0.8229166666666666 0.5625
vt 0.8333333333333334 0.5625
vt 0.84375 0.5625
vt 0.8541666666666666 0.5625
vt 0.8645833333333334 0.5625
vt 0.875 0.5625
vt 0.8854166666666666 0.5625
vt 0.8958333333333334 0.5625
vt 0.90625 0.5625
vt 0.9166666666666666 0.5625
vt 0.9270833333333334 0.5625
vt 0.9375 0.5625
vt 0.9479166666666666 0.5625
vt 0.9583333333333334 0.5625
vt 0.96875 0.5625
vt 0.9791666666666666 0.5625
vt 0.9895833333333334 0.5625
vt 1 0.5625
vt 0 0.578125
vt 0.010416666666666666 0.578125
vt 0.020833333333333332 0.578125
vt 0.03125 0.578125
vt 0.041666666666666664 0.578125
vt 0.052083333333333336 0.578125
vt 0.0625 0.578125
vt 0.07291666666666667 0.578125
vt 0.08333333333333333 0.578125
vt 0.09375 0.578125
vt 0.10416666666666667 0.578125
vt 0.11458333333333333 0.578125
vt 0.125 0.578125
vt 0.13541666666666666 0.578125
vt 0.14583333333333334 0.578125
vt 0.15625 0.578125
vt 0.16666666666666666 0.578125
vt 0.17708333333333334 0.578125
vt 0.1875 0.578125
vt 0.19791666666666666 0.578125
vt 0.20833333333333334 0.578125
vt 0.21875 0.578125
vt 0.22916666666666666 0.578125
vt 0.23958333333333334 0.578125
vt 0.25 0.578125
vt 0.2604166666666667 0.578125
vt 0.2708333333333333 0.578125
vt 0.28125 0.578125
vt 0.2916666666666667 0.578125
vt 0.3020833333333333 0.578125
vt 0.3125 0.578125
vt 0.3229166666666667 0.578125
vt 0.3333333333333333 0.578125
vt 0.34375 0.578125
vt 0.3541666666666667 0.578125
vt 0.3645833333333333 0.578125
vt 0.375 0.578125
vt 0.3854166666666667 0.578125
vt 0.3958333333333333 0.578125
vt 0.40625 0.578125
vt 0.4166666666666667 0.578125
vt 0.4270833333333333 0.578125
vt 0.4375 0.578125
vt 0.4479166666666667 0.578125
vt 0.4583333333333333 0.578125
vt 0.46875 0.578125
vt 0.4791666666666667 0.578125
vt 0.4895833333333333 0.578125
vt 0.5 0.578125
vt 0.5104166666666666 0.578125
vt 0.5208333333333334 0.578125
vt 0.53125 0.578125
vt 0.5416666666666666 0.578125
vt 0.5520833333333334 0.578125
vt 0.5625 0.578125
vt 0.5729166666666666 0.578125
vt 0.5833333333333334 0.578125
vt 0.59375 0.578125
vt 0.6041666666666666 0.578125
vt 0.6145833333333334 0.578125
vt 0.625 0.578125
vt 0.6354166666666666 0.578125
vt 0.6458333333333334 0.578125
vt 0.65625 0.578125
vt 0.6666666666666666 0.578125
vt 0.6770833333333334 0.578125
vt 0.6875 0.578125
vt 0.6979166666666666 0.578125
vt 0.7083333333333334 0.578125
vt 0.71875 0.578125
vt 0.7291666666666666 0.578125
vt 0.7395833333333334 0.578125
vt 0.75 0.578125
vt 0.7604166666666666 0.578125
vt 0.7708333333333334 0.578125
vt 0.78125 0.578125
vt 0.7916666666666666 0.578125
vt 0.8020833333333334 0.578125
vt 0.8125 0.578125
vt 0.8229166666666666 0.578125
vt 0.8333333333333334 0.578125
vt 0.84375 0.578125
vt 0.8541666666666666 0.578125
vt 0.8645833333333334 0.578125
vt 0.875 0.578125
vt 0.8854166666666666 0.578125
vt 0.8958333333333334 0.578125
vt 0.90625 0.578125
vt 0.9166666666666666 0.578125
vt 0.9270833333333334 0.578125
vt 0.9375 0.578125
vt 0.9479166666666666 0.578125
vt 0.9583333333333334 0.578125
vt 0.96875 0.578125
vt 0.9791666666666666 0.578125
vt 0.9895833333333334 0.578125
vt 1 0.578125
vt 0 0.59375
vt 0.010416666666666666 0.59375
vt 0.020833333333333332 0.59375
vt 0.03125 0.59375
vt 0.041666666666666664 0.59375
vt 0.052083333333333336 0.59375
vt 0.0625 0.59375
vt 0.07291666666666667 0.59375
vt 0.08333333333333333 0.59375
vt 0.09375 0.59375
vt 0.10416666666666667 0.59375
vt 0.11458333333333333 0.59375
vt 0.125 0.59375
vt 0.13541666666666666 0.59375
vt 0.14583333333333334 0.59375
vt 0.15625 0.59375
vt 0.16666666666666666 0.59375
vt 0.17708333333333334 0.59375
vt 0.1875 0.59375
vt 0.19791666666666666 0.59375
vt 0.20833333333333334 0.59375
vt 0.21875 0.59375
vt 0.22916666666666666 0.59375
vt 0.23958333333333334 0.59375
vt 0.25 0.59375
vt 0.2604166666666667 0.59375
vt 0.2708333333333333 0.59375
vt 0.28125 0.59375
vt 0.2916666666666667 0.59375
vt 0.3020833333333333 0.59375
vt 0.3125 0.59375
vt 0.3229166666666667 0.59375
vt 0.3333333333333333 0.59375
vt 0.34375 0.59375
vt 0.3541666666666667 0.59375
vt 0.3645833333333333 0.59375
vt 0.375 0.59375
vt 0.3854166666666667 0.59375
vt 0.3958333333333333 0.59375
vt 0.40625 0.59375
vt 0.4166666666666667 0.59375
vt 0.4270833333333333 0.59375
vt 0.4375 0.59375
vt 0.4479166666666667 0.59375
vt 0.4583333333333333 0.59375
vt 0.46875 0.59375
vt 0.4791666666666667 0.59375
vt 0.4895833333333333 0.59375
vt 0.5 0.59375
vt 0.5104166666666666 0.59375
vt 0.5208333333333334 0.59375
vt 0.53125 0.59375
vt 0.5416666666666666 0.59375
vt 0.5520833333333334 0.59375
vt 0.5625 0.59375
vt 0.5729166666666666 0.59375
vt 0.5833333333333334 0.59375
vt 0.59375 0.59375
vt 0.6041666666666666 0.59375
vt 0.6145833333333334 0.59375
vt 0.625 0.59375
vt 0.6354166666666666 0.59375
vt 0.6458333333333334 0.59375
vt 0.65625 0.59375
vt 0.6666666666666666 0.59375
vt 0.6770833333333334 0.59375
vt 0.6875 0.59375
vt 0.6979166666666666 0.59375
vt 0.7083333333333334 0.59375
vt 0.71875 0.59375
vt 0.7291666666666666 0.59375
vt 0.7395833333333334 0.59375
vt 0.75 0.59375
vt 0.7604166666666666 0.59375
vt 0.7708333333333334 0.59375
vt 0.78125 0.59375
vt 0.7916666666666666 0.59375
vt 0.8020833333333334 0.59375
vt 0.8125 0.59375
vt 0.8229166666666666 0.59375
vt 0.8333333333333334 0.59375
vt 0.84375 0.59375
vt 0.8541666666666666 0.59375
vt 0.8645833333333334 0.59375
vt 0.875 0.59375
vt 0.8854166666666666 0.59375
vt 0.8958333333333334 0.59375
vt 0.90625 0.59375
vt 0.9166666666666666 0.59375
vt 0.9270833333333334 0.59375
vt 0.9375 0.59375
vt 0.9479166666666666 0.59375
vt 0.9583333333333334 0.59375
vt 0.96875 0.59375
vt 0.9791666666666666 0.59375
vt 0.9895833333333334 0.59375
vt 1 0.59375
vt 0 0.609375
vt 0.010416666666666666 0.609375
vt 0.020833333333333332 0.609375
vt 0.03125 0.609375
vt 0.041666666666666664 0.609375
vt 0.052083333333333336 0.609375
vt 0.0625 0.609375
vt 0.07291666666666667 0.609375
vt 0.08333333333333333 0.609375
vt 0.09375 0.609375
vt 0.10416666666666667 0.609375
vt 0.11458333333333333 0.609375
vt 0.125 0.609375
vt 0.13541666666666666 0.609375
vt 0.14583333333333334 0.609375
vt 0.15625 0.609375
vt 0.16666666666666666 0.609375
vt 0.17708333333333334 0.609375
vt 0.1875 0.609375
vt 0.19791666666666666 0.609375
vt 0.20833333333333334 0.609375
vt 0.21875 0.609375
vt 0.22916666666666666 0.609375
vt 0.23958333333333334 0.609375
vt 0.25 0.609375
vt 0.2604166666666667 0.609375
vt 0.2708333333333333 0.609375
vt 0.28125 0.609375
vt 0.2916666666666667 0.609375
vt 0.3020833333333333 0.609375
vt 0.3125 0.609375
vt 0.3229166666666667 0.609375
vt 0.3333333333333333 0.609375
vt 0.34375 0.609375
vt 0.3541666666666667 0.609375
vt 0.3645833333333333 0.609375
vt 0.375 0.609375
vt 0.3854166666666667 0.609375
vt 0.3958333333333333 0.609375
vt 0.40625 0.609375
vt 0.4166666666666667 0.609375
vt 0.4270833333333333 0.609375
vt 0.4375 0.609375
vt 0.4479166666666667 0.609375
vt 0.4583333333333333 0.609375
vt 0.46875 0.609375
vt 0.4791666666666667 0.609375
vt 0.4895833333333333 0.609375
vt 0.5 0.609375
vt 0.5104166666666666 0.609375
vt 0.5208333333333334 0.609375
vt 0.53125 0.609375
vt 0.5416666666666666 0.609375
vt 0.5520833333333334 0.609375
vt 0.5625 0.609375
vt 0.5729166666666666 0.609375
vt 0.5833333333333334 0.609375
vt 0.59375 0.609375
vt 0.6041666666666666 0.609375
vt 0.6145833333333334 0.609375
vt 0.625 0.609375
vt 0.6354166666666666 0.609375
vt 0.6458333333333334 0.609375
vt 0.65625 0.609375
vt 0.6666666666666666 0.609375
vt 0.6770833333333334 0.609375
vt 0.6875 0.609375
vt 0.6979166666666666 0.609375
vt 0.7083333333333334 0.609375
vt 0.71875 0.609375
vt 0.7291666666666666 0.609375
vt 0.7395833333333334 0.609375
vt 0.75 0.609375
vt 0.7604166666666666 0.609375
vt 0.7708333333333334 0.609375
vt 0.78125 0.609375
vt 0.7916666666666666 0.609375
vt 0.8020833333333334 0.609375
vt 0.8125 0.609375
vt 0.8229166666666666 0.609375
vt 0.8333333333333334 0.609375
vt 0.84375 0.609375
vt 0.8541666666666666 0.609375
vt 0.8645833333333334 0.609375
vt 0.875 0.609375
vt 0.8854166666666666 0.609375
vt 0.8958333333333334 0.609375
vt 0.90625 0.609375
vt 0.9166666666666666 0.609375
vt 0.9270833333333334 0.609375
vt 0.9375 0.609375
vt 0.9479166666666666 0.609375
vt 0.9583333333333334 0.609375
vt 0.96875 0.609375
vt 0.9791666666666666 0.609375
vt 0.9895833333333334 0.609375
vt 1 0.609375
vt 0 0.625
vt 0.010416666666666666 0.625
vt 0.020833333333333332 0.625
vt 0.03125 0.625
vt 0.041666666666666664 0.625
vt 0.052083333333333336 0.625
vt 0.0625 0.625
vt 0.07291666666666667 0.625
vt 0.08333333333333333 0.625
vt 0.09375 0.625
vt 0.10416666666666667 0.625
vt 0.11458333333333333 0.625
vt 0.125 0.625
vt 0.13541666666666666 0.625
vt 0.14583333333333334 0.625
vt 0.15625 0.625
vt 0.16666666666666666 0.625
vt 0.17708333333333334 0.625
vt 0.1875 0.625
vt 0.19791666666666666 0.625
vt 0.20833333333333334 0.625
vt 0.21875 0.625
vt 0.22916666666666666 0.625
vt 0.23958333333333334 0.625
vt 0.25 0.625
vt 0.2604166666666667 0.625
vt 0.2708333333333333 0.625
vt 0.28125 0.625
vt 0.2916666666666667 0.625
vt 0.3020833333333333 0.625
vt 0.3125 0.625
vt 0.3229166666666667 0.625
vt 0.3333333333333333 0.625
vt 0.34375 0.625
vt 0.3541666666666667 0.625
vt 0.3645833333333333 0.625
vt 0.375 0.625
vt 0.3854166666666667 0.625
vt 0.3958333333333333 0.625
vt 0.40625 0.625
vt 0.4166666666666667 0.625
vt 0.4270833333333333 0.625
vt 0.4375 0.625
vt 0.4479166666666667 0.625
vt 0.4583333333333333 0.625
vt 0.46875 0.625
vt 0.4791666666666667 0.625
vt 0.4895833333333333 0.625
vt 0.5 0.625
vt 0.5104166666666666 0.625
vt 0.5208333333333334 0.625
vt 0.53125 0.625
vt 0.5416666666666666 0.625
vt 0.5520833333333334 0.625
vt 0.5625 0.625
vt 0.5729166666666666 0.625
vt 0.5833333333333334 0.625
vt 0.59375 0.625
vt 0.6041666666666666 0.625
vt 0.6145833333333334 0.625
vt 0.625 0.625
vt 0.6354166666666666 0.625
vt 0.6458333333333334 0.625
vt 0.65625 0.625
vt 0.6666666666666666 0.625
vt 0.6770833333333334 0.625
vt 0.6875 0.625
vt 0.6979166666666666 0.625
vt 0.7083333333333334 0.625
vt 0.71875 0.625
vt 0.7291666666666666 0.625
vt 0.7395833333333334 0.625
vt 0.75 0.625
vt 0.7604166666666666 0.625
vt 0.7708333333333334 0.625
vt 0.78125 0.625
vt 0.7916666666666666 0.625
vt 0.8020833333333334 0.625
vt 0.8125 0.625
vt 0.8229166666666666 0.625
vt 0.8333333333333334 0.625
vt 0.84375 0.625
vt 0.8541666666666666 0.625
vt 0.8645833333333334 0.625
vt 0.875 0.625
vt 0.8854166666666666 0.625
vt 0.8958333333333334 0.625
vt 0.90625 0.625
vt 0.9166666666666666 0.625
vt 0.9270833333333334 0.625
vt 0.9375 0.625
vt 0.9479166666666666 0.625
vt 0.9583333333333334 0.625
vt 0.96875 0.625
vt 0.9791666666666666 0.625
vt 0.9895833333333334 0.625
vt 1 0.625
vt 0 0.640625
vt 0.010416666666666666 0.640625
vt 0.020833333333333332 0.640625
vt 0.03125 0.640625
vt 0.041666666666666664 0.640625
vt 0.052083333333333336 0.640625
vt 0.0625 0.640625
vt 0.07291666666666667 0.640625
vt 0.08333333333333333 0.640625
vt 0.09375 0.640625
vt 0.10416666666666667 0.640625
vt 0.11458333333333333 0.640625
vt 0.125 0.640625
vt 0.13541666666666666 0.640625
vt 0.14583333333333334 0.640625
vt 0.15625 0.640625
vt 0.16666666666666666 0.640625
vt 0.17708333333333334 0.640625
vt 0.1875 0.640625
vt 0.19791666666666666 0.640625
vt 0.20833333333333334 0.640625
vt 0.21875 0.640625
vt 0.22916666666666666 0.640625
vt 0.23958333333333334 0.640625
vt 0.25 0.640625
vt 0.2604166666666667 0.640625
vt 0.2708333333333333 0.640625
vt 0.28125 0.640625
vt 0.2916666666666667 0.640625
vt 0.3020833333333333 0.640625
vt 0.3125 0.640625
vt 0.3229166666666667 0.640625
vt 0.3333333333333333 0.640625
vt 0.34375 0.640625
vt 0.3541666666666667 0.640625
vt 0.3645833333333333 0.640625
vt 0.375 0.640625
vt 0.3854166666666667 0.640625
vt 0.3958333333333333 0.640625
vt 0.40625 0.640625
vt 0.4166666666666667 0.640625
vt 0.4270833333333333 0.640625
vt 0.4375 0.640625
vt 0.4479166666666667 0.640625
vt 0.4583333333333333 0.640625
vt 0.46875 0.640625
vt 0.4791666666666667 0.640625
vt 0.4895833333333333 0.640625
vt 0.5 0.640625
vt 0.5104166666666666 0.640625
vt 0.5208333333333334 0.640625
vt 0.53125 0.640625
vt 0.5416666666666666 0.640625
vt 0.5520833333333334 0.640625
vt 0.5625 0.640625
vt 0.5729166666666666 0.640625
vt 0.5833333333333334 0.640625
vt 0.59375 0.640625
vt 0.6041666666666666 0.640625
vt 0.6145833333333334 0.640625
vt 0.625 0.640625
vt 0.6354166666666666 0.640625
vt 0.6458333333333334 0.640625
vt 0.65625 0.640625
vt 0.6666666666666666 0.640625
vt 0.6770833333333334 0.640625
vt 0.6875 0.640625
vt 0.6979166666666666 0.640625
vt 0.7083333333333334 0.640625
vt 0.71875 0.640625
vt 0.7291666666666666 0.640625
vt 0.7395833333333334 0.640625
vt 0.75 0.640625
vt 0.7604166666666666 0.640625
vt 0.7708333333333334 0.640625
vt 0.78125 0.640625
vt 0.7916666666666666 0.640625
vt 0.8020833333333334 0.640625
vt 0.8125 0.640625
vt 0.8229166666666666 0.640625
vt 0.8333333333333334 0.640625
vt 0.84375 0.640625
vt 0.8541666666666666 0.640625
vt 0.8645833333333334 0.640625
vt 0.875 0.640625
vt 0.8854166666666666 0.640625
vt 0.8958333333333334 0.640625
vt 0.90625 0.640625
vt 0.9166666666666666 0.640625
vt 0.9270833333333334 0.640625
vt 0.9375 0.640625
vt 0.9479166666666666 0.640625
vt 0.9583333333333334 0.640625
vt 0.96875 0.640625
vt 0.9791666666666666 0.640625
vt 0.9895833333333334 0.640625
vt 1 0.640625
vt 0 0.65625
vt 0.010416666666666666 0.65625
vt 0.020833333333333332 0.65625
vt 0.03125 0.65625
vt 0.041666666666666664 0.65625
vt 0.052083333333333336 0.65625
vt 0.0625 0.65625
vt 0.07291666666666667 0.65625
vt 0.08333333333333333 0.65625
vt 0.09375 0.65625
vt 0.10416666666666667 0.65625
vt 0.11458333333333333 0.65625
vt 0.125 0.65625
vt 0.13541666666666666 0.65625
vt 0.14583333333333334 0.65625
vt 0.15625 0.65625
vt 0.16666666666666666 0.65625
vt 0.17708333333333334 0.65625
vt 0.1875 0.65625
vt 0.19791666666666666 0.65625
vt 0.20833333333333334 0.65625
vt 0.21875 0.65625
vt 0.22916666666666666 0.65625
vt 0.23958333333333334 0.65625
vt 0.25 0.65625
vt 0.2604166666666667 0.65625
vt 0.2708333333333333 0.65625
vt 0.28125 0.65625
vt 0.2916666666666667 0.65625
vt 0.3020833333333333 0.65625
vt 0.3125 0.65625
vt 0.3229166666666667 0.65625
vt 0.3333333333333333 0.65625
vt 0.34375 0.65625
vt 0.3541666666666667 0.65625
vt 0.3645833333333333 0.65625
vt 0.375 0.65625
vt 0.3854166666666667 0.65625
vt 0.3958333333333333 0.65625
vt 0.40625 0.65625
vt 0.4166666666666667 0.65625
vt 0.4270833333333333 0.65625
vt 0.4375 0.65625
vt 0.4479166666666667 0.65625
vt 0.4583333333333333 0.65625
vt 0.46875 0.65625
vt 0.4791666666666667 0.65625
vt 0.4895833333333333 0.65625
vt 0.5 0.65625
vt 0.5104166666666666 0.65625
vt 0.5208333333333334 0.65625
vt 0.53125 0.65625
vt 0.5416666666666666 0.65625
vt 0.5520833333333334 0.65625
vt 0.5625 0.65625
vt 0.5729166666666666 0.65625
vt 0.5833333333333334 0.65625
vt 0.59375 0.65625
vt 0.6041666666666666 0.65625
vt 0.6145833333333334 0.65625
vt 0.625 0.65625
vt 0.6354166666666666 0.65625
vt 0.6458333333333334 0.65625
vt 0.65625 0.65625
vt 0.6666666666666666 0.65625
vt 0.6770833333333334 0.65625
vt 0.6875 0.65625
vt 0.6979166666666666 0.65625
vt 0.7083333333333334 0.65625
vt 0.71875 0.65625
vt 0.7291666666666666 0.65625
vt 0.7395833333333334 0.65625
vt 0.75 0.65625
vt 0.7604166666666666 0.65625
vt 0.7708333333333334 0.65625
vt 0.78125 0.65625
vt 0.7916666666666666 0.65625
vt 0.8020833333333334 0.65625
vt 0.8125 0.65625
vt 0.8229166666666666 0.65625
vt 0.8333333333333334 0.65625
vt 0.84375 0.65625
vt 0.8541666666666666 0.65625
vt 0.8645833333333334 0.65625
vt 0.875 0.65625
vt 0.8854166666666666 0.65625
vt 0.8958333333333334 0.65625
vt 0.90625 0.65625
vt 0.9166666666666666 0.65625
vt 0.9270833333333334 0.65625
vt 0.9375 0.65625
vt 0.9479166666666666 0.65625
vt 0.9583333333333334 0.65625
vt 0.96875 0.65625
vt 0.9791666666666666 0.65625
vt 0.9895833333333334 0.65625
vt 1 0.65625
vt 0 0.671875
vt 0.010416666666666666 0.671875
vt 0.020833333333333332 0.671875
vt 0.03125 0.671875
vt 0.041666666666666664 0.671875
vt 0.052083333333333336 0.671875
vt 0.0625 0.671875
vt 0.07291666666666667 0.671875
vt 0.08333333333333333 0.671875
vt 0.09375 0.671875
vt 0.10416666666666667 0.671875
vt 0.11458333333333333 0.671875
vt 0.125 0.671875
vt 0.13541666666666666 0.671875
vt 0.14583333333333334 0.671875
vt 0.15625 0.671875
vt 0.16666666666666666 0.671875
vt 0.17708333333333334 0.671875
vt 0.1875 0.671875
vt 0.19791666666666666 0.671875
vt 0.20833333333333334 0.671875
vt 0.21875 0.671875
vt 0.22916666666666666 0.671875
vt 0.23958333333333334 0.671875
vt 0.25 0.671875
vt 0.2604166666666667 0.671875
vt 0.2708333333333333 0.671875
vt 0.28125 0.671875
vt 0.2916666666666667 0.671875
vt 0.3020833333333333 0.671875
vt 0.3125 0.671875
vt 0.3229166666666667 0.671875
vt 0.3333333333333333 0.671875
vt 0.34375 0.671875
vt 0.3541666666666667 0.671875
vt 0.3645833333333333 0.671875
vt 0.375 0.671875
vt 0.3854166666666667 0.671875
vt 0.3958333333333333 0.671875
vt 0.40625 0.671875
vt 0.4166666666666667 0.671875
vt 0.4270833333333333 0.671875
vt 0.4375 0.671875
vt 0.4479166666666667 0.671875
vt 0.4583333333333333 0.671875
vt 0.46875 0.671875
vt 0.4791666666666667 0.671875
vt 0.4895833333333333 0.671875
vt 0.5 0.671875
vt 0.5104166666666666 0.671875
vt 0.5208333333333334 0.671875
vt 0.53125 0.671875
vt 0.5416666666666666 0.671875
vt 0.5520833333333334 0.671875
vt 0.5625 0.671875
vt 0.5729166666666666 0.671875
vt 0.5833333333333334 0.671875
vt 0.59375 0.671875
vt 0.6041666666666666 0.671875
vt 0.6145833333333334 0.671875
vt 0.625 0.671875
vt 0.6354166666666666 0.671875
vt 0.6458333333333334 0.671875
vt 0.65625 0.671875
vt 0.6666666666666666 0.671875
vt 0.6770833333333334 0.671875
vt 0.6875 0.671875
vt 0.6979166666666666 0.671875
vt 0.7083333333333334 0.671875
vt 0.71875 0.671875
vt 0.7291666666666666 0.671875
vt 0.7395833333333334 0.671875
vt 0.75 0.671875
vt 0.7604166666666666 0.671875
vt 0.7708333333333334 0.671875
vt 0.78125 0.671875
vt 0.7916666666666666 0.671875
vt 0.8020833333333334 0.671875
vt 0.8125 0.671875
vt 0.8229166666666666 0.671875
vt 0.8333333333333334 0.671875
vt 0.84375 0.671875
vt 0.8541666666666666 0.671875
vt 0.8645833333333334 0.671875
vt 0.875 0.671875
vt 0.8854166666666666 0.671875
vt 0.8958333333333334 0.671875
vt 0.90625 0.671875
vt 0.9166666666666666 0.671875
vt 0.9270833333333334 0.671875
vt 0.9375 0.671875
vt 0.9479166666666666 0.671875
vt 0.9583333333333334 0.671875
vt 0.96875 0.671875
vt 0.9791666666666666 0.671875
vt 0.9895833333333334 0.671875
vt 1 0.671875
vt 0 0.6875
vt 0.010416666666666666 0.6875
vt 0.020833333333333332 0.6875
vt 0.03125 0.6875
vt 0.041666666666666664 0.6875
vt 0.052083333333333336 0.6875
vt 0.0625 0.6875
vt 0.07291666666666667 0.6875
vt 0.08333333333333333 0.6875
vt 0.09375 0.6875
vt 0.10416666666666667 0.6875
vt 0.11458333333333333 0.6875
vt 0.125 0.6875
vt 0.13541666666666666 0.6875
vt 0.14583333333333334 0.6875
vt 0.15625 0.6875
vt 0.16666666666666666 0.6875
vt 0.17708333333333334 0.6875
vt 0.1875 0.6875
vt 0.19791666666666666 0.6875
vt 0.20833333333333334 0.6875
vt 0.21875 0.6875
vt 0.22916666666666666 0.6875
vt 0.23958333333333334 0.6875
vt 0.25 0.6875
vt 0.2604166666666667 0.6875
vt 0.2708333333333333 0.6875
vt 0.28125 0.6875
vt 0.2916666666666667 0.6875
vt 0.3020833333333333 0.6875
vt 0.3125 0.6875
vt 0.3229166666666667 0.6875
vt 0.3333333333333333 0.6875
vt 0.34375 0.6875
vt 0.3541666666666667 0.6875
vt 0.3645833333333333 0.6875
vt 0.375 0.6875
vt 0.3854166666666667 0.6875
vt 0.3958333333333333 0.6875
vt 0.40625 0.6875
vt 0.4166666666666667 0.6875
vt 0.4270833333333333 0.6875
vt 0.4375 0.6875
vt 0.4479166666666667 0.6875
vt 0.4583333333333333 0.6875
vt 0.46875 0.6875
vt 0.4791666666666667 0.6875
vt 0.4895833333333333 0.6875
vt 0.5 0.6875
vt 0.5104166666666666 0.6875
vt 0.5208333333333334 0.6875
vt 0.53125 0.6875
vt 0.5416666666666666 0.6875
vt 0.5520833333333334 0.6875
vt 0.5625 0.6875
vt 0.5729166666666666 0.6875
vt 0.5833333333333334 0.6875
vt 0.59375 0.6875
vt 0.6041666666666666 0.6875
vt 0.6145833333333334 0.6875
vt 0.625 0.6875
vt 0.6354166666666666 0.6875
vt 0.6458333333333334 0.6875
vt 0.65625 0.6875
vt 0.6666666666666666 0.6875
vt 0.6770833333333334 0.6875
vt 0.6875 0.6875
vt 0.6979166666666666 0.6875
vt 0.7083333333333334 0.6875
vt 0.71875 0.6875
vt 0.7291666666666666 0.6875
vt 0.7395833333333334 0.6875
vt 0.75 0.6875
vt 0.7604166666666666 0.6875
vt 0.7708333333333334 0.6875
vt 0.78125 0.6875
vt 0.7916666666666666 0.6875
vt 0.8020833333333334 0.6875
vt 0.8125 0.6875
vt 0.8229166666666666 0.6875
vt 0.8333333333333334 0.6875
vt 0.84375 0.6875
vt 0.8541666666666666 0.6875
vt 0.8645833333333334 0.6875
vt 0.875 0.6875
vt 0.8854166666666666 0.6875
vt 0.8958333333333334 0.6875
vt 0.90625 0.6875
vt 0.9166666666666666 0.6875
vt 0.9270833333333334 0.6875
vt 0.9375 0.6875
vt 0.9479166666666666 0.6875
vt 0.9583333333333334 0.6875
vt 0.96875 0.6875
vt 0.9791666666666666 0.6875
vt 0.9895833333333334 0.6875
vt 1 0.6875
vt 0 0.703125
vt 0.010416666666666666 0.703125
vt 0.020833333333333332 0.703125
vt 0.03125 0.703125
vt 0.041666666666666664 0.703125
vt 0.052083333333333336 0.703125
vt 0.0625 0.703125
vt 0.07291666666666667 0.703125
vt 0.08333333333333333 0.703125
vt 0.09375 0.703125
vt 0.10416666666666667 0.703125
vt 0.11458333333333333 0.703125
vt 0.125 0.703125
vt 0.13541666666666666 0.703125
vt 0.14583333333333334 0.703125
vt 0.15625 0.703125
vt 0.16666666666666666 0.703125
vt 0.17708333333333334 0.703125
vt 0.1875 0.703125
vt 0.19791666666666666 0.703125
vt 0.20833333333333334 0.703125
vt 0.21875 0.703125
vt 0.22916666666666666 0.703125
vt 0.23958333333333334 0.703125
vt 0.25 0.703125
vt 0.2604166666666667 0.703125
vt 0.2708333333333333 0.703125
vt 0.28125 0.703125
vt 0.2916666666666667 0.703125
vt 0.3020833333333333 0.703125
vt 0.3125 0.703125
vt 0.3229166666666667 0.703125
vt 0.3333333333333333 0.703125
vt 0.34375 0.703125
vt 0.3541666666666667 0.703125
vt 0.3645833333333333 0.703125
vt 0.375 0.703125
vt 0.3854166666666667 0.703125
vt 0.3958333333333333 0.703125
vt 0.40625 0.703125
vt 0.4166666666666667 0.703125
vt 0.4270833333333333 0.703125
vt 0.4375 0.703125
vt 0.4479166666666667 0.703125
vt 0.4583333333333333 0.703125
vt 0.46875 0.703125
vt 0.4791666666666667 0.703125
vt 0.4895833333333333 0.703125
vt 0.5 0.703125
vt 0.5104166666666666 0.703125
vt 0.5208333333333334 0.703125
vt 0.53125 0.703125
vt 0.5416666666666666 0.703125
vt 0.5520833333333334 0.703125
vt 0.5625 0.703125
vt 0.5729166666666666 0.703125
vt 0.5833333333333334 0.703125
vt 0.59375 0.703125
vt 0.6041666666666666 0.703125
vt 0.6145833333333334 0.703125
vt 0.625 0.703125
vt 0.6354166666666666 0.703125
vt 0.6458333333333334 0.703125
vt 0.65625 0.703125
vt 0.6666666666666666 0.703125
vt 0.6770833333333334 0.703125
vt 0.6875 0.703125
vt 0.6979166666666666 0.703125
vt 0.7083333333333334 0.703125
vt 0.71875 0.703125
vt 0.7291666666666666 0.703125
vt 0.7395833333333334 0.703125
vt 0.75 0.703125
vt 0.7604166666666666 0.703125
vt 0.7708333333333334 0.703125
vt 0.78125 0.703125
vt 0.7916666666666666 0.703125
vt 0.8020833333333334 0.703125
vt 0.8125 0.703125
vt 0.8229166666666666 0.703125
vt 0.8333333333333334 0.703125
vt 0.84375 0.703125
vt 0.8541666666666666 0.703125
vt 0.8645833333333334 0.703125
vt 0.875 0.703125
vt 0.8854166666666666 0.703125
vt 0.8958333333333334 0.703125
vt 0.90625 0.703125
vt 0.9166666666666666 0.703125
vt 0.9270833333333334 0.703125
vt 0.9375 0.703125
vt 0.9479166666666666 0.703125
vt 0.9583333333333334 0.703125
vt 0.96875 0.703125
vt 0.9791666666666666 0.703125
vt 0.9895833333333334 0.703125
vt 1 0.703125
vt 0 0.71875
vt 0.010416666666666666 0.71875
vt 0.020833333333333332 0.71875
vt 0.03125 0.71875
vt 0.041666666666666664 0.71875
vt 0.052083333333333336 0.71875
vt 0.0625 0.71875
vt 0.07291666666666667 0.71875
vt 0.08333333333333333 0.71875
vt 0.09375 0.71875
vt 0.10416666666666667 0.71875
vt 0.11458333333333333 0.71875
vt 0.125 0.71875
vt 0.13541666666666666 0.71875
vt 0.14583333333333334 0.71875
vt 0.15625 0.71875
vt 0.16666666666666666 0.71875
vt 0.17708333333333334 0.71875
vt 0.1875 0.71875
vt 0.19791666666666666 0.71875
vt 0.20833333333333334 0.71875
vt 0.21875 0.71875
vt 0.22916666666666666 0.71875
vt 0.23958333333333334 0.71875
vt 0.25 0.71875
vt 0.2604166666666667 0.71875
vt 0.2708333333333333 0.71875
vt 0.28125 0.71875
vt 0.2916666666666667 0.71875
vt 0.3020833333333333 0.71875
vt 0.3125 0.71875
vt 0.3229166666666667 0.71875
vt 0.3333333333333333 0.71875
vt 0.34375 0.71875
vt 0.3541666666666667 0.71875
vt 0.3645833333333333 0.71875
vt 0.375 0.71875
vt 0.3854166666666667 0.71875
vt 0.3958333333333333 0.71875
vt 0.40625 0.71875
vt 0.4166666666666667 0.71875
vt 0.4270833333333333 0.71875
vt 0.4375 0.71875
vt 0.4479166666666667 0.71875
vt 0.4583333333333333 0.71875
vt 0.46875 0.71875
vt 0.4791666666666667 0.71875
vt 0.4895833333333333 0.71875
vt 0.5 0.71875
vt 0.5104166666666666 0.71875
vt 0.5208333333333334 0.71875
vt 0.53125 0.71875
vt 0.5416666666666666 0.71875
vt 0.5520833333333334 0.71875
vt 0.5625 0.71875
vt 0.5729166666666666 0.71875
vt 0.5833333333333334 0.71875
vt 0.59375 0.71875
vt 0.6041666666666666 0.71875
vt 0.6145833333333334 0.71875
vt 0.625 0.71875
vt 0.6354166666666666 0.71875
vt 0.6458333333333334 0.71875
vt 0.65625 0.71875
vt 0.6666666666666666 0.71875
vt 0.6770833333333334 0.71875
vt 0.6875 0.71875
vt 0.6979166666666666 0.71875
vt 0.7083333333333334 0.71875
vt 0.71875 0.71875
vt 0.7291666666666666 0.71875
vt 0.7395833333333334 0.71875
vt 0.75 0.71875
vt 0.7604166666666666 0.71875
vt 0.7708333333333334 0.71875
vt 0.78125 0.71875
vt 0.7916666666666666 0.71875
vt 0.8020833333333334 0.71875
vt 0.8125 0.71875
vt 0.8229166666666666 0.71875
vt 0.8333333333333334 0.71875
vt 0.84375 0.71875
vt 0.8541666666666666 0.71875
vt 0.8645833333333334 0.71875
vt 0.875 0.71875
vt 0.8854166666666666 0.71875
vt 0.8958333333333334 0.71875
vt 0.90625 0.71875
vt 0.9166666666666666 0.71875
vt 0.9270833333333334 0.71875
vt 0.9375 0.71875
vt 0.9479166666666666 0.71875
vt 0.9583333333333334 0.71875
vt 0.96875 0.71875
vt 0.9791666666666666 0.71875
vt 0.9895833333333334 0.71875
vt 1 0.71875
vt 0 0.734375
vt 0.010416666666666666 0.734375
vt 0.020833333333333332 0.734375
vt 0.03125 0.734375
vt 0.041666666666666664 0.734375
vt 0.052083333333333336 0.734375
vt 0.0625 0.734375
vt 0.07291666666666667 0.734375
vt 0.08333333333333333 0.734375
vt 0.09375 0.734375
vt 0.10416666666666667 0.734375
vt 0.11458333333333333 0.734375
vt 0.125 0.734375
vt 0.13541666666666666 0.734375
vt 0.14583333333333334 0.734375
vt 0.15625 0.734375
vt 0.16666666666666666 0.734375
vt 0.17708333333333334 0.734375
vt 0.1875 0.734375
vt 0.19791666666666666 0.734375
vt 0.20833333333333334 0.734375
vt 0.21875 0.734375
vt 0.22916666666666666 0.734375
vt 0.23958333333333334 0.734375
vt 0.25 0.734375
vt 0.2604166666666667 0.734375
vt 0.2708333333333333 0.734375
vt 0.28125 0.734375
vt 0.2916666666666667 0.734375
vt 0.3020833333333333 0.734375
vt 0.3125 0.734375
vt 0.3229166666666667 0.734375
vt 0.3333333333333333 0.734375
vt 0.34375 0.734375
vt 0.3541666666666667 0.734375
vt 0.3645833333333333 0.734375
vt 0.375 0.734375
vt 0.3854166666666667 0.734375
vt 0.3958333333333333 0.734375
vt 0.40625 0.734375
vt 0.4166666666666667 0.734375
vt 0.4270833333333333 0.734375
vt 0.4375 0.734375
vt 0.4479166666666667 0.734375
vt 0.4583333333333333 0.734375
vt 0.46875 0.734375
vt 0.4791666666666667 0.734375
vt 0.4895833333333333 0.734375
vt 0.5 0.734375
vt 0.5104166666666666 0.734375
vt 0.5208333333333334 0.734375
vt 0.53125 0.734375
vt 0.5416666666666666 0.734375
vt 0.5520833333333334 0.734375
vt 0.5625 0.734375
vt 0.5729166666666666 0.734375
vt 0.5833333333333334 0.734375
vt 0.59375 0.734375
vt 0.6041666666666666 0.734375
vt 0.6145833333333334 0.734375
vt 0.625 0.734375
vt 0.6354166666666666 0.734375
vt 0.6458333333333334 0.734375
vt 0.65625 0.734375
vt 0.6666666666666666 0.734375
vt 0.6770833333333334 0.734375
vt 0.6875 0.734375
vt 0.6979166666666666 0.734375
vt 0.7083333333333334 0.734375
vt 0.71875 0.734375
vt 0.7291666666666666 0.734375
vt 0.7395833333333334 0.734375
vt 0.75 0.734375
vt 0.7604166666666666 0.734375
vt 0.7708333333333334 0.734375
vt 0.78125 0.734375
vt 0.7916666666666666 0.734375
vt 0.8020833333333334 0.734375
vt 0.8125 0.734375
vt 0.8229166666666666 0.734375
vt 0.8333333333333334 0.734375
vt 0.84375 0.734375
vt 0.8541666666666666 0.734375
vt 0.8645833333333334 0.734375
vt 0.875 0.734375
vt 0.8854166666666666 0.734375
vt 0.8958333333333334 0.734375
vt 0.90625 0.734375
vt 0.9166666666666666 0.734375
vt 0.9270833333333334 0.734375
vt 0.9375 0.734375
vt 0.9479166666666666 0.734375
vt 0.9583333333333334 0.734375
vt 0.96875 0.734375
vt 0.9791666666666666 0.734375
vt 0.9895833333333334 0.734375
vt 1 0.734375
vt 0 0.75
vt 0.010416666666666666 0.75
vt 0.020833333333333332 0.75
vt 0.03125 0.75
vt 0.041666666666666664 0.75
vt 0.052083333333333336 0.75
vt 0.0625 0.75
vt 0.07291666666666667 0.75
vt 0.08333333333333333 0.75
vt 0.09375 0.75
vt 0.10416666666666667 0.75
vt 0.11458333333333333 0.75
vt 0.125 0.75
vt 0.13541666666666666 0.75
vt 0.14583333333333334 0.75
vt 0.15625 0.75
vt 0.16666666666666666 0.75
vt 0.17708333333333334 0.75
vt 0.1875 0.75
vt 0.19791666666666666 0.75
vt 0.20833333333333334 0.75
vt 0.21875 0.75
vt 0.22916666666666666 0.75
vt 0.23958333333333334 0.75
vt 0.25 0.75
vt 0.2604166666666667 0.75
vt 0.2708333333333333 0.75
vt 0.28125 0.75
vt 0.2916666666666667 0.75
vt 0.3020833333333333 0.75
vt 0.3125 0.75
vt 0.3229166666666667 0.75
vt 0.3333333333333333 0.75
vt 0.34375 0.75
vt 0.3541666666666667 0.75
vt 0.3645833333333333 0.75
vt 0.375 0.75
vt 0.3854166666666667 0.75
vt 0.3958333333333333 0.75
vt 0.40625 0.75
vt 0.4166666666666667 0.75
vt 0.4270833333333333 0.75
vt 0.4375 0.75
vt 0.4479166666666667 0.75
vt 0.4583333333333333 0.75
vt 0.46875 0.75
vt 0.4791666666666667 0.75
vt 0.4895833333333333 0.75
vt 0.5 0.75
vt 0.5104166666666666 0.75
vt 0.5208333333333334 0.75
vt 0.53125 0.75
vt 0.5416666666666666 0.75
vt 0.5520833333333334 0.75
vt 0.5625 0.75
vt 0.5729166666666666 0.75
vt 0.5833333333333334 0.75
vt 0.59375 0.75
vt 0.6041666666666666 0.75
vt 0.6145833333333334 0.75
vt 0.625 0.75
vt 0.6354166666666666 0.75
vt 0.6458333333333334 0.75
vt 0.65625 0.75
vt 0.6666666666666666 0.75
vt 0.6770833333333334 0.75
vt 0.6875 0.75
vt 0.6979166666666666 0.75
vt 0.7083333333333334 0.75
vt 0.71875 0.75
vt 0.7291666666666666 0.75
vt 0.7395833333333334 0.75
vt 0.75 0.75
vt 0.7604166666666666 0.75
vt 0.7708333333333334 0.75
vt 0.78125 0.75
vt 0.7916666666666666 0.75
vt 0.8020833333333334 0.75
vt 0.8125 0.75
vt 0.8229166666666666 0.75
vt 0.8333333333333334 0.75
vt 0.84375 0.75
vt 0.8541666666666666 0.75
vt 0.8645833333333334 0.75
vt 0.875 0.75
vt 0.8854166666666666 0.75
vt 0.8958333333333334 0.75
vt 0.90625 0.75
vt 0.9166666666666666 0.75
vt 0.9270833333333334 0.75
vt 0.9375 0.75
vt 0.9479166666666666 0.75
vt 0.9583333333333334 0.75
vt 0.96875 0.75
vt 0.9791666666666666 0.75
vt 0.9895833333333334 0.75
vt 1 0.75
vt 0 0.765625
vt 0.010416666666666666 0.765625
vt 0.020833333333333332 0.765625
vt 0.03125 0.765625
vt 0.041666666666666664 0.765625
vt 0.052083333333333336 0.765625
vt 0.0625 0.765625
vt 0.07291666666666667 0.765625
vt 0.08333333333333333 0.765625
vt 0.09375 0.765625
vt 0.10416666666666667 0.765625
vt 0.11458333333333333 0.765625
vt 0.125 0.765625
vt 0.13541666666666666 0.765625
vt 0.14583333333333334 0.765625
vt 0.15625 0.765625
vt 0.16666666666666666 0.765625
vt 0.17708333333333334 0.765625
vt 0.1875 0.765625
vt 0.19791666666666666 0.765625
vt 0.20833333333333334 0.765625
vt 0.21875 0.765625
vt 0.22916666666666666 0.765625
vt 0.23958333333333334 0.765625
vt 0.25 0.765625
vt 0.2604166666666667 0.765625
vt 0.2708333333333333 0.765625
vt 0.28125 0.765625
vt 0.2916666666666667 0.765625
vt 0.3020833333333333 0.765625
vt 0.3125 0.765625
vt 0.3229166666666667 0.765625
vt 0.3333333333333333 0.765625
vt 0.34375 0.765625
vt 0.3541666666666667 0.765625
vt 0.3645833333333333 0.765625
vt 0.375 0.765625
vt 0.3854166666666667 0.765625
vt 0.3958333333333333 0.765625
vt 0.40625 0.765625
vt 0.4166666666666667 0.765625
vt 0.4270833333333333 0.765625
vt 0.4375 0.765625
vt 0.4479166666666667 0.765625
vt 0.4583333333333333 0.765625
vt 0.46875 0.765625
vt 0.4791666666666667 0.765625
vt 0.4895833333333333 0.765625
vt 0.5 0.765625
vt 0.5104166666666666 0.765625
vt 0.5208333333333334 0.765625
vt 0.53125 0.765625
vt 0.5416666666666666 0.765625
vt 0.5520833333333334 0.765625
vt 0.5625 0.765625
vt 0.5729166666666666 0.765625
vt 0.5833333333333334 0.765625
vt 0.59375 0.765625
vt 0.6041666666666666 0.765625
vt 0.6145833333333334 0.765625
vt 0.625 0.765625
vt 0.6354166666666666 0.765625
vt 0.6458333333333334 0.765625
vt 0.65625 0.765625
vt 0.6666666666666666 0.765625
vt 0.6770833333333334 0.765625
vt 0.6875 0.765625
vt 0.6979166666666666 0.765625
vt 0.7083333333333334 0.765625
vt 0.71875 0.765625
vt 0.7291666666666666 0.765625
vt 0.7395833333333334 0.765625
vt 0.75 0.765625
vt 0.7604166666666666 0.765625
vt 0.7708333333333334 0.765625
vt 0.78125 0.765625
vt 0.7916666666666666 0.765625
vt 0.8020833333333334 0.765625
vt 0.8125 0.765625
vt 0.8229166666666666 0.765625
vt 0.8333333333333334 0.765625
vt 0.84375 0.765625
vt 0.8541666666666666 0.765625
vt 0.8645833333333334 0.765625
vt 0.875 0.765625
vt 0.8854166666666666 0.765625
vt 0.8958333333333334 0.765625
vt 0.90625 0.765625
vt 0.9166666666666666 0.765625
vt 0.9270833333333334 0.765625
vt 0.9375 0.765625
vt 0.9479166666666666 0.765625
vt 0.9583333333333334 0.765625
vt 0.96875 0.765625
vt 0.9791666666666666 0.765625
vt 0.9895833333333334 0.765625
vt 1 0.765625
vt 0 0.78125
vt 0.010416666666666666 0.78125
vt 0.020833333333333332 0.78125
vt 0.03125 0.78125
vt 0.041666666666666664 0.78125
vt 0.052083333333333336 0.78125
vt 0.0625 0.78125
vt 0.07291666666666667 0.78125
vt 0.08333333333333333 0.78125
vt 0.09375 0.78125
vt 0.10416666666666667 0.78125
vt 0.11458333333333333 0.78125
vt 0.125 0.78125
vt 0.13541666666666666 0.78125
vt 0.14583333333333334 0.78125
vt 0.15625 0.78125
vt 0.16666666666666666 0.78125
vt 0.17708333333333334 0.78125
vt 0.1875 0.78125
vt 0.19791666666666666 0.78125
vt 0.20833333333333334 0.78125
vt 0.21875 0.78125
vt 0.22916666666666666 0.78125
vt 0.23958333333333334 0.78125
vt 0.25 0.78125
vt 0.2604166666666667 0.78125
vt 0.2708333333333333 0.78125
vt 0.28125 0.78125
vt 0.2916666666666667 0.78125
vt 0.3020833333333333 0.78125
vt 0.3125 0.78125
vt 0.3229166666666667 0.78125
vt 0.3333333333333333 0.78125
vt 0.34375 0.78125
vt 0.3541666666666667 0.78125
vt 0.3645833333333333 0.78125
vt 0.375 0.78125
vt 0.3854166666666667 0.78125
vt 0.3958333333333333 0.78125
vt 0.40625 0.78125
vt 0.4166666666666667 0.78125
vt 0.4270833333333333 0.78125
vt 0.4375 0.78125
vt 0.4479166666666667 0.78125
vt 0.4583333333333333 0.78125
vt 0.46875 0.78125
vt 0.4791666666666667 0.78125
vt 0.4895833333333333 0.78125
vt 0.5 0.78125
vt 0.5104166666666666 0.78125
vt 0.5208333333333334 0.78125
vt 0.53125 0.78125
vt 0.5416666666666666 0.78125
vt 0.5520833333333334 0.78125
vt 0.5625 0.78125
vt 0.5729166666666666 0.78125
vt 0.5833333333333334 0.78125
vt 0.59375 0.78125
vt 0.6041666666666666 0.78125
vt 0.6145833333333334 0.78125
vt 0.625 0.78125
vt 0.6354166666666666 0.78125
vt 0.6458333333333334 0.78125
vt 0.65625 0.78125
vt 0.6666666666666666 0.78125
vt 0.6770833333333334 0.78125
vt 0.6875 0.78125
vt 0.6979166666666666 0.78125
vt 0.7083333333333334 0.78125
vt 0.71875 0.78125
vt 0.7291666666666666 0.78125
vt 0.7395833333333334 0.78125
vt 0.75 0.78125
vt 0.7604166666666666 0.78125
vt 0.7708333333333334 0.78125
vt 0.78125 0.78125
vt 0.7916666666666666 0.78125
vt 0.8020833333333334 0.78125
vt 0.8125 0.78125
vt 0.8229166666666666 0.78125
vt 0.8333333333333334 0.78125
vt 0.84375 0.78125
vt 0.8541666666666666 0.78125
vt 0.8645833333333334 0.78125
vt 0.875 0.78125
vt 0.8854166666666666 0.78125
vt 0.8958333333333334 0.78125
vt 0.90625 0.78125
vt 0.9166666666666666 0.78125
vt 0.9270833333333334 0.78125
vt 0.9375 0.78125
vt 0.9479166666666666 0.78125
vt 0.9583333333333334 0.78125
vt 0.96875 0.78125
vt 0.9791666666666666 0.78125
vt 0.9895833333333334 0.78125
vt 1 0.78125
vt 0 0.796875
vt 0.010416666666666666 0.796875
vt 0.020833333333333332 0.796875
vt 0.03125 0.796875
vt 0.041666666666666664 0.796875
vt 0.052083333333333336 0.796875
vt 0.0625 0.796875
vt 0.07291666666666667 0.796875
vt 0.08333333333333333 0.796875
vt 0.09375 0.796875
vt 0.10416666666666667 0.796875
vt 0.11458333333333333 0.796875
vt 0.125 0.796875
vt 0.13541666666666666 0.796875
vt 0.14583333333333334 0.796875
vt 0.15625 0.796875
vt 0.16666666666666666 0.796875
vt 0.17708333333333334 0.796875
vt 0.1875 0.796875
vt 0.19791666666666666 0.796875
vt 0.20833333333333334 0.796875
vt 0.21875 0.796875
vt 0.22916666666666666 0.796875
vt 0.23958333333333334 0.796875
vt 0.25 0.796875
vt 0.2604166666666667 0.796875
vt 0.2708333333333333 0.796875
vt 0.28125 0.796875
vt 0.2916666666666667 0.796875
vt 0.3020833333333333 0.796875
vt 0.3125 0.796875
vt 0.3229166666666667 0.796875
vt 0.3333333333333333 0.796875
vt 0.34375 0.796875
vt 0.3541666666666667 0.796875
vt 0.3645833333333333 0.796875
vt 0.375 0.796875
vt 0.3854166666666667 0.796875
vt 0.3958333333333333 0.796875
vt 0.40625 0.796875
vt 0.4166666666666667 0.796875
vt 0.4270833333333333 0.796875
vt 0.4375 0.796875
vt 0.4479166666666667 0.796875
vt 0.4583333333333333 0.796875
vt 0.46875 0.796875
vt 0.4791666666666667 0.796875
vt 0.4895833333333333 0.796875
vt 0.5 0.796875
vt 0.5104166666666666 0.796875
vt 0.5208333333333334 0.796875
vt 0.53125 0.796875
vt 0.5416666666666666 0.796875
vt 0.5520833333333334 0.796875
vt 0.5625 0.796875
vt 0.5729166666666666 0.796875
vt 0.5833333333333334 0.796875
vt 0.59375 0.796875
vt 0.6041666666666666 0.796875
vt 0.6145833333333334 0.796875
vt 0.625 0.796875
vt 0.6354166666666666 0.796875
vt 0.6458333333333334 0.796875
vt 0.65625 0.796875
vt 0.6666666666666666 0.796875
vt 0.6770833333333334 0.796875
vt 0.6875 0.796875
vt 0.6979166666666666 0.796875
vt 0.7083333333333334 0.796875
vt 0.71875 0.796875
vt 0.7291666666666666 0.796875
vt 0.7395833333333334 0.796875
vt 0.75 0.796875
vt 0.7604166666666666 0.796875
vt 0.7708333333333334 0.796875
vt 0.78125 0.796875
vt 0.7916666666666666 0.796875
vt 0.8020833333333334 0.796875
vt 0.8125 0.796875
vt 0.8229166666666666 0.796875
vt 0.8333333333333334 0.796875
vt 0.84375 0.796875
vt 0.8541666666666666 0.796875
vt 0.8645833333333334 0.796875
vt 0.875 0.796875
vt 0.8854166666666666 0.796875
vt 0.8958333333333334 0.796875
vt 0.90625 0.796875
vt 0.9166666666666666 0.796875
vt 0.9270833333333334 0.796875
vt 0.9375 0.796875
vt 0.9479166666666666 0.796875
vt 0.9583333333333334 0.796875
vt 0.96875 0.796875
vt 0.9791666666666666 0.796875
vt 0.9895833333333334 0.796875
vt 1 0.796875
vt 0 0.8125
vt 0.010416666666666666 0.8125
vt 0.020833333333333332 0.8125
vt 0.03125 0.8125
vt 0.041666666666666664 0.8125
vt 0.052083333333333336 0.8125
vt 0.0625 0.8125
vt 0.07291666666666667 0.8125
vt 0.08333333333333333 0.8125
vt 0.09375 0.8125
vt 0.10416666666666667 0.8125
vt 0.11458333333333333 0.8125
vt 0.125 0.8125
vt 0.13541666666666666 0.8125
vt 0.14583333333333334 0.8125
vt 0.15625 0.8125
vt 0.16666666666666666 0.8125
vt 0.17708333333333334 0.8125
vt 0.1875 0.8125
vt 0.19791666666666666 0.8125
vt 0.20833333333333334 0.8125
vt 0.21875 0.8125
vt 0.22916666666666666 0.8125
vt 0.23958333333333334 0.8125
vt 0.25 0.8125
vt 0.2604166666666667 0.8125
vt 0.2708333333333333 0.8125
vt 0.28125 0.8125
vt 0.2916666666666667 0.8125
vt 0.3020833333333333 0.8125
vt 0.3125 0.8125
vt 0.3229166666666667 0.8125
vt 0.3333333333333333 0.8125
vt 0.34375 0.8125
vt 0.3541666666666667 0.8125
vt 0.3645833333333333 0.8125
vt 0.375 0.8125
vt 0.3854166666666667 0.8125
vt 0.3958333333333333 0.8125
vt 0.40625 0.8125
vt 0.4166666666666667 0.8125
vt 0.4270833333333333 0.8125
vt 0.4375 0.8125
vt 0.4479166666666667 0.8125
vt 0.4583333333333333 0.8125
vt 0.46875 0.8125
vt 0.4791666666666667 0.8125
vt 0.4895833333333333 0.8125
vt 0.5 0.8125
vt 0.5104166666666666 0.8125
vt 0.5208333333333334 0.8125
vt 0.53125 0.8125
vt 0.5416666666666666 0.8125
vt 0.5520833333333334 0.8125
vt 0.5625 0.8125
vt 0.5729166666666666 0.8125
vt 0.5833333333333334 0.8125
vt 0.59375 0.8125
vt 0.6041666666666666 0.8125
vt 0.6145833333333334 0.8125
vt 0.625 0.8125
vt 0.6354166666666666 0.8125
vt 0.6458333333333334 0.8125
vt 0.65625 0.8125
vt 0.6666666666666666 0.8125
vt 0.6770833333333334 0.8125
vt 0.6875 0.8125
vt 0.6979166666666666 0.8125
vt 0.7083333333333334 0.8125
vt 0.71875 0.8125
vt 0.7291666666666666 0.8125
vt 0.7395833333333334 0.8125
vt 0.75 0.8125
vt 0.7604166666666666 0.8125
vt 0.7708333333333334 0.8125
vt 0.78125 0.8125
vt 0.7916666666666666 0.8125
vt 0.8020833333333334 0.8125
vt 0.8125 0.8125
vt 0.8229166666666666 0.8125
vt 0.8333333333333334 0.8125
vt 0.84375 0.8125
vt 0.8541666666666666 0.8125
vt 0.8645833333333334 0.8125
vt 0.875 0.8125
vt 0.8854166666666666 0.8125
vt 0.8958333333333334 0.8125
vt 0.90625 0.8125
vt 0.9166666666666666 0.8125
vt 0.9270833333333334 0.8125
vt 0.9375 0.8125
vt 0.9479166666666666 0.8125
vt 0.9583333333333334 0.8125
vt 0.96875 0.8125
vt 0.9791666666666666 0.8125
vt 0.9895833333333334 0.8125
vt 1 0.8125
vt 0 0.828125
vt 0.010416666666666666 0.828125
vt 0.020833333333333332 0.828125
vt 0.03125 0.828125
vt 0.041666666666666664 0.828125
vt 0.052083333333333336 0.828125
vt 0.0625 0.828125
vt 0.07291666666666667 0.828125
vt 0.08333333333333333 0.828125
vt 0.09375 0.828125
vt 0.10416666666666667 0.828125
vt 0.11458333333333333 0.828125
vt 0.125 0.828125
vt 0.13541666666666666 0.828125
vt 0.14583333333333334 0.828125
vt 0.15625 0.828125
vt 0.16666666666666666 0.828125
vt 0.17708333333333334 0.828125
vt 0.1875 0.828125
vt 0.19791666666666666 0.828125
vt 0.20833333333333334 0.828125
vt 0.21875 0.828125
vt 0.22916666666666666 0.828125
vt 0.23958333333333334 0.828125
vt 0.25 0.828125
vt 0.2604166666666667 0.828125
vt 0.2708333333333333 0.828125
vt 0.28125 0.828125
vt 0.2916666666666667 0.828125
vt 0.3020833333333333 0.828125
vt 0.3125 0.828125
vt 0.3229166666666667 0.828125
vt 0.3333333333333333 0.828125
vt 0.34375 0.828125
vt 0.3541666666666667 0.828125
vt 0.3645833333333333 0.828125
vt 0.375 0.828125
vt 0.3854166666666667 0.828125
vt 0.3958333333333333 0.828125
vt 0.40625 0.828125
vt 0.4166666666666667 0.828125
vt 0.4270833333333333 0.828125
vt 0.4375 0.828125
vt 0.4479166666666667 0.828125
vt 0.4583333333333333 0.828125
vt 0.46875 0.828125
vt 0.4791666666666667 0.828125
vt 0.4895833333333333 0.828125
vt 0.5 0.828125
vt 0.5104166666666666 0.828125
vt 0.5208333333333334 0.828125
vt 0.53125 0.828125
vt 0.5416666666666666 0.828125
vt 0.5520833333333334 0.828125
vt 0.5625 0.828125
vt 0.5729166666666666 0.828125
vt 0.5833333333333334 0.828125
vt 0.59375 0.828125
vt 0.6041666666666666 0.828125
vt 0.6145833333333334 0.828125
vt 0.625 0.828125
vt 0.6354166666666666 0.828125
vt 0.6458333333333334 0.828125
vt 0.65625 0.828125
vt 0.6666666666666666 0.828125
vt 0.6770833333333334 0.828125
vt 0.6875 0.828125
vt 0.6979166666666666 0.828125
vt 0.7083333333333334 0.828125
vt 0.71875 0.828125
vt 0.7291666666666666 0.828125
vt 0.7395833333333334 0.828125
vt 0.75 0.828125
vt 0.7604166666666666 0.828125
vt 0.7708333333333334 0.828125
vt 0.78125 0.828125
vt 0.7916666666666666 0.828125
vt 0.8020833333333334 0.828125
vt 0.8125 0.828125
vt 0.8229166666666666 0.828125
vt 0.8333333333333334 0.828125
vt 0.84375 0.828125
vt 0.8541666666666666 0.828125
vt 0.8645833333333334 0.828125
vt 0.875 0.828125
vt 0.8854166666666666 0.828125
vt 0.8958333333333334 0.828125
vt 0.90625 0.828125
vt 0.9166666666666666 0.828125
vt 0.9270833333333334 0.828125
vt 0.9375 0.828125
vt 0.9479166666666666 0.828125
vt 0.9583333333333334 0.828125
vt 0.96875 0.828125
vt 0.9791666666666666 0.828125
vt 0.9895833333333334 0.828125
vt 1 0.828125
vt 0 0.84375
vt 0.010416666666666666 0.84375
vt 0.020833333333333332 0.84375
vt 0.03125 0.84375
vt 0.041666666666666664 0.84375
vt 0.052083333333333336 0.84375
vt 0.0625 0.84375
vt 0.07291666666666667 0.84375
vt 0.08333333333333333 0.84375
vt 0.09375 0.84375
vt 0.10416666666666667 0.84375
vt 0.11458333333333333 0.84375
vt 0.125 0.84375
vt 0.13541666666666666 0.84375
vt 0.14583333333333334 0.84375
vt 0.15625 0.84375
vt 0.16666666666666666 0.84375
vt 0.17708333333333334 0.84375
vt 0.1875 0.84375
vt 0.19791666666666666 0.84375
vt 0.20833333333333334 0.84375
vt 0.21875 0.84375
vt 0.22916666666666666 0.84375
vt 0.23958333333333334 0.84375
vt 0.25 0.84375
vt 0.2604166666666667 0.84375
vt 0.2708333333333333 0.84375
vt 0.28125 0.84375
vt 0.2916666666666667 0.84375
vt 0.3020833333333333 0.84375
vt 0.3125 0.84375
vt 0.3229166666666667 0.84375
vt 0.3333333333333333 0.84375
vt 0.34375 0.84375
vt 0.3541666666666667 0.84375
vt 0.3645833333333333 0.84375
vt 0.375 0.84375
vt 0.3854166666666667 0.84375
vt 0.3958333333333333 0.84375
vt 0.40625 0.84375
vt 0.4166666666666667 0.84375
vt 0.4270833333333333 0.84375
vt 0.4375 0.84375
vt 0.4479166666666667 0.84375
vt 0.4583333333333333 0.84375
vt 0.46875 0.84375
vt 0.4791666666666667 0.84375
vt 0.4895833333333333 0.84375
vt 0.5 0.84375
vt 0.5104166666666666 0.84375
vt 0.5208333333333334 0.84375
vt 0.53125 0.84375
vt 0.5416666666666666 0.84375
vt 0.5520833333333334 0.84375
vt 0.5625 0.84375
vt 0.5729166666666666 0.84375
vt 0.5833333333333334 0.84375
vt 0.59375 0.84375
vt 0.6041666666666666 0.84375
vt 0.6145833333333334 0.84375
vt 0.625 0.84375
vt 0.6354166666666666 0.84375
vt 0.6458333333333334 0.84375
vt 0.65625 0.84375
vt 0.6666666666666666 0.84375
vt 0.6770833333333334 0.84375
vt 0.6875 0.84375
vt 0.6979166666666666 0.84375
vt 0.7083333333333334 0.84375
vt 0.71875 0.84375
vt 0.7291666666666666 0.84375
vt 0.7395833333333334 0.84375
vt 0.75 0.84375
vt 0.7604166666666666 0.84375
vt 0.7708333333333334 0.84375
vt 0.78125 0.84375
vt 0.7916666666666666 0.84375
vt 0.8020833333333334 0.84375
vt 0.8125 0.84375
vt 0.8229166666666666 0.84375
vt 0.8333333333333334 0.84375
vt 0.84375 0.84375
vt 0.8541666666666666 0.84375
vt 0.8645833333333334 0.84375
vt 0.875 0.84375
vt 0.8854166666666666 0.84375
vt 0.8958333333333334 0.84375
vt 0.90625 0.84375
vt 0.9166666666666666 0.84375
vt 0.9270833333333334 0.84375
vt 0.9375 0.84375
vt 0.9479166666666666 0.84375
vt 0.9583333333333334 0.84375
vt 0.96875 0.84375
vt 0.9791666666666666 0.84375
vt 0.9895833333333334 0.84375
vt 1 0.84375
vt 0 0.859375
vt 0.010416666666666666 0.859375
vt 0.020833333333333332 0.859375
vt 0.03125 0.859375
vt 0.041666666666666664 0.859375
vt 0.052083333333333336 0.859375
vt 0.0625 0.859375
vt 0.07291666666666667 0.859375
vt 0.08333333333333333 0.859375
vt 0.09375 0.859375
vt 0.10416666666666667 0.859375
vt 0.11458333333333333 0.859375
vt 0.125 0.859375
vt 0.13541666666666666 0.859375
vt 0.14583333333333334 0.859375
vt 0.15625 0.859375
vt 0.16666666666666666 0.859375
vt 0.17708333333333334 0.859375
vt 0.1875 0.859375
vt 0.19791666666666666 0.859375
vt 0.20833333333333334 0.859375
vt 0.21875 0.859375
vt 0.22916666666666666 0.859375
vt 0.23958333333333334 0.859375
vt 0.25 0.859375
vt 0.2604166666666667 0.859375
vt 0.2708333333333333 0.859375
vt 0.28125 0.859375
vt 0.2916666666666667 0.859375
vt 0.3020833333333333 0.859375
vt 0.3125 0.859375
vt 0.3229166666666667 0.859375
vt 0.3333333333333333 0.859375
vt 0.34375 0.859375
vt 0.3541666666666667 0.859375
vt 0.3645833333333333 0.859375
vt 0.375 0.859375
vt 0.3854166666666667 0.859375
vt 0.3958333333333333 0.859375
vt 0.40625 0.859375
vt 0.4166666666666667 0.859375
vt 0.4270833333333333 0.859375
vt 0.4375 0.859375
vt 0.4479166666666667 0.859375
vt 0.4583333333333333 0.859375
vt 0.46875 0.859375
vt 0.4791666666666667 0.859375
vt 0.4895833333333333 0.859375
vt 0.5 0.859375
vt 0.5104166666666666 0.859375
vt 0.5208333333333334 0.859375
vt 0.53125 0.859375
vt 0.5416666666666666 0.859375
vt 0.5520833333333334 0.859375
vt 0.5625 0.859375
vt 0.5729166666666666 0.859375
vt 0.5833333333333334 0.859375
vt 0.59375 0.859375
vt 0.6041666666666666 0.859375
vt 0.6145833333333334 0.859375
vt 0.625 0.859375
vt 0.6354166666666666 0.859375
vt 0.6458333333333334 0.859375
vt 0.65625 0.859375
vt 0.6666666666666666 0.859375
vt 0.6770833333333334 0.859375
vt 0.6875 0.859375
vt 0.6979166666666666 0.859375
vt 0.7083333333333334 0.859375
vt 0.71875 0.859375
vt 0.7291666666666666 0.859375
vt 0.7395833333333334 0.859375
vt 0.75 0.859375
vt 0.7604166666666666 0.859375
vt 0.7708333333333334 0.859375
vt 0.78125 0.859375
vt 0.7916666666666666 0.859375
vt 0.8020833333333334 0.859375
vt 0.8125 0.859375
vt 0.8229166666666666 0.859375
vt 0.8333333333333334 0.859375
vt 0.84375 0.859375
vt 0.8541666666666666 0.859375
vt 0.8645833333333334 0.859375
vt 0.875 0.859375
vt 0.8854166666666666 0.859375
vt 0.8958333333333334 0.859375
vt 0.90625 0.859375
vt 0.9166666666666666 0.859375
vt 0.9270833333333334 0.859375
vt 0.9375 0.859375
vt 0.9479166666666666 0.859375
vt 0.9583333333333334 0.859375
vt 0.96875 0.859375
vt 0.9791666666666666 0.859375
vt 0.9895833333333334 0.859375
vt 1 0.859375
vt 0 0.875
vt 0.010416666666666666 0.875
vt 0.020833333333333332 0.875
vt 0.03125 0.875
vt 0.041666666666666664 0.875
vt 0.052083333333333336 0.875
vt 0.0625 0.875
vt 0.07291666666666667 0.875
vt 0.08333333333333333 0.875
vt 0.09375 0.875
vt 0.10416666666666667 0.875
vt 0.11458333333333333 0.875
vt 0.125 0.875
vt 0.13541666666666666 0.875
vt 0.14583333333333334 0.875
vt 0.15625 0.875
vt 0.16666666666666666 0.875
vt 0.17708333333333334 0.875
vt 0.1875 0.875
vt 0.19791666666666666 0.875
vt 0.20833333333333334 0.875
vt 0.21875 0.875
vt 0.22916666666666666 0.875
vt 0.23958333333333334 0.875
vt 0.25 0.875
vt 0.2604166666666667 0.875
vt 0.2708333333333333 0.875
vt 0.28125 0.875
vt 0.2916666666666667 0.875
vt 0.3020833333333333 0.875
vt 0.3125 0.875
vt 0.3229166666666667 0.875
vt 0.3333333333333333 0.875
vt 0.34375 0.875
vt 0.3541666666666667 0.875
vt 0.3645833333333333 0.875
vt 0.375 0.875
vt 0.3854166666666667 0.875
vt 0.3958333333333333 0.875
vt 0.40625 0.875
vt 0.4166666666666667 0.875
vt 0.4270833333333333 0.875
vt 0.4375 0.875
vt 0.4479166666666667 0.875
vt 0.4583333333333333 0.875
vt 0.46875 0.875
vt 0.4791666666666667 0.875
vt 0.4895833333333333 0.875
vt 0.5 0.875
vt 0.5104166666666666 0.875
vt 0.5208333333333334 0.875
vt 0.53125 0.875
vt 0.5416666666666666 0.875
vt 0.5520833333333334 0.875
vt 0.5625 0.875
vt 0.5729166666666666 0.875
vt 0.5833333333333334 0.875
vt 0.59375 0.875
vt 0.6041666666666666 0.875
vt 0.6145833333333334 0.875
vt 0.625 0.875
vt 0.6354166666666666 0.875
vt 0.6458333333333334 0.875
vt 0.65625 0.875
vt 0.6666666666666666 0.875
vt 0.6770833333333334 0.875
vt 0.6875 0.875
vt 0.6979166666666666 0.875
vt 0.7083333333333334 0.875
vt 0.71875 0.875
vt 0.7291666666666666 0.875
vt 0.7395833333333334 0.875
vt 0.75 0.875
vt 0.7604166666666666 0.875
vt 0.7708333333333334 0.875
vt 0.78125 0.875
vt 0.7916666666666666 0.875
vt 0.8020833333333334 0.875
vt 0.8125 0.875
vt 0.8229166666666666 0.875
vt 0.8333333333333334 0.875
vt 0.84375 0.875
vt 0.8541666666666666 0.875
vt 0.8645833333333334 0.875
vt 0.875 0.875
vt 0.8854166666666666 0.875
vt 0.8958333333333334 0.875
vt 0.90625 0.875
vt 0.9166666666666666 0.875
vt 0.9270833333333334 0.875
vt 0.9375 0.875
vt 0.9479166666666666 0.875
vt 0.9583333333333334 0.875
vt 0.96875 0.875
vt 0.9791666666666666 0.875
vt 0.9895833333333334 0.875
vt 1 0.875
vt 0 0.890625
vt 0.010416666666666666 0.890625
vt 0.020833333333333332 0.890625
vt 0.03125 0.890625
vt 0.041666666666666664 0.890625
vt 0.052083333333333336 0.890625
vt 0.0625 0.890625
vt 0.07291666666666667 0.890625
vt 0.08333333333333333 0.890625
vt 0.09375 0.890625
vt 0.10416666666666667 0.890625
vt 0.11458333333333333 0.890625
vt 0.125 0.890625
vt 0.13541666666666666 0.890625
vt 0.14583333333333334 0.890625
vt 0.15625 0.890625
vt 0.16666666666666666 0.890625
vt 0.17708333333333334 0.890625
vt 0.1875 0.890625
vt 0.19791666666666666 0.890625
vt 0.20833333333333334 0.890625
vt 0.21875 0.890625
vt 0.22916666666666666 0.890625
vt 0.23958333333333334 0.890625
vt 0.25 0.890625
vt 0.2604166666666667 0.890625
vt 0.2708333333333333 0.890625
vt 0.28125 0.890625
vt 0.2916666666666667 0.890625
vt 0.3020833333333333 0.890625
vt 0.3125 0.890625
vt 0.3229166666666667 0.890625
vt 0.3333333333333333 0.890625
vt 0.34375 0.890625
vt 0.3541666666666667 0.890625
vt 0.3645833333333333 0.890625
vt 0.375 0.890625
vt 0.3854166666666667 0.890625
vt 0.3958333333333333 0.890625
vt 0.40625 0.890625
vt 0.4166666666666667 0.890625
vt 0.4270833333333333 0.890625
vt 0.4375 0.890625
vt 0.4479166666666667 0.890625
vt 0.4583333333333333 0.890625
vt 0.46875 0.890625
vt 0.4791666666666667 0.890625
vt 0.4895833333333333 0.890625
vt 0.5 0.890625
vt 0.5104166666666666 0.890625
vt 0.5208333333333334 0.890625
vt 0.53125 0.890625
vt 0.5416666666666666 0.890625
vt 0.5520833333333334 0.890625
vt 0.5625 0.890625
vt 0.5729166666666666 0.890625
vt 0.5833333333333334 0.890625
vt 0.59375 0.890625
vt 0.6041666666666666 0.890625
vt 0.6145833333333334 0.890625
vt 0.625 0.890625
vt 0.6354166666666666 0.890625
vt 0.6458333333333334 0.890625
vt 0.65625 0.890625
vt 0.6666666666666666 0.890625
vt 0.6770833333333334 0.890625
vt 0.6875 0.890625
vt 0.6979166666666666 0.890625
vt 0.7083333333333334 0.890625
vt 0.71875 0.890625
vt 0.7291666666666666 0.890625
vt 0.7395833333333334 0.890625
vt 0.75 0.890625
vt 0.7604166666666666 0.890625
vt 0.7708333333333334 0.890625
vt 0.78125 0.890625
vt 0.7916666666666666 0.890625
vt 0.8020833333333334 0.890625
vt 0.8125 0.890625
vt 0.8229166666666666 0.890625
vt 0.8333333333333334 0.890625
vt 0.84375 0.890625
vt 0.8541666666666666 0.890625
vt 0.8645833333333334 0.890625
vt 0.875 0.890625
vt 0.8854166666666666 0.890625
vt 0.8958333333333334 0.890625
vt 0.90625 0.890625
vt 0.9166666666666666 0.890625
vt 0.9270833333333334 0.890625
vt 0.9375 0.890625
vt 0.9479166666666666 0.890625
vt 0.9583333333333334 0.890625
vt 0.96875 0.890625
vt 0.9791666666666666 0.890625
vt 0.9895833333333334 0.890625
vt 1 0.890625
vt 0 0.90625
vt 0.010416666666666666 0.90625
vt 0.020833333333333332 0.90625
vt 0.03125 0.90625
vt 0.041666666666666664 0.90625
vt 0.052083333333333336 0.90625
vt 0.0625 0.90625
vt 0.07291666666666667 0.90625
vt 0.08333333333333333 0.90625
vt 0.09375 0.90625
vt 0.10416666666666667 0.90625
vt 0.11458333333333333 0.90625
vt 0.125 0.90625
vt 0.13541666666666666 0.90625
vt 0.14583333333333334 0.90625
vt 0.15625 0.90625
vt 0.16666666666666666 0.90625
vt 0.17708333333333334 0.90625
vt 0.1875 0.90625
vt 0.19791666666666666 0.90625
vt 0.20833333333333334 0.90625
vt 0.21875 0.90625
vt 0.22916666666666666 0.90625
vt 0.23958333333333334 0.90625
vt 0.25 0.90625
vt 0.2604166666666667 0.90625
vt 0.2708333333333333 0.90625
vt 0.28125 0.90625
vt 0.2916666666666667 0.90625
vt 0.3020833333333333 0.90625
vt 0.3125 0.90625
vt 0.3229166666666667 0.90625
vt 0.3333333333333333 0.90625
vt 0.34375 0.90625
vt 0.3541666666666667 0.90625
vt 0.3645833333333333 0.90625
vt 0.375 0.90625
vt 0.3854166666666667 0.90625
vt 0.3958333333333333 0.90625
vt 0.40625 0.90625
vt 0.4166666666666667 0.90625
vt 0.4270833333333333 0.90625
vt 0.4375 0.90625
vt 0.4479166666666667 0.90625
vt 0.4583333333333333 0.90625
vt 0.46875 0.90625
vt 0.4791666666666667 0.90625
vt 0.4895833333333333 0.90625
vt 0.5 0.90625
vt 0.5104166666666666 0.90625
vt 0.5208333333333334 0.90625
vt 0.53125 0.90625
vt 0.5416666666666666 0.90625
vt 0.5520833333333334 0.90625
vt 0.5625 0.90625
vt 0.5729166666666666 0.90625
vt 0.5833333333333334 0.90625
vt 0.59375 0.90625
vt 0.6041666666666666 0.90625
vt 0.6145833333333334 0.90625
vt 0.625 0.90625
vt 0.6354166666666666 0.90625
vt 0.6458333333333334 0.90625
vt 0.65625 0.90625
vt 0.6666666666666666 0.90625
vt 0.6770833333333334 0.90625
vt 0.6875 0.90625
vt 0.6979166666666666 0.90625
vt 0.7083333333333334 0.90625
vt 0.71875 0.90625
vt 0.7291666666666666 0.90625
vt 0.7395833333333334 0.90625
vt 0.75 0.90625
vt 0.7604166666666666 0.90625
vt 0.7708333333333334 0.90625
vt 0.78125 0.90625
vt 0.7916666666666666 0.90625
vt 0.8020833333333334 0.90625
vt 0.8125 0.90625
vt 0.8229166666666666 0.90625
vt 0.8333333333333334 0.90625
vt 0.84375 0.90625
vt 0.8541666666666666 0.90625
vt 0.8645833333333334 0.90625
vt 0.875 0.90625
vt 0.8854166666666666 0.90625
vt 0.8958333333333334 0.90625
vt 0.90625 0.90625
vt 0.9166666666666666 0.90625
vt 0.9270833333333334 0.90625
vt 0.9375 0.90625
vt 0.9479166666666666 0.90625
vt 0.9583333333333334 0.90625
vt 0.96875 0.90625
vt 0.9791666666666666 0.90625
vt 0.9895833333333334 0.90625
vt 1 0.90625
vt 0 0.921875
vt 0.010416666666666666 0.921875
vt 0.020833333333333332 0.921875
vt 0.03125 0.921875
vt 0.041666666666666664 0.921875
vt 0.052083333333333336 0.921875
vt 0.0625 0.921875
vt 0.07291666666666667 0.921875
vt 0.08333333333333333 0.921875
vt 0.09375 0.921875
vt 0.10416666666666667 0.921875
vt 0.11458333333333333 0.921875
vt 0.125 0.921875
vt 0.13541666666666666 0.921875
vt 0.14583333333333334 0.921875
vt 0.15625 0.921875
vt 0.16666666666666666 0.921875
vt 0.17708333333333334 0.921875
vt 0.1875 0.921875
vt 0.19791666666666666 0.921875
vt 0.20833333333333334 0.921875
vt 0.21875 0.921875
vt 0.22916666666666666 0.921875
vt 0.23958333333333334 0.921875
vt 0.25 0.921875
vt 0.2604166666666667 0.921875
vt 0.2708333333333333 0.921875
vt 0.28125 0.921875
vt 0.2916666666666667 0.921875
vt 0.3020833333333333 0.921875
vt 0.3125 0.921875
vt 0.3229166666666667 0.921875
vt 0.3333333333333333 0.921875
vt 0.34375 0.921875
vt 0.3541666666666667 0.921875
vt 0.3645833333333333 0.921875
vt 0.375 0.921875
vt 0.3854166666666667 0.921875
vt 0.3958333333333333 0.921875
vt 0.40625 0.921875
vt 0.4166666666666667 0.921875
vt 0.4270833333333333 0.921875
vt 0.4375 0.921875
vt 0.4479166666666667 0.921875
vt 0.4583333333333333 0.921875
vt 0.46875 0.921875
vt 0.4791666666666667 0.921875
vt 0.4895833333333333 0.921875
vt 0.5 0.921875
vt 0.5104166666666666 0.921875
vt 0.5208333333333334 0.921875
vt 0.53125 0.921875
vt 0.5416666666666666 0.921875
vt 0.5520833333333334 0.921875
vt 0.5625 0.921875
vt 0.5729166666666666 0.921875
vt 0.5833333333333334 0.921875
vt 0.59375 0.921875
vt 0.6041666666666666 0.921875
vt 0.6145833333333334 0.921875
vt 0.625 0.921875
vt 0.6354166666666666 0.921875
vt 0.6458333333333334 0.921875
vt 0.65625 0.921875
vt 0.6666666666666666 0.921875
vt 0.6770833333333334 0.921875
vt 0.6875 0.921875
vt 0.6979166666666666 0.921875
vt 0.7083333333333334 0.921875
vt 0.71875 0.921875
vt 0.7291666666666666 0.921875
vt 0.7395833333333334 0.921875
vt 0.75 0.921875
vt 0.7604166666666666 0.921875
vt 0.7708333333333334 0.921875
vt 0.78125 0.921875
vt 0.7916666666666666 0.921875
vt 0.8020833333333334 0.921875
vt 0.8125 0.921875
vt 0.8229166666666666 0.921875
vt 0.8333333333333334 0.921875
vt 0.84375 0.921875
vt 0.8541666666666666 0.921875
vt 0.8645833333333334 0.921875
vt 0.875 0.921875
vt 0.8854166666666666 0.921875
vt 0.8958333333333334 0.921875
vt 0.90625 0.921875
vt 0.9166666666666666 0.921875
vt 0.9270833333333334 0.921875
vt 0.9375 0.921875
vt 0.9479166666666666 0.921875
vt 0.9583333333333334 0.921875
vt 0.96875 0.921875
vt 0.9791666666666666 0.921875
vt 0.9895833333333334 0.921875
vt 1 0.921875
vt 0 0.9375
vt 0.010416666666666666 0.9375
vt 0.020833333333333332 0.9375
vt 0.03125 0.9375
vt 0.041666666666666664 0.9375
vt 0.052083333333333336 0.9375
vt 0.0625 0.9375
vt 0.07291666666666667 0.9375
vt 0.08333333333333333 0.9375
vt 0.09375 0.9375
vt 0.10416666666666667 0.9375
vt 0.11458333333333333 0.9375
vt 0.125 0.9375
vt 0.13541666666666666 0.9375
vt 0.14583333333333334 0.9375
vt 0.15625 0.9375
vt 0.16666666666666666 0.9375
vt 0.17708333333333334 0.9375
vt 0.1875 0.9375
vt 0.19791666666666666 0.9375
vt 0.20833333333333334 0.9375
vt 0.21875 0.9375
vt 0.22916666666666666 0.9375
vt 0.23958333333333334 0.9375
vt 0.25 0.9375
vt 0.2604166666666667 0.9375
vt 0.2708333333333333 0.9375
vt 0.28125 0.9375
vt 0.2916666666666667 0.9375
vt 0.3020833333333333 0.9375
vt 0.3125 0.9375
vt 0.3229166666666667 0.9375
vt 0.3333333333333333 0.9375
vt 0.34375 0.9375
vt 0.3541666666666667 0.9375
vt 0.3645833333333333 0.9375
vt 0.375 0.9375
vt 0.3854166666666667 0.9375
vt 0.3958333333333333 0.9375
vt 0.40625 0.9375
vt 0.4166666666666667 0.9375
vt 0.4270833333333333 0.9375
vt 0.4375 0.9375
vt 0.4479166666666667 0.9375
vt 0.4583333333333333 0.9375
vt 0.46875 0.9375
vt 0.4791666666666667 0.9375
vt 0.4895833333333333 0.9375
vt 0.5 0.9375
vt 0.5104166666666666 0.9375
vt 0.5208333333333334 0.9375
vt 0.53125 0.9375
vt 0.5416666666666666 0.9375
vt 0.5520833333333334 0.9375
vt 0.5625 0.9375
vt 0.5729166666666666 0.9375
vt 0.5833333333333334 0.9375
vt 0.59375 0.9375
vt 0.6041666666666666 0.9375
vt 0.6145833333333334 0.9375
vt 0.625 0.9375
vt 0.6354166666666666 0.9375
vt 0.6458333333333334 0.9375
vt 0.65625 0.9375
vt 0.6666666666666666 0.9375
vt 0.6770833333333334 0.9375
vt 0.6875 0.9375
vt 0.6979166666666666 0.9375
vt 0.7083333333333334 0.9375
vt 0.71875 0.9375
vt 0.7291666666666666 0.9375
vt 0.7395833333333334 0.9375
vt 0.75 0.9375
vt 0.7604166666666666 0.9375
vt 0.7708333333333334 0.9375
vt 0.78125 0.9375
vt 0.7916666666666666 0.9375
vt 0.8020833333333334 0.9375
vt 0.8125 0.9375
vt 0.8229166666666666 0.9375
vt 0.8333333333333334 0.9375
vt 0.84375 0.9375
vt 0.8541666666666666 0.9375
vt 0.8645833333333334 0.9375
vt 0.875 0.9375
vt 0.8854166666666666 0.9375
vt 0.8958333333333334 0.9375
vt 0.90625 0.9375
vt 0.9166666666666666 0.9375
vt 0.9270833333333334 0.9375
vt 0.9375 0.9375
vt 0.9479166666666666 0.9375
vt 0.9583333333333334 0.9375
vt 0.96875 0.9375
vt 0.9791666666666666 0.9375
vt 0.9895833333333334 0.9375
vt 1 0.9375
vt 0 0.953125
vt 0.010416666666666666 0.953125
vt 0.020833333333333332 0.953125
vt 0.03125 0.953125
vt 0.041666666666666664 0.953125
vt 0.052083333333333336 0.953125
vt 0.0625 0.953125
vt 0.07291666666666667 0.953125
vt 0.08333333333333333 0.953125
vt 0.09375 0.953125
vt 0.10416666666666667 0.953125
vt 0.11458333333333333 0.953125
vt 0.125 0.953125
vt 0.13541666666666666 0.953125
vt 0.14583333333333334 0.953125
vt 0.15625 0.953125
vt 0.16666666666666666 0.953125
vt 0.17708333333333334 0.953125
vt 0.1875 0.953125
vt 0.19791666666666666 0.953125
vt 0.20833333333333334 0.953125
vt 0.21875 0.953125
vt 0.22916666666666666 0.953125
vt 0.23958333333333334 0.953125
vt 0.25 0.953125
vt 0.2604166666666667 0.953125
vt 0.2708333333333333 0.953125
vt 0.28125 0.953125
vt 0.2916666666666667 0.953125
vt 0.3020833333333333 0.953125
vt 0.3125 0.953125
vt 0.3229166666666667 0.953125
vt 0.3333333333333333 0.953125
vt 0.34375 0.953125
vt 0.3541666666666667 0.953125
vt 0.3645833333333333 0.953125
vt 0.375 0.953125
vt 0.3854166666666667 0.953125
vt 0.3958333333333333 0.953125
vt 0.40625 0.953125
vt 0.4166666666666667 0.953125
vt 0.4270833333333333 0.953125
vt 0.4375 0.953125
vt 0.4479166666666667 0.953125
vt 0.4583333333333333 0.953125
vt 0.46875 0.953125
vt 0.4791666666666667 0.953125
vt 0.4895833333333333 0.953125
vt 0.5 0.953125
vt 0.5104166666666666 0.953125
vt 0.5208333333333334 0.953125
vt 0.53125 0.953125
vt 0.5416666666666666 0.953125
vt 0.5520833333333334 0.953125
vt 0.5625 0.953125
vt 0.5729166666666666 0.953125
vt 0.5833333333333334 0.953125
vt 0.59375 0.953125
vt 0.6041666666666666 0.953125
vt 0.6145833333333334 0.953125
vt 0.625 0.953125
vt 0.6354166666666666 0.953125
vt 0.6458333333333334 0.953125
vt 0.65625 0.953125
vt 0.6666666666666666 0.953125
vt 0.6770833333333334 0.953125
vt 0.6875 0.953125
vt 0.6979166666666666 0.953125
vt 0.7083333333333334 0.953125
vt 0.71875 0.953125
vt 0.7291666666666666 0.953125
vt 0.7395833333333334 0.953125
vt 0.75 0.953125
vt 0.7604166666666666 0.953125
vt 0.7708333333333334 0.953125
vt 0.78125 0.953125
vt 0.7916666666666666 0.953125
vt 0.8020833333333334 0.953125
vt 0.8125 0.953125
vt 0.8229166666666666 0.953125
vt 0.8333333333333334 0.953125
vt 0.84375 0.953125
vt 0.8541666666666666 0.953125
vt 0.8645833333333334 0.953125
vt 0.875 0.953125
vt 0.8854166666666666 0.953125
vt 0.8958333333333334 0.953125
vt 0.90625 0.953125
vt 0.9166666666666666 0.953125
vt 0.9270833333333334 0.953125
vt 0.9375 0.953125
vt 0.9479166666666666 0.953125
vt 0.9583333333333334 0.953125
vt 0.96875 0.953125
vt 0.9791666666666666 0.953125
vt 0.9895833333333334 0.953125
vt 1 0.953125
vt 0 0.96875
vt 0.010416666666666666 0.96875
vt 0.020833333333333332 0.96875
vt 0.03125 0.96875
vt 0.041666666666666664 0.96875
vt 0.052083333333333336 0.96875
vt 0.0625 0.96875
vt 0.07291666666666667 0.96875
vt 0.08333333333333333 0.96875
vt 0.09375 0.96875
vt 0.10416666666666667 0.96875
vt 0.11458333333333333 0.96875
vt 0.125 0.96875
vt 0.13541666666666666 0.96875
vt 0.14583333333333334 0.96875
vt 0.15625 0.96875
vt 0.16666666666666666 0.96875
vt 0.17708333333333334 0.96875
vt 0.1875 0.96875
vt 0.19791666666666666 0.96875
vt 0.20833333333333334 0.96875
vt 0.21875 0.96875
vt 0.22916666666666666 0.96875
vt 0.23958333333333334 0.96875
vt 0.25 0.96875
vt 0.2604166666666667 0.96875
vt 0.2708333333333333 0.96875
vt 0.28125 0.96875
vt 0.2916666666666667 0.96875
vt 0.3020833333333333 0.96875
vt 0.3125 0.96875
vt 0.3229166666666667 0.96875
vt 0.3333333333333333 0.96875
vt 0.34375 0.96875
vt 0.3541666666666667 0.96875
vt 0.3645833333333333 0.96875
vt 0.375 0.96875
vt 0.3854166666666667 0.96875
vt 0.3958333333333333 0.96875
vt 0.40625 0.96875
vt 0.4166666666666667 0.96875
vt 0.4270833333333333 0.96875
vt 0.4375 0.96875
vt 0.4479166666666667 0.96875
vt 0.4583333333333333 0.96875
vt 0.46875 0.96875
vt 0.4791666666666667 0.96875
vt 0.4895833333333333 0.96875
vt 0.5 0.96875
vt 0.5104166666666666 0.96875
vt 0.5208333333333334 0.96875
vt 0.53125 0.96875
vt 0.5416666666666666 0.96875
vt 0.5520833333333334 0.96875
vt 0.5625 0.96875
vt 0.5729166666666666 0.96875
vt 0.5833333333333334 0.96875
vt 0.59375 0.96875
vt 0.6041666666666666 0.96875
vt 0.6145833333333334 0.96875
vt 0.625 0.96875
vt 0.6354166666666666 0.96875
vt 0.6458333333333334 0.96875
vt 0.65625 0.96875
vt 0.6666666666666666 0.96875
vt 0.6770833333333334 0.96875
vt 0.6875 0.96875
vt 0.6979166666666666 0.96875
vt 0.7083333333333334 0.96875
vt 0.71875 0.96875
vt 0.7291666666666666 0.96875
vt 0.7395833333333334 0.96875
vt 0.75 0.96875
vt 0.7604166666666666 0.96875
vt 0.7708333333333334 0.96875
vt 0.78125 0.96875
vt 0.7916666666666666 0.96875
vt 0.8020833333333334 0.96875
vt 0.8125 0.96875
vt 0.8229166666666666 0.96875
vt 0.8333333333333334 0.96875
vt 0.84375 0.96875
vt 0.8541666666666666 0.96875
vt 0.8645833333333334 0.96875
vt 0.875 0.96875
vt 0.8854166666666666 0.96875
vt 0.8958333333333334 0.96875
vt 0.90625 0.96875
vt 0.9166666666666666 0.96875
vt 0.9270833333333334 0.96875
vt 0.9375 0.96875
vt 0.9479166666666666 0.96875
vt 0.9583333333333334 0.96875
vt 0.96875 0.96875
vt 0.9791666666666666 0.96875
vt 0.9895833333333334 0.96875
vt 1 0.96875
vt 0 0.984375
vt 0.010416666666666666 0.984375
vt 0.020833333333333332 0.984375
vt 0.03125 0.984375
vt 0.041666666666666664 0.984375
vt 0.052083333333333336 0.984375
vt 0.0625 0.984375
vt 0.07291666666666667 0.984375
vt 0.08333333333333333 0.984375
vt 0.09375 0.984375
vt 0.10416666666666667 0.984375
vt 0.11458333333333333 0.984375
vt 0.125 0.984375
vt 0.13541666666666666 0.984375
vt 0.14583333333333334 0.984375
vt 0.15625 0.984375
vt 0.16666666666666666 0.984375
vt 0.17708333333333334 0.984375
vt 0.1875 0.984375
vt 0.19791666666666666 0.984375
vt 0.20833333333333334 0.984375
vt 0.21875 0.984375
vt 0.22916666666666666 0.984375
vt 0.23958333333333334 0.984375
vt 0.25 0.984375
vt 0.2604166666666667 0.984375
vt 0.2708333333333333 0.984375
vt 0.28125 0.984375
vt 0.2916666666666667 0.984375
vt 0.3020833333333333 0.984375
vt 0.3125 0.984375
vt 0.3229166666666667 0.984375
vt 0.3333333333333333 0.984375
vt 0.34375 0.984375
vt 0.3541666666666667 0.984375
vt 0.3645833333333333 0.984375
vt 0.375 0.984375
vt 0.3854166666666667 0.984375
vt 0.3958333333333333 0.984375
vt 0.40625 0.984375
vt 0.4166666666666667 0.984375
vt 0.4270833333333333 0.984375
vt 0.4375 0.984375
vt 0.4479166666666667 0.984375
vt 0.4583333333333333 0.984375
vt 0.46875 0.984375
vt 0.4791666666666667 0.984375
vt 0.4895833333333333 0.984375
vt 0.5 0.984375
vt 0.5104166666666666 0.984375
vt 0.5208333333333334 0.984375
vt 0.53125 0.984375
vt 0.5416666666666666 0.984375
vt 0.5520833333333334 0.984375
vt 0.5625 0.984375
vt 0.5729166666666666 0.984375
vt 0.5833333333333334 0.984375
vt 0.59375 0.984375
vt 0.6041666666666666 0.984375
vt 0.6145833333333334 0.984375
vt 0.625 0.984375
vt 0.6354166666666666 0.984375
vt 0.6458333333333334 0.984375
vt 0.65625 0.984375
vt 0.6666666666666666 0.984375
vt 0.6770833333333334 0.984375
vt 0.6875 0.984375
vt 0.6979166666666666 0.984375
vt 0.7083333333333334 0.984375
vt 0.71875 0.984375
vt 0.7291666666666666 0.984375
vt 0.7395833333333334 0.984375
vt 0.75 0.984375
vt 0.7604166666666666 0.984375
vt 0.7708333333333334 0.984375
vt 0.78125 0.984375
vt 0.7916666666666666 0.984375
vt 0.8020833333333334 0.984375
vt 0.8125 0.984375
vt 0.8229166666666666 0.984375
vt 0.8333333333333334 0.984375
vt 0.84375 0.984375
vt 0.8541666666666666 0.984375
vt 0.8645833333333334 0.984375
vt 0.875 0.984375
vt 0.8854166666666666 0.984375
vt 0.8958333333333334 0.984375
vt 0.90625 0.984375
vt 0.9166666666666666 0.984375
vt 0.9270833333333334 0.984375
vt 0.9375 0.984375
vt 0.9479166666666666 0.984375
vt 0.9583333333333334 0.984375
vt 0.96875 0.984375
vt 0.9791666666666666 0.984375
vt 0.9895833333333334 0.984375
vt 1 0.984375
vt 0 1
vt 0.010416666666666666 1
vt 0.020833333333333332 1
vt 0.03125 1
vt 0.041666666666666664 1
vt 0.052083333333333336 1
vt 0.0625 1
vt 0.07291666666666667 1
vt 0.08333333333333333 1
vt 0.09375 1
vt 0.10416666666666667 1
vt 0.11458333333333333 1
vt 0.125 1
vt 0.13541666666666666 1
vt 0.14583333333333334 1
vt 0.15625 1
vt 0.16666666666666666 1
vt 0.17708333333333334 1
vt 0.1875 1
vt 0.19791666666666666 1
vt 0.20833333333333334 1
vt 0.21875 1
vt 0.22916666666666666 1
vt 0.23958333333333334 1
vt 0.25 1
vt 0.2604166666666667 1
vt 0.2708333333333333 1
vt 0.28125 1
vt 0.2916666666666667 1
vt 0.3020833333333333 1
vt 0.3125 1
vt 0.3229166666666667 1
vt 0.3333333333333333 1
vt 0.34375 1
vt 0.3541666666666667 1
vt 0.3645833333333333 1
vt 0.375 1
vt 0.3854166666666667 1
vt 0.3958333333333333 1
vt 0.40625 1
vt 0.4166666666666667 1
vt 0.4270833333333333 1
vt 0.4375 1
vt 0.4479166666666667 1
vt 0.4583333333333333 1
vt 0.46875 1
vt 0.4791666666666667 1
vt 0.4895833333333333 1
vt 0.5 1
vt 0.5104166666666666 1
vt 0.5208333333333334 1
vt 0.53125 1
vt 0.5416666666666666 1
vt 0.5520833333333334 1
vt 0.5625 1
vt 0.5729166666666666 1
vt 0.5833333333333334 1
vt 0.59375 1
vt 0.6041666666666666 1
vt 0.6145833333333334 1
vt 0.625 1
vt 0.6354166666666666 1
vt 0.6458333333333334 1
vt 0.65625 1
vt 0.6666666666666666 1
vt 0.6770833333333334 1
vt 0.6875 1
vt 0.6979166666666666 1
vt 0.7083333333333334 1
vt 0.71875 1
vt 0.7291666666666666 1
vt 0.7395833333333334 1
vt 0.75 1
vt 0.7604166666666666 1
vt 0.7708333333333334 1
vt 0.78125 1
vt 0.7916666666666666 1
vt 0.8020833333333334 1
vt 0.8125 1
vt 0.8229166666666666 1
vt 0.8333333333333334 1
vt 0.84375 1
vt 0.8541666666666666 1
vt 0.8645833333333334 1
vt 0.875 1
vt 0.8854166666666666 1
vt 0.8958333333333334 1
vt 0.90625 1
vt 0.9166666666666666 1
vt 0.9270833333333334 1
vt 0.9375 1
vt 0.9479166666666666 1
vt 0.9583333333333334 1
vt 0.96875 1
vt 0.9791666666666666 1
vt 0.9895833333333334 1
vt 1 1
f 1/1 97/2 98/3
f 1/1 98/3 2/4
f 2/4 98/3 99/5
f 2/4 99/5 3/6
f 3/6 99/5 100/7
f 3/6 100/7 4/8
f 4/8 100/7 101/9
f 4/8 101/9 5/10
f 5/10 101/9 102/11
f 5/10 102/11 6/12
f 6/12 102/11 103/13
f 6/12 103/13 7/14
f 7/14 103/13 104/15
f 7/14 104/15 8/16
f 8/16 104/15 105/17
f 8/16 105/17 9/18
f 9/18 105/17 106/19
f 9/18 106/19 10/20
f 10/20 106/19 107/21
f 10/20 107/21 11/22
f 11/22 107/21 108/23
f 11/22 108/23 12/24
f 12/24 108/23 109/25
f 12/24 109/25 13/26
f 13/26 109/25 110/27
f 13/26 110/27 14/28
f 14/28 110/27 111/29
f 14/28 111/29 15/30
f 15/30 111/29 112/31
f 15/30 112/31 16/32
f 16/32 112/31 113/33
f 16/32 113/33 17/34
f 17/34 113/33 114/35
f 17/34 114/35 18/36
f 18/36 114/35 115/37
f 18/36 115/37 19/38
f 19/38 115/37 116/39
f 19/38 116/39 20/40
f 20/40 116/39 117/41
f 20/40 117/41 21/42
f 21/42 117/41 118/43
f 21/42 118/43 22/44
f 22/44 118/43 119/45
f 22/44 119/45 23/46
f 23/46 119/45 120/47
f 23/46 120/47 24/48
f 24/48 120/47 121/49
f 24/48 121/49 25/50
f 25/50 121/49 122/51
f 25/50 122/51 26/52
f 26/52 122/51 123/53
f 26/52 123/53 27/54
f 27/54 123/53 124/55
f 27/54 124/55 28/56
f 28/56 124/55 125/57
f 28/56 125/57 29/58
f 29/58 125/57 126/59
f 29/58 126/59 30/60
f 30/60 126/59 127/61
f 30/60 127/61 31/62
f 31/62 127/61 128/63
f 31/62 128/63 32/64
f 32/64 128/63 129/65
f 32/64 129/65 33/66
f 33/66 129/65 130/67
f 33/66 130/67 34/68
f 34/68 130/67 131/69
f 34/68 131/69 35/70
f 35/70 131/69 132/71
f 35/70 132/71 36/72
f 36/72 132/71 133/73
f 36/72 133/73 37/74
f 37/74 133/73 134/75
f 37/74 134/75 38/76
f 38/76 134/75 135/77
f 38/76 135/77 39/78
f 39/78 135/77 136/79
f 39/78 136/79 40/80
f 40/80 136/79 137/81
f 40/80 137/81 41/82
f 41/82 137/81 138/83
f 41/82 138/83 42/84
f 42/84 138/83 139/85
f 42/84 139/85 43/86
f 43/86 139/85 140/87
f 43/86 140/87 44/88
f 44/88 140/87 141/89
f 44/88 141/89 45/90
f 45/90 141/89 142/91
f 45/90 142/91 46/92
f 46/92 142/91 143/93
f 46/92 143/93 47/94
f 47/94 143/93 144/95
f 47/94 144/95 48/96
f 48/96 144/95 145/97
f 48/96 145/97 49/98
f 49/98 145/97 146/99
f 49/98 146/99 50/100
f 50/100 146/99 147/101
f 50/100 147/101 51/102
f 51/102 147/101 148/103
f 51/102 148/103 52/104
f 52/104 148/103 149/105
f 52/104 149/105 53/106
f 53/106 149/105 150/107
f 53/106 150/107 54/108
f 54/108 150/107 151/109
f 54/108 151/109 55/110
f 55/110 151/109 152/111
f 55/110 152/111 56/112
f 56/112 152/111 153/113
f 56/112 153/113 57/114
f 57/114 153/113 154/115
f 57/114 154/115 58/116
f 58/116 154/115 155/117
f 58/116 155/117 59/118
f 59/118 155/117 156/119
f 59/118 156/119 60/120
f 60/120 156/119 157/121
f 60/120 157/121 61/122
f 61/122 157/121 158/123
f 61/122 158/123 62/124
f 62/124 158/123 159/125
f 62/124 159/125 63/126
f 63/126 159/125 160/127
f 63/126 160/127 64/128
f 64/128 160/127 161/129
f 64/128 161/129 65/130
f 65/130 161/129 162/131
f 65/130 162/131 66/132
f 66/132 162/131 163/133
f 66/132 163/133 67/134
f 67/134 163/133 164/135
f 67/134 164/135 68/136
f 68/136 164/135 165/137
f 68/136 165/137 69/138
f 69/138 165/137 166/139
f 69/138 166/139 70/140
f 70/140 166/139 167/141
f 70/140 167/141 71/142
f 71/142 167/141 168/143
f 71/142 168/143 72/144
f 72/144 168/143 169/145
f 72/144 169/145 73/146
f 73/146 169/145 170/147
f 73/146 170/147 74/148
f 74/148 170/147 171/149
f 74/148 171/149 75/150
f 75/150 171/149 172/151
f 75/150 172/151 76/152
f 76/152 172/151 173/153
f 76/152 173/153 77/154
f 77/154 173/153 174/155
f 77/154 174/155 78/156
f 78/156 174/155 175/157
f 78/156 175/157 79/158
f 79/158 175/157 176/159
f 79/158 176/159 80/160
f 80/160 176/159 177/161
f 80/160 177/161 81/162
f 81/162 177/161 178/163
f 81/162 178/163 82/164
f 82/164 178/163 179/165
f 82/164 179/165 83/166
f 83/166 179/165 180/167
f 83/166 180/167 84/168
f 84/168 180/167 181/169
f 84/168 181/169 85/170
f 85/170 181/169 182/171
f 85/170 182/171 86/172
f 86/172 182/171 183/173
f 86/172 183/173 87/174
f 87/174 183/173 184/175
f 87/174 184/175 88/176
f 88/176 184/175 185/177
f 88/176 185/177 89/178
f 89/178 185/177 186/179
f 89/178 186/179 90/180
f 90/180 186/179 187/181
f 90/180 187/181 91/182
f 91/182 187/181 188/183
f 91/182 188/183 92/184
f 92/184 188/183 189/185
f 92/184 189/185 93/186
f 93/186 189/185 190/187
f 93/186 190/187 94/188
f 94/188 190/187 191/189
f 94/188 191/189 95/190
f 95/190 191/189 192/191
f 95/190 192/191 96/192
f 96/192 192/191 97/193
f 96/192 97/193 1/194
f 97/2 193/195 194/196
f 97/2 194/196 98/3
f 98/3 194/196 195/197
f 98/3 195/197 99/5
f 99/5 195/197 196/198
f 99/5 196/198 100/7
f 100/7 196/198 197/199
f 100/7 197/199 101/9
f 101/9 197/199 198/200
f 101/9 198/200 102/11
f 102/11 198/200 199/201
f 102/11 199/201 103/13
f 103/13 199/201 200/202
f 103/13 200/202 104/15
f 104/15 200/202 201/203
f 104/15 201/203 105/17
f 105/17 201/203 202/204
f 105/17 202/204 106/19
f 106/19 202/204 203/205
f 106/19 203/205 107/21
f 107/21 203/205 204/206
f 107/21 204/206 108/23
f 108/23 204/206 205/207
f 108/23 205/207 109/25
f 109/25 205/207 206/208
f 109/25 206/208 110/27
f 110/27 206/208 207/209
f 110/27 207/209 111/29
f 111/29 207/209 208/210
f 111/29 208/210 112/31
f 112/31 208/210 209/211
f 112/31 209/211 113/33
f 113/33 209/211 210/212
f 113/33 210/212 114/35
f 114/35 210/212 211/213
f 114/35 211/213 115/37
f 115/37 211/213 212/214
f 115/37 212/214 116/39
f 116/39 212/214 213/215
f 116/39 213/215 117/41
f 117/41 213/215 214/216
f 117/41 214/216 118/43
f 118/43 214/216 215/217
f 118/43 215/217 119/45
f 119/45 215/217 216/218
f 119/45 216/218 120/47
f 120/47 216/218 217/219
f 120/47 217/219 121/49
f 121/49 217/219 218/220
f 121/49 218/220 122/51
f 122/51 218/220 219/221
f 122/51 219/221 123/53
f 123/53 219/221 220/222
f 123/53 220/222 124/55
f 124/55 220/222 221/223
f 124/55 221/223 125/57
f 125/57 221/223 222/224
f 125/57 222/224 126/59
f 126/59 222/224 223/225
f 126/59 223/225 127/61
f 127/61 223/225 224/226
f 127/61 224/226 128/63
f 128/63 224/226 225/227
f 128/63 225/227 129/65
f 129/65 225/227 226/228
f 129/65 226/228 130/67
f 130/67 226/228 227/229
f 130/67 227/229 131/69
f 131/69 227/229 228/230
f 131/69 228/230 132/71
f 132/71 228/230 229/231
f 132/71 229/231 133/73
f 133/73 229/231 230/232
f 133/73 230/232 134/75
f 134/75 230/232 231/233
f 134/75 231/233 135/77
f 135/77 231/233 232/234
f 135/77 232/234 136/79
f 136/79 232/234 233/235
f 136/79 233/235 137/81
f 137/81 233/235 234/236
f 137/81 234/236 138/83
f 138/83 234/236 235/237
f 138/83 235/237 139/85
f 139/85 235/237 236/238
f 139/85 236/238 140/87
f 140/87 236/238 237/239
f 140/87 237/239 141/89
f 141/89 237/239 238/240
f 141/89 238/240 142/91
f 142/91 238/240 239/241
f 142/91 239/241 143/93
f 143/93 239/241 240/242
f 143/93 240/242 144/95
f 144/95 240/242 241/243
f 144/95 241/243 145/97
f 145/97 241/243 242/244
f 145/97 242/244 146/99
f 146/99 242/244 243/245
f 146/99 243/245 147/101
f 147/101 243/245 244/246
f 147/101 244/246 148/103
f 148/103 244/246 245/247
f 148/103 245/247 149/105
f 149/105 245/247 246/248
f 149/105 246/248 150/107
f 150/107 246/248 247/249
f 150/107 247/249 151/109
f 151/109 247/249 248/250
f 151/109 248/250 152/111
f 152/111 248/250 249/251
f 152/111 249/251 153/113
f 153/113 249/251 250/252
f 153/113 250/252 154/115
f 154/115 250/252 251/253
f 154/115 251/253 155/117
f 155/117 251/253 252/254
f 155/117 252/254 156/119
f 156/119 252/254 253/255
f 156/119 253/255 157/121
f 157/121 253/255 254/256
f 157/121 254/256 158/123
f 158/123 254/256 255/257
f 158/123 255/257 159/125
f 159/125 255/257 256/258
f 159/125 256/258 160/127
f 160/127 256/258 257/259
f 160/127 257/259 161/129
f 161/129 257/259 258/260
f 161/129 258/260 162/131
f 162/131 258/260 259/261
f 162/131 259/261 163/133
f 163/133 259/261 260/262
f 163/133 260/262 164/135
f 164/135 260/262 261/263
f 164/135 261/263 165/137
f 165/137 261/263 262/264
f 165/137 262/264 166/139
f 166/139 262/264 263/265
f 166/139 263/265 167/141
f 167/141 263/265 264/266
f 167/141 264/266 168/143
f 168/143 264/266 265/267
f 168/143 265/267 169/145
f 169/145 265/267 266/268
f 169/145 266/268 170/147
f 170/147 266/268 267/269
f 170/147 267/269 171/149
f 171/149 267/269 268/270
f 171/149 268/270 172/151
f 172/151 268/270 269/271
f 172/151 269/271 173/153
f 173/153 269/271 270/272
f 173/153 270/272 174/155
f 174/155 270/272 271/273
f 174/155 271/273 175/157
f 175/157 271/273 272/274
f 175/157 272/274 176/159
f 176/159 272/274 273/275
f 176/159 273/275 177/161
f 177/161 273/275 274/276
f 177/161 274/276 178/163
f 178/163 274/276 275/277
f 178/163 275/277 179/165
f 179/165 275/277 276/278
f 179/165 276/278 180/167
f 180/167 276/278 277/279
f 180/167 277/279 181/169
f 181/169 277/279 278/280
f 181/169 278/280 182/171
f 182/171 278/280 279/281
f 182/171 279/281 183/173
f 183/173 279/281 280/282
f 183/173 280/282 184/175
f 184/175 280/282 281/283
f 184/175 281/283 185/177
f 185/177 281/283 282/284
f 185/177 282/284 186/179
f 186/179 282/284 283/285
f 186/179 283/285 187/181
f 187/181 283/285 284/286
f 187/181 284/286 188/183
f 188/183 284/286 285/287
f 188/183 285/287 189/185
f 189/185 285/287 286/288
f 189/185 286/288 190/187
f 190/187 286/288 287/289
f 190/187 287/289 191/189
f 191/189 287/289 288/290
f 191/189 288/290 192/191
f 192/191 288/290 193/291
f 192/191 193/291 97/193
f 193/195 289/292 290/293
f 193/195 290/293 194/196
f 194/196 290/293 291/294
f 194/196 291/294 195/197
f 195/197 291/294 292/295
f 195/197 292/295 196/198
f 196/198 292/295 293/296
f 196/198 293/296 197/199
f 197/199 293/296 294/297
f 197/199 294/297 198/200
f 198/200 294/297 295/298
f 198/200 295/298 199/201
f 199/201 295/298 296/299
f 199/201 296/299 200/202
f 200/202 296/299 297/300
f 200/202 297/300 201/203
f 201/203 297/300 298/301
f 201/203 298/301 202/204
f 202/204 298/301 299/302
f 202/204 299/302 203/205
f 203/205 299/302 300/303
f 203/205 300/303 204/206
f 204/206 300/303 301/304
f 204/206 301/304 205/207
f 205/207 301/304 302/305
f 205/207 302/305 206/208
f 206/208 302/305 303/306
f 206/208 303/306 207/209
f 207/209 303/306 304/307
f 207/209 304/307 208/210
f 208/210 304/307 305/308
f 208/210 305/308 209/211
f 209/211 305/308 306/309
f 209/211 306/309 210/212
f 210/212 306/309 307/310
f 210/212 307/310 211/213
f 211/213 307/310 308/311
f 211/213 308/311 212/214
f 212/214 308/311 309/312
f 212/214 309/312 213/215
f 213/215 309/312 310/313
f 213/215 310/313 214/216
f 214/216 310/313 311/314
f 214/216 311/314 215/217
f 215/217 311/314 312/315
f 215/217 312/315 216/218
f 216/218 312/315 313/316
f 216/218 313/316 217/219
f 217/219 313/316 314/317
f 217/219 314/317 218/220
f 218/220 314/317 315/318
f 218/220 315/318 219/221
f 219/221 315/318 316/319
f 219/221 316/319 220/222
f 220/222 316/319 317/320
f 220/222 317/320 221/223
f 221/223 317/320 318/321
f 221/223 318/321 222/224
f 222/224 318/321 319/322
f 222/224 319/322 223/225
f 223/225 319/322 320/323
f 223/225 320/323 224/226
f 224/226 320/323 321/324
f 224/226 321/324 225/227
f 225/227 321/324 322/325
f 225/227 322/325 226/228
f 226/228 322/325 323/326
f 226/228 323/326 227/229
f 227/229 323/326 324/327
f 227/229 324/327 228/230
f 228/230 324/327 325/328
f 228/230 325/328 229/231
f 229/231 325/328 326/329
f 229/231 326/329 230/232
f 230/232 326/329 327/330
f 230/232 327/330 231/233
f 231/233 327/330 328/331
f 231/233 328/331 232/234
f 232/234 328/331 329/332
f 232/234 329/332 233/235
f 233/235 329/332 330/333
f 233/235 330/333 234/236
f 234/236 330/333 331/334
f 234/236 331/334 235/237
f 235/237 331/334 332/335
f 235/237 332/335 236/238
f 236/238 332/335 333/336
f 236/238 333/336 237/239
f 237/239 333/336 334/337
f 237/239 334/337 238/240
f 238/240 334/337 335/338
f 238/240 335/338 239/241
f 239/241 335/338 336/339
f 239/241 336/339 240/242
f 240/242 336/339 337/340
f 240/242 337/340 241/243
f 241/243 337/340 338/341
f 241/243 338/341 242/244
f 242/244 338/341 339/342
f 242/244 339/342 243/245
f 243/245 339/342 340/343
f 243/245 340/343 244/246
f 244/246 340/343 341/344
f 244/246 341/344 245/247
f 245/247 341/344 342/345
f 245/247 342/345 246/248
f 246/248 342/345 343/346
f 246/248 343/346 247/249
f 247/249 343/346 344/347
f 247/249 344/347 248/250
f 248/250 344/347 345/348
f 248/250 345/348 249/251
f 249/251 345/348 346/349
f 249/251 346/349 250/252
f 250/252 346/349 347/350
f 250/252 347/350 251/253
f 251/253 347/350 348/351
f 251/253 348/351 252/254
f 252/254 348/351 349/352
f 252/254 349/352 253/255
f 253/255 349/352 350/353
f 253/255 350/353 254/256
f 254/256 350/353 351/354
f 254/256 351/354 255/257
f 255/257 351/354 352/355
f 255/257 352/355 256/258
f 256/258 352/355 353/356
f 256/258 353/356 257/259
f 257/259 353/356 354/357
f 257/259 354/357 258/260
f 258/260 354/357 355/358
f 258/260 355/358 259/261
f 259/261 355/358 356/359
f 259/261 356/359 260/262
f 260/262 356/359 357/360
f 260/262 357/360 261/263
f 261/263 357/360 358/361
f 261/263 358/361 262/264
f 262/264 358/361 359/362
f 262/264 359/362 263/265
f 263/265 359/362 360/363
f 263/265 360/363 264/266
f 264/266 360/363 361/364
f 264/266 361/364 265/267
f 265/267 361/364 362/365
f 265/267 362/365 266/268
f 266/268 362/365 363/366
f 266/268 363/366 267/269
f 267/269 363/366 364/367
f 267/269 364/367 268/270
f 268/270 364/367 365/368
f 268/270 365/368 269/271
f 269/271 365/368 366/369
f 269/271 366/369 270/272
f 270/272 366/369 367/370
f 270/272 367/370 271/273
f 271/273 367/370 368/371
f 271/273 368/371 272/274
f 272/274 368/371 369/372
f 272/274 369/372 273/275
f 273/275 369/372 370/373
f 273/275 370/373 274/276
f 274/276 370/373 371/374
f 274/276 371/374 275/277
f 275/277 371/374 372/375
f 275/277 372/375 276/278
f 276/278 372/375 373/376
f 276/278 373/376 277/279
f 277/279 373/376 374/377
f 277/279 374/377 278/280
f 278/280 374/377 375/378
f 278/280 375/378 279/281
f 279/281 375/378 376/379
f 279/281 376/379 280/282
f 280/282 376/379 377/380
f 280/282 377/380 281/283
f 281/283 377/380 378/381
f 281/283 378/381 282/284
f 282/284 378/381 379/382
f 282/284 379/382 283/285
f 283/285 379/382 380/383
f 283/285 380/383 284/286
f 284/286 380/383 381/384
f 284/286 381/384 285/287
f 285/287 381/384 382/385
f 285/287 382/385 286/288
f 286/288 382/385 383/386
f 286/288 383/386 287/289
f 287/289 383/386 384/387
f 287/289 384/387 288/290
f 288/290 384/387 289/388
f 288/290 289/388 193/291
f 289/292 385/389 386/390
f 289/292 386/390 290/293
f 290/293 386/390 387/391
f 290/293 387/391 291/294
f 291/294 387/391 388/392
f 291/294 388/392 292/295
f 292/295 388/392 389/393
f 292/295 389/393 293/296
f 293/296 389/393 390/394
f 293/296 390/394 294/297
f 294/297 390/394 391/395
f 294/297 391/395 295/298
f 295/298 391/395 392/396
f 295/298 392/396 296/299
f 296/299 392/396 393/397
f 296/299 393/397 297/300
f 297/300 393/397 394/398
f 297/300 394/398 298/301
f 298/301 394/398 395/399
f 298/301 395/399 299/302
f 299/302 395/399 396/400
f 299/302 396/400 300/303
f 300/303 396/400 397/401
f 300/303 397/401 301/304
f 301/304 397/401 398/402
f 301/304 398/402 302/305
f 302/305 398/402 399/403
f 302/305 399/403 303/306
f 303/306 399/403 400/404
f 303/306 400/404 304/307
f 304/307 400/404 401/405
f 304/307 401/405 305/308
f 305/308 401/405 402/406
f 305/308 402/406 306/309
f 306/309 402/406 403/407
f 306/309 403/407 307/310
f 307/310 403/407 404/408
f 307/310 404/408 308/311
f 308/311 404/408 405/409
f 308/311 405/409 309/312
f 309/312 405/409 406/410
f 309/312 406/410 310/313
f 310/313 406/410 407/411
f 310/313 407/411 311/314
f 311/314 407/411 408/412
f 311/314 408/412 312/315
f 312/315 408/412 409/413
f 312/315 409/413 313/316
f 313/316 409/413 410/414
f 313/316 410/414 314/317
f 314/317 410/414 411/415
f 314/317 411/415 315/318
f 315/318 411/415 412/416
f 315/318 412/416 316/319
f 316/319 412/416 413/417
f 316/319 413/417 317/320
f 317/320 413/417 414/418
f 317/320 414/418 318/321
f 318/321 414/418 415/419
f 318/321 415/419 319/322
f 319/322 415/419 416/420
f 319/322 416/420 320/323
f 320/323 416/420 417/421
f 320/323 417/421 321/324
f 321/324 417/421 418/422
f 321/324 418/422 322/325
f 322/325 418/422 419/423
f 322/325 419/423 323/326
f 323/326 419/423 420/424
f 323/326 420/424 324/327
f 324/327 420/424 421/425
f 324/327 421/425 325/328
f 325/328 421/425 422/426
f 325/328 422/426 326/329
f 326/329 422/426 423/427
f 326/329 423/427 327/330
f 327/330 423/427 424/428
f 327/330 424/428 328/331
f 328/331 424/428 425/429
f 328/331 425/429 329/332
f 329/332 425/429 426/430
f 329/332 426/430 330/333
f 330/333 426/430 427/431
f 330/333 427/431 331/334
f 331/334 427/431 428/432
f 331/334 428/432 332/335
f 332/335 428/432 429/433
f 332/335 429/433 333/336
f 333/336 429/433 430/434
f 333/336 430/434 334/337
f 334/337 430/434 431/435
f 334/337 431/435 335/338
f 335/338 431/435 432/436
f 335/338 432/436 336/339
f 336/339 432/436 433/437
f 336/339 433/437 337/340
f 337/340 433/437 434/438
f 337/340 434/438 338/341
f 338/341 434/438 435/439
f 338/341 435/439 339/342
f 339/342 435/439 436/440
f 339/342 436/440 340/343
f 340/343 436/440 437/441
f 340/343 437/441 341/344
f 341/344 437/441 438/442
f 341/344 438/442 342/345
f 342/345 438/442 439/443
f 342/345 439/443 343/346
f 343/346 439/443 440/444
f 343/346 440/444 344/347
f 344/347 440/444 441/445
f 344/347 441/445 345/348
f 345/348 441/445 442/446
f 345/348 442/446 346/349
f 346/349 442/446 443/447
f 346/349 443/447 347/350
f 347/350 443/447 444/448
f 347/350 444/448 348/351
f 348/351 444/448 445/449
f 348/351 445/449 349/352
f 349/352 445/449 446/450
f 349/352 446/450 350/353
f 350/353 446/450 447/451
f 350/353 447/451 351/354
f 351/354 447/451 448/452
f 351/354 448/452 352/355
f 352/355 448/452 449/453
f 352/355 449/453 353/356
f 353/356 449/453 450/454
f 353/356 450/454 354/357
f 354/357 450/454 451/455
f 354/357 451/455 355/358
f 355/358 451/455 452/456
f 355/358 452/456 356/359
f 356/359 452/456 453/457
f 356/359 453/457 357/360
f 357/360 453/457 454/458
f 357/360 454/458 358/361
f 358/361 454/458 455/459
f 358/361 455/459 359/362
f 359/362 455/459 456/460
f 359/362 456/460 360/363
f 360/363 456/460 457/461
f 360/363 457/461 361/364
f 361/364 457/461 458/462
f 361/364 458/462 362/365
f 362/365 458/462 459/463
f 362/365 459/463 363/366
f 363/366 459/463 460/464
f 363/366 460/464 364/367
f 364/367 460/464 461/465
f 364/367 461/465 365/368
f 365/368 461/465 462/466
f 365/368 462/466 366/369
f 366/369 462/466 463/467
f 366/369 463/467 367/370
f 367/370 463/467 464/468
f 367/370 464/468 368/371
f 368/371 464/468 465/469
f 368/371 465/469 369/372
f 369/372 465/469 466/470
f 369/372 466/470 370/373
f 370/373 466/470 467/471
f 370/373 467/471 371/374
f 371/374 467/471 468/472
f 371/374 468/472 372/375
f 372/375 468/472 469/473
f 372/375 469/473 373/376
f 373/376 469/473 470/474
f 373/376 470/474 374/377
f 374/377 470/474 471/475
f 374/377 471/475 375/378
f 375/378 471/475 472/476
f 375/378 472/476 376/379
f 376/379 472/476 473/477
f 376/379 473/477 377/380
f 377/380 473/477 474/478
f 377/380 474/478 378/381
f 378/381 474/478 475/479
f 378/381 475/479 379/382
f 379/382 475/479 476/480
f 379/382 476/480 380/383
f 380/383 476/480 477/481
f 380/383 477/481 381/384
f 381/384 477/481 478/482
f 381/384 478/482 382/385
f 382/385 478/482 479/483
f 382/385 479/483 383/386
f 383/386 479/483 480/484
f 383/386 480/484 384/387
f 384/387 480/484 385/485
f 384/387 385/485 289/388
f 385/389 481/486 482/487
f 385/389 482/487 386/390
f 386/390 482/487 483/488
f 386/390 483/488 387/391
f 387/391 483/488 484/489
f 387/391 484/489 388/392
f 388/392 484/489 485/490
f 388/392 485/490 389/393
f 389/393 485/490 486/491
f 389/393 486/491 390/394
f 390/394 486/491 487/492
f 390/394 487/492 391/395
f 391/395 487/492 488/493
f 391/395 488/493 392/396
f 392/396 488/493 489/494
f 392/396 489/494 393/397
f 393/397 489/494 490/495
f 393/397 490/495 394/398
f 394/398 490/495 491/496
f 394/398 491/496 395/399
f 395/399 491/496 492/497
f 395/399 492/497 396/400
f 396/400 492/497 493/498
f 396/400 493/498 397/401
f 397/401 493/498 494/499
f 397/401 494/499 398/402
f 398/402 494/499 495/500
f 398/402 495/500 399/403
f 399/403 495/500 496/501
f 399/403 496/501 400/404
f 400/404 496/501 497/502
f 400/404 497/502 401/405
f 401/405 497/502 498/503
f 401/405 498/503 402/406
f 402/406 498/503 499/504
f 402/406 499/504 403/407
f 403/407 499/504 500/505
f 403/407 500/505 404/408
f 404/408 500/505 501/506
f 404/408 501/506 405/409
f 405/409 501/506 502/507
f 405/409 502/507 406/410
f 406/410 502/507 503/508
f 406/410 503/508 407/411
f 407/411 503/508 504/509
f 407/411 504/509 408/412
f 408/412 504/509 505/510
f 408/412 505/510 409/413
f 409/413 505/510 506/511
f 409/413 506/511 410/414
f 410/414 506/511 507/512
f 410/414 507/512 411/415
f 411/415 507/512 508/513
f 411/415 508/513 412/416
f 412/416 508/513 509/514
f 412/416 509/514 413/417
f 413/417 509/514 510/515
f 413/417 510/515 414/418
f 414/418 510/515 511/516
f 414/418 511/516 415/419
f 415/419 511/516 512/517
f 415/419 512/517 416/420
f 416/420 512/517 513/518
f 416/420 513/518 417/421
f 417/421 513/518 514/519
f 417/421 514/519 418/422
f 418/422 514/519 515/520
f 418/422 515/520 419/423
f 419/423 515/520 516/521
f 419/423 516/521 420/424
f 420/424 516/521 517/522
f 420/424 517/522 421/425
f 421/425 517/522 518/523
f 421/425 518/523 422/426
f 422/426 518/523 519/524
f 422/426 519/524 423/427
f 423/427 519/524 520/525
f 423/427 520/525 424/428
f 424/428 520/525 521/526
f 424/428 521/526 425/429
f 425/429 521/526 522/527
f 425/429 522/527 426/430
f 426/430 522/527 523/528
f 426/430 523/528 427/431
f 427/431 523/528 524/529
f 427/431 524/529 428/432
f 428/432 524/529 525/530
f 428/432 525/530 429/433
f 429/433 525/530 526/531
f 429/433 526/531 430/434
f 430/434 526/531 527/532
f 430/434 527/532 431/435
f 431/435 527/532 528/533
f 431/435 528/533 432/436
f 432/436 528/533 529/534
f 432/436 529/534 433/437
f 433/437 529/534 530/535
f 433/437 530/535 434/438
f 434/438 530/535 531/536
f 434/438 531/536 435/439
f 435/439 531/536 532/537
f 435/439 532/537 436/440
f 436/440 532/537 533/538
f 436/440 533/538 437/441
f 437/441 533/538 534/539
f 437/441 534/539 438/442
f 438/442 534/539 535/540
f 438/442 535/540 439/443
f 439/443 535/540 536/541
f 439/443 536/541 440/444
f 440/444 536/541 537/542
f 440/444 537/542 441/445
f 441/445 537/542 538/543
f 441/445 538/543 442/446
f 442/446 538/543 539/544
f 442/446 539/544 443/447
f 443/447 539/544 540/545
f 443/447 540/545 444/448
f 444/448 540/545 541/546
f 444/448 541/546 445/449
f 445/449 541/546 542/547
f 445/449 542/547 446/450
f 446/450 542/547 543/548
f 446/450 543/548 447/451
f 447/451 543/548 544/549
f 447/451 544/549 448/452
f 448/452 544/549 545/550
f 448/452 545/550 449/453
f 449/453 545/550 546/551
f 449/453 546/551 450/454
f 450/454 546/551 547/552
f 450/454 547/552 451/455
f 451/455 547/552 548/553
f 451/455 548/553 452/456
f 452/456 548/553 549/554
f 452/456 549/554 453/457
f 453/457 549/554 550/555
f 453/457 550/555 454/458
f 454/458 550/555 551/556
f 454/458 551/556 455/459
f 455/459 551/556 552/557
f 455/459 552/557 456/460
f 456/460 552/557 553/558
f 456/460 553/558 457/461
f 457/461 553/558 554/559
f 457/461 554/559 458/462
f 458/462 554/559 555/560
f 458/462 555/560 459/463
f 459/463 555/560 556/561
f 459/463 556/561 460/464
f 460/464 556/561 557/562
f 460/464 557/562 461/465
f 461/465 557/562 558/563
f 461/465 558/563 462/466
f 462/466 558/563 559/564
f 462/466 559/564 463/467
f 463/467 559/564 560/565
f 463/467 560/565 464/468
f 464/468 560/565 561/566
f 464/468 561/566 465/469
f 465/469 561/566 562/567
f 465/469 562/567 466/470
f 466/470 562/567 563/568
f 466/470 563/568 467/471
f 467/471 563/568 564/569
f 467/471 564/569 468/472
f 468/472 564/569 565/570
f 468/472 565/570 469/473
f 469/473 565/570 566/571
f 469/473 566/571 470/474
f 470/474 566/571 567/572
f 470/474 567/572 471/475
f 471/475 567/572 568/573
f 471/475 568/573 472/476
f 472/476 568/573 569/574
f 472/476 569/574 473/477
f 473/477 569/574 570/575
f 473/477 570/575 474/478
f 474/478 570/575 571/576
f 474/478 571/576 475/479
f 475/479 571/576 572/577
f 475/479 572/577 476/480
f 476/480 572/577 573/578
f 476/480 573/578 477/481
f 477/481 573/578 574/579
f 477/481 574/579 478/482
f 478/482 574/579 575/580
f 478/482 575/580 479/483
f 479/483 575/580 576/581
f 479/483 576/581 480/484
f 480/484 576/581 481/582
f 480/484 481/582 385/485
f 481/486 577/583 578/584
f 481/486 578/584 482/487
f 482/487 578/584 579/585
f 482/487 579/585 483/488
f 483/488 579/585 580/586
f 483/488 580/586 484/489
f 484/489 580/586 581/587
f 484/489 581/587 485/490
f 485/490 581/587 582/588
f 485/490 582/588 486/491
f 486/491 582/588 583/589
f 486/491 583/589 487/492
f 487/492 583/589 584/590
f 487/492 584/590 488/493
f 488/493 584/590 585/591
f 488/493 585/591 489/494
f 489/494 585/591 586/592
f 489/494 586/592 490/495
f 490/495 586/592 587/593
f 490/495 587/593 491/496
f 491/496 587/593 588/594
f 491/496 588/594 492/497
f 492/497 588/594 589/595
f 492/497 589/595 493/498
f 493/498 589/595 590/596
f 493/498 590/596 494/499
f 494/499 590/596 591/597
f 494/499 591/597 495/500
f 495/500 591/597 592/598
f 495/500 592/598 496/501
f 496/501 592/598 593/599
f 496/501 593/599 497/502
f 497/502 593/599 594/600
f 497/502 594/600 498/503
f 498/503 594/600 595/601
f 498/503 595/601 499/504
f 499/504 595/601 596/602
f 499/504 596/602 500/505
f 500/505 596/602 597/603
f 500/505 597/603 501/506
f 501/506 597/603 598/604
f 501/506 598/604 502/507
f 502/507 598/604 599/605
f 502/507 599/605 503/508
f 503/508 599/605 600/606
f 503/508 600/606 504/509
f 504/509 600/606 601/607
f 504/509 601/607 505/510
f 505/510 601/607 602/608
f 505/510 602/608 506/511
f 506/511 602/608 603/609
f 506/511 603/609 507/512
f 507/512 603/609 604/610
f 507/512 604/610 508/513
f 508/513 604/610 605/611
f 508/513 605/611 509/514
f 509/514 605/611 606/612
f 509/514 606/612 510/515
f 510/515 606/612 607/613
f 510/515 607/613 511/516
f 511/516 607/613 608/614
f 511/516 608/614 512/517
f 512/517 608/614 609/615
f 512/517 609/615 513/518
f 513/518 609/615 610/616
f 513/518 610/616 514/519
f 514/519 610/616 611/617
f 514/519 611/617 515/520
f 515/520 611/617 612/618
f 515/520 612/618 516/521
f 516/521 612/618 613/619
f 516/521 613/619 517/522
f 517/522 613/619 614/620
f 517/522 614/620 518/523
f 518/523 614/620 615/621
f 518/523 615/621 519/524
f 519/524 615/621 616/622
f 519/524 616/622 520/525
f 520/525 616/622 617/623
f 520/525 617/623 521/526
f 521/526 617/623 618/624
f 521/526 618/624 522/527
f 522/527 618/624 619/625
f 522/527 619/625 523/528
f 523/528 619/625 620/626
f 523/528 620/626 524/529
f 524/529 620/626 621/627
f 524/529 621/627 525/530
f 525/530 621/627 622/628
f 525/530 622/628 526/531
f 526/531 622/628 623/629
f 526/531 623/629 527/532
f 527/532 623/629 624/630
f 527/532 624/630 528/533
f 528/533 624/630 625/631
f 528/533 625/631 529/534
f 529/534 625/631 626/632
f 529/534 626/632 530/535
f 530/535 626/632 627/633
f 530/535 627/633 531/536
f 531/536 627/633 628/634
f 531/536 628/634 532/537
f 532/537 628/634 629/635
f 532/537 629/635 533/538
f 533/538 629/635 630/636
f 533/538 630/636 534/539
f 534/539 630/636 631/637
f 534/539 631/637 535/540
f 535/540 631/637 632/638
f 535/540 632/638 536/541
f 536/541 632/638 633/639
f 536/541 633/639 537/542
f 537/542 633/639 634/640
f 537/542 634/640 538/543
f 538/543 634/640 635/641
f 538/543 635/641 539/544
f 539/544 635/641 636/642
f 539/544 636/642 540/545
f 540/545 636/642 637/643
f 540/545 637/643 541/546
f 541/546 637/643 638/644
f 541/546 638/644 542/547
f 542/547 638/644 639/645
f 542/547 639/645 543/548
f 543/548 639/645 640/646
f 543/548 640/646 544/549
f 544/549 640/646 641/647
f 544/549 641/647 545/550
f 545/550 641/647 642/648
f 545/550 642/648 546/551
f 546/551 642/648 643/649
f 546/551 643/649 547/552
f 547/552 643/649 644/650
f 547/552 644/650 548/553
f 548/553 644/650 645/651
f 548/553 645/651 549/554
f 549/554 645/651 646/652
f 549/554 646/652 550/555
f 550/555 646/652 647/653
f 550/555 647/653 551/556
f 551/556 647/653 648/654
f 551/556 648/654 552/557
f 552/557 648/654 649/655
f 552/557 649/655 553/558
f 553/558 649/655 650/656
f 553/558 650/656 554/559
f 554/559 650/656 651/657
f 554/559 651/657 555/560
f 555/560 651/657 652/658
f 555/560 652/658 556/561
f 556/561 652/658 653/659
f 556/561 653/659 557/562
f 557/562 653/659 654/660
f 557/562 654/660 558/563
f 558/563 654/660 655/661
f 558/563 655/661 559/564
f 559/564 655/661 656/662
f 559/564 656/662 560/565
f 560/565 656/662 657/663
f 560/565 657/663 561/566
f 561/566 657/663 658/664
f 561/566 658/664 562/567
f 562/567 658/664 659/665
f 562/567 659/665 563/568
f 563/568 659/665 660/666
f 563/568 660/666 564/569
f 564/569 660/666 661/667
f 564/569 661/667 565/570
f 565/570 661/667 662/668
f 565/570 662/668 566/571
f 566/571 662/668 663/669
f 566/571 663/669 567/572
f 567/572 663/669 664/670
f 567/572 664/670 568/573
f 568/573 664/670 665/671
f 568/573 665/671 569/574
f 569/574 665/671 666/672
f 569/574 666/672 570/575
f 570/575 666/672 667/673
f 570/575 667/673 571/576
f 571/576 667/673 668/674
f 571/576 668/674 572/577
f 572/577 668/674 669/675
f 572/577 669/675 573/578
f 573/578 669/675 670/676
f 573/578 670/676 574/579
f 574/579 670/676 671/677
f 574/579 671/677 575/580
f 575/580 671/677 672/678
f 575/580 672/678 576/581
f 576/581 672/678 577/679
f 576/581 577/679 481/582
f 577/583 673/680 674/681
f 577/583 674/681 578/584
f 578/584 674/681 675/682
f 578/584 675/682 579/585
f 579/585 675/682 676/683
f 579/585 676/683 580/586
f 580/586 676/683 677/684
f 580/586 677/684 581/587
f 581/587 677/684 678/685
f 581/587 678/685 582/588
f 582/588 678/685 679/686
f 582/588 679/686 583/589
f 583/589 679/686 680/687
f 583/589 680/687 584/590
f 584/590 680/687 681/688
f 584/590 681/688 585/591
f 585/591 681/688 682/689
f 585/591 682/689 586/592
f 586/592 682/689 683/690
f 586/592 683/690 587/593
f 587/593 683/690 684/691
f 587/593 684/691 588/594
f 588/594 684/691 685/692
f 588/594 685/692 589/595
f 589/595 685/692 686/693
f 589/595 686/693 590/596
f 590/596 686/693 687/694
f 590/596 687/694 591/597
f 591/597 687/694 688/695
f 591/597 688/695 592/598
f 592/598 688/695 689/696
f 592/598 689/696 593/599
f 593/599 689/696 690/697
f 593/599 690/697 594/600
f 594/600 690/697 691/698
f 594/600 691/698 595/601
f 595/601 691/698 692/699
f 595/601 692/699 596/602
f 596/602 692/699 693/700
f 596/602 693/700 597/603
f 597/603 693/700 694/701
f 597/603 694/701 598/604
f 598/604 694/701 695/702
f 598/604 695/702 599/605
f 599/605 695/702 696/703
f 599/605 696/703 600/606
f 600/606 696/703 697/704
f 600/606 697/704 601/607
f 601/607 697/704 698/705
f 601/607 698/705 602/608
f 602/608 698/705 699/706
f 602/608 699/706 603/609
f 603/609 699/706 700/707
f 603/609 700/707 604/610
f 604/610 700/707 701/708
f 604/610 701/708 605/611
f 605/611 701/708 702/709
f 605/611 702/709 606/612
f 606/612 702/709 703/710
f 606/612 703/710 607/613
f 607/613 703/710 704/711
f 607/613 704/711 608/614
f 608/614 704/711 705/712
f 608/614 705/712 609/615
f 609/615 705/712 706/713
f 609/615 706/713 610/616
f 610/616 706/713 707/714
f 610/616 707/714 611/617
f 611/617 707/714 708/715
f 611/617 708/715 612/618
f 612/618 708/715 709/716
f 612/618 709/716 613/619
f 613/619 709/716 710/717
f 613/619 710/717 614/620
f 614/620 710/717 711/718
f 614/620 711/718 615/621
f 615/621 711/718 712/719
f 615/621 712/719 616/622
f 616/622 712/719 713/720
f 616/622 713/720 617/623
f 617/623 713/720 714/721
f 617/623 714/721 618/624
f 618/624 714/721 715/722
f 618/624 715/722 619/625
f 619/625 715/722 716/723
f 619/625 716/723 620/626
f 620/626 716/723 717/724
f 620/626 717/724 621/627
f 621/627 717/724 718/725
f 621/627 718/725 622/628
f 622/628 718/725 719/726
f 622/628 719/726 623/629
f 623/629 719/726 720/727
f 623/629 720/727 624/630
f 624/630 720/727 721/728
f 624/630 721/728 625/631
f 625/631 721/728 722/729
f 625/631 722/729 626/632
f 626/632 722/729 723/730
f 626/632 723/730 627/633
f 627/633 723/730 724/731
f 627/633 724/731 628/634
f 628/634 724/731 725/732
f 628/634 725/732 629/635
f 629/635 725/732 726/733
f 629/635 726/733 630/636
f 630/636 726/733 727/734
f 630/636 727/734 631/637
f 631/637 727/734 728/735
f 631/637 728/735 632/638
f 632/638 728/735 729/736
f 632/638 729/736 633/639
f 633/639 729/736 730/737
f 633/639 730/737 634/640
f 634/640 730/737 731/738
f 634/640 731/738 635/641
f 635/641 731/738 732/739
f 635/641 732/739 636/642
f 636/642 732/739 733/740
f 636/642 733/740 637/643
f 637/643 733/740 734/741
f 637/643 734/741 638/644
f 638/644 734/741 735/742
f 638/644 735/742 639/645
f 639/645 735/742 736/743
f 639/645 736/743 640/646
f 640/646 736/743 737/744
f 640/646 737/744 641/647
f 641/647 737/744 738/745
f 641/647 738/745 642/648
f 642/648 738/745 739/746
f 642/648 739/746 643/649
f 643/649 739/746 740/747
f 643/649 740/747 644/650
f 644/650 740/747 741/748
f 644/650 741/748 645/651
f 645/651 741/748 742/749
f 645/651 742/749 646/652
f 646/652 742/749 743/750
f 646/652 743/750 647/653
f 647/653 743/750 744/751
f 647/653 744/751 648/654
f 648/654 744/751 745/752
f 648/654 745/752 649/655
f 649/655 745/752 746/753
f 649/655 746/753 650/656
f 650/656 746/753 747/754
f 650/656 747/754 651/657
f 651/657 747/754 748/755
f 651/657 748/755 652/658
f 652/658 748/755 749/756
f 652/658 749/756 653/659
f 653/659 749/756 750/757
f 653/659 750/757 654/660
f 654/660 750/757 751/758
f 654/660 751/758 655/661
f 655/661 751/758 752/759
f 655/661 752/759 656/662
f 656/662 752/759 753/760
f 656/662 753/760 657/663
f 657/663 753/760 754/761
f 657/663 754/761 658/664
f 658/664 754/761 755/762
f 658/664 755/762 659/665
f 659/665 755/762 756/763
f 659/665 756/763 660/666
f 660/666 756/763 757/764
f 660/666 757/764 661/667
f 661/667 757/764 758/765
f 661/667 758/765 662/668
f 662/668 758/765 759/766
f 662/668 759/766 663/669
f 663/669 759/766 760/767
f 663/669 760/767 664/670
f 664/670 760/767 761/768
f 664/670 761/768 665/671
f 665/671 761/768 762/769
f 665/671 762/769 666/672
f 666/672 762/769 763/770
f 666/672 763/770 667/673
f 667/673 763/770 764/771
f 667/673 764/771 668/674
f 668/674 764/771 765/772
f 668/674 765/772 669/675
f 669/675 765/772 766/773
f 669/675 766/773 670/676
f 670/676 766/773 767/774
f 670/676 767/774 671/677
f 671/677 767/774 768/775
f 671/677 768/775 672/678
f 672/678 768/775 673/776
f 672/678 673/776 577/679
f 673/680 769/777 770/778
f 673/680 770/778 674/681
f 674/681 770/778 771/779
f 674/681 771/779 675/682
f 675/682 771/779 772/780
f 675/682 772/780 676/683
f 676/683 772/780 773/781
f 676/683 773/781 677/684
f 677/684 773/781 774/782
f 677/684 774/782 678/685
f 678/685 774/782 775/783
f 678/685 775/783 679/686
f 679/686 775/783 776/784
f 679/686 776/784 680/687
f 680/687 776/784 777/785
f 680/687 777/785 681/688
f 681/688 777/785 778/786
f 681/688 778/786 682/689
f 682/689 778/786 779/787
f 682/689 779/787 683/690
f 683/690 779/787 780/788
f 683/690 780/788 684/691
f 684/691 780/788 781/789
f 684/691 781/789 685/692
f 685/692 781/789 782/790
f 685/692 782/790 686/693
f 686/693 782/790 783/791
f 686/693 783/791 687/694
f 687/694 783/791 784/792
f 687/694 784/792 688/695
f 688/695 784/792 785/793
f 688/695 785/793 689/696
f 689/696 785/793 786/794
f 689/696 786/794 690/697
f 690/697 786/794 787/795
f 690/697 787/795 691/698
f 691/698 787/795 788/796
f 691/698 788/796 692/699
f 692/699 788/796 789/797
f 692/699 789/797 693/700
f 693/700 789/797 790/798
f 693/700 790/798 694/701
f 694/701 790/798 791/799
f 694/701 791/799 695/702
f 695/702 791/799 792/800
f 695/702 792/800 696/703
f 696/703 792/800 793/801
f 696/703 793/801 697/704
f 697/704 793/801 794/802
f 697/704 794/802 698/705
f 698/705 794/802 795/803
f 698/705 795/803 699/706
f 699/706 795/803 796/804
f 699/706 796/804 700/707
f 700/707 796/804 797/805
f 700/707 797/805 701/708
f 701/708 797/805 798/806
f 701/708 798/806 702/709
f 702/709 798/806 799/807
f 702/709 799/807 703/710
f 703/710 799/807 800/808
f 703/710 800/808 704/711
f 704/711 800/808 801/809
f 704/711 801/809 705/712
f 705/712 801/809 802/810
f 705/712 802/810 706/713
f 706/713 802/810 803/811
f 706/713 803/811 707/714
f 707/714 803/811 804/812
f 707/714 804/812 708/715
f 708/715 804/812 805/813
f 708/715 805/813 709/716
f 709/716 805/813 806/814
f 709/716 806/814 710/717
f 710/717 806/814 807/815
f 710/717 807/815 711/718
f 711/718 807/815 808/816
f 711/718 808/816 712/719
f 712/719 808/816 809/817
f 712/719 809/817 713/720
f 713/720 809/817 810/818
f 713/720 810/818 714/721
f 714/721 810/818 811/819
f 714/721 811/819 715/722
f 715/722 811/819 812/820
f 715/722 812/820 716/723
f 716/723 812/820 813/821
f 716/723 813/821 717/724
f 717/724 813/821 814/822
f 717/724 814/822 718/725
f 718/725 814/822 815/823
f 718/725 815/823 719/726
f 719/726 815/823 816/824
f 719/726 816/824 720/727
f 720/727 816/824 817/825
f 720/727 817/825 721/728
f 721/728 817/825 818/826
f 721/728 818/826 722/729
f 722/729 818/826 819/827
f 722/729 819/827 723/730
f 723/730 819/827 820/828
f 723/730 820/828 724/731
f 724/731 820/828 821/829
f 724/731 821/829 725/732
f 725/732 821/829 822/830
f 725/732 822/830 726/733
f 726/733 822/830 823/831
f 726/733 823/831 727/734
f 727/734 823/831 824/832
f 727/734 824/832 728/735
f 728/735 824/832 825/833
f 728/735 825/833 729/736
f 729/736 825/833 826/834
f 729/736 826/834 730/737
f 730/737 826/834 827/835
f 730/737 827/835 731/738
f 731/738 827/835 828/836
f 731/738 828/836 732/739
f 732/739 828/836 829/837
f 732/739 829/837 733/740
f 733/740 829/837 830/838
f 733/740 830/838 734/741
f 734/741 830/838 831/839
f 734/741 831/839 735/742
f 735/742 831/839 832/840
f 735/742 832/840 736/743
f 736/743 832/840 833/841
f 736/743 833/841 737/744
f 737/744 833/841 834/842
f 737/744 834/842 738/745
f 738/745 834/842 835/843
f 738/745 835/843 739/746
f 739/746 835/843 836/844
f 739/746 836/844 740/747
f 740/747 836/844 837/845
f 740/747 837/845 741/748
f 741/748 837/845 838/846
f 741/748 838/846 742/749
f 742/749 838/846 839/847
f 742/749 839/847 743/750
f 743/750 839/847 840/848
f 743/750 840/848 744/751
f 744/751 840/848 841/849
f 744/751 841/849 745/752
f 745/752 841/849 842/850
f 745/752 842/850 746/753
f 746/753 842/850 843/851
f 746/753 843/851 747/754
f 747/754 843/851 844/852
f 747/754 844/852 748/755
f 748/755 844/852 845/853
f 748/755 845/853 749/756
f 749/756 845/853 846/854
f 749/756 846/854 750/757
f 750/757 846/854 847/855
f 750/757 847/855 751/758
f 751/758 847/855 848/856
f 751/758 848/856 752/759
f 752/759 848/856 849/857
f 752/759 849/857 753/760
f 753/760 849/857 850/858
f 753/760 850/858 754/761
f 754/761 850/858 851/859
f 754/761 851/859 755/762
f 755/762 851/859 852/860
f 755/762 852/860 756/763
f 756/763 852/860 853/861
f 756/763 853/861 757/764
f 757/764 853/861 854/862
f 757/764 854/862 758/765
f 758/765 854/862 855/863
f 758/765 855/863 759/766
f 759/766 855/863 856/864
f 759/766 856/864 760/767
f 760/767 856/864 857/865
f 760/767 857/865 761/768
f 761/768 857/865 858/866
f 761/768 858/866 762/769
f 762/769 858/866 859/867
f 762/769 859/867 763/770
f 763/770 859/867 860/868
f 763/770 860/868 764/771
f 764/771 860/868 861/869
f 764/771 861/869 765/772
f 765/772 861/869 862/870
f 765/772 862/870 766/773
f 766/773 862/870 863/871
f 766/773 863/871 767/774
f 767/774 863/871 864/872
f 767/774 864/872 768/775
f 768/775 864/872 769/873
f 768/775 769/873 673/776
f 769/777 865/874 866/875
f 769/777 866/875 770/778
f 770/778 866/875 867/876
f 770/778 867/876 771/779
f 771/779 867/876 868/877
f 771/779 868/877 772/780
f 772/780 868/877 869/878
f 772/780 869/878 773/781
f 773/781 869/878 870/879
f 773/781 870/879 774/782
f 774/782 870/879 871/880
f 774/782 871/880 775/783
f 775/783 871/880 872/881
f 775/783 872/881 776/784
f 776/784 872/881 873/882
f 776/784 873/882 777/785
f 777/785 873/882 874/883
f 777/785 874/883 778/786
f 778/786 874/883 875/884
f 778/786 875/884 779/787
f 779/787 875/884 876/885
f 779/787 876/885 780/788
f 780/788 876/885 877/886
f 780/788 877/886 781/789
f 781/789 877/886 878/887
f 781/789 878/887 782/790
f 782/790 878/887 879/888
f 782/790 879/888 783/791
f 783/791 879/888 880/889
f 783/791 880/889 784/792
f 784/792 880/889 881/890
f 784/792 881/890 785/793
f 785/793 881/890 882/891
f 785/793 882/891 786/794
f 786/794 882/891 883/892
f 786/794 883/892 787/795
f 787/795 883/892 884/893
f 787/795 884/893 788/796
f 788/796 884/893 885/894
f 788/796 885/894 789/797
f 789/797 885/894 886/895
f 789/797 886/895 790/798
f 790/798 886/895 887/896
f 790/798 887/896 791/799
f 791/799 887/896 888/897
f 791/799 888/897 792/800
f 792/800 888/897 889/898
f 792/800 889/898 793/801
f 793/801 889/898 890/899
f 793/801 890/899 794/802
f 794/802 890/899 891/900
f 794/802 891/900 795/803
f 795/803 891/900 892/901
f 795/803 892/901 796/804
f 796/804 892/901 893/902
f 796/804 893/902 797/805
f 797/805 893/902 894/903
f 797/805 894/903 798/806
f 798/806 894/903 895/904
f 798/806 895/904 799/807
f 799/807 895/904 896/905
f 799/807 896/905 800/808
f 800/808 896/905 897/906
f 800/808 897/906 801/809
f 801/809 897/906 898/907
f 801/809 898/907 802/810
f 802/810 898/907 899/908
f 802/810 899/908 803/811
f 803/811 899/908 900/909
f 803/811 900/909 804/812
f 804/812 900/909 901/910
f 804/812 901/910 805/813
f 805/813 901/910 902/911
f 805/813 902/911 806/814
f 806/814 902/911 903/912
f 806/814 903/912 807/815
f 807/815 903/912 904/913
f 807/815 904/913 808/816
f 808/816 904/913 905/914
f 808/816 905/914 809/817
f 809/817 905/914 906/915
f 809/817 906/915 810/818
f 810/818 906/915 907/916
f 810/818 907/916 811/819
f 811/819 907/916 908/917
f 811/819 908/917 812/820
f 812/820 908/917 909/918
f 812/820 909/918 813/821
f 813/821 909/918 910/919
f 813/821 910/919 814/822
f 814/822 910/919 911/920
f 814/822 911/920 815/823
f 815/823 911/920 912/921
f 815/823 912/921 816/824
f 816/824 912/921 913/922
f 816/824 913/922 817/825
f 817/825 913/922 914/923
f 817/825 914/923 818/826
f 818/826 914/923 915/924
f 818/826 915/924 819/827
f 819/827 915/924 916/925
f 819/827 916/925 820/828
f 820/828 916/925 917/926
f 820/828 917/926 821/829
f 821/829 917/926 918/927
f 821/829 918/927 822/830
f 822/830 918/927 919/928
f 822/830 919/928 823/831
f 823/831 919/928 920/929
f 823/831 920/929 824/832
f 824/832 920/929 921/930
f 824/832 921/930 825/833
f 825/833 921/930 922/931
f 825/833 922/931 826/834
f 826/834 922/931 923/932
f 826/834 923/932 827/835
f 827/835 923/932 924/933
f 827/835 924/933 828/836
f 828/836 924/933 925/934
f 828/836 925/934 829/837
f 829/837 925/934 926/935
f 829/837 926/935 830/838
f 830/838 926/935 927/936
f 830/838 927/936 831/839
f 831/839 927/936 928/937
f 831/839 928/937 832/840
f 832/840 928/937 929/938
f 832/840 929/938 833/841
f 833/841 929/938 930/939
f 833/841 930/939 834/842
f 834/842 930/939 931/940
f 834/842 931/940 835/843
f 835/843 931/940 932/941
f 835/843 932/941 836/844
f 836/844 932/941 933/942
f 836/844 933/942 837/845
f 837/845 933/942 934/943
f 837/845 934/943 838/846
f 838/846 934/943 935/944
f 838/846 935/944 839/847
f 839/847 935/944 936/945
f 839/847 936/945 840/848
f 840/848 936/945 937/946
f 840/848 937/946 841/849
f 841/849 937/946 938/947
f 841/849 938/947 842/850
f 842/850 938/947 939/948
f 842/850 939/948 843/851
f 843/851 939/948 940/949
f 843/851 940/949 844/852
f 844/852 940/949 941/950
f 844/852 941/950 845/853
f 845/853 941/950 942/951
f 845/853 942/951 846/854
f 846/854 942/951 943/952
f 846/854 943/952 847/855
f 847/855 943/952 944/953
f 847/855 944/953 848/856
f 848/856 944/953 945/954
f 848/856 945/954 849/857
f 849/857 945/954 946/955
f 849/857 946/955 850/858
f 850/858 946/955 947/956
f 850/858 947/956 851/859
f 851/859 947/956 948/957
f 851/859 948/957 852/860
f 852/860 948/957 949/958
f 852/860 949/958 853/861
f 853/861 949/958 950/959
f 853/861 950/959 854/862
f 854/862 950/959 951/960
f 854/862 951/960 855/863
f 855/863 951/960 952/961
f 855/863 952/961 856/864
f 856/864 952/961 953/962
f 856/864 953/962 857/865
f 857/865 953/962 954/963
f 857/865 954/963 858/866
f 858/866 954/963 955/964
f 858/866 955/964 859/867
f 859/867 955/964 956/965
f 859/867 956/965 860/868
f 860/868 956/965 957/966
f 860/868 957/966 861/869
f 861/869 957/966 958/967
f 861/869 958/967 862/870
f 862/870 958/967 959/968
f 862/870 959/968 863/871
f 863/871 959/968 960/969
f 863/871 960/969 864/872
f 864/872 960/969 865/970
f 864/872 865/970 769/873
f 865/874 961/971 962/972
f 865/874 962/972 866/875
f 866/875 962/972 963/973
f 866/875 963/973 867/876
f 867/876 963/973 964/974
f 867/876 964/974 868/877
f 868/877 964/974 965/975
f 868/877 965/975 869/878
f 869/878 965/975 966/976
f 869/878 966/976 870/879
f 870/879 966/976 967/977
f 870/879 967/977 871/880
f 871/880 967/977 968/978
f 871/880 968/978 872/881
f 872/881 968/978 969/979
f 872/881 969/979 873/882
f 873/882 969/979 970/980
f 873/882 970/980 874/883
f 874/883 970/980 971/981
f 874/883 971/981 875/884
f 875/884 971/981 972/982
f 875/884 972/982 876/885
f 876/885 972/982 973/983
f 876/885 973/983 877/886
f 877/886 973/983 974/984
f 877/886 974/984 878/887
f 878/887 974/984 975/985
f 878/887 975/985 879/888
f 879/888 975/985 976/986
f 879/888 976/986 880/889
f 880/889 976/986 977/987
f 880/889 977/987 881/890
f 881/890 977/987 978/988
f 881/890 978/988 882/891
f 882/891 978/988 979/989
f 882/891 979/989 883/892
f 883/892 979/989 980/990
f 883/892 980/990 884/893
f 884/893 980/990 981/991
f 884/893 981/991 885/894
f 885/894 981/991 982/992
f 885/894 982/992 886/895
f 886/895 982/992 983/993
f 886/895 983/993 887/896
f 887/896 983/993 984/994
f 887/896 984/994 888/897
f 888/897 984/994 985/995
f 888/897 985/995 889/898
f 889/898 985/995 986/996
f 889/898 986/996 890/899
f 890/899 986/996 987/997
f 890/899 987/997 891/900
f 891/900 987/997 988/998
f 891/900 988/998 892/901
f 892/901 988/998 989/999
f 892/901 989/999 893/902
f 893/902 989/999 990/1000
f 893/902 990/1000 894/903
f 894/903 990/1000 991/1001
f 894/903 991/1001 895/904
f 895/904 991/1001 992/1002
f 895/904 992/1002 896/905
f 896/905 992/1002 993/1003
f 896/905 993/1003 897/906
f 897/906 993/1003 994/1004
f 897/906 994/1004 898/907
f 898/907 994/1004 995/1005
f 898/907 995/1005 899/908
f 899/908 995/1005 996/1006
f 899/908 996/1006 900/909
f 900/909 996/1006 997/1007
f 900/909 997/1007 901/910
f 901/910 997/1007 998/1008
f 901/910 998/1008 902/911
f 902/911 998/1008 999/1009
f 902/911 999/1009 903/912
f 903/912 999/1009 1000/1010
f 903/912 1000/1010 904/913
f 904/913 1000/1010 1001/1011
f 904/913 1001/1011 905/914
f 905/914 1001/1011 1002/1012
f 905/914 1002/1012 906/915
f 906/915 1002/1012 1003/1013
f 906/915 1003/1013 907/916
f 907/916 1003/1013 1004/1014
f 907/916 1004/1014 908/917
f 908/917 1004/1014 1005/1015
f 908/917 1005/1015 909/918
f 909/918 1005/1015 1006/1016
f 909/918 1006/1016 910/919
f 910/919 1006/1016 1007/1017
f 910/919 1007/1017 911/920
f 911/920 1007/1017 1008/1018
f 911/920 1008/1018 912/921
f 912/921 1008/1018 1009/1019
f 912/921 1009/1019 913/922
f 913/922 1009/1019 1010/1020
f 913/922 1010/1020 914/923
f 914/923 1010/1020 1011/1021
f 914/923 1011/1021 915/924
f 915/924 1011/1021 1012/1022
f 915/924 1012/1022 916/925
f 916/925 1012/1022 1013/1023
f 916/925 1013/1023 917/926
f 917/926 1013/1023 1014/1024
f 917/926 1014/1024 918/927
f 918/927 1014/1024 1015/1025
f 918/927 1015/1025 919/928
f 919/928 1015/1025 1016/1026
f 919/928 1016/1026 920/929
f 920/929 1016/1026 1017/1027
f 920/929 1017/1027 921/930
f 921/930 1017/1027 1018/1028
f 921/930 1018/1028 922/931
f 922/931 1018/1028 1019/1029
f 922/931 1019/1029 923/932
f 923/932 1019/1029 1020/1030
f 923/932 1020/1030 924/933
f 924/933 1020/1030 1021/1031
f 924/933 1021/1031 925/934
f 925/934 1021/1031 1022/1032
f 925/934 1022/1032 926/935
f 926/935 1022/1032 1023/1033
f 926/935 1023/1033 927/936
f 927/936 1023/1033 1024/1034
f 927/936 1024/1034 928/937
f 928/937 1024/1034 1025/1035
f 928/937 1025/1035 929/938
f 929/938 1025/1035 1026/1036
f 929/938 1026/1036 930/939
f 930/939 1026/1036 1027/1037
f 930/939 1027/1037 931/940
f 931/940 1027/1037 1028/1038
f 931/940 1028/1038 932/941
f 932/941 1028/1038 1029/1039
f 932/941 1029/1039 933/942
f 933/942 1029/1039 1030/1040
f 933/942 1030/1040 934/943
f 934/943 1030/1040 1031/1041
f 934/943 1031/1041 935/944
f 935/944 1031/1041 1032/1042
f 935/944 1032/1042 936/945
f 936/945 1032/1042 1033/1043
f 936/945 1033/1043 937/946
f 937/946 1033/1043 1034/1044
f 937/946 1034/1044 938/947
f 938/947 1034/1044 1035/1045
f 938/947 1035/1045 939/948
f 939/948 1035/1045 1036/1046
f 939/948 1036/1046 940/949
f 940/949 1036/1046 1037/1047
f 940/949 1037/1047 941/950
f 941/950 1037/1047 1038/1048
f 941/950 1038/1048 942/951
f 942/951 1038/1048 1039/1049
f 942/951 1039/1049 943/952
f 943/952 1039/1049 1040/1050
f 943/952 1040/1050 944/953
f 944/953 1040/1050 1041/1051
f 944/953 1041/1051 945/954
f 945/954 1041/1051 1042/1052
f 945/954 1042/1052 946/955
f 946/955 1042/1052 1043/1053
f 946/955 1043/1053 947/956
f 947/956 1043/1053 1044/1054
f 947/956 1044/1054 948/957
f 948/957 1044/1054 1045/1055
f 948/957 1045/1055 949/958
f 949/958 1045/1055 1046/1056
f 949/958 1046/1056 950/959
f 950/959 1046/1056 1047/1057
f 950/959 1047/1057 951/960
f 951/960 1047/1057 1048/1058
f 951/960 1048/1058 952/961
f 952/961 1048/1058 1049/1059
f 952/961 1049/1059 953/962
f 953/962 1049/1059 1050/1060
f 953/962 1050/1060 954/963
f 954/963 1050/1060 1051/1061
f 954/963 1051/1061 955/964
f 955/964 1051/1061 1052/1062
f 955/964 1052/1062 956/965
f 956/965 1052/1062 1053/1063
f 956/965 1053/1063 957/966
f 957/966 1053/1063 1054/1064
f 957/966 1054/1064 958/967
f 958/967 1054/1064 1055/1065
f 958/967 1055/1065 959/968
f 959/968 1055/1065 1056/1066
f 959/968 1056/1066 960/969
f 960/969 1056/1066 961/1067
f 960/969 961/1067 865/970
f 961/971 1057/1068 1058/1069
f 961/971 1058/1069 962/972
f 962/972 1058/1069 1059/1070
f 962/972 1059/1070 963/973
f 963/973 1059/1070 1060/1071
f 963/973 1060/1071 964/974
f 964/974 1060/1071 1061/1072
f 964/974 1061/1072 965/975
f 965/975 1061/1072 1062/1073
f 965/975 1062/1073 966/976
f 966/976 1062/1073 1063/1074
f 966/976 1063/1074 967/977
f 967/977 1063/1074 1064/1075
f 967/977 1064/1075 968/978
f 968/978 1064/1075 1065/1076
f 968/978 1065/1076 969/979
f 969/979 1065/1076 1066/1077
f 969/979 1066/1077 970/980
f 970/980 1066/1077 1067/1078
f 970/980 1067/1078 971/981
f 971/981 1067/1078 1068/1079
f 971/981 1068/1079 972/982
f 972/982 1068/1079 1069/1080
f 972/982 1069/1080 973/983
f 973/983 1069/1080 1070/1081
f 973/983 1070/1081 974/984
f 974/984 1070/1081 1071/1082
f 974/984 1071/1082 975/985
f 975/985 1071/1082 1072/1083
f 975/985 1072/1083 976/986
f 976/986 1072/1083 1073/1084
f 976/986 1073/1084 977/987
f 977/987 1073/1084 1074/1085
f 977/987 1074/1085 978/988
f 978/988 1074/1085 1075/1086
f 978/988 1075/1086 979/989
f 979/989 1075/1086 1076/1087
f 979/989 1076/1087 980/990
f 980/990 1076/1087 1077/1088
f 980/990 1077/1088 981/991
f 981/991 1077/1088 1078/1089
f 981/991 1078/1089 982/992
f 982/992 1078/1089 1079/1090
f 982/992 1079/1090 983/993
f 983/993 1079/1090 1080/1091
f 983/993 1080/1091 984/994
f 984/994 1080/1091 1081/1092
f 984/994 1081/1092 985/995
f 985/995 1081/1092 1082/1093
f 985/995 1082/1093 986/996
f 986/996 1082/1093 1083/1094
f 986/996 1083/1094 987/997
f 987/997 1083/1094 1084/1095
f 987/997 1084/1095 988/998
f 988/998 1084/1095 1085/1096
f 988/998 1085/1096 989/999
f 989/999 1085/1096 1086/1097
f 989/999 1086/1097 990/1000
f 990/1000 1086/1097 1087/1098
f 990/1000 1087/1098 991/1001
f 991/1001 1087/1098 1088/1099
f 991/1001 1088/1099 992/1002
f 992/1002 1088/1099 1089/1100
f 992/1002 1089/1100 993/1003
f 993/1003 1089/1100 1090/1101
f 993/1003 1090/1101 994/1004
f 994/1004 1090/1101 1091/1102
f 994/1004 1091/1102 995/1005
f 995/1005 1091/1102 1092/1103
f 995/1005 1092/1103 996/1006
f 996/1006 1092/1103 1093/1104
f 996/1006 1093/1104 997/1007
f 997/1007 1093/1104 1094/1105
f 997/1007 1094/1105 998/1008
f 998/1008 1094/1105 1095/1106
f 998/1008 1095/1106 999/1009
f 999/1009 1095/1106 1096/1107
f 999/1009 1096/1107 1000/1010
f 1000/1010 1096/1107 1097/1108
f 1000/1010 1097/1108 1001/1011
f 1001/1011 1097/1108 1098/1109
f 1001/1011 1098/1109 1002/1012
f 1002/1012 1098/1109 1099/1110
f 1002/1012 1099/1110 1003/1013
f 1003/1013 1099/1110 1100/1111
f 1003/1013 1100/1111 1004/1014
f 1004/1014 1100/1111 1101/1112
f 1004/1014 1101/1112 1005/1015
f 1005/1015 1101/1112 1102/1113
f 1005/1015 1102/1113 1006/1016
f 1006/1016 1102/1113 1103/1114
f 1006/1016 1103/1114 1007/1017
f 1007/1017 1103/1114 1104/1115
f 1007/1017 1104/1115 1008/1018
f 1008/1018 1104/1115 1105/1116
f 1008/1018 1105/1116 1009/1019
f 1009/1019 1105/1116 1106/1117
f 1009/1019 1106/1117 1010/1020
f 1010/1020 1106/1117 1107/1118
f 1010/1020 1107/1118 1011/1021
f 1011/1021 1107/1118 1108/1119
f 1011/1021 1108/1119 1012/1022
f 1012/1022 1108/1119 1109/1120
f 1012/1022 1109/1120 1013/1023
f 1013/1023 1109/1120 1110/1121
f 1013/1023 1110/1121 1014/1024
f 1014/1024 1110/1121 1111/1122
f 1014/1024 1111/1122 1015/1025
f 1015/1025 1111/1122 1112/1123
f 1015/1025 1112/1123 1016/1026
f 1016/1026 1112/1123 1113/1124
f 1016/1026 1113/1124 1017/1027
f 1017/1027 1113/1124 1114/1125
f 1017/1027 1114/1125 1018/1028
f 1018/1028 1114/1125 1115/1126
f 1018/1028 1115/1126 1019/1029
f 1019/1029 1115/1126 1116/1127
f 1019/1029 1116/1127 1020/1030
f 1020/1030 1116/1127 1117/1128
f 1020/1030 1117/1128 1021/1031
f 1021/1031 1117/1128 1118/1129
f 1021/1031 1118/1129 1022/1032
f 1022/1032 1118/1129 1119/1130
f 1022/1032 1119/1130 1023/1033
f 1023/1033 1119/1130 1120/1131
f 1023/1033 1120/1131 1024/1034
f 1024/1034 1120/1131 1121/1132
f 1024/1034 1121/1132 1025/1035
f 1025/1035 1121/1132 1122/1133
f 1025/1035 1122/1133 1026/1036
f 1026/1036 1122/1133 1123/1134
f 1026/1036 1123/1134 1027/1037
f 1027/1037 1123/1134 1124/1135
f 1027/1037 1124/1135 1028/1038
f 1028/1038 1124/1135 1125/1136
f 1028/1038 1125/1136 1029/1039
f 1029/1039 1125/1136 1126/1137
f 1029/1039 1126/1137 1030/1040
f 1030/1040 1126/1137 1127/1138
f 1030/1040 1127/1138 1031/1041
f 1031/1041 1127/1138 1128/1139
f 1031/1041 1128/1139 1032/1042
f 1032/1042 1128/1139 1129/1140
f 1032/1042 1129/1140 1033/1043
f 1033/1043 1129/1140 1130/1141
f 1033/1043 1130/1141 1034/1044
f 1034/1044 1130/1141 1131/1142
f 1034/1044 1131/1142 1035/1045
f 1035/1045 1131/1142 1132/1143
f 1035/1045 1132/1143 1036/1046
f 1036/1046 1132/1143 1133/1144
f 1036/1046 1133/1144 1037/1047
f 1037/1047 1133/1144 1134/1145
f 1037/1047 1134/1145 1038/1048
f 1038/1048 1134/1145 1135/1146
f 1038/1048 1135/1146 1039/1049
f 1039/1049 1135/1146 1136/1147
f 1039/1049 1136/1147 1040/1050
f 1040/1050 1136/1147 1137/1148
f 1040/1050 1137/1148 1041/1051
f 1041/1051 1137/1148 1138/1149
f 1041/1051 1138/1149 1042/1052
f 1042/1052 1138/1149 1139/1150
f 1042/1052 1139/1150 1043/1053
f 1043/1053 1139/1150 1140/1151
f 1043/1053 1140/1151 1044/1054
f 1044/1054 1140/1151 1141/1152
f 1044/1054 1141/1152 1045/1055
f 1045/1055 1141/1152 1142/1153
f 1045/1055 1142/1153 1046/1056
f 1046/1056 1142/1153 1143/1154
f 1046/1056 1143/1154 1047/1057
f 1047/1057 1143/1154 1144/1155
f 1047/1057 1144/1155 1048/1058
f 1048/1058 1144/1155 1145/1156
f 1048/1058 1145/1156 1049/1059
f 1049/1059 1145/1156 1146/1157
f 1049/1059 1146/1157 1050/1060
f 1050/1060 1146/1157 1147/1158
f 1050/1060 1147/1158 1051/1061
f 1051/1061 1147/1158 1148/1159
f 1051/1061 1148/1159 1052/1062
f 1052/1062 1148/1159 1149/1160
f 1052/1062 1149/1160 1053/1063
f 1053/1063 1149/1160 1150/1161
f 1053/1063 1150/1161 1054/1064
f 1054/1064 1150/1161 1151/1162
f 1054/1064 1151/1162 1055/1065
f 1055/1065 1151/1162 1152/1163
f 1055/1065 1152/1163 1056/1066
f 1056/1066 1152/1163 1057/1164
f 1056/1066 1057/1164 961/1067
f 1057/1068 1153/1165 1154/1166
f 1057/1068 1154/1166 1058/1069
f 1058/1069 1154/1166 1155/1167
f 1058/1069 1155/1167 1059/1070
f 1059/1070 1155/1167 1156/1168
f 1059/1070 1156/1168 1060/1071
f 1060/1071 1156/1168 1157/1169
f 1060/1071 1157/1169 1061/1072
f 1061/1072 1157/1169 1158/1170
f 1061/1072 1158/1170 1062/1073
f 1062/1073 1158/1170 1159/1171
f 1062/1073 1159/1171 1063/1074
f 1063/1074 1159/1171 1160/1172
f 1063/1074 1160/1172 1064/1075
f 1064/1075 1160/1172 1161/1173
f 1064/1075 1161/1173 1065/1076
f 1065/1076 1161/1173 1162/1174
f 1065/1076 1162/1174 1066/1077
f 1066/1077 1162/1174 1163/1175
f 1066/1077 1163/1175 1067/1078
f 1067/1078 1163/1175 1164/1176
f 1067/1078 1164/1176 1068/1079
f 1068/1079 1164/1176 1165/1177
f 1068/1079 1165/1177 1069/1080
f 1069/1080 1165/1177 1166/1178
f 1069/1080 1166/1178 1070/1081
f 1070/1081 1166/1178 1167/1179
f 1070/1081 1167/1179 1071/1082
f 1071/1082 1167/1179 1168/1180
f 1071/1082 1168/1180 1072/1083
f 1072/1083 1168/1180 1169/1181
f 1072/1083 1169/1181 1073/1084
f 1073/1084 1169/1181 1170/1182
f 1073/1084 1170/1182 1074/1085
f 1074/1085 1170/1182 1171/1183
f 1074/1085 1171/1183 1075/1086
f 1075/1086 1171/1183 1172/1184
f 1075/1086 1172/1184 1076/1087
f 1076/1087 1172/1184 1173/1185
f 1076/1087 1173/1185 1077/1088
f 1077/1088 1173/1185 1174/1186
f 1077/1088 1174/1186 1078/1089
f 1078/1089 1174/1186 1175/1187
f 1078/1089 1175/1187 1079/1090
f 1079/1090 1175/1187 1176/1188
f 1079/1090 1176/1188 1080/1091
f 1080/1091 1176/1188 1177/1189
f 1080/1091 1177/1189 1081/1092
f 1081/1092 1177/1189 1178/1190
f 1081/1092 1178/1190 1082/1093
f 1082/1093 1178/1190 1179/1191
f 1082/1093 1179/1191 1083/1094
f 1083/1094 1179/1191 1180/1192
f 1083/1094 1180/1192 1084/1095
f 1084/1095 1180/1192 1181/1193
f 1084/1095 1181/1193 1085/1096
f 1085/1096 1181/1193 1182/1194
f 1085/1096 1182/1194 1086/1097
f 1086/1097 1182/1194 1183/1195
f 1086/1097 1183/1195 1087/1098
f 1087/1098 1183/1195 1184/1196
f 1087/1098 1184/1196 1088/1099
f 1088/1099 1184/1196 1185/1197
f 1088/1099 1185/1197 1089/1100
f 1089/1100 1185/1197 1186/1198
f 1089/1100 1186/1198 1090/1101
f 1090/1101 1186/1198 1187/1199
f 1090/1101 1187/1199 1091/1102
f 1091/1102 1187/1199 1188/1200
f 1091/1102 1188/1200 1092/1103
f 1092/1103 1188/1200 1189/1201
f 1092/1103 1189/1201 1093/1104
f 1093/1104 1189/1201 1190/1202
f 1093/1104 1190/1202 1094/1105
f 1094/1105 1190/1202 1191/1203
f 1094/1105 1191/1203 1095/1106
f 1095/1106 1191/1203 1192/1204
f 1095/1106 1192/1204 1096/1107
f 1096/1107 1192/1204 1193/1205
f 1096/1107 1193/1205 1097/1108
f 1097/1108 1193/1205 1194/1206
f 1097/1108 1194/1206 1098/1109
f 1098/1109 1194/1206 1195/1207
f 1098/1109 1195/1207 1099/1110
f 1099/1110 1195/1207 1196/1208
f 1099/1110 1196/1208 1100/1111
f 1100/1111 1196/1208 1197/1209
f 1100/1111 1197/1209 1101/1112
f 1101/1112 1197/1209 1198/1210
f 1101/1112 1198/1210 1102/1113
f 1102/1113 1198/1210 1199/1211
f 1102/1113 1199/1211 1103/1114
f 1103/1114 1199/1211 1200/1212
f 1103/1114 1200/1212 1104/1115
f 1104/1115 1200/1212 1201/1213
f 1104/1115 1201/1213 1105/1116
f 1105/1116 1201/1213 1202/1214
f 1105/1116 1202/1214 1106/1117
f 1106/1117 1202/1214 1203/1215
f 1106/1117 1203/1215 1107/1118
f 1107/1118 1203/1215 1204/1216
f 1107/1118 1204/1216 1108/1119
f 1108/1119 1204/1216 1205/1217
f 1108/1119 1205/1217 1109/1120
f 1109/1120 1205/1217 1206/1218
f 1109/1120 1206/1218 1110/1121
f 1110/1121 1206/1218 1207/1219
f 1110/1121 1207/1219 1111/1122
f 1111/1122 1207/1219 1208/1220
f 1111/1122 1208/1220 1112/1123
f 1112/1123 1208/1220 1209/1221
f 1112/1123 1209/1221 1113/1124
f 1113/1124 1209/1221 1210/1222
f 1113/1124 1210/1222 1114/1125
f 1114/1125 1210/1222 1211/1223
f 1114/1125 1211/1223 1115/1126
f 1115/1126 1211/1223 1212/1224
f 1115/1126 1212/1224 1116/1127
f 1116/1127 1212/1224 1213/1225
f 1116/1127 1213/1225 1117/1128
f 1117/1128 1213/1225 1214/1226
f 1117/1128 1214/1226 1118/1129
f 1118/1129 1214/1226 1215/1227
f 1118/1129 1215/1227 1119/1130
f 1119/1130 1215/1227 1216/1228
f 1119/1130 1216/1228 1120/1131
f 1120/1131 1216/1228 1217/1229
f 1120/1131 1217/1229 1121/1132
f 1121/1132 1217/1229 1218/1230
f 1121/1132 1218/1230 1122/1133
f 1122/1133 1218/1230 1219/1231
f 1122/1133 1219/1231 1123/1134
f 1123/1134 1219/1231 1220/1232
f 1123/1134 1220/1232 1124/1135
f 1124/1135 1220/1232 1221/1233
f 1124/1135 1221/1233 1125/1136
f 1125/1136 1221/1233 1222/1234
f 1125/1136 1222/1234 1126/1137
f 1126/1137 1222/1234 1223/1235
f 1126/1137 1223/1235 1127/1138
f 1127/1138 1223/1235 1224/1236
f 1127/1138 1224/1236 1128/1139
f 1128/1139 1224/1236 1225/1237
f 1128/1139 1225/1237 1129/1140
f 1129/1140 1225/1237 1226/1238
f 1129/1140 1226/1238 1130/1141
f 1130/1141 1226/1238 1227/1239
f 1130/1141 1227/1239 1131/1142
f 1131/1142 1227/1239 1228/1240
f 1131/1142 1228/1240 1132/1143
f 1132/1143 1228/1240 1229/1241
f 1132/1143 1229/1241 1133/1144
f 1133/1144 1229/1241 1230/1242
f 1133/1144 1230/1242 1134/1145
f 1134/1145 1230/1242 1231/1243
f 1134/1145 1231/1243 1135/1146
f 1135/1146 1231/1243 1232/1244
f 1135/1146 1232/1244 1136/1147
f 1136/1147 1232/1244 1233/1245
f 1136/1147 1233/1245 1137/1148
f 1137/1148 1233/1245 1234/1246
f 1137/1148 1234/1246 1138/1149
f 1138/1149 1234/1246 1235/1247
f 1138/1149 1235/1247 1139/1150
f 1139/1150 1235/1247 1236/1248
f 1139/1150 1236/1248 1140/1151
f 1140/1151 1236/1248 1237/1249
f 1140/1151 1237/1249 1141/1152
f 1141/1152 1237/1249 1238/1250
f 1141/1152 1238/1250 1142/1153
f 1142/1153 1238/1250 1239/1251
f 1142/1153 1239/1251 1143/1154
f 1143/1154 1239/1251 1240/1252
f 1143/1154 1240/1252 1144/1155
f 1144/1155 1240/1252 1241/1253
f 1144/1155 1241/1253 1145/1156
f 1145/1156 1241/1253 1242/1254
f 1145/1156 1242/1254 1146/1157
f 1146/1157 1242/1254 1243/1255
f 1146/1157 1243/1255 1147/1158
f 1147/1158 1243/1255 1244/1256
f 1147/1158 1244/1256 1148/1159
f 1148/1159 1244/1256 1245/1257
f 1148/1159 1245/1257 1149/1160
f 1149/1160 1245/1257 1246/1258
f 1149/1160 1246/1258 1150/1161
f 1150/1161 1246/1258 1247/1259
f 1150/1161 1247/1259 1151/1162
f 1151/1162 1247/1259 1248/1260
f 1151/1162 1248/1260 1152/1163
f 1152/1163 1248/1260 1153/1261
f 1152/1163 1153/1261 1057/1164
f 1153/1165 1249/1262 1250/1263
f 1153/1165 1250/1263 1154/1166
f 1154/1166 1250/1263 1251/1264
f 1154/1166 1251/1264 1155/1167
f 1155/1167 1251/1264 1252/1265
f 1155/1167 1252/1265 1156/1168
f 1156/1168 1252/1265 1253/1266
f 1156/1168 1253/1266 1157/1169
f 1157/1169 1253/1266 1254/1267
f 1157/1169 1254/1267 1158/1170
f 1158/1170 1254/1267 1255/1268
f 1158/1170 1255/1268 1159/1171
f 1159/1171 1255/1268 1256/1269
f 1159/1171 1256/1269 1160/1172
f 1160/1172 1256/1269 1257/1270
f 1160/1172 1257/1270 1161/1173
f 1161/1173 1257/1270 1258/1271
f 1161/1173 1258/1271 1162/1174
f 1162/1174 1258/1271 1259/1272
f 1162/1174 1259/1272 1163/1175
f 1163/1175 1259/1272 1260/1273
f 1163/1175 1260/1273 1164/1176
f 1164/1176 1260/1273 1261/1274
f 1164/1176 1261/1274 1165/1177
f 1165/1177 1261/1274 1262/1275
f 1165/1177 1262/1275 1166/1178
f 1166/1178 1262/1275 1263/1276
f 1166/1178 1263/1276 1167/1179
f 1167/1179 1263/1276 1264/1277
f 1167/1179 1264/1277 1168/1180
f 1168/1180 1264/1277 1265/1278
f 1168/1180 1265/1278 1169/1181
f 1169/1181 1265/1278 1266/1279
f 1169/1181 1266/1279 1170/1182
f 1170/1182 1266/1279 1267/1280
f 1170/1182 1267/1280 1171/1183
f 1171/1183 1267/1280 1268/1281
f 1171/1183 1268/1281 1172/1184
f 1172/1184 1268/1281 1269/1282
f 1172/1184 1269/1282 1173/1185
f 1173/1185 1269/1282 1270/1283
f 1173/1185 1270/1283 1174/1186
f 1174/1186 1270/1283 1271/1284
f 1174/1186 1271/1284 1175/1187
f 1175/1187 1271/1284 1272/1285
f 1175/1187 1272/1285 1176/1188
f 1176/1188 1272/1285 1273/1286
f 1176/1188 1273/1286 1177/1189
f 1177/1189 1273/1286 1274/1287
f 1177/1189 1274/1287 1178/1190
f 1178/1190 1274/1287 1275/1288
f 1178/1190 1275/1288 1179/1191
f 1179/1191 1275/1288 1276/1289
f 1179/1191 1276/1289 1180/1192
f 1180/1192 1276/1289 1277/1290
f 1180/1192 1277/1290 1181/1193
f 1181/1193 1277/1290 1278/1291
f 1181/1193 1278/1291 1182/1194
f 1182/1194 1278/1291 1279/1292
f 1182/1194 1279/1292 1183/1195
f 1183/1195 1279/1292 1280/1293
f 1183/1195 1280/1293 1184/1196
f 1184/1196 1280/1293 1281/1294
f 1184/1196 1281/1294 1185/1197
f 1185/1197 1281/1294 1282/1295
f 1185/1197 1282/1295 1186/1198
f 1186/1198 1282/1295 1283/1296
f 1186/1198 1283/1296 1187/1199
f 1187/1199 1283/1296 1284/1297
f 1187/1199 1284/1297 1188/1200
f 1188/1200 1284/1297 1285/1298
f 1188/1200 1285/1298 1189/1201
f 1189/1201 1285/1298 1286/1299
f 1189/1201 1286/1299 1190/1202
f 1190/1202 1286/1299 1287/1300
f 1190/1202 1287/1300 1191/1203
f 1191/1203 1287/1300 1288/1301
f 1191/1203 1288/1301 1192/1204
f 1192/1204 1288/1301 1289/1302
f 1192/1204 1289/1302 1193/1205
f 1193/1205 1289/1302 1290/1303
f 1193/1205 1290/1303 1194/1206
f 1194/1206 1290/1303 1291/1304
f 1194/1206 1291/1304 1195/1207
f 1195/1207 1291/1304 1292/1305
f 1195/1207 1292/1305 1196/1208
f 1196/1208 1292/1305 1293/1306
f 1196/1208 1293/1306 1197/1209
f 1197/1209 1293/1306 1294/1307
f 1197/1209 1294/1307 1198/1210
f 1198/1210 1294/1307 1295/1308
f 1198/1210 1295/1308 1199/1211
f 1199/1211 1295/1308 1296/1309
f 1199/1211 1296/1309 1200/1212
f 1200/1212 1296/1309 1297/1310
f 1200/1212 1297/1310 1201/1213
f 1201/1213 1297/1310 1298/1311
f 1201/1213 1298/1311 1202/1214
f 1202/1214 1298/1311 1299/1312
f 1202/1214 1299/1312 1203/1215
f 1203/1215 1299/1312 1300/1313
f 1203/1215 1300/1313 1204/1216
f 1204/1216 1300/1313 1301/1314
f 1204/1216 1301/1314 1205/1217
f 1205/1217 1301/1314 1302/1315
f 1205/1217 1302/1315 1206/1218
f 1206/1218 1302/1315 1303/1316
f 1206/1218 1303/1316 1207/1219
f 1207/1219 1303/1316 1304/1317
f 1207/1219 1304/1317 1208/1220
f 1208/1220 1304/1317 1305/1318
f 1208/1220 1305/1318 1209/1221
f 1209/1221 1305/1318 1306/1319
f 1209/1221 1306/1319 1210/1222
f 1210/1222 1306/1319 1307/1320
f 1210/1222 1307/1320 1211/1223
f 1211/1223 1307/1320 1308/1321
f 1211/1223 1308/1321 1212/1224
f 1212/1224 1308/1321 1309/1322
f 1212/1224 1309/1322 1213/1225
f 1213/1225 1309/1322 1310/1323
f 1213/1225 1310/1323 1214/1226
f 1214/1226 1310/1323 1311/1324
f 1214/1226 1311/1324 1215/1227
f 1215/1227 1311/1324 1312/1325
f 1215/1227 1312/1325 1216/1228
f 1216/1228 1312/1325 1313/1326
f 1216/1228 1313/1326 1217/1229
f 1217/1229 1313/1326 1314/1327
f 1217/1229 1314/1327 1218/1230
f 1218/1230 1314/1327 1315/1328
f 1218/1230 1315/1328 1219/1231
f 1219/1231 1315/1328 1316/1329
f 1219/1231 1316/1329 1220/1232
f 1220/1232 1316/1329 1317/1330
f 1220/1232 1317/1330 1221/1233
f 1221/1233 1317/1330 1318/1331
f 1221/1233 1318/1331 1222/1234
f 1222/1234 1318/1331 1319/1332
f 1222/1234 1319/1332 1223/1235
f 1223/1235 1319/1332 1320/1333
f 1223/1235 1320/1333 1224/1236
f 1224/1236 1320/1333 1321/1334
f 1224/1236 1321/1334 1225/1237
f 1225/1237 1321/1334 1322/1335
f 1225/1237 1322/1335 1226/1238
f 1226/1238 1322/1335 1323/1336
f 1226/1238 1323/1336 1227/1239
f 1227/1239 1323/1336 1324/1337
f 1227/1239 1324/1337 1228/1240
f 1228/1240 1324/1337 1325/1338
f 1228/1240 1325/1338 1229/1241
f 1229/1241 1325/1338 1326/1339
f 1229/1241 1326/1339 1230/1242
f 1230/1242 1326/1339 1327/1340
f 1230/1242 1327/1340 1231/1243
f 1231/1243 1327/1340 1328/1341
f 1231/1243 1328/1341 1232/1244
f 1232/1244 1328/1341 1329/1342
f 1232/1244 1329/1342 1233/1245
f 1233/1245 1329/1342 1330/1343
f 1233/1245 1330/1343 1234/1246
f 1234/1246 1330/1343 1331/1344
f 1234/1246 1331/1344 1235/1247
f 1235/1247 1331/1344 1332/1345
f 1235/1247 1332/1345 1236/1248
f 1236/1248 1332/1345 1333/1346
f 1236/1248 1333/1346 1237/1249
f 1237/1249 1333/1346 1334/1347
f 1237/1249 1334/1347 1238/1250
f 1238/1250 1334/1347 1335/1348
f 1238/1250 1335/1348 1239/1251
f 1239/1251 1335/1348 1336/1349
f 1239/1251 1336/1349 1240/1252
f 1240/1252 1336/1349 1337/1350
f 1240/1252 1337/1350 1241/1253
f 1241/1253 1337/1350 1338/1351
f 1241/1253 1338/1351 1242/1254
f 1242/1254 1338/1351 1339/1352
f 1242/1254 1339/1352 1243/1255
f 1243/1255 1339/1352 1340/1353
f 1243/1255 1340/1353 1244/1256
f 1244/1256 1340/1353 1341/1354
f 1244/1256 1341/1354 1245/1257
f 1245/1257 1341/1354 1342/1355
f 1245/1257 1342/1355 1246/1258
f 1246/1258 1342/1355 1343/1356
f 1246/1258 1343/1356 1247/1259
f 1247/1259 1343/1356 1344/1357
f 1247/1259 1344/1357 1248/1260
f 1248/1260 1344/1357 1249/1358
f 1248/1260 1249/1358 1153/1261
f 1249/1262 1345/1359 1346/1360
f 1249/1262 1346/1360 1250/1263
f 1250/1263 1346/1360 1347/1361
f 1250/1263 1347/1361 1251/1264
f 1251/1264 1347/1361 1348/1362
f 1251/1264 1348/1362 1252/1265
f 1252/1265 1348/1362 1349/1363
f 1252/1265 1349/1363 1253/1266
f 1253/1266 1349/1363 1350/1364
f 1253/1266 1350/1364 1254/1267
f 1254/1267 1350/1364 1351/1365
f 1254/1267 1351/1365 1255/1268
f 1255/1268 1351/1365 1352/1366
f 1255/1268 1352/1366 1256/1269
f 1256/1269 1352/1366 1353/1367
f 1256/1269 1353/1367 1257/1270
f 1257/1270 1353/1367 1354/1368
f 1257/1270 1354/1368 1258/1271
f 1258/1271 1354/1368 1355/1369
f 1258/1271 1355/1369 1259/1272
f 1259/1272 1355/1369 1356/1370
f 1259/1272 1356/1370 1260/1273
f 1260/1273 1356/1370 1357/1371
f 1260/1273 1357/1371 1261/1274
f 1261/1274 1357/1371 1358/1372
f 1261/1274 1358/1372 1262/1275
f 1262/1275 1358/1372 1359/1373
f 1262/1275 1359/1373 1263/1276
f 1263/1276 1359/1373 1360/1374
f 1263/1276 1360/1374 1264/1277
f 1264/1277 1360/1374 1361/1375
f 1264/1277 1361/1375 1265/1278
f 1265/1278 1361/1375 1362/1376
f 1265/1278 1362/1376 1266/1279
f 1266/1279 1362/1376 1363/1377
f 1266/1279 1363/1377 1267/1280
f 1267/1280 1363/1377 1364/1378
f 1267/1280 1364/1378 1268/1281
f 1268/1281 1364/1378 1365/1379
f 1268/1281 1365/1379 1269/1282
f 1269/1282 1365/1379 1366/1380
f 1269/1282 1366/1380 1270/1283
f 1270/1283 1366/1380 1367/1381
f 1270/1283 1367/1381 1271/1284
f 1271/1284 1367/1381 1368/1382
f 1271/1284 1368/1382 1272/1285
f 1272/1285 1368/1382 1369/1383
f 1272/1285 1369/1383 1273/1286
f 1273/1286 1369/1383 1370/1384
f 1273/1286 1370/1384 1274/1287
f 1274/1287 1370/1384 1371/1385
f 1274/1287 1371/1385 1275/1288
f 1275/1288 1371/1385 1372/1386
f 1275/1288 1372/1386 1276/1289
f 1276/1289 1372/1386 1373/1387
f 1276/1289 1373/1387 1277/1290
f 1277/1290 1373/1387 1374/1388
f 1277/1290 1374/1388 1278/1291
f 1278/1291 1374/1388 1375/1389
f 1278/1291 1375/1389 1279/1292
f 1279/1292 1375/1389 1376/1390
f 1279/1292 1376/1390 1280/1293
f 1280/1293 1376/1390 1377/1391
f 1280/1293 1377/1391 1281/1294
f 1281/1294 1377/1391 1378/1392
f 1281/1294 1378/1392 1282/1295
f 1282/1295 1378/1392 1379/1393
f 1282/1295 1379/1393 1283/1296
f 1283/1296 1379/1393 1380/1394
f 1283/1296 1380/1394 1284/1297
f 1284/1297 1380/1394 1381/1395
f 1284/1297 1381/1395 1285/1298
f 1285/1298 1381/1395 1382/1396
f 1285/1298 1382/1396 1286/1299
f 1286/1299 1382/1396 1383/1397
f 1286/1299 1383/1397 1287/1300
f 1287/1300 1383/1397 1384/1398
f 1287/1300 1384/1398 1288/1301
f 1288/1301 1384/1398 1385/1399
f 1288/1301 1385/1399 1289/1302
f 1289/1302 1385/1399 1386/1400
f 1289/1302 1386/1400 1290/1303
f 1290/1303 1386/1400 1387/1401
f 1290/1303 1387/1401 1291/1304
f 1291/1304 1387/1401 1388/1402
f 1291/1304 1388/1402 1292/1305
f 1292/1305 1388/1402 1389/1403
f 1292/1305 1389/1403 1293/1306
f 1293/1306 1389/1403 1390/1404
f 1293/1306 1390/1404 1294/1307
f 1294/1307 1390/1404 1391/1405
f 1294/1307 1391/1405 1295/1308
f 1295/1308 1391/1405 1392/1406
f 1295/1308 1392/1406 1296/1309
f 1296/1309 1392/1406 1393/1407
f 1296/1309 1393/1407 1297/1310
f 1297/1310 1393/1407 1394/1408
f 1297/1310 1394/1408 1298/1311
f 1298/1311 1394/1408 1395/1409
f 1298/1311 1395/1409 1299/1312
f 1299/1312 1395/1409 1396/1410
f 1299/1312 1396/1410 1300/1313
f 1300/1313 1396/1410 1397/1411
f 1300/1313 1397/1411 1301/1314
f 1301/1314 1397/1411 1398/1412
f 1301/1314 1398/1412 1302/1315
f 1302/1315 1398/1412 1399/1413
f 1302/1315 1399/1413 1303/1316
f 1303/1316 1399/1413 1400/1414
f 1303/1316 1400/1414 1304/1317
f 1304/1317 1400/1414 1401/1415
f 1304/1317 1401/1415 1305/1318
f 1305/1318 1401/1415 1402/1416
f 1305/1318 1402/1416 1306/1319
f 1306/1319 1402/1416 1403/1417
f 1306/1319 1403/1417 1307/1320
f 1307/1320 1403/1417 1404/1418
f 1307/1320 1404/1418 1308/1321
f 1308/1321 1404/1418 1405/1419
f 1308/1321 1405/1419 1309/1322
f 1309/1322 1405/1419 1406/1420
f 1309/1322 1406/1420 1310/1323
f 1310/1323 1406/1420 1407/1421
f 1310/1323 1407/1421 1311/1324
f 1311/1324 1407/1421 1408/1422
f 1311/1324 1408/1422 1312/1325
f 1312/1325 1408/1422 1409/1423
f 1312/1325 1409/1423 1313/1326
f 1313/1326 1409/1423 1410/1424
f 1313/1326 1410/1424 1314/1327
f 1314/1327 1410/1424 1411/1425
f 1314/1327 1411/1425 1315/1328
f 1315/1328 1411/1425 1412/1426
f 1315/1328 1412/1426 1316/1329
f 1316/1329 1412/1426 1413/1427
f 1316/1329 1413/1427 1317/1330
f 1317/1330 1413/1427 1414/1428
f 1317/1330 1414/1428 1318/1331
f 1318/1331 1414/1428 1415/1429
f 1318/1331 1415/1429 1319/1332
f 1319/1332 1415/1429 1416/1430
f 1319/1332 1416/1430 1320/1333
f 1320/1333 1416/1430 1417/1431
f 1320/1333 1417/1431 1321/1334
f 1321/1334 1417/1431 1418/1432
f 1321/1334 1418/1432 1322/1335
f 1322/1335 1418/1432 1419/1433
f 1322/1335 1419/1433 1323/1336
f 1323/1336 1419/1433 1420/1434
f 1323/1336 1420/1434 1324/1337
f 1324/1337 1420/1434 1421/1435
f 1324/1337 1421/1435 1325/1338
f 1325/1338 1421/1435 1422/1436
f 1325/1338 1422/1436 1326/1339
f 1326/1339 1422/1436 1423/1437
f 1326/1339 1423/1437 1327/1340
f 1327/1340 1423/1437 1424/1438
f 1327/1340 1424/1438 1328/1341
f 1328/1341 1424/1438 1425/1439
f 1328/1341 1425/1439 1329/1342
f 1329/1342 1425/1439 1426/1440
f 1329/1342 1426/1440 1330/1343
f 1330/1343 1426/1440 1427/1441
f 1330/1343 1427/1441 1331/1344
f 1331/1344 1427/1441 1428/1442
f 1331/1344 1428/1442 1332/1345
f 1332/1345 1428/1442 1429/1443
f 1332/1345 1429/1443 1333/1346
f 1333/1346 1429/1443 1430/1444
f 1333/1346 1430/1444 1334/1347
f 1334/1347 1430/1444 1431/1445
f 1334/1347 1431/1445 1335/1348
f 1335/1348 1431/1445 1432/1446
f 1335/1348 1432/1446 1336/1349
f 1336/1349 1432/1446 1433/1447
f 1336/1349 1433/1447 1337/1350
f 1337/1350 1433/1447 1434/1448
f 1337/1350 1434/1448 1338/1351
f 1338/1351 1434/1448 1435/1449
f 1338/1351 1435/1449 1339/1352
f 1339/1352 1435/1449 1436/1450
f 1339/1352 1436/1450 1340/1353
f 1340/1353 1436/1450 1437/1451
f 1340/1353 1437/1451 1341/1354
f 1341/1354 1437/1451 1438/1452
f 1341/1354 1438/1452 1342/1355
f 1342/1355 1438/1452 1439/1453
f 1342/1355 1439/1453 1343/1356
f 1343/1356 1439/1453 1440/1454
f 1343/1356 1440/1454 1344/1357
f 1344/1357 1440/1454 1345/1455
f 1344/1357 1345/1455 1249/1358
f 1345/1359 1441/1456 1442/1457
f 1345/1359 1442/1457 1346/1360
f 1346/1360 1442/1457 1443/1458
f 1346/1360 1443/1458 1347/1361
f 1347/1361 1443/1458 1444/1459
f 1347/1361 1444/1459 1348/1362
f 1348/1362 1444/1459 1445/1460
f 1348/1362 1445/1460 1349/1363
f 1349/1363 1445/1460 1446/1461
f 1349/1363 1446/1461 1350/1364
f 1350/1364 1446/1461 1447/1462
f 1350/1364 1447/1462 1351/1365
f 1351/1365 1447/1462 1448/1463
f 1351/1365 1448/1463 1352/1366
f 1352/1366 1448/1463 1449/1464
f 1352/1366 1449/1464 1353/1367
f 1353/1367 1449/1464 1450/1465
f 1353/1367 1450/1465 1354/1368
f 1354/1368 1450/1465 1451/1466
f 1354/1368 1451/1466 1355/1369
f 1355/1369 1451/1466 1452/1467
f 1355/1369 1452/1467 1356/1370
f 1356/1370 1452/1467 1453/1468
f 1356/1370 1453/1468 1357/1371
f 1357/1371 1453/1468 1454/1469
f 1357/1371 1454/1469 1358/1372
f 1358/1372 1454/1469 1455/1470
f 1358/1372 1455/1470 1359/1373
f 1359/1373 1455/1470 1456/1471
f 1359/1373 1456/1471 1360/1374
f 1360/1374 1456/1471 1457/1472
f 1360/1374 1457/1472 1361/1375
f 1361/1375 1457/1472 1458/1473
f 1361/1375 1458/1473 1362/1376
f 1362/1376 1458/1473 1459/1474
f 1362/1376 1459/1474 1363/1377
f 1363/1377 1459/1474 1460/1475
f 1363/1377 1460/1475 1364/1378
f 1364/1378 1460/1475 1461/1476
f 1364/1378 1461/1476 1365/1379
f 1365/1379 1461/1476 1462/1477
f 1365/1379 1462/1477 1366/1380
f 1366/1380 1462/1477 1463/1478
f 1366/1380 1463/1478 1367/1381
f 1367/1381 1463/1478 1464/1479
f 1367/1381 1464/1479 1368/1382
f 1368/1382 1464/1479 1465/1480
f 1368/1382 1465/1480 1369/1383
f 1369/1383 1465/1480 1466/1481
f 1369/1383 1466/1481 1370/1384
f 1370/1384 1466/1481 1467/1482
f 1370/1384 1467/1482 1371/1385
f 1371/1385 1467/1482 1468/1483
f 1371/1385 1468/1483 1372/1386
f 1372/1386 1468/1483 1469/1484
f 1372/1386 1469/1484 1373/1387
f 1373/1387 1469/1484 1470/1485
f 1373/1387 1470/1485 1374/1388
f 1374/1388 1470/1485 1471/1486
f 1374/1388 1471/1486 1375/1389
f 1375/1389 1471/1486 1472/1487
f 1375/1389 1472/1487 1376/1390
f 1376/1390 1472/1487 1473/1488
f 1376/1390 1473/1488 1377/1391
f 1377/1391 1473/1488 1474/1489
f 1377/1391 1474/1489 1378/1392
f 1378/1392 1474/1489 1475/1490
f 1378/1392 1475/1490 1379/1393
f 1379/1393 1475/1490 1476/1491
f 1379/1393 1476/1491 1380/1394
f 1380/1394 1476/1491 1477/1492
f 1380/1394 1477/1492 1381/1395
f 1381/1395 1477/1492 1478/1493
f 1381/1395 1478/1493 1382/1396
f 1382/1396 1478/1493 1479/1494
f 1382/1396 1479/1494 1383/1397
f 1383/1397 1479/1494 1480/1495
f 1383/1397 1480/1495 1384/1398
f 1384/1398 1480/1495 1481/1496
f 1384/1398 1481/1496 1385/1399
f 1385/1399 1481/1496 1482/1497
f 1385/1399 1482/1497 1386/1400
f 1386/1400 1482/1497 1483/1498
f 1386/1400 1483/1498 1387/1401
f 1387/1401 1483/1498 1484/1499
f 1387/1401 1484/1499 1388/1402
f 1388/1402 1484/1499 1485/1500
f 1388/1402 1485/1500 1389/1403
f 1389/1403 1485/1500 1486/1501
f 1389/1403 1486/1501 1390/1404
f 1390/1404 1486/1501 1487/1502
f 1390/1404 1487/1502 1391/1405
f 1391/1405 1487/1502 1488/1503
f 1391/1405 1488/1503 1392/1406
f 1392/1406 1488/1503 1489/1504
f 1392/1406 1489/1504 1393/1407
f 1393/1407 1489/1504 1490/1505
f 1393/1407 1490/1505 1394/1408
f 1394/1408 1490/1505 1491/1506
f 1394/1408 1491/1506 1395/1409
f 1395/1409 1491/1506 1492/1507
f 1395/1409 1492/1507 1396/1410
f 1396/1410 1492/1507 1493/1508
f 1396/1410 1493/1508 1397/1411
f 1397/1411 1493/1508 1494/1509
f 1397/1411 1494/1509 1398/1412
f 1398/1412 1494/1509 1495/1510
f 1398/1412 1495/1510 1399/1413
f 1399/1413 1495/1510 1496/1511
f 1399/1413 1496/1511 1400/1414
f 1400/1414 1496/1511 1497/1512
f 1400/1414 1497/1512 1401/1415
f 1401/1415 1497/1512 1498/1513
f 1401/1415 1498/1513 1402/1416
f 1402/1416 1498/1513 1499/1514
f 1402/1416 1499/1514 1403/1417
f 1403/1417 1499/1514 1500/1515
f 1403/1417 1500/1515 1404/1418
f 1404/1418 1500/1515 1501/1516
f 1404/1418 1501/1516 1405/1419
f 1405/1419 1501/1516 1502/1517
f 1405/1419 1502/1517 1406/1420
f 1406/1420 1502/1517 1503/1518
f 1406/1420 1503/1518 1407/1421
f 1407/1421 1503/1518 1504/1519
f 1407/1421 1504/1519 1408/1422
f 1408/1422 1504/1519 1505/1520
f 1408/1422 1505/1520 1409/1423
f 1409/1423 1505/1520 1506/1521
f 1409/1423 1506/1521 1410/1424
f 1410/1424 1506/1521 1507/1522
f 1410/1424 1507/1522 1411/1425
f 1411/1425 1507/1522 1508/1523
f 1411/1425 1508/1523 1412/1426
f 1412/1426 1508/1523 1509/1524
f 1412/1426 1509/1524 1413/1427
f 1413/1427 1509/1524 1510/1525
f 1413/1427 1510/1525 1414/1428
f 1414/1428 1510/1525 1511/1526
f 1414/1428 1511/1526 1415/1429
f 1415/1429 1511/1526 1512/1527
f 1415/1429 1512/1527 1416/1430
f 1416/1430 1512/1527 1513/1528
f 1416/1430 1513/1528 1417/1431
f 1417/1431 1513/1528 1514/1529
f 1417/1431 1514/1529 1418/1432
f 1418/1432 1514/1529 1515/1530
f 1418/1432 1515/1530 1419/1433
f 1419/1433 1515/1530 1516/1531
f 1419/1433 1516/1531 1420/1434
f 1420/1434 1516/1531 1517/1532
f 1420/1434 1517/1532 1421/1435
f 1421/1435 1517/1532 1518/1533
f 1421/1435 1518/1533 1422/1436
f 1422/1436 1518/1533 1519/1534
f 1422/1436 1519/1534 1423/1437
f 1423/1437 1519/1534 1520/1535
f 1423/1437 1520/1535 1424/1438
f 1424/1438 1520/1535 1521/1536
f 1424/1438 1521/1536 1425/1439
f 1425/1439 1521/1536 1522/1537
f 1425/1439 1522/1537 1426/1440
f 1426/1440 1522/1537 1523/1538
f 1426/1440 1523/1538 1427/1441
f 1427/1441 1523/1538 1524/1539
f 1427/1441 1524/1539 1428/1442
f 1428/1442 1524/1539 1525/1540
f 1428/1442 1525/1540 1429/1443
f 1429/1443 1525/1540 1526/1541
f 1429/1443 1526/1541 1430/1444
f 1430/1444 1526/1541 1527/1542
f 1430/1444 1527/1542 1431/1445
f 1431/1445 1527/1542 1528/1543
f 1431/1445 1528/1543 1432/1446
f 1432/1446 1528/1543 1529/1544
f 1432/1446 1529/1544 1433/1447
f 1433/1447 1529/1544 1530/1545
f 1433/1447 1530/1545 1434/1448
f 1434/1448 1530/1545 1531/1546
f 1434/1448 1531/1546 1435/1449
f 1435/1449 1531/1546 1532/1547
f 1435/1449 1532/1547 1436/1450
f 1436/1450 1532/1547 1533/1548
f 1436/1450 1533/1548 1437/1451
f 1437/1451 1533/1548 1534/1549
f 1437/1451 1534/1549 1438/1452
f 1438/1452 1534/1549 1535/1550
f 1438/1452 1535/1550 1439/1453
f 1439/1453 1535/1550 1536/1551
f 1439/1453 1536/1551 1440/1454
f 1440/1454 1536/1551 1441/1552
f 1440/1454 1441/1552 1345/1455
f 1441/1456 1537/1553 1538/1554
f 1441/1456 1538/1554 1442/1457
f 1442/1457 1538/1554 1539/1555
f 1442/1457 1539/1555 1443/1458
f 1443/1458 1539/1555 1540/1556
f 1443/1458 1540/1556 1444/1459
f 1444/1459 1540/1556 1541/1557
f 1444/1459 1541/1557 1445/1460
f 1445/1460 1541/1557 1542/1558
f 1445/1460 1542/1558 1446/1461
f 1446/1461 1542/1558 1543/1559
f 1446/1461 1543/1559 1447/1462
f 1447/1462 1543/1559 1544/1560
f 1447/1462 1544/1560 1448/1463
f 1448/1463 1544/1560 1545/1561
f 1448/1463 1545/1561 1449/1464
f 1449/1464 1545/1561 1546/1562
f 1449/1464 1546/1562 1450/1465
f 1450/1465 1546/1562 1547/1563
f 1450/1465 1547/1563 1451/1466
f 1451/1466 1547/1563 1548/1564
f 1451/1466 1548/1564 1452/1467
f 1452/1467 1548/1564 1549/1565
f 1452/1467 1549/1565 1453/1468
f 1453/1468 1549/1565 1550/1566
f 1453/1468 1550/1566 1454/1469
f 1454/1469 1550/1566 1551/1567
f 1454/1469 1551/1567 1455/1470
f 1455/1470 1551/1567 1552/1568
f 1455/1470 1552/1568 1456/1471
f 1456/1471 1552/1568 1553/1569
f 1456/1471 1553/1569 1457/1472
f 1457/1472 1553/1569 1554/1570
f 1457/1472 1554/1570 1458/1473
f 1458/1473 1554/1570 1555/1571
f 1458/1473 1555/1571 1459/1474
f 1459/1474 1555/1571 1556/1572
f 1459/1474 1556/1572 1460/1475
f 1460/1475 1556/1572 1557/1573
f 1460/1475 1557/1573 1461/1476
f 1461/1476 1557/1573 1558/1574
f 1461/1476 1558/1574 1462/1477
f 1462/1477 1558/1574 1559/1575
f 1462/1477 1559/1575 1463/1478
f 1463/1478 1559/1575 1560/1576
f 1463/1478 1560/1576 1464/1479
f 1464/1479 1560/1576 1561/1577
f 1464/1479 1561/1577 1465/1480
f 1465/1480 1561/1577 1562/1578
f 1465/1480 1562/1578 1466/1481
f 1466/1481 1562/1578 1563/1579
f 1466/1481 1563/1579 1467/1482
f 1467/1482 1563/1579 1564/1580
f 1467/1482 1564/1580 1468/1483
f 1468/1483 1564/1580 1565/1581
f 1468/1483 1565/1581 1469/1484
f 1469/1484 1565/1581 1566/1582
f 1469/1484 1566/1582 1470/1485
f 1470/1485 1566/1582 1567/1583
f 1470/1485 1567/1583 1471/1486
f 1471/1486 1567/1583 1568/1584
f 1471/1486 1568/1584 1472/1487
f 1472/1487 1568/1584 1569/1585
f 1472/1487 1569/1585 1473/1488
f 1473/1488 1569/1585 1570/1586
f 1473/1488 1570/1586 1474/1489
f 1474/1489 1570/1586 1571/1587
f 1474/1489 1571/1587 1475/1490
f 1475/1490 1571/1587 1572/1588
f 1475/1490 1572/1588 1476/1491
f 1476/1491 1572/1588 1573/1589
f 1476/1491 1573/1589 1477/1492
f 1477/1492 1573/1589 1574/1590
f 1477/1492 1574/1590 1478/1493
f 1478/1493 1574/1590 1575/1591
f 1478/1493 1575/1591 1479/1494
f 1479/1494 1575/1591 1576/1592
f 1479/1494 1576/1592 1480/1495
f 1480/1495 1576/1592 1577/1593
f 1480/1495 1577/1593 1481/1496
f 1481/1496 1577/1593 1578/1594
f 1481/1496 1578/1594 1482/1497
f 1482/1497 1578/1594 1579/1595
f 1482/1497 1579/1595 1483/1498
f 1483/1498 1579/1595 1580/1596
f 1483/1498 1580/1596 1484/1499
f 1484/1499 1580/1596 1581/1597
f 1484/1499 1581/1597 1485/1500
f 1485/1500 1581/1597 1582/1598
f 1485/1500 1582/1598 1486/1501
f 1486/1501 1582/1598 1583/1599
f 1486/1501 1583/1599 1487/1502
f 1487/1502 1583/1599 1584/1600
f 1487/1502 1584/1600 1488/1503
f 1488/1503 1584/1600 1585/1601
f 1488/1503 1585/1601 1489/1504
f 1489/1504 1585/1601 1586/1602
f 1489/1504 1586/1602 1490/1505
f 1490/1505 1586/1602 1587/1603
f 1490/1505 1587/1603 1491/1506
f 1491/1506 1587/1603 1588/1604
f 1491/1506 1588/1604 1492/1507
f 1492/1507 1588/1604 1589/1605
f 1492/1507 1589/1605 1493/1508
f 1493/1508 1589/1605 1590/1606
f 1493/1508 1590/1606 1494/1509
f 1494/1509 1590/1606 1591/1607
f 1494/1509 1591/1607 1495/1510
f 1495/1510 1591/1607 1592/1608
f 1495/1510 1592/1608 1496/1511
f 1496/1511 1592/1608 1593/1609
f 1496/1511 1593/1609 1497/1512
f 1497/1512 1593/1609 1594/1610
f 1497/1512 1594/1610 1498/1513
f 1498/1513 1594/1610 1595/1611
f 1498/1513 1595/1611 1499/1514
f 1499/1514 1595/1611 1596/1612
f 1499/1514 1596/1612 1500/1515
f 1500/1515 1596/1612 1597/1613
f 1500/1515 1597/1613 1501/1516
f 1501/1516 1597/1613 1598/1614
f 1501/1516 1598/1614 1502/1517
f 1502/1517 1598/1614 1599/1615
f 1502/1517 1599/1615 1503/1518
f 1503/1518 1599/1615 1600/1616
f 1503/1518 1600/1616 1504/1519
f 1504/1519 1600/1616 1601/1617
f 1504/1519 1601/1617 1505/1520
f 1505/1520 1601/1617 1602/1618
f 1505/1520 1602/1618 1506/1521
f 1506/1521 1602/1618 1603/1619
f 1506/1521 1603/1619 1507/1522
f 1507/1522 1603/1619 1604/1620
f 1507/1522 1604/1620 1508/1523
f 1508/1523 1604/1620 1605/1621
f 1508/1523 1605/1621 1509/1524
f 1509/1524 1605/1621 1606/1622
f 1509/1524 1606/1622 1510/1525
f 1510/1525 1606/1622 1607/1623
f 1510/1525 1607/1623 1511/1526
f 1511/1526 1607/1623 1608/1624
f 1511/1526 1608/1624 1512/1527
f 1512/1527 1608/1624 1609/1625
f 1512/1527 1609/1625 1513/1528
f 1513/1528 1609/1625 1610/1626
f 1513/1528 1610/1626 1514/1529
f 1514/1529 1610/1626 1611/1627
f 1514/1529 1611/1627 1515/1530
f 1515/1530 1611/1627 1612/1628
f 1515/1530 1612/1628 1516/1531
f 1516/1531 1612/1628 1613/1629
f 1516/1531 1613/1629 1517/1532
f 1517/1532 1613/1629 1614/1630
f 1517/1532 1614/1630 1518/1533
f 1518/1533 1614/1630 1615/1631
f 1518/1533 1615/1631 1519/1534
f 1519/1534 1615/1631 1616/1632
f 1519/1534 1616/1632 1520/1535
f 1520/1535 1616/1632 1617/1633
f 1520/1535 1617/1633 1521/1536
f 1521/1536 1617/1633 1618/1634
f 1521/1536 1618/1634 1522/1537
f 1522/1537 1618/1634 1619/1635
f 1522/1537 1619/1635 1523/1538
f 1523/1538 1619/1635 1620/1636
f 1523/1538 1620/1636 1524/1539
f 1524/1539 1620/1636 1621/1637
f 1524/1539 1621/1637 1525/1540
f 1525/1540 1621/1637 1622/1638
f 1525/1540 1622/1638 1526/1541
f 1526/1541 1622/1638 1623/1639
f 1526/1541 1623/1639 1527/1542
f 1527/1542 1623/1639 1624/1640
f 1527/1542 1624/1640 1528/1543
f 1528/1543 1624/1640 1625/1641
f 1528/1543 1625/1641 1529/1544
f 1529/1544 1625/1641 1626/1642
f 1529/1544 1626/1642 1530/1545
f 1530/1545 1626/1642 1627/1643
f 1530/1545 1627/1643 1531/1546
f 1531/1546 1627/1643 1628/1644
f 1531/1546 1628/1644 1532/1547
f 1532/1547 1628/1644 1629/1645
f 1532/1547 1629/1645 1533/1548
f 1533/1548 1629/1645 1630/1646
f 1533/1548 1630/1646 1534/1549
f 1534/1549 1630/1646 1631/1647
f 1534/1549 1631/1647 1535/1550
f 1535/1550 1631/1647 1632/1648
f 1535/1550 1632/1648 1536/1551
f 1536/1551 1632/1648 1537/1649
f 1536/1551 1537/1649 1441/1552
f 1537/1553 1633/1650 1634/1651
f 1537/1553 1634/1651 1538/1554
f 1538/1554 1634/1651 1635/1652
f 1538/1554 1635/1652 1539/1555
f 1539/1555 1635/1652 1636/1653
f 1539/1555 1636/1653 1540/1556
f 1540/1556 1636/1653 1637/1654
f 1540/1556 1637/1654 1541/1557
f 1541/1557 1637/1654 1638/1655
f 1541/1557 1638/1655 1542/1558
f 1542/1558 1638/1655 1639/1656
f 1542/1558 1639/1656 1543/1559
f 1543/1559 1639/1656 1640/1657
f 1543/1559 1640/1657 1544/1560
f 1544/1560 1640/1657 1641/1658
f 1544/1560 1641/1658 1545/1561
f 1545/1561 1641/1658 1642/1659
f 1545/1561 1642/1659 1546/1562
f 1546/1562 1642/1659 1643/1660
f 1546/1562 1643/1660 1547/1563
f 1547/1563 1643/1660 1644/1661
f 1547/1563 1644/1661 1548/1564
f 1548/1564 1644/1661 1645/1662
f 1548/1564 1645/1662 1549/1565
f 1549/1565 1645/1662 1646/1663
f 1549/1565 1646/1663 1550/1566
f 1550/1566 1646/1663 1647/1664
f 1550/1566 1647/1664 1551/1567
f 1551/1567 1647/1664 1648/1665
f 1551/1567 1648/1665 1552/1568
f 1552/1568 1648/1665 1649/1666
f 1552/1568 1649/1666 1553/1569
f 1553/1569 1649/1666 1650/1667
f 1553/1569 1650/1667 1554/1570
f 1554/1570 1650/1667 1651/1668
f 1554/1570 1651/1668 1555/1571
f 1555/1571 1651/1668 1652/1669
f 1555/1571 1652/1669 1556/1572
f 1556/1572 1652/1669 1653/1670
f 1556/1572 1653/1670 1557/1573
f 1557/1573 1653/1670 1654/1671
f 1557/1573 1654/1671 1558/1574
f 1558/1574 1654/1671 1655/1672
f 1558/1574 1655/1672 1559/1575
f 1559/1575 1655/1672 1656/1673
f 1559/1575 1656/1673 1560/1576
f 1560/1576 1656/1673 1657/1674
f 1560/1576 1657/1674 1561/1577
f 1561/1577 1657/1674 1658/1675
f 1561/1577 1658/1675 1562/1578
f 1562/1578 1658/1675 1659/1676
f 1562/1578 1659/1676 1563/1579
f 1563/1579 1659/1676 1660/1677
f 1563/1579 1660/1677 1564/1580
f 1564/1580 1660/1677 1661/1678
f 1564/1580 1661/1678 1565/1581
f 1565/1581 1661/1678 1662/1679
f 1565/1581 1662/1679 1566/1582
f 1566/1582 1662/1679 1663/1680
f 1566/1582 1663/1680 1567/1583
f 1567/1583 1663/1680 1664/1681
f 1567/1583 1664/1681 1568/1584
f 1568/1584 1664/1681 1665/1682
f 1568/1584 1665/1682 1569/1585
f 1569/1585 1665/1682 1666/1683
f 1569/1585 1666/1683 1570/1586
f 1570/1586 1666/1683 1667/1684
f 1570/1586 1667/1684 1571/1587
f 1571/1587 1667/1684 1668/1685
f 1571/1587 1668/1685 1572/1588
f 1572/1588 1668/1685 1669/1686
f 1572/1588 1669/1686 1573/1589
f 1573/1589 1669/1686 1670/1687
f 1573/1589 1670/1687 1574/1590
f 1574/1590 1670/1687 1671/1688
f 1574/1590 1671/1688 1575/1591
f 1575/1591 1671/1688 1672/1689
f 1575/1591 1672/1689 1576/1592
f 1576/1592 1672/1689 1673/1690
f 1576/1592 1673/1690 1577/1593
f 1577/1593 1673/1690 1674/1691
f 1577/1593 1674/1691 1578/1594
f 1578/1594 1674/1691 1675/1692
f 1578/1594 1675/1692 1579/1595
f 1579/1595 1675/1692 1676/1693
f 1579/1595 1676/1693 1580/1596
f 1580/1596 1676/1693 1677/1694
f 1580/1596 1677/1694 1581/1597
f 1581/1597 1677/1694 1678/1695
f 1581/1597 1678/1695 1582/1598
f 1582/1598 1678/1695 1679/1696
f 1582/1598 1679/1696 1583/1599
f 1583/1599 1679/1696 1680/1697
f 1583/1599 1680/1697 1584/1600
f 1584/1600 1680/1697 1681/1698
f 1584/1600 1681/1698 1585/1601
f 1585/1601 1681/1698 1682/1699
f 1585/1601 1682/1699 1586/1602
f 1586/1602 1682/1699 1683/1700
f 1586/1602 1683/1700 1587/1603
f 1587/1603 1683/1700 1684/1701
f 1587/1603 1684/1701 1588/1604
f 1588/1604 1684/1701 1685/1702
f 1588/1604 1685/1702 1589/1605
f 1589/1605 1685/1702 1686/1703
f 1589/1605 1686/1703 1590/1606
f 1590/1606 1686/1703 1687/1704
f 1590/1606 1687/1704 1591/1607
f 1591/1607 1687/1704 1688/1705
f 1591/1607 1688/1705 1592/1608
f 1592/1608 1688/1705 1689/1706
f 1592/1608 1689/1706 1593/1609
f 1593/1609 1689/1706 1690/1707
f 1593/1609 1690/1707 1594/1610
f 1594/1610 1690/1707 1691/1708
f 1594/1610 1691/1708 1595/1611
f 1595/1611 1691/1708 1692/1709
f 1595/1611 1692/1709 1596/1612
f 1596/1612 1692/1709 1693/1710
f 1596/1612 1693/1710 1597/1613
f 1597/1613 1693/1710 1694/1711
f 1597/1613 1694/1711 1598/1614
f 1598/1614 1694/1711 1695/1712
f 1598/1614 1695/1712 1599/1615
f 1599/1615 1695/1712 1696/1713
f 1599/1615 1696/1713 1600/1616
f 1600/1616 1696/1713 1697/1714
f 1600/1616 1697/1714 1601/1617
f 1601/1617 1697/1714 1698/1715
f 1601/1617 1698/1715 1602/1618
f 1602/1618 1698/1715 1699/1716
f 1602/1618 1699/1716 1603/1619
f 1603/1619 1699/1716 1700/1717
f 1603/1619 1700/1717 1604/1620
f 1604/1620 1700/1717 1701/1718
f 1604/1620 1701/1718 1605/1621
f 1605/1621 1701/1718 1702/1719
f 1605/1621 1702/1719 1606/1622
f 1606/1622 1702/1719 1703/1720
f 1606/1622 1703/1720 1607/1623
f 1607/1623 1703/1720 1704/1721
f 1607/1623 1704/1721 1608/1624
f 1608/1624 1704/1721 1705/1722
f 1608/1624 1705/1722 1609/1625
f 1609/1625 1705/1722 1706/1723
f 1609/1625 1706/1723 1610/1626
f 1610/1626 1706/1723 1707/1724
f 1610/1626 1707/1724 1611/1627
f 1611/1627 1707/1724 1708/1725
f 1611/1627 1708/1725 1612/1628
f 1612/1628 1708/1725 1709/1726
f 1612/1628 1709/1726 1613/1629
f 1613/1629 1709/1726 1710/1727
f 1613/1629 1710/1727 1614/1630
f 1614/1630 1710/1727 1711/1728
f 1614/1630 1711/1728 1615/1631
f 1615/1631 1711/1728 1712/1729
f 1615/1631 1712/1729 1616/1632
f 1616/1632 1712/1729 1713/1730
f 1616/1632 1713/1730 1617/1633
f 1617/1633 1713/1730 1714/1731
f 1617/1633 1714/1731 1618/1634
f 1618/1634 1714/1731 1715/1732
f 1618/1634 1715/1732 1619/1635
f 1619/1635 1715/1732 1716/1733
f 1619/1635 1716/1733 1620/1636
f 1620/1636 1716/1733 1717/1734
f 1620/1636 1717/1734 1621/1637
f 1621/1637 1717/1734 1718/1735
f 1621/1637 1718/1735 1622/1638
f 1622/1638 1718/1735 1719/1736
f 1622/1638 1719/1736 1623/1639
f 1623/1639 1719/1736 1720/1737
f 1623/1639 1720/1737 1624/1640
f 1624/1640 1720/1737 1721/1738
f 1624/1640 1721/1738 1625/1641
f 1625/1641 1721/1738 1722/1739
f 1625/1641 1722/1739 1626/1642
f 1626/1642 1722/1739 1723/1740
f 1626/1642 1723/1740 1627/1643
f 1627/1643 1723/1740 1724/1741
f 1627/1643 1724/1741 1628/1644
f 1628/1644 1724/1741 1725/1742
f 1628/1644 1725/1742 1629/1645
f 1629/1645 1725/1742 1726/1743
f 1629/1645 1726/1743 1630/1646
f 1630/1646 1726/1743 1727/1744
f 1630/1646 1727/1744 1631/1647
f 1631/1647 1727/1744 1728/1745
f 1631/1647 1728/1745 1632/1648
f 1632/1648 1728/1745 1633/1746
f 1632/1648 1633/1746 1537/1649
f 1633/1650 1729/1747 1730/1748
f 1633/1650 1730/1748 1634/1651
f 1634/1651 1730/1748 1731/1749
f 1634/1651 1731/1749 1635/1652
f 1635/1652 1731/1749 1732/1750
f 1635/1652 1732/1750 1636/1653
f 1636/1653 1732/1750 1733/1751
f 1636/1653 1733/1751 1637/1654
f 1637/1654 1733/1751 1734/1752
f 1637/1654 1734/1752 1638/1655
f 1638/1655 1734/1752 1735/1753
f 1638/1655 1735/1753 1639/1656
f 1639/1656 1735/1753 1736/1754
f 1639/1656 1736/1754 1640/1657
f 1640/1657 1736/1754 1737/1755
f 1640/1657 1737/1755 1641/1658
f 1641/1658 1737/1755 1738/1756
f 1641/1658 1738/1756 1642/1659
f 1642/1659 1738/1756 1739/1757
f 1642/1659 1739/1757 1643/1660
f 1643/1660 1739/1757 1740/1758
f 1643/1660 1740/1758 1644/1661
f 1644/1661 1740/1758 1741/1759
f 1644/1661 1741/1759 1645/1662
f 1645/1662 1741/1759 1742/1760
f 1645/1662 1742/1760 1646/1663
f 1646/1663 1742/1760 1743/1761
f 1646/1663 1743/1761 1647/1664
f 1647/1664 1743/1761 1744/1762
f 1647/1664 1744/1762 1648/1665
f 1648/1665 1744/1762 1745/1763
f 1648/1665 1745/1763 1649/1666
f 1649/1666 1745/1763 1746/1764
f 1649/1666 1746/1764 1650/1667
f 1650/1667 1746/1764 1747/1765
f 1650/1667 1747/1765 1651/1668
f 1651/1668 1747/1765 1748/1766
f 1651/1668 1748/1766 1652/1669
f 1652/1669 1748/1766 1749/1767
f 1652/1669 1749/1767 1653/1670
f 1653/1670 1749/1767 1750/1768
f 1653/1670 1750/1768 1654/1671
f 1654/1671 1750/1768 1751/1769
f 1654/1671 1751/1769 1655/1672
f 1655/1672 1751/1769 1752/1770
f 1655/1672 1752/1770 1656/1673
f 1656/1673 1752/1770 1753/1771
f 1656/1673 1753/1771 1657/1674
f 1657/1674 1753/1771 1754/1772
f 1657/1674 1754/1772 1658/1675
f 1658/1675 1754/1772 1755/1773
f 1658/1675 1755/1773 1659/1676
f 1659/1676 1755/1773 1756/1774
f 1659/1676 1756/1774 1660/1677
f 1660/1677 1756/1774 1757/1775
f 1660/1677 1757/1775 1661/1678
f 1661/1678 1757/1775 1758/1776
f 1661/1678 1758/1776 1662/1679
f 1662/1679 1758/1776 1759/1777
f 1662/1679 1759/1777 1663/1680
f 1663/1680 1759/1777 1760/1778
f 1663/1680 1760/1778 1664/1681
f 1664/1681 1760/1778 1761/1779
f 1664/1681 1761/1779 1665/1682
f 1665/1682 1761/1779 1762/1780
f 1665/1682 1762/1780 1666/1683
f 1666/1683 1762/1780 1763/1781
f 1666/1683 1763/1781 1667/1684
f 1667/1684 1763/1781 1764/1782
f 1667/1684 1764/1782 1668/1685
f 1668/1685 1764/1782 1765/1783
f 1668/1685 1765/1783 1669/1686
f 1669/1686 1765/1783 1766/1784
f 1669/1686 1766/1784 1670/1687
f 1670/1687 1766/1784 1767/1785
f 1670/1687 1767/1785 1671/1688
f 1671/1688 1767/1785 1768/1786
f 1671/1688 1768/1786 1672/1689
f 1672/1689 1768/1786 1769/1787
f 1672/1689 1769/1787 1673/1690
f 1673/1690 1769/1787 1770/1788
f 1673/1690 1770/1788 1674/1691
f 1674/1691 1770/1788 1771/1789
f 1674/1691 1771/1789 1675/1692
f 1675/1692 1771/1789 1772/1790
f 1675/1692 1772/1790 1676/1693
f 1676/1693 1772/1790 1773/1791
f 1676/1693 1773/1791 1677/1694
f 1677/1694 1773/1791 1774/1792
f 1677/1694 1774/1792 1678/1695
f 1678/1695 1774/1792 1775/1793
f 1678/1695 1775/1793 1679/1696
f 1679/1696 1775/1793 1776/1794
f 1679/1696 1776/1794 1680/1697
f 1680/1697 1776/1794 1777/1795
f 1680/1697 1777/1795 1681/1698
f 1681/1698 1777/1795 1778/1796
f 1681/1698 1778/1796 1682/1699
f 1682/1699 1778/1796 1779/1797
f 1682/1699 1779/1797 1683/1700
f 1683/1700 1779/1797 1780/1798
f 1683/1700 1780/1798 1684/1701
f 1684/1701 1780/1798 1781/1799
f 1684/1701 1781/1799 1685/1702
f 1685/1702 1781/1799 1782/1800
f 1685/1702 1782/1800 1686/1703
f 1686/1703 1782/1800 1783/1801
f 1686/1703 1783/1801 1687/1704
f 1687/1704 1783/1801 1784/1802
f 1687/1704 1784/1802 1688/1705
f 1688/1705 1784/1802 1785/1803
f 1688/1705 1785/1803 1689/1706
f 1689/1706 1785/1803 1786/1804
f 1689/1706 1786/1804 1690/1707
f 1690/1707 1786/1804 1787/1805
f 1690/1707 1787/1805 1691/1708
f 1691/1708 1787/1805 1788/1806
f 1691/1708 1788/1806 1692/1709
f 1692/1709 1788/1806 1789/1807
f 1692/1709 1789/1807 1693/1710
f 1693/1710 1789/1807 1790/1808
f 1693/1710 1790/1808 1694/1711
f 1694/1711 1790/1808 1791/1809
f 1694/1711 1791/1809 1695/1712
f 1695/1712 1791/1809 1792/1810
f 1695/1712 1792/1810 1696/1713
f 1696/1713 1792/1810 1793/1811
f 1696/1713 1793/1811 1697/1714
f 1697/1714 1793/1811 1794/1812
f 1697/1714 1794/1812 1698/1715
f 1698/1715 1794/1812 1795/1813
f 1698/1715 1795/1813 1699/1716
f 1699/1716 1795/1813 1796/1814
f 1699/1716 1796/1814 1700/1717
f 1700/1717 1796/1814 1797/1815
f 1700/1717 1797/1815 1701/1718
f 1701/1718 1797/1815 1798/1816
f 1701/1718 1798/1816 1702/1719
f 1702/1719 1798/1816 1799/1817
f 1702/1719 1799/1817 1703/1720
f 1703/1720 1799/1817 1800/1818
f 1703/1720 1800/1818 1704/1721
f 1704/1721 1800/1818 1801/1819
f 1704/1721 1801/1819 1705/1722
f 1705/1722 1801/1819 1802/1820
f 1705/1722 1802/1820 1706/1723
f 1706/1723 1802/1820 1803/1821
f 1706/1723 1803/1821 1707/1724
f 1707/1724 1803/1821 1804/1822
f 1707/1724 1804/1822 1708/1725
f 1708/1725 1804/1822 1805/1823
f 1708/1725 1805/1823 1709/1726
f 1709/1726 1805/1823 1806/1824
f 1709/1726 1806/1824 1710/1727
f 1710/1727 1806/1824 1807/1825
f 1710/1727 1807/1825 1711/1728
f 1711/1728 1807/1825 1808/1826
f 1711/1728 1808/1826 1712/1729
f 1712/1729 1808/1826 1809/1827
f 1712/1729 1809/1827 1713/1730
f 1713/1730 1809/1827 1810/1828
f 1713/1730 1810/1828 1714/1731
f 1714/1731 1810/1828 1811/1829
f 1714/1731 1811/1829 1715/1732
f 1715/1732 1811/1829 1812/1830
f 1715/1732 1812/1830 1716/1733
f 1716/1733 1812/1830 1813/1831
f 1716/1733 1813/1831 1717/1734
f 1717/1734 1813/1831 1814/1832
f 1717/1734 1814/1832 1718/1735
f 1718/1735 1814/1832 1815/1833
f 1718/1735 1815/1833 1719/1736
f 1719/1736 1815/1833 1816/1834
f 1719/1736 1816/1834 1720/1737
f 1720/1737 1816/1834 1817/1835
f 1720/1737 1817/1835 1721/1738
f 1721/1738 1817/1835 1818/1836
f 1721/1738 1818/1836 1722/1739
f 1722/1739 1818/1836 1819/1837
f 1722/1739 1819/1837 1723/1740
f 1723/1740 1819/1837 1820/1838
f 1723/1740 1820/1838 1724/1741
f 1724/1741 1820/1838 1821/1839
f 1724/1741 1821/1839 1725/1742
f 1725/1742 1821/1839 1822/1840
f 1725/1742 1822/1840 1726/1743
f 1726/1743 1822/1840 1823/1841
f 1726/1743 1823/1841 1727/1744
f 1727/1744 1823/1841 1824/1842
f 1727/1744 1824/1842 1728/1745
f 1728/1745 1824/1842 1729/1843
f 1728/1745 1729/1843 1633/1746
f 1729/1747 1825/1844 1826/1845
f 1729/1747 1826/1845 1730/1748
f 1730/1748 1826/1845 1827/1846
f 1730/1748 1827/1846 1731/1749
f 1731/1749 1827/1846 1828/1847
f 1731/1749 1828/1847 1732/1750
f 1732/1750 1828/1847 1829/1848
f 1732/1750 1829/1848 1733/1751
f 1733/1751 1829/1848 1830/1849
f 1733/1751 1830/1849 1734/1752
f 1734/1752 1830/1849 1831/1850
f 1734/1752 1831/1850 1735/1753
f 1735/1753 1831/1850 1832/1851
f 1735/1753 1832/1851 1736/1754
f 1736/1754 1832/1851 1833/1852
f 1736/1754 1833/1852 1737/1755
f 1737/1755 1833/1852 1834/1853
f 1737/1755 1834/1853 1738/1756
f 1738/1756 1834/1853 1835/1854
f 1738/1756 1835/1854 1739/1757
f 1739/1757 1835/1854 1836/1855
f 1739/1757 1836/1855 1740/1758
f 1740/1758 1836/1855 1837/1856
f 1740/1758 1837/1856 1741/1759
f 1741/1759 1837/1856 1838/1857
f 1741/1759 1838/1857 1742/1760
f 1742/1760 1838/1857 1839/1858
f 1742/1760 1839/1858 1743/1761
f 1743/1761 1839/1858 1840/1859
f 1743/1761 1840/1859 1744/1762
f 1744/1762 1840/1859 1841/1860
f 1744/1762 1841/1860 1745/1763
f 1745/1763 1841/1860 1842/1861
f 1745/1763 1842/1861 1746/1764
f 1746/1764 1842/1861 1843/1862
f 1746/1764 1843/1862 1747/1765
f 1747/1765 1843/1862 1844/1863
f 1747/1765 1844/1863 1748/1766
f 1748/1766 1844/1863 1845/1864
f 1748/1766 1845/1864 1749/1767
f 1749/1767 1845/1864 1846/1865
f 1749/1767 1846/1865 1750/1768
f 1750/1768 1846/1865 1847/1866
f 1750/1768 1847/1866 1751/1769
f 1751/1769 1847/1866 1848/1867
f 1751/1769 1848/1867 1752/1770
f 1752/1770 1848/1867 1849/1868
f 1752/1770 1849/1868 1753/1771
f 1753/1771 1849/1868 1850/1869
f 1753/1771 1850/1869 1754/1772
f 1754/1772 1850/1869 1851/1870
f 1754/1772 1851/1870 1755/1773
f 1755/1773 1851/1870 1852/1871
f 1755/1773 1852/1871 1756/1774
f 1756/1774 1852/1871 1853/1872
f 1756/1774 1853/1872 1757/1775
f 1757/1775 1853/1872 1854/1873
f 1757/1775 1854/1873 1758/1776
f 1758/1776 1854/1873 1855/1874
f 1758/1776 1855/1874 1759/1777
f 1759/1777 1855/1874 1856/1875
f 1759/1777 1856/1875 1760/1778
f 1760/1778 1856/1875 1857/1876
f 1760/1778 1857/1876 1761/1779
f 1761/1779 1857/1876 1858/1877
f 1761/1779 1858/1877 1762/1780
f 1762/1780 1858/1877 1859/1878
f 1762/1780 1859/1878 1763/1781
f 1763/1781 1859/1878 1860/1879
f 1763/1781 1860/1879 1764/1782
f 1764/1782 1860/1879 1861/1880
f 1764/1782 1861/1880 1765/1783
f 1765/1783 1861/1880 1862/1881
f 1765/1783 1862/1881 1766/1784
f 1766/1784 1862/1881 1863/1882
f 1766/1784 1863/1882 1767/1785
f 1767/1785 1863/1882 1864/1883
f 1767/1785 1864/1883 1768/1786
f 1768/1786 1864/1883 1865/1884
f 1768/1786 1865/1884 1769/1787
f 1769/1787 1865/1884 1866/1885
f 1769/1787 1866/1885 1770/1788
f 1770/1788 1866/1885 1867/1886
f 1770/1788 1867/1886 1771/1789
f 1771/1789 1867/1886 1868/1887
f 1771/1789 1868/1887 1772/1790
f 1772/1790 1868/1887 1869/1888
f 1772/1790 1869/1888 1773/1791
f 1773/1791 1869/1888 1870/1889
f 1773/1791 1870/1889 1774/1792
f 1774/1792 1870/1889 1871/1890
f 1774/1792 1871/1890 1775/1793
f 1775/1793 1871/1890 1872/1891
f 1775/1793 1872/1891 1776/1794
f 1776/1794 1872/1891 1873/1892
f 1776/1794 1873/1892 1777/1795
f 1777/1795 1873/1892 1874/1893
f 1777/1795 1874/1893 1778/1796
f 1778/1796 1874/1893 1875/1894
f 1778/1796 1875/1894 1779/1797
f 1779/1797 1875/1894 1876/1895
f 1779/1797 1876/1895 1780/1798
f 1780/1798 1876/1895 1877/1896
f 1780/1798 1877/1896 1781/1799
f 1781/1799 1877/1896 1878/1897
f 1781/1799 1878/1897 1782/1800
f 1782/1800 1878/1897 1879/1898
f 1782/1800 1879/1898 1783/1801
f 1783/1801 1879/1898 1880/1899
f 1783/1801 1880/1899 1784/1802
f 1784/1802 1880/1899 1881/1900
f 1784/1802 1881/1900 1785/1803
f 1785/1803 1881/1900 1882/1901
f 1785/1803 1882/1901 1786/1804
f 1786/1804 1882/1901 1883/1902
f 1786/1804 1883/1902 1787/1805
f 1787/1805 1883/1902 1884/1903
f 1787/1805 1884/1903 1788/1806
f 1788/1806 1884/1903 1885/1904
f 1788/1806 1885/1904 1789/1807
f 1789/1807 1885/1904 1886/1905
f 1789/1807 1886/1905 1790/1808
f 1790/1808 1886/1905 1887/1906
f 1790/1808 1887/1906 1791/1809
f 1791/1809 1887/1906 1888/1907
f 1791/1809 1888/1907 1792/1810
f 1792/1810 1888/1907 1889/1908
f 1792/1810 1889/1908 1793/1811
f 1793/1811 1889/1908 1890/1909
f 1793/1811 1890/1909 1794/1812
f 1794/1812 1890/1909 1891/1910
f 1794/1812 1891/1910 1795/1813
f 1795/1813 1891/1910 1892/1911
f 1795/1813 1892/1911 1796/1814
f 1796/1814 1892/1911 1893/1912
f 1796/1814 1893/1912 1797/1815
f 1797/1815 1893/1912 1894/1913
f 1797/1815 1894/1913 1798/1816
f 1798/1816 1894/1913 1895/1914
f 1798/1816 1895/1914 1799/1817
f 1799/1817 1895/1914 1896/1915
f 1799/1817 1896/1915 1800/1818
f 1800/1818 1896/1915 1897/1916
f 1800/1818 1897/1916 1801/1819
f 1801/1819 1897/1916 1898/1917
f 1801/1819 1898/1917 1802/1820
f 1802/1820 1898/1917 1899/1918
f 1802/1820 1899/1918 1803/1821
f 1803/1821 1899/1918 1900/1919
f 1803/1821 1900/1919 1804/1822
f 1804/1822 1900/1919 1901/1920
f 1804/1822 1901/1920 1805/1823
f 1805/1823 1901/1920 1902/1921
f 1805/1823 1902/1921 1806/1824
f 1806/1824 1902/1921 1903/1922
f 1806/1824 1903/1922 1807/1825
f 1807/1825 1903/1922 1904/1923
f 1807/1825 1904/1923 1808/1826
f 1808/1826 1904/1923 1905/1924
f 1808/1826 1905/1924 1809/1827
f 1809/1827 1905/1924 1906/1925
f 1809/1827 1906/1925 1810/1828
f 1810/1828 1906/1925 1907/1926
f 1810/1828 1907/1926 1811/1829
f 1811/1829 1907/1926 1908/1927
f 1811/1829 1908/1927 1812/1830
f 1812/1830 1908/1927 1909/1928
f 1812/1830 1909/1928 1813/1831
f 1813/1831 1909/1928 1910/1929
f 1813/1831 1910/1929 1814/1832
f 1814/1832 1910/1929 1911/1930
f 1814/1832 1911/1930 1815/1833
f 1815/1833 1911/1930 1912/1931
f 1815/1833 1912/1931 1816/1834
f 1816/1834 1912/1931 1913/1932
f 1816/1834 1913/1932 1817/1835
f 1817/1835 1913/1932 1914/1933
f 1817/1835 1914/1933 1818/1836
f 1818/1836 1914/1933 1915/1934
f 1818/1836 1915/1934 1819/1837
f 1819/1837 1915/1934 1916/1935
f 1819/1837 1916/1935 1820/1838
f 1820/1838 1916/1935 1917/1936
f 1820/1838 1917/1936 1821/1839
f 1821/1839 1917/1936 1918/1937
f 1821/1839 1918/1937 1822/1840
f 1822/1840 1918/1937 1919/1938
f 1822/1840 1919/1938 1823/1841
f 1823/1841 1919/1938 1920/1939
f 1823/1841 1920/1939 1824/1842
f 1824/1842 1920/1939 1825/1940
f 1824/1842 1825/1940 1729/1843
f 1825/1844 1921/1941 1922/1942
f 1825/1844 1922/1942 1826/1845
f 1826/1845 1922/1942 1923/1943
f 1826/1845 1923/1943 1827/1846
f 1827/1846 1923/1943 1924/1944
f 1827/1846 1924/1944 1828/1847
f 1828/1847 1924/1944 1925/1945
f 1828/1847 1925/1945 1829/1848
f 1829/1848 1925/1945 1926/1946
f 1829/1848 1926/1946 1830/1849
f 1830/1849 1926/1946 1927/1947
f 1830/1849 1927/1947 1831/1850
f 1831/1850 1927/1947 1928/1948
f 1831/1850 1928/1948 1832/1851
f 1832/1851 1928/1948 1929/1949
f 1832/1851 1929/1949 1833/1852
f 1833/1852 1929/1949 1930/1950
f 1833/1852 1930/1950 1834/1853
f 1834/1853 1930/1950 1931/1951
f 1834/1853 1931/1951 1835/1854
f 1835/1854 1931/1951 1932/1952
f 1835/1854 1932/1952 1836/1855
f 1836/1855 1932/1952 1933/1953
f 1836/1855 1933/1953 1837/1856
f 1837/1856 1933/1953 1934/1954
f 1837/1856 1934/1954 1838/1857
f 1838/1857 1934/1954 1935/1955
f 1838/1857 1935/1955 1839/1858
f 1839/1858 1935/1955 1936/1956
f 1839/1858 1936/1956 1840/1859
f 1840/1859 1936/1956 1937/1957
f 1840/1859 1937/1957 1841/1860
f 1841/1860 1937/1957 1938/1958
f 1841/1860 1938/1958 1842/1861
f 1842/1861 1938/1958 1939/1959
f 1842/1861 1939/1959 1843/1862
f 1843/1862 1939/1959 1940/1960
f 1843/1862 1940/1960 1844/1863
f 1844/1863 1940/1960 1941/1961
f 1844/1863 1941/1961 1845/1864
f 1845/1864 1941/1961 1942/1962
f 1845/1864 1942/1962 1846/1865
f 1846/1865 1942/1962 1943/1963
f 1846/1865 1943/1963 1847/1866
f 1847/1866 1943/1963 1944/1964
f 1847/1866 1944/1964 1848/1867
f 1848/1867 1944/1964 1945/1965
f 1848/1867 1945/1965 1849/1868
f 1849/1868 1945/1965 1946/1966
f 1849/1868 1946/1966 1850/1869
f 1850/1869 1946/1966 1947/1967
f 1850/1869 1947/1967 1851/1870
f 1851/1870 1947/1967 1948/1968
f 1851/1870 1948/1968 1852/1871
f 1852/1871 1948/1968 1949/1969
f 1852/1871 1949/1969 1853/1872
f 1853/1872 1949/1969 1950/1970
f 1853/1872 1950/1970 1854/1873
f 1854/1873 1950/1970 1951/1971
f 1854/1873 1951/1971 1855/1874
f 1855/1874 1951/1971 1952/1972
f 1855/1874 1952/1972 1856/1875
f 1856/1875 1952/1972 1953/1973
f 1856/1875 1953/1973 1857/1876
f 1857/1876 1953/1973 1954/1974
f 1857/1876 1954/1974 1858/1877
f 1858/1877 1954/1974 1955/1975
f 1858/1877 1955/1975 1859/1878
f 1859/1878 1955/1975 1956/1976
f 1859/1878 1956/1976 1860/1879
f 1860/1879 1956/1976 1957/1977
f 1860/1879 1957/1977 1861/1880
f 1861/1880 1957/1977 1958/1978
f 1861/1880 1958/1978 1862/1881
f 1862/1881 1958/1978 1959/1979
f 1862/1881 1959/1979 1863/1882
f 1863/1882 1959/1979 1960/1980
f 1863/1882 1960/1980 1864/1883
f 1864/1883 1960/1980 1961/1981
f 1864/1883 1961/1981 1865/1884
f 1865/1884 1961/1981 1962/1982
f 1865/1884 1962/1982 1866/1885
f 1866/1885 1962/1982 1963/1983
f 1866/1885 1963/1983 1867/1886
f 1867/1886 1963/1983 1964/1984
f 1867/1886 1964/1984 1868/1887
f 1868/1887 1964/1984 1965/1985
f 1868/1887 1965/1985 1869/1888
f 1869/1888 1965/1985 1966/1986
f 1869/1888 1966/1986 1870/1889
f 1870/1889 1966/1986 1967/1987
f 1870/1889 1967/1987 1871/1890
f 1871/1890 1967/1987 1968/1988
f 1871/1890 1968/1988 1872/1891
f 1872/1891 1968/1988 1969/1989
f 1872/1891 1969/1989 1873/1892
f 1873/1892 1969/1989 1970/1990
f 1873/1892 1970/1990 1874/1893
f 1874/1893 1970/1990 1971/1991
f 1874/1893 1971/1991 1875/1894
f 1875/1894 1971/1991 1972/1992
f 1875/1894 1972/1992 1876/1895
f 1876/1895 1972/1992 1973/1993
f 1876/1895 1973/1993 1877/1896
f 1877/1896 1973/1993 1974/1994
f 1877/1896 1974/1994 1878/1897
f 1878/1897 1974/1994 1975/1995
f 1878/1897 1975/1995 1879/1898
f 1879/1898 1975/1995 1976/1996
f 1879/1898 1976/1996 1880/1899
f 1880/1899 1976/1996 1977/1997
f 1880/1899 1977/1997 1881/1900
f 1881/1900 1977/1997 1978/1998
f 1881/1900 1978/1998 1882/1901
f 1882/1901 1978/1998 1979/1999
f 1882/1901 1979/1999 1883/1902
f 1883/1902 1979/1999 1980/2000
f 1883/1902 1980/2000 1884/1903
f 1884/1903 1980/2000 1981/2001
f 1884/1903 1981/2001 1885/1904
f 1885/1904 1981/2001 1982/2002
f 1885/1904 1982/2002 1886/1905
f 1886/1905 1982/2002 1983/2003
f 1886/1905 1983/2003 1887/1906
f 1887/1906 1983/2003 1984/2004
f 1887/1906 1984/2004 1888/1907
f 1888/1907 1984/2004 1985/2005
f 1888/1907 1985/2005 1889/1908
f 1889/1908 1985/2005 1986/2006
f 1889/1908 1986/2006 1890/1909
f 1890/1909 1986/2006 1987/2007
f 1890/1909 1987/2007 1891/1910
f 1891/1910 1987/2007 1988/2008
f 1891/1910 1988/2008 1892/1911
f 1892/1911 1988/2008 1989/2009
f 1892/1911 1989/2009 1893/1912
f 1893/1912 1989/2009 1990/2010
f 1893/1912 1990/2010 1894/1913
f 1894/1913 1990/2010 1991/2011
f 1894/1913 1991/2011 1895/1914
f 1895/1914 1991/2011 1992/2012
f 1895/1914 1992/2012 1896/1915
f 1896/1915 1992/2012 1993/2013
f 1896/1915 1993/2013 1897/1916
f 1897/1916 1993/2013 1994/2014
f 1897/1916 1994/2014 1898/1917
f 1898/1917 1994/2014 1995/2015
f 1898/1917 1995/2015 1899/1918
f 1899/1918 1995/2015 1996/2016
f 1899/1918 1996/2016 1900/1919
f 1900/1919 1996/2016 1997/2017
f 1900/1919 1997/2017 1901/1920
f 1901/1920 1997/2017 1998/2018
f 1901/1920 1998/2018 1902/1921
f 1902/1921 1998/2018 1999/2019
f 1902/1921 1999/2019 1903/1922
f 1903/1922 1999/2019 2000/2020
f 1903/1922 2000/2020 1904/1923
f 1904/1923 2000/2020 2001/2021
f 1904/1923 2001/2021 1905/1924
f 1905/1924 2001/2021 2002/2022
f 1905/1924 2002/2022 1906/1925
f 1906/1925 2002/2022 2003/2023
f 1906/1925 2003/2023 1907/1926
f 1907/1926 2003/2023 2004/2024
f 1907/1926 2004/2024 1908/1927
f 1908/1927 2004/2024 2005/2025
f 1908/1927 2005/2025 1909/1928
f 1909/1928 2005/2025 2006/2026
f 1909/1928 2006/2026 1910/1929
f 1910/1929 2006/2026 2007/2027
f 1910/1929 2007/2027 1911/1930
f 1911/1930 2007/2027 2008/2028
f 1911/1930 2008/2028 1912/1931
f 1912/1931 2008/2028 2009/2029
f 1912/1931 2009/2029 1913/1932
f 1913/1932 2009/2029 2010/2030
f 1913/1932 2010/2030 1914/1933
f 1914/1933 2010/2030 2011/2031
f 1914/1933 2011/2031 1915/1934
f 1915/1934 2011/2031 2012/2032
f 1915/1934 2012/2032 1916/1935
f 1916/1935 2012/2032 2013/2033
f 1916/1935 2013/2033 1917/1936
f 1917/1936 2013/2033 2014/2034
f 1917/1936 2014/2034 1918/1937
f 1918/1937 2014/2034 2015/2035
f 1918/1937 2015/2035 1919/1938
f 1919/1938 2015/2035 2016/2036
f 1919/1938 2016/2036 1920/1939
f 1920/1939 2016/2036 1921/2037
f 1920/1939 1921/2037 1825/1940
f 1921/1941 2017/2038 2018/2039
f 1921/1941 2018/2039 1922/1942
f 1922/1942 2018/2039 2019/2040
f 1922/1942 2019/2040 1923/1943
f 1923/1943 2019/2040 2020/2041
f 1923/1943 2020/2041 1924/1944
f 1924/1944 2020/2041 2021/2042
f 1924/1944 2021/2042 1925/1945
f 1925/1945 2021/2042 2022/2043
f 1925/1945 2022/2043 1926/1946
f 1926/1946 2022/2043 2023/2044
f 1926/1946 2023/2044 1927/1947
f 1927/1947 2023/2044 2024/2045
f 1927/1947 2024/2045 1928/1948
f 1928/1948 2024/2045 2025/2046
f 1928/1948 2025/2046 1929/1949
f 1929/1949 2025/2046 2026/2047
f 1929/1949 2026/2047 1930/1950
f 1930/1950 2026/2047 2027/2048
f 1930/1950 2027/2048 1931/1951
f 1931/1951 2027/2048 2028/2049
f 1931/1951 2028/2049 1932/1952
f 1932/1952 2028/2049 2029/2050
f 1932/1952 2029/2050 1933/1953
f 1933/1953 2029/2050 2030/2051
f 1933/1953 2030/2051 1934/1954
f 1934/1954 2030/2051 2031/2052
f 1934/1954 2031/2052 1935/1955
f 1935/1955 2031/2052 2032/2053
f 1935/1955 2032/2053 1936/1956
f 1936/1956 2032/2053 2033/2054
f 1936/1956 2033/2054 1937/1957
f 1937/1957 2033/2054 2034/2055
f 1937/1957 2034/2055 1938/1958
f 1938/1958 2034/2055 2035/2056
f 1938/1958 2035/2056 1939/1959
f 1939/1959 2035/2056 2036/2057
f 1939/1959 2036/2057 1940/1960
f 1940/1960 2036/2057 2037/2058
f 1940/1960 2037/2058 1941/1961
f 1941/1961 2037/2058 2038/2059
f 1941/1961 2038/2059 1942/1962
f 1942/1962 2038/2059 2039/2060
f 1942/1962 2039/2060 1943/1963
f 1943/1963 2039/2060 2040/2061
f 1943/1963 2040/2061 1944/1964
f 1944/1964 2040/2061 2041/2062
f 1944/1964 2041/2062 1945/1965
f 1945/1965 2041/2062 2042/2063
f 1945/1965 2042/2063 1946/1966
f 1946/1966 2042/2063 2043/2064
f 1946/1966 2043/2064 1947/1967
f 1947/1967 2043/2064 2044/2065
f 1947/1967 2044/2065 1948/1968
f 1948/1968 2044/2065 2045/2066
f 1948/1968 2045/2066 1949/1969
f 1949/1969 2045/2066 2046/2067
f 1949/1969 2046/2067 1950/1970
f 1950/1970 2046/2067 2047/2068
f 1950/1970 2047/2068 1951/1971
f 1951/1971 2047/2068 2048/2069
f 1951/1971 2048/2069 1952/1972
f 1952/1972 2048/2069 2049/2070
f 1952/1972 2049/2070 1953/1973
f 1953/1973 2049/2070 2050/2071
f 1953/1973 2050/2071 1954/1974
f 1954/1974 2050/2071 2051/2072
f 1954/1974 2051/2072 1955/1975
f 1955/1975 2051/2072 2052/2073
f 1955/1975 2052/2073 1956/1976
f 1956/1976 2052/2073 2053/2074
f 1956/1976 2053/2074 1957/1977
f 1957/1977 2053/2074 2054/2075
f 1957/1977 2054/2075 1958/1978
f 1958/1978 2054/2075 2055/2076
f 1958/1978 2055/2076 1959/1979
f 1959/1979 2055/2076 2056/2077
f 1959/1979 2056/2077 1960/1980
f 1960/1980 2056/2077 2057/2078
f 1960/1980 2057/2078 1961/1981
f 1961/1981 2057/2078 2058/2079
f 1961/1981 2058/2079 1962/1982
f 1962/1982 2058/2079 2059/2080
f 1962/1982 2059/2080 1963/1983
f 1963/1983 2059/2080 2060/2081
f 1963/1983 2060/2081 1964/1984
f 1964/1984 2060/2081 2061/2082
f 1964/1984 2061/2082 1965/1985
f 1965/1985 2061/2082 2062/2083
f 1965/1985 2062/2083 1966/1986
f 1966/1986 2062/2083 2063/2084
f 1966/1986 2063/2084 1967/1987
f 1967/1987 2063/2084 2064/2085
f 1967/1987 2064/2085 1968/1988
f 1968/1988 2064/2085 2065/2086
f 1968/1988 2065/2086 1969/1989
f 1969/1989 2065/2086 2066/2087
f 1969/1989 2066/2087 1970/1990
f 1970/1990 2066/2087 2067/2088
f 1970/1990 2067/2088 1971/1991
f 1971/1991 2067/2088 2068/2089
f 1971/1991 2068/2089 1972/1992
f 1972/1992 2068/2089 2069/2090
f 1972/1992 2069/2090 1973/1993
f 1973/1993 2069/2090 2070/2091
f 1973/1993 2070/2091 1974/1994
f 1974/1994 2070/2091 2071/2092
f 1974/1994 2071/2092 1975/1995
f 1975/1995 2071/2092 2072/2093
f 1975/1995 2072/2093 1976/1996
f 1976/1996 2072/2093 2073/2094
f 1976/1996 2073/2094 1977/1997
f 1977/1997 2073/2094 2074/2095
f 1977/1997 2074/2095 1978/1998
f 1978/1998 2074/2095 2075/2096
f 1978/1998 2075/2096 1979/1999
f 1979/1999 2075/2096 2076/2097
f 1979/1999 2076/2097 1980/2000
f 1980/2000 2076/2097 2077/2098
f 1980/2000 2077/2098 1981/2001
f 1981/2001 2077/2098 2078/2099
f 1981/2001 2078/2099 1982/2002
f 1982/2002 2078/2099 2079/2100
f 1982/2002 2079/2100 1983/2003
f 1983/2003 2079/2100 2080/2101
f 1983/2003 2080/2101 1984/2004
f 1984/2004 2080/2101 2081/2102
f 1984/2004 2081/2102 1985/2005
f 1985/2005 2081/2102 2082/2103
f 1985/2005 2082/2103 1986/2006
f 1986/2006 2082/2103 2083/2104
f 1986/2006 2083/2104 1987/2007
f 1987/2007 2083/2104 2084/2105
f 1987/2007 2084/2105 1988/2008
f 1988/2008 2084/2105 2085/2106
f 1988/2008 2085/2106 1989/2009
f 1989/2009 2085/2106 2086/2107
f 1989/2009 2086/2107 1990/2010
f 1990/2010 2086/2107 2087/2108
f 1990/2010 2087/2108 1991/2011
f 1991/2011 2087/2108 2088/2109
f 1991/2011 2088/2109 1992/2012
f 1992/2012 2088/2109 2089/2110
f 1992/2012 2089/2110 1993/2013
f 1993/2013 2089/2110 2090/2111
f 1993/2013 2090/2111 1994/2014
f 1994/2014 2090/2111 2091/2112
f 1994/2014 2091/2112 1995/2015
f 1995/2015 2091/2112 2092/2113
f 1995/2015 2092/2113 1996/2016
f 1996/2016 2092/2113 2093/2114
f 1996/2016 2093/2114 1997/2017
f 1997/2017 2093/2114 2094/2115
f 1997/2017 2094/2115 1998/2018
f 1998/2018 2094/2115 2095/2116
f 1998/2018 2095/2116 1999/2019
f 1999/2019 2095/2116 2096/2117
f 1999/2019 2096/2117 2000/2020
f 2000/2020 2096/2117 2097/2118
f 2000/2020 2097/2118 2001/2021
f 2001/2021 2097/2118 2098/2119
f 2001/2021 2098/2119 2002/2022
f 2002/2022 2098/2119 2099/2120
f 2002/2022 2099/2120 2003/2023
f 2003/2023 2099/2120 2100/2121
f 2003/2023 2100/2121 2004/2024
f 2004/2024 2100/2121 2101/2122
f 2004/2024 2101/2122 2005/2025
f 2005/2025 2101/2122 2102/2123
f 2005/2025 2102/2123 2006/2026
f 2006/2026 2102/2123 2103/2124
f 2006/2026 2103/2124 2007/2027
f 2007/2027 2103/2124 2104/2125
f 2007/2027 2104/2125 2008/2028
f 2008/2028 2104/2125 2105/2126
f 2008/2028 2105/2126 2009/2029
f 2009/2029 2105/2126 2106/2127
f 2009/2029 2106/2127 2010/2030
f 2010/2030 2106/2127 2107/2128
f 2010/2030 2107/2128 2011/2031
f 2011/2031 2107/2128 2108/2129
f 2011/2031 2108/2129 2012/2032
f 2012/2032 2108/2129 2109/2130
f 2012/2032 2109/2130 2013/2033
f 2013/2033 2109/2130 2110/2131
f 2013/2033 2110/2131 2014/2034
f 2014/2034 2110/2131 2111/2132
f 2014/2034 2111/2132 2015/2035
f 2015/2035 2111/2132 2112/2133
f 2015/2035 2112/2133 2016/2036
f 2016/2036 2112/2133 2017/2134
f 2016/2036 2017/2134 1921/2037
f 2017/2038 2113/2135 2114/2136
f 2017/2038 2114/2136 2018/2039
f 2018/2039 2114/2136 2115/2137
f 2018/2039 2115/2137 2019/2040
f 2019/2040 2115/2137 2116/2138
f 2019/2040 2116/2138 2020/2041
f 2020/2041 2116/2138 2117/2139
f 2020/2041 2117/2139 2021/2042
f 2021/2042 2117/2139 2118/2140
f 2021/2042 2118/2140 2022/2043
f 2022/2043 2118/2140 2119/2141
f 2022/2043 2119/2141 2023/2044
f 2023/2044 2119/2141 2120/2142
f 2023/2044 2120/2142 2024/2045
f 2024/2045 2120/2142 2121/2143
f 2024/2045 2121/2143 2025/2046
f 2025/2046 2121/2143 2122/2144
f 2025/2046 2122/2144 2026/2047
f 2026/2047 2122/2144 2123/2145
f 2026/2047 2123/2145 2027/2048
f 2027/2048 2123/2145 2124/2146
f 2027/2048 2124/2146 2028/2049
f 2028/2049 2124/2146 2125/2147
f 2028/2049 2125/2147 2029/2050
f 2029/2050 2125/2147 2126/2148
f 2029/2050 2126/2148 2030/2051
f 2030/2051 2126/2148 2127/2149
f 2030/2051 2127/2149 2031/2052
f 2031/2052 2127/2149 2128/2150
f 2031/2052 2128/2150 2032/2053
f 2032/2053 2128/2150 2129/2151
f 2032/2053 2129/2151 2033/2054
f 2033/2054 2129/2151 2130/2152
f 2033/2054 2130/2152 2034/2055
f 2034/2055 2130/2152 2131/2153
f 2034/2055 2131/2153 2035/2056
f 2035/2056 2131/2153 2132/2154
f 2035/2056 2132/2154 2036/2057
f 2036/2057 2132/2154 2133/2155
f 2036/2057 2133/2155 2037/2058
f 2037/2058 2133/2155 2134/2156
f 2037/2058 2134/2156 2038/2059
f 2038/2059 2134/2156 2135/2157
f 2038/2059 2135/2157 2039/2060
f 2039/2060 2135/2157 2136/2158
f 2039/2060 2136/2158 2040/2061
f 2040/2061 2136/2158 2137/2159
f 2040/2061 2137/2159 2041/2062
f 2041/2062 2137/2159 2138/2160
f 2041/2062 2138/2160 2042/2063
f 2042/2063 2138/2160 2139/2161
f 2042/2063 2139/2161 2043/2064
f 2043/2064 2139/2161 2140/2162
f 2043/2064 2140/2162 2044/2065
f 2044/2065 2140/2162 2141/2163
f 2044/2065 2141/2163 2045/2066
f 2045/2066 2141/2163 2142/2164
f 2045/2066 2142/2164 2046/2067
f 2046/2067 2142/2164 2143/2165
f 2046/2067 2143/2165 2047/2068
f 2047/2068 2143/2165 2144/2166
f 2047/2068 2144/2166 2048/2069
f 2048/2069 2144/2166 2145/2167
f 2048/2069 2145/2167 2049/2070
f 2049/2070 2145/2167 2146/2168
f 2049/2070 2146/2168 2050/2071
f 2050/2071 2146/2168 2147/2169
f 2050/2071 2147/2169 2051/2072
f 2051/2072 2147/2169 2148/2170
f 2051/2072 2148/2170 2052/2073
f 2052/2073 2148/2170 2149/2171
f 2052/2073 2149/2171 2053/2074
f 2053/2074 2149/2171 2150/2172
f 2053/2074 2150/2172 2054/2075
f 2054/2075 2150/2172 2151/2173
f 2054/2075 2151/2173 2055/2076
f 2055/2076 2151/2173 2152/2174
f 2055/2076 2152/2174 2056/2077
f 2056/2077 2152/2174 2153/2175
f 2056/2077 2153/2175 2057/2078
f 2057/2078 2153/2175 2154/2176
f 2057/2078 2154/2176 2058/2079
f 2058/2079 2154/2176 2155/2177
f 2058/2079 2155/2177 2059/2080
f 2059/2080 2155/2177 2156/2178
f 2059/2080 2156/2178 2060/2081
f 2060/2081 2156/2178 2157/2179
f 2060/2081 2157/2179 2061/2082
f 2061/2082 2157/2179 2158/2180
f 2061/2082 2158/2180 2062/2083
f 2062/2083 2158/2180 2159/2181
f 2062/2083 2159/2181 2063/2084
f 2063/2084 2159/2181 2160/2182
f 2063/2084 2160/2182 2064/2085
f 2064/2085 2160/2182 2161/2183
f 2064/2085 2161/2183 2065/2086
f 2065/2086 2161/2183 2162/2184
f 2065/2086 2162/2184 2066/2087
f 2066/2087 2162/2184 2163/2185
f 2066/2087 2163/2185 2067/2088
f 2067/2088 2163/2185 2164/2186
f 2067/2088 2164/2186 2068/2089
f 2068/2089 2164/2186 2165/2187
f 2068/2089 2165/2187 2069/2090
f 2069/2090 2165/2187 2166/2188
f 2069/2090 2166/2188 2070/2091
f 2070/2091 2166/2188 2167/2189
f 2070/2091 2167/2189 2071/2092
f 2071/2092 2167/2189 2168/2190
f 2071/2092 2168/2190 2072/2093
f 2072/2093 2168/2190 2169/2191
f 2072/2093 2169/2191 2073/2094
f 2073/2094 2169/2191 2170/2192
f 2073/2094 2170/2192 2074/2095
f 2074/2095 2170/2192 2171/2193
f 2074/2095 2171/2193 2075/2096
f 2075/2096 2171/2193 2172/2194
f 2075/2096 2172/2194 2076/2097
f 2076/2097 2172/2194 2173/2195
f 2076/2097 2173/2195 2077/2098
f 2077/2098 2173/2195 2174/2196
f 2077/2098 2174/2196 2078/2099
f 2078/2099 2174/2196 2175/2197
f 2078/2099 2175/2197 2079/2100
f 2079/2100 2175/2197 2176/2198
f 2079/2100 2176/2198 2080/2101
f 2080/2101 2176/2198 2177/2199
f 2080/2101 2177/2199 2081/2102
f 2081/2102 2177/2199 2178/2200
f 2081/2102 2178/2200 2082/2103
f 2082/2103 2178/2200 2179/2201
f 2082/2103 2179/2201 2083/2104
f 2083/2104 2179/2201 2180/2202
f 2083/2104 2180/2202 2084/2105
f 2084/2105 2180/2202 2181/2203
f 2084/2105 2181/2203 2085/2106
f 2085/2106 2181/2203 2182/2204
f 2085/2106 2182/2204 2086/2107
f 2086/2107 2182/2204 2183/2205
f 2086/2107 2183/2205 2087/2108
f 2087/2108 2183/2205 2184/2206
f 2087/2108 2184/2206 2088/2109
f 2088/2109 2184/2206 2185/2207
f 2088/2109 2185/2207 2089/2110
f 2089/2110 2185/2207 2186/2208
f 2089/2110 2186/2208 2090/2111
f 2090/2111 2186/2208 2187/2209
f 2090/2111 2187/2209 2091/2112
f 2091/2112 2187/2209 2188/2210
f 2091/2112 2188/2210 2092/2113
f 2092/2113 2188/2210 2189/2211
f 2092/2113 2189/2211 2093/2114
f 2093/2114 2189/2211 2190/2212
f 2093/2114 2190/2212 2094/2115
f 2094/2115 2190/2212 2191/2213
f 2094/2115 2191/2213 2095/2116
f 2095/2116 2191/2213 2192/2214
f 2095/2116 2192/2214 2096/2117
f 2096/2117 2192/2214 2193/2215
f 2096/2117 2193/2215 2097/2118
f 2097/2118 2193/2215 2194/2216
f 2097/2118 2194/2216 2098/2119
f 2098/2119 2194/2216 2195/2217
f 2098/2119 2195/2217 2099/2120
f 2099/2120 2195/2217 2196/2218
f 2099/2120 2196/2218 2100/2121
f 2100/2121 2196/2218 2197/2219
f 2100/2121 2197/2219 2101/2122
f 2101/2122 2197/2219 2198/2220
f 2101/2122 2198/2220 2102/2123
f 2102/2123 2198/2220 2199/2221
f 2102/2123 2199/2221 2103/2124
f 2103/2124 2199/2221 2200/2222
f 2103/2124 2200/2222 2104/2125
f 2104/2125 2200/2222 2201/2223
f 2104/2125 2201/2223 2105/2126
f 2105/2126 2201/2223 2202/2224
f 2105/2126 2202/2224 2106/2127
f 2106/2127 2202/2224 2203/2225
f 2106/2127 2203/2225 2107/2128
f 2107/2128 2203/2225 2204/2226
f 2107/2128 2204/2226 2108/2129
f 2108/2129 2204/2226 2205/2227
f 2108/2129 2205/2227 2109/2130
f 2109/2130 2205/2227 2206/2228
f 2109/2130 2206/2228 2110/2131
f 2110/2131 2206/2228 2207/2229
f 2110/2131 2207/2229 2111/2132
f 2111/2132 2207/2229 2208/2230
f 2111/2132 2208/2230 2112/2133
f 2112/2133 2208/2230 2113/2231
f 2112/2133 2113/2231 2017/2134
f 2113/2135 2209/2232 2210/2233
f 2113/2135 2210/2233 2114/2136
f 2114/2136 2210/2233 2211/2234
f 2114/2136 2211/2234 2115/2137
f 2115/2137 2211/2234 2212/2235
f 2115/2137 2212/2235 2116/2138
f 2116/2138 2212/2235 2213/2236
f 2116/2138 2213/2236 2117/2139
f 2117/2139 2213/2236 2214/2237
f 2117/2139 2214/2237 2118/2140
f 2118/2140 2214/2237 2215/2238
f 2118/2140 2215/2238 2119/2141
f 2119/2141 2215/2238 2216/2239
f 2119/2141 2216/2239 2120/2142
f 2120/2142 2216/2239 2217/2240
f 2120/2142 2217/2240 2121/2143
f 2121/2143 2217/2240 2218/2241
f 2121/2143 2218/2241 2122/2144
f 2122/2144 2218/2241 2219/2242
f 2122/2144 2219/2242 2123/2145
f 2123/2145 2219/2242 2220/2243
f 2123/2145 2220/2243 2124/2146
f 2124/2146 2220/2243 2221/2244
f 2124/2146 2221/2244 2125/2147
f 2125/2147 2221/2244 2222/2245
f 2125/2147 2222/2245 2126/2148
f 2126/2148 2222/2245 2223/2246
f 2126/2148 2223/2246 2127/2149
f 2127/2149 2223/2246 2224/2247
f 2127/2149 2224/2247 2128/2150
f 2128/2150 2224/2247 2225/2248
f 2128/2150 2225/2248 2129/2151
f 2129/2151 2225/2248 2226/2249
f 2129/2151 2226/2249 2130/2152
f 2130/2152 2226/2249 2227/2250
f 2130/2152 2227/2250 2131/2153
f 2131/2153 2227/2250 2228/2251
f 2131/2153 2228/2251 2132/2154
f 2132/2154 2228/2251 2229/2252
f 2132/2154 2229/2252 2133/2155
f 2133/2155 2229/2252 2230/2253
f 2133/2155 2230/2253 2134/2156
f 2134/2156 2230/2253 2231/2254
f 2134/2156 2231/2254 2135/2157
f 2135/2157 2231/2254 2232/2255
f 2135/2157 2232/2255 2136/2158
f 2136/2158 2232/2255 2233/2256
f 2136/2158 2233/2256 2137/2159
f 2137/2159 2233/2256 2234/2257
f 2137/2159 2234/2257 2138/2160
f 2138/2160 2234/2257 2235/2258
f 2138/2160 2235/2258 2139/2161
f 2139/2161 2235/2258 2236/2259
f 2139/2161 2236/2259 2140/2162
f 2140/2162 2236/2259 2237/2260
f 2140/2162 2237/2260 2141/2163
f 2141/2163 2237/2260 2238/2261
f 2141/2163 2238/2261 2142/2164
f 2142/2164 2238/2261 2239/2262
f 2142/2164 2239/2262 2143/2165
f 2143/2165 2239/2262 2240/2263
f 2143/2165 2240/2263 2144/2166
f 2144/2166 2240/2263 2241/2264
f 2144/2166 2241/2264 2145/2167
f 2145/2167 2241/2264 2242/2265
f 2145/2167 2242/2265 2146/2168
f 2146/2168 2242/2265 2243/2266
f 2146/2168 2243/2266 2147/2169
f 2147/2169 2243/2266 2244/2267
f 2147/2169 2244/2267 2148/2170
f 2148/2170 2244/2267 2245/2268
f 2148/2170 2245/2268 2149/2171
f 2149/2171 2245/2268 2246/2269
f 2149/2171 2246/2269 2150/2172
f 2150/2172 2246/2269 2247/2270
f 2150/2172 2247/2270 2151/2173
f 2151/2173 2247/2270 2248/2271
f 2151/2173 2248/2271 2152/2174
f 2152/2174 2248/2271 2249/2272
f 2152/2174 2249/2272 2153/2175
f 2153/2175 2249/2272 2250/2273
f 2153/2175 2250/2273 2154/2176
f 2154/2176 2250/2273 2251/2274
f 2154/2176 2251/2274 2155/2177
f 2155/2177 2251/2274 2252/2275
f 2155/2177 2252/2275 2156/2178
f 2156/2178 2252/2275 2253/2276
f 2156/2178 2253/2276 2157/2179
f 2157/2179 2253/2276 2254/2277
f 2157/2179 2254/2277 2158/2180
f 2158/2180 2254/2277 2255/2278
f 2158/2180 2255/2278 2159/2181
f 2159/2181 2255/2278 2256/2279
f 2159/2181 2256/2279 2160/2182
f 2160/2182 2256/2279 2257/2280
f 2160/2182 2257/2280 2161/2183
f 2161/2183 2257/2280 2258/2281
f 2161/2183 2258/2281 2162/2184
f 2162/2184 2258/2281 2259/2282
f 2162/2184 2259/2282 2163/2185
f 2163/2185 2259/2282 2260/2283
f 2163/2185 2260/2283 2164/2186
f 2164/2186 2260/2283 2261/2284
f 2164/2186 2261/2284 2165/2187
f 2165/2187 2261/2284 2262/2285
f 2165/2187 2262/2285 2166/2188
f 2166/2188 2262/2285 2263/2286
f 2166/2188 2263/2286 2167/2189
f 2167/2189 2263/2286 2264/2287
f 2167/2189 2264/2287 2168/2190
f 2168/2190 2264/2287 2265/2288
f 2168/2190 2265/2288 2169/2191
f 2169/2191 2265/2288 2266/2289
f 2169/2191 2266/2289 2170/2192
f 2170/2192 2266/2289 2267/2290
f 2170/2192 2267/2290 2171/2193
f 2171/2193 2267/2290 2268/2291
f 2171/2193 2268/2291 2172/2194
f 2172/2194 2268/2291 2269/2292
f 2172/2194 2269/2292 2173/2195
f 2173/2195 2269/2292 2270/2293
f 2173/2195 2270/2293 2174/2196
f 2174/2196 2270/2293 2271/2294
f 2174/2196 2271/2294 2175/2197
f 2175/2197 2271/2294 2272/2295
f 2175/2197 2272/2295 2176/2198
f 2176/2198 2272/2295 2273/2296
f 2176/2198 2273/2296 2177/2199
f 2177/2199 2273/2296 2274/2297
f 2177/2199 2274/2297 2178/2200
f 2178/2200 2274/2297 2275/2298
f 2178/2200 2275/2298 2179/2201
f 2179/2201 2275/2298 2276/2299
f 2179/2201 2276/2299 2180/2202
f 2180/2202 2276/2299 2277/2300
f 2180/2202 2277/2300 2181/2203
f 2181/2203 2277/2300 2278/2301
f 2181/2203 2278/2301 2182/2204
f 2182/2204 2278/2301 2279/2302
f 2182/2204 2279/2302 2183/2205
f 2183/2205 2279/2302 2280/2303
f 2183/2205 2280/2303 2184/2206
f 2184/2206 2280/2303 2281/2304
f 2184/2206 2281/2304 2185/2207
f 2185/2207 2281/2304 2282/2305
f 2185/2207 2282/2305 2186/2208
f 2186/2208 2282/2305 2283/2306
f 2186/2208 2283/2306 2187/2209
f 2187/2209 2283/2306 2284/2307
f 2187/2209 2284/2307 2188/2210
f 2188/2210 2284/2307 2285/2308
f 2188/2210 2285/2308 2189/2211
f 2189/2211 2285/2308 2286/2309
f 2189/2211 2286/2309 2190/2212
f 2190/2212 2286/2309 2287/2310
f 2190/2212 2287/2310 2191/2213
f 2191/2213 2287/2310 2288/2311
f 2191/2213 2288/2311 2192/2214
f 2192/2214 2288/2311 2289/2312
f 2192/2214 2289/2312 2193/2215
f 2193/2215 2289/2312 2290/2313
f 2193/2215 2290/2313 2194/2216
f 2194/2216 2290/2313 2291/2314
f 2194/2216 2291/2314 2195/2217
f 2195/2217 2291/2314 2292/2315
f 2195/2217 2292/2315 2196/2218
f 2196/2218 2292/2315 2293/2316
f 2196/2218 2293/2316 2197/2219
f 2197/2219 2293/2316 2294/2317
f 2197/2219 2294/2317 2198/2220
f 2198/2220 2294/2317 2295/2318
f 2198/2220 2295/2318 2199/2221
f 2199/2221 2295/2318 2296/2319
f 2199/2221 2296/2319 2200/2222
f 2200/2222 2296/2319 2297/2320
f 2200/2222 2297/2320 2201/2223
f 2201/2223 2297/2320 2298/2321
f 2201/2223 2298/2321 2202/2224
f 2202/2224 2298/2321 2299/2322
f 2202/2224 2299/2322 2203/2225
f 2203/2225 2299/2322 2300/2323
f 2203/2225 2300/2323 2204/2226
f 2204/2226 2300/2323 2301/2324
f 2204/2226 2301/2324 2205/2227
f 2205/2227 2301/2324 2302/2325
f 2205/2227 2302/2325 2206/2228
f 2206/2228 2302/2325 2303/2326
f 2206/2228 2303/2326 2207/2229
f 2207/2229 2303/2326 2304/2327
f 2207/2229 2304/2327 2208/2230
f 2208/2230 2304/2327 2209/2328
f 2208/2230 2209/2328 2113/2231
f 2209/2232 2305/2329 2306/2330
f 2209/2232 2306/2330 2210/2233
f 2210/2233 2306/2330 2307/2331
f 2210/2233 2307/2331 2211/2234
f 2211/2234 2307/2331 2308/2332
f 2211/2234 2308/2332 2212/2235
f 2212/2235 2308/2332 2309/2333
f 2212/2235 2309/2333 2213/2236
f 2213/2236 2309/2333 2310/2334
f 2213/2236 2310/2334 2214/2237
f 2214/2237 2310/2334 2311/2335
f 2214/2237 2311/2335 2215/2238
f 2215/2238 2311/2335 2312/2336
f 2215/2238 2312/2336 2216/2239
f 2216/2239 2312/2336 2313/2337
f 2216/2239 2313/2337 2217/2240
f 2217/2240 2313/2337 2314/2338
f 2217/2240 2314/2338 2218/2241
f 2218/2241 2314/2338 2315/2339
f 2218/2241 2315/2339 2219/2242
f 2219/2242 2315/2339 2316/2340
f 2219/2242 2316/2340 2220/2243
f 2220/2243 2316/2340 2317/2341
f 2220/2243 2317/2341 2221/2244
f 2221/2244 2317/2341 2318/2342
f 2221/2244 2318/2342 2222/2245
f 2222/2245 2318/2342 2319/2343
f 2222/2245 2319/2343 2223/2246
f 2223/2246 2319/2343 2320/2344
f 2223/2246 2320/2344 2224/2247
f 2224/2247 2320/2344 2321/2345
f 2224/2247 2321/2345 2225/2248
f 2225/2248 2321/2345 2322/2346
f 2225/2248 2322/2346 2226/2249
f 2226/2249 2322/2346 2323/2347
f 2226/2249 2323/2347 2227/2250
f 2227/2250 2323/2347 2324/2348
f 2227/2250 2324/2348 2228/2251
f 2228/2251 2324/2348 2325/2349
f 2228/2251 2325/2349 2229/2252
f 2229/2252 2325/2349 2326/2350
f 2229/2252 2326/2350 2230/2253
f 2230/2253 2326/2350 2327/2351
f 2230/2253 2327/2351 2231/2254
f 2231/2254 2327/2351 2328/2352
f 2231/2254 2328/2352 2232/2255
f 2232/2255 2328/2352 2329/2353
f 2232/2255 2329/2353 2233/2256
f 2233/2256 2329/2353 2330/2354
f 2233/2256 2330/2354 2234/2257
f 2234/2257 2330/2354 2331/2355
f 2234/2257 2331/2355 2235/2258
f 2235/2258 2331/2355 2332/2356
f 2235/2258 2332/2356 2236/2259
f 2236/2259 2332/2356 2333/2357
f 2236/2259 2333/2357 2237/2260
f 2237/2260 2333/2357 2334/2358
f 2237/2260 2334/2358 2238/2261
f 2238/2261 2334/2358 2335/2359
f 2238/2261 2335/2359 2239/2262
f 2239/2262 2335/2359 2336/2360
f 2239/2262 2336/2360 2240/2263
f 2240/2263 2336/2360 2337/2361
f 2240/2263 2337/2361 2241/2264
f 2241/2264 2337/2361 2338/2362
f 2241/2264 2338/2362 2242/2265
f 2242/2265 2338/2362 2339/2363
f 2242/2265 2339/2363 2243/2266
f 2243/2266 2339/2363 2340/2364
f 2243/2266 2340/2364 2244/2267
f 2244/2267 2340/2364 2341/2365
f 2244/2267 2341/2365 2245/2268
f 2245/2268 2341/2365 2342/2366
f 2245/2268 2342/2366 2246/2269
f 2246/2269 2342/2366 2343/2367
f 2246/2269 2343/2367 2247/2270
f 2247/2270 2343/2367 2344/2368
f 2247/2270 2344/2368 2248/2271
f 2248/2271 2344/2368 2345/2369
f 2248/2271 2345/2369 2249/2272
f 2249/2272 2345/2369 2346/2370
f 2249/2272 2346/2370 2250/2273
f 2250/2273 2346/2370 2347/2371
f 2250/2273 2347/2371 2251/2274
f 2251/2274 2347/2371 2348/2372
f 2251/2274 2348/2372 2252/2275
f 2252/2275 2348/2372 2349/2373
f 2252/2275 2349/2373 2253/2276
f 2253/2276 2349/2373 2350/2374
f 2253/2276 2350/2374 2254/2277
f 2254/2277 2350/2374 2351/2375
f 2254/2277 2351/2375 2255/2278
f 2255/2278 2351/2375 2352/2376
f 2255/2278 2352/2376 2256/2279
f 2256/2279 2352/2376 2353/2377
f 2256/2279 2353/2377 2257/2280
f 2257/2280 2353/2377 2354/2378
f 2257/2280 2354/2378 2258/2281
f 2258/2281 2354/2378 2355/2379
f 2258/2281 2355/2379 2259/2282
f 2259/2282 2355/2379 2356/2380
f 2259/2282 2356/2380 2260/2283
f 2260/2283 2356/2380 2357/2381
f 2260/2283 2357/2381 2261/2284
f 2261/2284 2357/2381 2358/2382
f 2261/2284 2358/2382 2262/2285
f 2262/2285 2358/2382 2359/2383
f 2262/2285 2359/2383 2263/2286
f 2263/2286 2359/2383 2360/2384
f 2263/2286 2360/2384 2264/2287
f 2264/2287 2360/2384 2361/2385
f 2264/2287 2361/2385 2265/2288
f 2265/2288 2361/2385 2362/2386
f 2265/2288 2362/2386 2266/2289
f 2266/2289 2362/2386 2363/2387
f 2266/2289 2363/2387 2267/2290
f 2267/2290 2363/2387 2364/2388
f 2267/2290 2364/2388 2268/2291
f 2268/2291 2364/2388 2365/2389
f 2268/2291 2365/2389 2269/2292
f 2269/2292 2365/2389 2366/2390
f 2269/2292 2366/2390 2270/2293
f 2270/2293 2366/2390 2367/2391
f 2270/2293 2367/2391 2271/2294
f 2271/2294 2367/2391 2368/2392
f 2271/2294 2368/2392 2272/2295
f 2272/2295 2368/2392 2369/2393
f 2272/2295 2369/2393 2273/2296
f 2273/2296 2369/2393 2370/2394
f 2273/2296 2370/2394 2274/2297
f 2274/2297 2370/2394 2371/2395
f 2274/2297 2371/2395 2275/2298
f 2275/2298 2371/2395 2372/2396
f 2275/2298 2372/2396 2276/2299
f 2276/2299 2372/2396 2373/2397
f 2276/2299 2373/2397 2277/2300
f 2277/2300 2373/2397 2374/2398
f 2277/2300 2374/2398 2278/2301
f 2278/2301 2374/2398 2375/2399
f 2278/2301 2375/2399 2279/2302
f 2279/2302 2375/2399 2376/2400
f 2279/2302 2376/2400 2280/2303
f 2280/2303 2376/2400 2377/2401
f 2280/2303 2377/2401 2281/2304
f 2281/2304 2377/2401 2378/2402
f 2281/2304 2378/2402 2282/2305
f 2282/2305 2378/2402 2379/2403
f 2282/2305 2379/2403 2283/2306
f 2283/2306 2379/2403 2380/2404
f 2283/2306 2380/2404 2284/2307
f 2284/2307 2380/2404 2381/2405
f 2284/2307 2381/2405 2285/2308
f 2285/2308 2381/2405 2382/2406
f 2285/2308 2382/2406 2286/2309
f 2286/2309 2382/2406 2383/2407
f 2286/2309 2383/2407 2287/2310
f 2287/2310 2383/2407 2384/2408
f 2287/2310 2384/2408 2288/2311
f 2288/2311 2384/2408 2385/2409
f 2288/2311 2385/2409 2289/2312
f 2289/2312 2385/2409 2386/2410
f 2289/2312 2386/2410 2290/2313
f 2290/2313 2386/2410 2387/2411
f 2290/2313 2387/2411 2291/2314
f 2291/2314 2387/2411 2388/2412
f 2291/2314 2388/2412 2292/2315
f 2292/2315 2388/2412 2389/2413
f 2292/2315 2389/2413 2293/2316
f 2293/2316 2389/2413 2390/2414
f 2293/2316 2390/2414 2294/2317
f 2294/2317 2390/2414 2391/2415
f 2294/2317 2391/2415 2295/2318
f 2295/2318 2391/2415 2392/2416
f 2295/2318 2392/2416 2296/2319
f 2296/2319 2392/2416 2393/2417
f 2296/2319 2393/2417 2297/2320
f 2297/2320 2393/2417 2394/2418
f 2297/2320 2394/2418 2298/2321
f 2298/2321 2394/2418 2395/2419
f 2298/2321 2395/2419 2299/2322
f 2299/2322 2395/2419 2396/2420
f 2299/2322 2396/2420 2300/2323
f 2300/2323 2396/2420 2397/2421
f 2300/2323 2397/2421 2301/2324
f 2301/2324 2397/2421 2398/2422
f 2301/2324 2398/2422 2302/2325
f 2302/2325 2398/2422 2399/2423
f 2302/2325 2399/2423 2303/2326
f 2303/2326 2399/2423 2400/2424
f 2303/2326 2400/2424 2304/2327
f 2304/2327 2400/2424 2305/2425
f 2304/2327 2305/2425 2209/2328
f 2305/2329 2401/2426 2402/2427
f 2305/2329 2402/2427 2306/2330
f 2306/2330 2402/2427 2403/2428
f 2306/2330 2403/2428 2307/2331
f 2307/2331 2403/2428 2404/2429
f 2307/2331 2404/2429 2308/2332
f 2308/2332 2404/2429 2405/2430
f 2308/2332 2405/2430 2309/2333
f 2309/2333 2405/2430 2406/2431
f 2309/2333 2406/2431 2310/2334
f 2310/2334 2406/2431 2407/2432
f 2310/2334 2407/2432 2311/2335
f 2311/2335 2407/2432 2408/2433
f 2311/2335 2408/2433 2312/2336
f 2312/2336 2408/2433 2409/2434
f 2312/2336 2409/2434 2313/2337
f 2313/2337 2409/2434 2410/2435
f 2313/2337 2410/2435 2314/2338
f 2314/2338 2410/2435 2411/2436
f 2314/2338 2411/2436 2315/2339
f 2315/2339 2411/2436 2412/2437
f 2315/2339 2412/2437 2316/2340
f 2316/2340 2412/2437 2413/2438
f 2316/2340 2413/2438 2317/2341
f 2317/2341 2413/2438 2414/2439
f 2317/2341 2414/2439 2318/2342
f 2318/2342 2414/2439 2415/2440
f 2318/2342 2415/2440 2319/2343
f 2319/2343 2415/2440 2416/2441
f 2319/2343 2416/2441 2320/2344
f 2320/2344 2416/2441 2417/2442
f 2320/2344 2417/2442 2321/2345
f 2321/2345 2417/2442 2418/2443
f 2321/2345 2418/2443 2322/2346
f 2322/2346 2418/2443 2419/2444
f 2322/2346 2419/2444 2323/2347
f 2323/2347 2419/2444 2420/2445
f 2323/2347 2420/2445 2324/2348
f 2324/2348 2420/2445 2421/2446
f 2324/2348 2421/2446 2325/2349
f 2325/2349 2421/2446 2422/2447
f 2325/2349 2422/2447 2326/2350
f 2326/2350 2422/2447 2423/2448
f 2326/2350 2423/2448 2327/2351
f 2327/2351 2423/2448 2424/2449
f 2327/2351 2424/2449 2328/2352
f 2328/2352 2424/2449 2425/2450
f 2328/2352 2425/2450 2329/2353
f 2329/2353 2425/2450 2426/2451
f 2329/2353 2426/2451 2330/2354
f 2330/2354 2426/2451 2427/2452
f 2330/2354 2427/2452 2331/2355
f 2331/2355 2427/2452 2428/2453
f 2331/2355 2428/2453 2332/2356
f 2332/2356 2428/2453 2429/2454
f 2332/2356 2429/2454 2333/2357
f 2333/2357 2429/2454 2430/2455
f 2333/2357 2430/2455 2334/2358
f 2334/2358 2430/2455 2431/2456
f 2334/2358 2431/2456 2335/2359
f 2335/2359 2431/2456 2432/2457
f 2335/2359 2432/2457 2336/2360
f 2336/2360 2432/2457 2433/2458
f 2336/2360 2433/2458 2337/2361
f 2337/2361 2433/2458 2434/2459
f 2337/2361 2434/2459 2338/2362
f 2338/2362 2434/2459 2435/2460
f 2338/2362 2435/2460 2339/2363
f 2339/2363 2435/2460 2436/2461
f 2339/2363 2436/2461 2340/2364
f 2340/2364 2436/2461 2437/2462
f 2340/2364 2437/2462 2341/2365
f 2341/2365 2437/2462 2438/2463
f 2341/2365 2438/2463 2342/2366
f 2342/2366 2438/2463 2439/2464
f 2342/2366 2439/2464 2343/2367
f 2343/2367 2439/2464 2440/2465
f 2343/2367 2440/2465 2344/2368
f 2344/2368 2440/2465 2441/2466
f 2344/2368 2441/2466 2345/2369
f 2345/2369 2441/2466 2442/2467
f 2345/2369 2442/2467 2346/2370
f 2346/2370 2442/2467 2443/2468
f 2346/2370 2443/2468 2347/2371
f 2347/2371 2443/2468 2444/2469
f 2347/2371 2444/2469 2348/2372
f 2348/2372 2444/2469 2445/2470
f 2348/2372 2445/2470 2349/2373
f 2349/2373 2445/2470 2446/2471
f 2349/2373 2446/2471 2350/2374
f 2350/2374 2446/2471 2447/2472
f 2350/2374 2447/2472 2351/2375
f 2351/2375 2447/2472 2448/2473
f 2351/2375 2448/2473 2352/2376
f 2352/2376 2448/2473 2449/2474
f 2352/2376 2449/2474 2353/2377
f 2353/2377 2449/2474 2450/2475
f 2353/2377 2450/2475 2354/2378
f 2354/2378 2450/2475 2451/2476
f 2354/2378 2451/2476 2355/2379
f 2355/2379 2451/2476 2452/2477
f 2355/2379 2452/2477 2356/2380
f 2356/2380 2452/2477 2453/2478
f 2356/2380 2453/2478 2357/2381
f 2357/2381 2453/2478 2454/2479
f 2357/2381 2454/2479 2358/2382
f 2358/2382 2454/2479 2455/2480
f 2358/2382 2455/2480 2359/2383
f 2359/2383 2455/2480 2456/2481
f 2359/2383 2456/2481 2360/2384
f 2360/2384 2456/2481 2457/2482
f 2360/2384 2457/2482 2361/2385
f 2361/2385 2457/2482 2458/2483
f 2361/2385 2458/2483 2362/2386
f 2362/2386 2458/2483 2459/2484
f 2362/2386 2459/2484 2363/2387
f 2363/2387 2459/2484 2460/2485
f 2363/2387 2460/2485 2364/2388
f 2364/2388 2460/2485 2461/2486
f 2364/2388 2461/2486 2365/2389
f 2365/2389 2461/2486 2462/2487
f 2365/2389 2462/2487 2366/2390
f 2366/2390 2462/2487 2463/2488
f 2366/2390 2463/2488 2367/2391
f 2367/2391 2463/2488 2464/2489
f 2367/2391 2464/2489 2368/2392
f 2368/2392 2464/2489 2465/2490
f 2368/2392 2465/2490 2369/2393
f 2369/2393 2465/2490 2466/2491
f 2369/2393 2466/2491 2370/2394
f 2370/2394 2466/2491 2467/2492
f 2370/2394 2467/2492 2371/2395
f 2371/2395 2467/2492 2468/2493
f 2371/2395 2468/2493 2372/2396
f 2372/2396 2468/2493 2469/2494
f 2372/2396 2469/2494 2373/2397
f 2373/2397 2469/2494 2470/2495
f 2373/2397 2470/2495 2374/2398
f 2374/2398 2470/2495 2471/2496
f 2374/2398 2471/2496 2375/2399
f 2375/2399 2471/2496 2472/2497
f 2375/2399 2472/2497 2376/2400
f 2376/2400 2472/2497 2473/2498
f 2376/2400 2473/2498 2377/2401
f 2377/2401 2473/2498 2474/2499
f 2377/2401 2474/2499 2378/2402
f 2378/2402 2474/2499 2475/2500
f 2378/2402 2475/2500 2379/2403
f 2379/2403 2475/2500 2476/2501
f 2379/2403 2476/2501 2380/2404
f 2380/2404 2476/2501 2477/2502
f 2380/2404 2477/2502 2381/2405
f 2381/2405 2477/2502 2478/2503
f 2381/2405 2478/2503 2382/2406
f 2382/2406 2478/2503 2479/2504
f 2382/2406 2479/2504 2383/2407
f 2383/2407 2479/2504 2480/2505
f 2383/2407 2480/2505 2384/2408
f 2384/2408 2480/2505 2481/2506
f 2384/2408 2481/2506 2385/2409
f 2385/2409 2481/2506 2482/2507
f 2385/2409 2482/2507 2386/2410
f 2386/2410 2482/2507 2483/2508
f 2386/2410 2483/2508 2387/2411
f 2387/2411 2483/2508 2484/2509
f 2387/2411 2484/2509 2388/2412
f 2388/2412 2484/2509 2485/2510
f 2388/2412 2485/2510 2389/2413
f 2389/2413 2485/2510 2486/2511
f 2389/2413 2486/2511 2390/2414
f 2390/2414 2486/2511 2487/2512
f 2390/2414 2487/2512 2391/2415
f 2391/2415 2487/2512 2488/2513
f 2391/2415 2488/2513 2392/2416
f 2392/2416 2488/2513 2489/2514
f 2392/2416 2489/2514 2393/2417
f 2393/2417 2489/2514 2490/2515
f 2393/2417 2490/2515 2394/2418
f 2394/2418 2490/2515 2491/2516
f 2394/2418 2491/2516 2395/2419
f 2395/2419 2491/2516 2492/2517
f 2395/2419 2492/2517 2396/2420
f 2396/2420 2492/2517 2493/2518
f 2396/2420 2493/2518 2397/2421
f 2397/2421 2493/2518 2494/2519
f 2397/2421 2494/2519 2398/2422
f 2398/2422 2494/2519 2495/2520
f 2398/2422 2495/2520 2399/2423
f 2399/2423 2495/2520 2496/2521
f 2399/2423 2496/2521 2400/2424
f 2400/2424 2496/2521 2401/2522
f 2400/2424 2401/2522 2305/2425
f 2401/2426 2497/2523 2498/2524
f 2401/2426 2498/2524 2402/2427
f 2402/2427 2498/2524 2499/2525
f 2402/2427 2499/2525 2403/2428
f 2403/2428 2499/2525 2500/2526
f 2403/2428 2500/2526 2404/2429
f 2404/2429 2500/2526 2501/2527
f 2404/2429 2501/2527 2405/2430
f 2405/2430 2501/2527 2502/2528
f 2405/2430 2502/2528 2406/2431
f 2406/2431 2502/2528 2503/2529
f 2406/2431 2503/2529 2407/2432
f 2407/2432 2503/2529 2504/2530
f 2407/2432 2504/2530 2408/2433
f 2408/2433 2504/2530 2505/2531
f 2408/2433 2505/2531 2409/2434
f 2409/2434 2505/2531 2506/2532
f 2409/2434 2506/2532 2410/2435
f 2410/2435 2506/2532 2507/2533
f 2410/2435 2507/2533 2411/2436
f 2411/2436 2507/2533 2508/2534
f 2411/2436 2508/2534 2412/2437
f 2412/2437 2508/2534 2509/2535
f 2412/2437 2509/2535 2413/2438
f 2413/2438 2509/2535 2510/2536
f 2413/2438 2510/2536 2414/2439
f 2414/2439 2510/2536 2511/2537
f 2414/2439 2511/2537 2415/2440
f 2415/2440 2511/2537 2512/2538
f 2415/2440 2512/2538 2416/2441
f 2416/2441 2512/2538 2513/2539
f 2416/2441 2513/2539 2417/2442
f 2417/2442 2513/2539 2514/2540
f 2417/2442 2514/2540 2418/2443
f 2418/2443 2514/2540 2515/2541
f 2418/2443 2515/2541 2419/2444
f 2419/2444 2515/2541 2516/2542
f 2419/2444 2516/2542 2420/2445
f 2420/2445 2516/2542 2517/2543
f 2420/2445 2517/2543 2421/2446
f 2421/2446 2517/2543 2518/2544
f 2421/2446 2518/2544 2422/2447
f 2422/2447 2518/2544 2519/2545
f 2422/2447 2519/2545 2423/2448
f 2423/2448 2519/2545 2520/2546
f 2423/2448 2520/2546 2424/2449
f 2424/2449 2520/2546 2521/2547
f 2424/2449 2521/2547 2425/2450
f 2425/2450 2521/2547 2522/2548
f 2425/2450 2522/2548 2426/2451
f 2426/2451 2522/2548 2523/2549
f 2426/2451 2523/2549 2427/2452
f 2427/2452 2523/2549 2524/2550
f 2427/2452 2524/2550 2428/2453
f 2428/2453 2524/2550 2525/2551
f 2428/2453 2525/2551 2429/2454
f 2429/2454 2525/2551 2526/2552
f 2429/2454 2526/2552 2430/2455
f 2430/2455 2526/2552 2527/2553
f 2430/2455 2527/2553 2431/2456
f 2431/2456 2527/2553 2528/2554
f 2431/2456 2528/2554 2432/2457
f 2432/2457 2528/2554 2529/2555
f 2432/2457 2529/2555 2433/2458
f 2433/2458 2529/2555 2530/2556
f 2433/2458 2530/2556 2434/2459
f 2434/2459 2530/2556 2531/2557
f 2434/2459 2531/2557 2435/2460
f 2435/2460 2531/2557 2532/2558
f 2435/2460 2532/2558 2436/2461
f 2436/2461 2532/2558 2533/2559
f 2436/2461 2533/2559 2437/2462
f 2437/2462 2533/2559 2534/2560
f 2437/2462 2534/2560 2438/2463
f 2438/2463 2534/2560 2535/2561
f 2438/2463 2535/2561 2439/2464
f 2439/2464 2535/2561 2536/2562
f 2439/2464 2536/2562 2440/2465
f 2440/2465 2536/2562 2537/2563
f 2440/2465 2537/2563 2441/2466
f 2441/2466 2537/2563 2538/2564
f 2441/2466 2538/2564 2442/2467
f 2442/2467 2538/2564 2539/2565
f 2442/2467 2539/2565 2443/2468
f 2443/2468 2539/2565 2540/2566
f 2443/2468 2540/2566 2444/2469
f 2444/2469 2540/2566 2541/2567
f 2444/2469 2541/2567 2445/2470
f 2445/2470 2541/2567 2542/2568
f 2445/2470 2542/2568 2446/2471
f 2446/2471 2542/2568 2543/2569
f 2446/2471 2543/2569 2447/2472
f 2447/2472 2543/2569 2544/2570
f 2447/2472 2544/2570 2448/2473
f 2448/2473 2544/2570 2545/2571
f 2448/2473 2545/2571 2449/2474
f 2449/2474 2545/2571 2546/2572
f 2449/2474 2546/2572 2450/2475
f 2450/2475 2546/2572 2547/2573
f 2450/2475 2547/2573 2451/2476
f 2451/2476 2547/2573 2548/2574
f 2451/2476 2548/2574 2452/2477
f 2452/2477 2548/2574 2549/2575
f 2452/2477 2549/2575 2453/2478
f 2453/2478 2549/2575 2550/2576
f 2453/2478 2550/2576 2454/2479
f 2454/2479 2550/2576 2551/2577
f 2454/2479 2551/2577 2455/2480
f 2455/2480 2551/2577 2552/2578
f 2455/2480 2552/2578 2456/2481
f 2456/2481 2552/2578 2553/2579
f 2456/2481 2553/2579 2457/2482
f 2457/2482 2553/2579 2554/2580
f 2457/2482 2554/2580 2458/2483
f 2458/2483 2554/2580 2555/2581
f 2458/2483 2555/2581 2459/2484
f 2459/2484 2555/2581 2556/2582
f 2459/2484 2556/2582 2460/2485
f 2460/2485 2556/2582 2557/2583
f 2460/2485 2557/2583 2461/2486
f 2461/2486 2557/2583 2558/2584
f 2461/2486 2558/2584 2462/2487
f 2462/2487 2558/2584 2559/2585
f 2462/2487 2559/2585 2463/2488
f 2463/2488 2559/2585 2560/2586
f 2463/2488 2560/2586 2464/2489
f 2464/2489 2560/2586 2561/2587
f 2464/2489 2561/2587 2465/2490
f 2465/2490 2561/2587 2562/2588
f 2465/2490 2562/2588 2466/2491
f 2466/2491 2562/2588 2563/2589
f 2466/2491 2563/2589 2467/2492
f 2467/2492 2563/2589 2564/2590
f 2467/2492 2564/2590 2468/2493
f 2468/2493 2564/2590 2565/2591
f 2468/2493 2565/2591 2469/2494
f 2469/2494 2565/2591 2566/2592
f 2469/2494 2566/2592 2470/2495
f 2470/2495 2566/2592 2567/2593
f 2470/2495 2567/2593 2471/2496
f 2471/2496 2567/2593 2568/2594
f 2471/2496 2568/2594 2472/2497
f 2472/2497 2568/2594 2569/2595
f 2472/2497 2569/2595 2473/2498
f 2473/2498 2569/2595 2570/2596
f 2473/2498 2570/2596 2474/2499
f 2474/2499 2570/2596 2571/2597
f 2474/2499 2571/2597 2475/2500
f 2475/2500 2571/2597 2572/2598
f 2475/2500 2572/2598 2476/2501
f 2476/2501 2572/2598 2573/2599
f 2476/2501 2573/2599 2477/2502
f 2477/2502 2573/2599 2574/2600
f 2477/2502 2574/2600 2478/2503
f 2478/2503 2574/2600 2575/2601
f 2478/2503 2575/2601 2479/2504
f 2479/2504 2575/2601 2576/2602
f 2479/2504 2576/2602 2480/2505
f 2480/2505 2576/2602 2577/2603
f 2480/2505 2577/2603 2481/2506
f 2481/2506 2577/2603 2578/2604
f 2481/2506 2578/2604 2482/2507
f 2482/2507 2578/2604 2579/2605
f 2482/2507 2579/2605 2483/2508
f 2483/2508 2579/2605 2580/2606
f 2483/2508 2580/2606 2484/2509
f 2484/2509 2580/2606 2581/2607
f 2484/2509 2581/2607 2485/2510
f 2485/2510 2581/2607 2582/2608
f 2485/2510 2582/2608 2486/2511
f 2486/2511 2582/2608 2583/2609
f 2486/2511 2583/2609 2487/2512
f 2487/2512 2583/2609 2584/2610
f 2487/2512 2584/2610 2488/2513
f 2488/2513 2584/2610 2585/2611
f 2488/2513 2585/2611 2489/2514
f 2489/2514 2585/2611 2586/2612
f 2489/2514 2586/2612 2490/2515
f 2490/2515 2586/2612 2587/2613
f 2490/2515 2587/2613 2491/2516
f 2491/2516 2587/2613 2588/2614
f 2491/2516 2588/2614 2492/2517
f 2492/2517 2588/2614 2589/2615
f 2492/2517 2589/2615 2493/2518
f 2493/2518 2589/2615 2590/2616
f 2493/2518 2590/2616 2494/2519
f 2494/2519 2590/2616 2591/2617
f 2494/2519 2591/2617 2495/2520
f 2495/2520 2591/2617 2592/2618
f 2495/2520 2592/2618 2496/2521
f 2496/2521 2592/2618 2497/2619
f 2496/2521 2497/2619 2401/2522
f 2497/2523 2593/2620 2594/2621
f 2497/2523 2594/2621 2498/2524
f 2498/2524 2594/2621 2595/2622
f 2498/2524 2595/2622 2499/2525
f 2499/2525 2595/2622 2596/2623
f 2499/2525 2596/2623 2500/2526
f 2500/2526 2596/2623 2597/2624
f 2500/2526 2597/2624 2501/2527
f 2501/2527 2597/2624 2598/2625
f 2501/2527 2598/2625 2502/2528
f 2502/2528 2598/2625 2599/2626
f 2502/2528 2599/2626 2503/2529
f 2503/2529 2599/2626 2600/2627
f 2503/2529 2600/2627 2504/2530
f 2504/2530 2600/2627 2601/2628
f 2504/2530 2601/2628 2505/2531
f 2505/2531 2601/2628 2602/2629
f 2505/2531 2602/2629 2506/2532
f 2506/2532 2602/2629 2603/2630
f 2506/2532 2603/2630 2507/2533
f 2507/2533 2603/2630 2604/2631
f 2507/2533 2604/2631 2508/2534
f 2508/2534 2604/2631 2605/2632
f 2508/2534 2605/2632 2509/2535
f 2509/2535 2605/2632 2606/2633
f 2509/2535 2606/2633 2510/2536
f 2510/2536 2606/2633 2607/2634
f 2510/2536 2607/2634 2511/2537
f 2511/2537 2607/2634 2608/2635
f 2511/2537 2608/2635 2512/2538
f 2512/2538 2608/2635 2609/2636
f 2512/2538 2609/2636 2513/2539
f 2513/2539 2609/2636 2610/2637
f 2513/2539 2610/2637 2514/2540
f 2514/2540 2610/2637 2611/2638
f 2514/2540 2611/2638 2515/2541
f 2515/2541 2611/2638 2612/2639
f 2515/2541 2612/2639 2516/2542
f 2516/2542 2612/2639 2613/2640
f 2516/2542 2613/2640 2517/2543
f 2517/2543 2613/2640 2614/2641
f 2517/2543 2614/2641 2518/2544
f 2518/2544 2614/2641 2615/2642
f 2518/2544 2615/2642 2519/2545
f 2519/2545 2615/2642 2616/2643
f 2519/2545 2616/2643 2520/2546
f 2520/2546 2616/2643 2617/2644
f 2520/2546 2617/2644 2521/2547
f 2521/2547 2617/2644 2618/2645
f 2521/2547 2618/2645 2522/2548
f 2522/2548 2618/2645 2619/2646
f 2522/2548 2619/2646 2523/2549
f 2523/2549 2619/2646 2620/2647
f 2523/2549 2620/2647 2524/2550
f 2524/2550 2620/2647 2621/2648
f 2524/2550 2621/2648 2525/2551
f 2525/2551 2621/2648 2622/2649
f 2525/2551 2622/2649 2526/2552
f 2526/2552 2622/2649 2623/2650
f 2526/2552 2623/2650 2527/2553
f 2527/2553 2623/2650 2624/2651
f 2527/2553 2624/2651 2528/2554
f 2528/2554 2624/2651 2625/2652
f 2528/2554 2625/2652 2529/2555
f 2529/2555 2625/2652 2626/2653
f 2529/2555 2626/2653 2530/2556
f 2530/2556 2626/2653 2627/2654
f 2530/2556 2627/2654 2531/2557
f 2531/2557 2627/2654 2628/2655
f 2531/2557 2628/2655 2532/2558
f 2532/2558 2628/2655 2629/2656
f 2532/2558 2629/2656 2533/2559
f 2533/2559 2629/2656 2630/2657
f 2533/2559 2630/2657 2534/2560
f 2534/2560 2630/2657 2631/2658
f 2534/2560 2631/2658 2535/2561
f 2535/2561 2631/2658 2632/2659
f 2535/2561 2632/2659 2536/2562
f 2536/2562 2632/2659 2633/2660
f 2536/2562 2633/2660 2537/2563
f 2537/2563 2633/2660 2634/2661
f 2537/2563 2634/2661 2538/2564
f 2538/2564 2634/2661 2635/2662
f 2538/2564 2635/2662 2539/2565
f 2539/2565 2635/2662 2636/2663
f 2539/2565 2636/2663 2540/2566
f 2540/2566 2636/2663 2637/2664
f 2540/2566 2637/2664 2541/2567
f 2541/2567 2637/2664 2638/2665
f 2541/2567 2638/2665 2542/2568
f 2542/2568 2638/2665 2639/2666
f 2542/2568 2639/2666 2543/2569
f 2543/2569 2639/2666 2640/2667
f 2543/2569 2640/2667 2544/2570
f 2544/2570 2640/2667 2641/2668
f 2544/2570 2641/2668 2545/2571
f 2545/2571 2641/2668 2642/2669
f 2545/2571 2642/2669 2546/2572
f 2546/2572 2642/2669 2643/2670
f 2546/2572 2643/2670 2547/2573
f 2547/2573 2643/2670 2644/2671
f 2547/2573 2644/2671 2548/2574
f 2548/2574 2644/2671 2645/2672
f 2548/2574 2645/2672 2549/2575
f 2549/2575 2645/2672 2646/2673
f 2549/2575 2646/2673 2550/2576
f 2550/2576 2646/2673 2647/2674
f 2550/2576 2647/2674 2551/2577
f 2551/2577 2647/2674 2648/2675
f 2551/2577 2648/2675 2552/2578
f 2552/2578 2648/2675 2649/2676
f 2552/2578 2649/2676 2553/2579
f 2553/2579 2649/2676 2650/2677
f 2553/2579 2650/2677 2554/2580
f 2554/2580 2650/2677 2651/2678
f 2554/2580 2651/2678 2555/2581
f 2555/2581 2651/2678 2652/2679
f 2555/2581 2652/2679 2556/2582
f 2556/2582 2652/2679 2653/2680
f 2556/2582 2653/2680 2557/2583
f 2557/2583 2653/2680 2654/2681
f 2557/2583 2654/2681 2558/2584
f 2558/2584 2654/2681 2655/2682
f 2558/2584 2655/2682 2559/2585
f 2559/2585 2655/2682 2656/2683
f 2559/2585 2656/2683 2560/2586
f 2560/2586 2656/2683 2657/2684
f 2560/2586 2657/2684 2561/2587
f 2561/2587 2657/2684 2658/2685
f 2561/2587 2658/2685 2562/2588
f 2562/2588 2658/2685 2659/2686
f 2562/2588 2659/2686 2563/2589
f 2563/2589 2659/2686 2660/2687
f 2563/2589 2660/2687 2564/2590
f 2564/2590 2660/2687 2661/2688
f 2564/2590 2661/2688 2565/2591
f 2565/2591 2661/2688 2662/2689
f 2565/2591 2662/2689 2566/2592
f 2566/2592 2662/2689 2663/2690
f 2566/2592 2663/2690 2567/2593
f 2567/2593 2663/2690 2664/2691
f 2567/2593 2664/2691 2568/2594
f 2568/2594 2664/2691 2665/2692
f 2568/2594 2665/2692 2569/2595
f 2569/2595 2665/2692 2666/2693
f 2569/2595 2666/2693 2570/2596
f 2570/2596 2666/2693 2667/2694
f 2570/2596 2667/2694 2571/2597
f 2571/2597 2667/2694 2668/2695
f 2571/2597 2668/2695 2572/2598
f 2572/2598 2668/2695 2669/2696
f 2572/2598 2669/2696 2573/2599
f 2573/2599 2669/2696 2670/2697
f 2573/2599 2670/2697 2574/2600
f 2574/2600 2670/2697 2671/2698
f 2574/2600 2671/2698 2575/2601
f 2575/2601 2671/2698 2672/2699
f 2575/2601 2672/2699 2576/2602
f 2576/2602 2672/2699 2673/2700
f 2576/2602 2673/2700 2577/2603
f 2577/2603 2673/2700 2674/2701
f 2577/2603 2674/2701 2578/2604
f 2578/2604 2674/2701 2675/2702
f 2578/2604 2675/2702 2579/2605
f 2579/2605 2675/2702 2676/2703
f 2579/2605 2676/2703 2580/2606
f 2580/2606 2676/2703 2677/2704
f 2580/2606 2677/2704 2581/2607
f 2581/2607 2677/2704 2678/2705
f 2581/2607 2678/2705 2582/2608
f 2582/2608 2678/2705 2679/2706
f 2582/2608 2679/2706 2583/2609
f 2583/2609 2679/2706 2680/2707
f 2583/2609 2680/2707 2584/2610
f 2584/2610 2680/2707 2681/2708
f 2584/2610 2681/2708 2585/2611
f 2585/2611 2681/2708 2682/2709
f 2585/2611 2682/2709 2586/2612
f 2586/2612 2682/2709 2683/2710
f 2586/2612 2683/2710 2587/2613
f 2587/2613 2683/2710 2684/2711
f 2587/2613 2684/2711 2588/2614
f 2588/2614 2684/2711 2685/2712
f 2588/2614 2685/2712 2589/2615
f 2589/2615 2685/2712 2686/2713
f 2589/2615 2686/2713 2590/2616
f 2590/2616 2686/2713 2687/2714
f 2590/2616 2687/2714 2591/2617
f 2591/2617 2687/2714 2688/2715
f 2591/2617 2688/2715 2592/2618
f 2592/2618 2688/2715 2593/2716
f 2592/2618 2593/2716 2497/2619
f 2593/2620 2689/2717 2690/2718
f 2593/2620 2690/2718 2594/2621
f 2594/2621 2690/2718 2691/2719
f 2594/2621 2691/2719 2595/2622
f 2595/2622 2691/2719 2692/2720
f 2595/2622 2692/2720 2596/2623
f 2596/2623 2692/2720 2693/2721
f 2596/2623 2693/2721 2597/2624
f 2597/2624 2693/2721 2694/2722
f 2597/2624 2694/2722 2598/2625
f 2598/2625 2694/2722 2695/2723
f 2598/2625 2695/2723 2599/2626
f 2599/2626 2695/2723 2696/2724
f 2599/2626 2696/2724 2600/2627
f 2600/2627 2696/2724 2697/2725
f 2600/2627 2697/2725 2601/2628
f 2601/2628 2697/2725 2698/2726
f 2601/2628 2698/2726 2602/2629
f 2602/2629 2698/2726 2699/2727
f 2602/2629 2699/2727 2603/2630
f 2603/2630 2699/2727 2700/2728
f 2603/2630 2700/2728 2604/2631
f 2604/2631 2700/2728 2701/2729
f 2604/2631 2701/2729 2605/2632
f 2605/2632 2701/2729 2702/2730
f 2605/2632 2702/2730 2606/2633
f 2606/2633 2702/2730 2703/2731
f 2606/2633 2703/2731 2607/2634
f 2607/2634 2703/2731 2704/2732
f 2607/2634 2704/2732 2608/2635
f 2608/2635 2704/2732 2705/2733
f 2608/2635 2705/2733 2609/2636
f 2609/2636 2705/2733 2706/2734
f 2609/2636 2706/2734 2610/2637
f 2610/2637 2706/2734 2707/2735
f 2610/2637 2707/2735 2611/2638
f 2611/2638 2707/2735 2708/2736
f 2611/2638 2708/2736 2612/2639
f 2612/2639 2708/2736 2709/2737
f 2612/2639 2709/2737 2613/2640
f 2613/2640 2709/2737 2710/2738
f 2613/2640 2710/2738 2614/2641
f 2614/2641 2710/2738 2711/2739
f 2614/2641 2711/2739 2615/2642
f 2615/2642 2711/2739 2712/2740
f 2615/2642 2712/2740 2616/2643
f 2616/2643 2712/2740 2713/2741
f 2616/2643 2713/2741 2617/2644
f 2617/2644 2713/2741 2714/2742
f 2617/2644 2714/2742 2618/2645
f 2618/2645 2714/2742 2715/2743
f 2618/2645 2715/2743 2619/2646
f 2619/2646 2715/2743 2716/2744
f 2619/2646 2716/2744 2620/2647
f 2620/2647 2716/2744 2717/2745
f 2620/2647 2717/2745 2621/2648
f 2621/2648 2717/2745 2718/2746
f 2621/2648 2718/2746 2622/2649
f 2622/2649 2718/2746 2719/2747
f 2622/2649 2719/2747 2623/2650
f 2623/2650 2719/2747 2720/2748
f 2623/2650 2720/2748 2624/2651
f 2624/2651 2720/2748 2721/2749
f 2624/2651 2721/2749 2625/2652
f 2625/2652 2721/2749 2722/2750
f 2625/2652 2722/2750 2626/2653
f 2626/2653 2722/2750 2723/2751
f 2626/2653 2723/2751 2627/2654
f 2627/2654 2723/2751 2724/2752
f 2627/2654 2724/2752 2628/2655
f 2628/2655 2724/2752 2725/2753
f 2628/2655 2725/2753 2629/2656
f 2629/2656 2725/2753 2726/2754
f 2629/2656 2726/2754 2630/2657
f 2630/2657 2726/2754 2727/2755
f 2630/2657 2727/2755 2631/2658
f 2631/2658 2727/2755 2728/2756
f 2631/2658 2728/2756 2632/2659
f 2632/2659 2728/2756 2729/2757
f 2632/2659 2729/2757 2633/2660
f 2633/2660 2729/2757 2730/2758
f 2633/2660 2730/2758 2634/2661
f 2634/2661 2730/2758 2731/2759
f 2634/2661 2731/2759 2635/2662
f 2635/2662 2731/2759 2732/2760
f 2635/2662 2732/2760 2636/2663
f 2636/2663 2732/2760 2733/2761
f 2636/2663 2733/2761 2637/2664
f 2637/2664 2733/2761 2734/2762
f 2637/2664 2734/2762 2638/2665
f 2638/2665 2734/2762 2735/2763
f 2638/2665 2735/2763 2639/2666
f 2639/2666 2735/2763 2736/2764
f 2639/2666 2736/2764 2640/2667
f 2640/2667 2736/2764 2737/2765
f 2640/2667 2737/2765 2641/2668
f 2641/2668 2737/2765 2738/2766
f 2641/2668 2738/2766 2642/2669
f 2642/2669 2738/2766 2739/2767
f 2642/2669 2739/2767 2643/2670
f 2643/2670 2739/2767 2740/2768
f 2643/2670 2740/2768 2644/2671
f 2644/2671 2740/2768 2741/2769
f 2644/2671 2741/2769 2645/2672
f 2645/2672 2741/2769 2742/2770
f 2645/2672 2742/2770 2646/2673
f 2646/2673 2742/2770 2743/2771
f 2646/2673 2743/2771 2647/2674
f 2647/2674 2743/2771 2744/2772
f 2647/2674 2744/2772 2648/2675
f 2648/2675 2744/2772 2745/2773
f 2648/2675 2745/2773 2649/2676
f 2649/2676 2745/2773 2746/2774
f 2649/2676 2746/2774 2650/2677
f 2650/2677 2746/2774 2747/2775
f 2650/2677 2747/2775 2651/2678
f 2651/2678 2747/2775 2748/2776
f 2651/2678 2748/2776 2652/2679
f 2652/2679 2748/2776 2749/2777
f 2652/2679 2749/2777 2653/2680
f 2653/2680 2749/2777 2750/2778
f 2653/2680 2750/2778 2654/2681
f 2654/2681 2750/2778 2751/2779
f 2654/2681 2751/2779 2655/2682
f 2655/2682 2751/2779 2752/2780
f 2655/2682 2752/2780 2656/2683
f 2656/2683 2752/2780 2753/2781
f 2656/2683 2753/2781 2657/2684
f 2657/2684 2753/2781 2754/2782
f 2657/2684 2754/2782 2658/2685
f 2658/2685 2754/2782 2755/2783
f 2658/2685 2755/2783 2659/2686
f 2659/2686 2755/2783 2756/2784
f 2659/2686 2756/2784 2660/2687
f 2660/2687 2756/2784 2757/2785
f 2660/2687 2757/2785 2661/2688
f 2661/2688 2757/2785 2758/2786
f 2661/2688 2758/2786 2662/2689
f 2662/2689 2758/2786 2759/2787
f 2662/2689 2759/2787 2663/2690
f 2663/2690 2759/2787 2760/2788
f 2663/2690 2760/2788 2664/2691
f 2664/2691 2760/2788 2761/2789
f 2664/2691 2761/2789 2665/2692
f 2665/2692 2761/2789 2762/2790
f 2665/2692 2762/2790 2666/2693
f 2666/2693 2762/2790 2763/2791
f 2666/2693 2763/2791 2667/2694
f 2667/2694 2763/2791 2764/2792
f 2667/2694 2764/2792 2668/2695
f 2668/2695 2764/2792 2765/2793
f 2668/2695 2765/2793 2669/2696
f 2669/2696 2765/2793 2766/2794
f 2669/2696 2766/2794 2670/2697
f 2670/2697 2766/2794 2767/2795
f 2670/2697 2767/2795 2671/2698
f 2671/2698 2767/2795 2768/2796
f 2671/2698 2768/2796 2672/2699
f 2672/2699 2768/2796 2769/2797
f 2672/2699 2769/2797 2673/2700
f 2673/2700 2769/2797 2770/2798
f 2673/2700 2770/2798 2674/2701
f 2674/2701 2770/2798 2771/2799
f 2674/2701 2771/2799 2675/2702
f 2675/2702 2771/2799 2772/2800
f 2675/2702 2772/2800 2676/2703
f 2676/2703 2772/2800 2773/2801
f 2676/2703 2773/2801 2677/2704
f 2677/2704 2773/2801 2774/2802
f 2677/2704 2774/2802 2678/2705
f 2678/2705 2774/2802 2775/2803
f 2678/2705 2775/2803 2679/2706
f 2679/2706 2775/2803 2776/2804
f 2679/2706 2776/2804 2680/2707
f 2680/2707 2776/2804 2777/2805
f 2680/2707 2777/2805 2681/2708
f 2681/2708 2777/2805 2778/2806
f 2681/2708 2778/2806 2682/2709
f 2682/2709 2778/2806 2779/2807
f 2682/2709 2779/2807 2683/2710
f 2683/2710 2779/2807 2780/2808
f 2683/2710 2780/2808 2684/2711
f 2684/2711 2780/2808 2781/2809
f 2684/2711 2781/2809 2685/2712
f 2685/2712 2781/2809 2782/2810
f 2685/2712 2782/2810 2686/2713
f 2686/2713 2782/2810 2783/2811
f 2686/2713 2783/2811 2687/2714
f 2687/2714 2783/2811 2784/2812
f 2687/2714 2784/2812 2688/2715
f 2688/2715 2784/2812 2689/2813
f 2688/2715 2689/2813 2593/2716
f 2689/2717 2785/2814 2786/2815
f 2689/2717 2786/2815 2690/2718
f 2690/2718 2786/2815 2787/2816
f 2690/2718 2787/2816 2691/2719
f 2691/2719 2787/2816 2788/2817
f 2691/2719 2788/2817 2692/2720
f 2692/2720 2788/2817 2789/2818
f 2692/2720 2789/2818 2693/2721
f 2693/2721 2789/2818 2790/2819
f 2693/2721 2790/2819 2694/2722
f 2694/2722 2790/2819 2791/2820
f 2694/2722 2791/2820 2695/2723
f 2695/2723 2791/2820 2792/2821
f 2695/2723 2792/2821 2696/2724
f 2696/2724 2792/2821 2793/2822
f 2696/2724 2793/2822 2697/2725
f 2697/2725 2793/2822 2794/2823
f 2697/2725 2794/2823 2698/2726
f 2698/2726 2794/2823 2795/2824
f 2698/2726 2795/2824 2699/2727
f 2699/2727 2795/2824 2796/2825
f 2699/2727 2796/2825 2700/2728
f 2700/2728 2796/2825 2797/2826
f 2700/2728 2797/2826 2701/2729
f 2701/2729 2797/2826 2798/2827
f 2701/2729 2798/2827 2702/2730
f 2702/2730 2798/2827 2799/2828
f 2702/2730 2799/2828 2703/2731
f 2703/2731 2799/2828 2800/2829
f 2703/2731 2800/2829 2704/2732
f 2704/2732 2800/2829 2801/2830
f 2704/2732 2801/2830 2705/2733
f 2705/2733 2801/2830 2802/2831
f 2705/2733 2802/2831 2706/2734
f 2706/2734 2802/2831 2803/2832
f 2706/2734 2803/2832 2707/2735
f 2707/2735 2803/2832 2804/2833
f 2707/2735 2804/2833 2708/2736
f 2708/2736 2804/2833 2805/2834
f 2708/2736 2805/2834 2709/2737
f 2709/2737 2805/2834 2806/2835
f 2709/2737 2806/2835 2710/2738
f 2710/2738 2806/2835 2807/2836
f 2710/2738 2807/2836 2711/2739
f 2711/2739 2807/2836 2808/2837
f 2711/2739 2808/2837 2712/2740
f 2712/2740 2808/2837 2809/2838
f 2712/2740 2809/2838 2713/2741
f 2713/2741 2809/2838 2810/2839
f 2713/2741 2810/2839 2714/2742
f 2714/2742 2810/2839 2811/2840
f 2714/2742 2811/2840 2715/2743
f 2715/2743 2811/2840 2812/2841
f 2715/2743 2812/2841 2716/2744
f 2716/2744 2812/2841 2813/2842
f 2716/2744 2813/2842 2717/2745
f 2717/2745 2813/2842 2814/2843
f 2717/2745 2814/2843 2718/2746
f 2718/2746 2814/2843 2815/2844
f 2718/2746 2815/2844 2719/2747
f 2719/2747 2815/2844 2816/2845
f 2719/2747 2816/2845 2720/2748
f 2720/2748 2816/2845 2817/2846
f 2720/2748 2817/2846 2721/2749
f 2721/2749 2817/2846 2818/2847
f 2721/2749 2818/2847 2722/2750
f 2722/2750 2818/2847 2819/2848
f 2722/2750 2819/2848 2723/2751
f 2723/2751 2819/2848 2820/2849
f 2723/2751 2820/2849 2724/2752
f 2724/2752 2820/2849 2821/2850
f 2724/2752 2821/2850 2725/2753
f 2725/2753 2821/2850 2822/2851
f 2725/2753 2822/2851 2726/2754
f 2726/2754 2822/2851 2823/2852
f 2726/2754 2823/2852 2727/2755
f 2727/2755 2823/2852 2824/2853
f 2727/2755 2824/2853 2728/2756
f 2728/2756 2824/2853 2825/2854
f 2728/2756 2825/2854 2729/2757
f 2729/2757 2825/2854 2826/2855
f 2729/2757 2826/2855 2730/2758
f 2730/2758 2826/2855 2827/2856
f 2730/2758 2827/2856 2731/2759
f 2731/2759 2827/2856 2828/2857
f 2731/2759 2828/2857 2732/2760
f 2732/2760 2828/2857 2829/2858
f 2732/2760 2829/2858 2733/2761
f 2733/2761 2829/2858 2830/2859
f 2733/2761 2830/2859 2734/2762
f 2734/2762 2830/2859 2831/2860
f 2734/2762 2831/2860 2735/2763
f 2735/2763 2831/2860 2832/2861
f 2735/2763 2832/2861 2736/2764
f 2736/2764 2832/2861 2833/2862
f 2736/2764 2833/2862 2737/2765
f 2737/2765 2833/2862 2834/2863
f 2737/2765 2834/2863 2738/2766
f 2738/2766 2834/2863 2835/2864
f 2738/2766 2835/2864 2739/2767
f 2739/2767 2835/2864 2836/2865
f 2739/2767 2836/2865 2740/2768
f 2740/2768 2836/2865 2837/2866
f 2740/2768 2837/2866 2741/2769
f 2741/2769 2837/2866 2838/2867
f 2741/2769 2838/2867 2742/2770
f 2742/2770 2838/2867 2839/2868
f 2742/2770 2839/2868 2743/2771
f 2743/2771 2839/2868 2840/2869
f 2743/2771 2840/2869 2744/2772
f 2744/2772 2840/2869 2841/2870
f 2744/2772 2841/2870 2745/2773
f 2745/2773 2841/2870 2842/2871
f 2745/2773 2842/2871 2746/2774
f 2746/2774 2842/2871 2843/2872
f 2746/2774 2843/2872 2747/2775
f 2747/2775 2843/2872 2844/2873
f 2747/2775 2844/2873 2748/2776
f 2748/2776 2844/2873 2845/2874
f 2748/2776 2845/2874 2749/2777
f 2749/2777 2845/2874 2846/2875
f 2749/2777 2846/2875 2750/2778
f 2750/2778 2846/2875 2847/2876
f 2750/2778 2847/2876 2751/2779
f 2751/2779 2847/2876 2848/2877
f 2751/2779 2848/2877 2752/2780
f 2752/2780 2848/2877 2849/2878
f 2752/2780 2849/2878 2753/2781
f 2753/2781 2849/2878 2850/2879
f 2753/2781 2850/2879 2754/2782
f 2754/2782 2850/2879 2851/2880
f 2754/2782 2851/2880 2755/2783
f 2755/2783 2851/2880 2852/2881
f 2755/2783 2852/2881 2756/2784
f 2756/2784 2852/2881 2853/2882
f 2756/2784 2853/2882 2757/2785
f 2757/2785 2853/2882 2854/2883
f 2757/2785 2854/2883 2758/2786
f 2758/2786 2854/2883 2855/2884
f 2758/2786 2855/2884 2759/2787
f 2759/2787 2855/2884 2856/2885
f 2759/2787 2856/2885 2760/2788
f 2760/2788 2856/2885 2857/2886
f 2760/2788 2857/2886 2761/2789
f 2761/2789 2857/2886 2858/2887
f 2761/2789 2858/2887 2762/2790
f 2762/2790 2858/2887 2859/2888
f 2762/2790 2859/2888 2763/2791
f 2763/2791 2859/2888 2860/2889
f 2763/2791 2860/2889 2764/2792
f 2764/2792 2860/2889 2861/2890
f 2764/2792 2861/2890 2765/2793
f 2765/2793 2861/2890 2862/2891
f 2765/2793 2862/2891 2766/2794
f 2766/2794 2862/2891 2863/2892
f 2766/2794 2863/2892 2767/2795
f 2767/2795 2863/2892 2864/2893
f 2767/2795 2864/2893 2768/2796
f 2768/2796 2864/2893 2865/2894
f 2768/2796 2865/2894 2769/2797
f 2769/2797 2865/2894 2866/2895
f 2769/2797 2866/2895 2770/2798
f 2770/2798 2866/2895 2867/2896
f 2770/2798 2867/2896 2771/2799
f 2771/2799 2867/2896 2868/2897
f 2771/2799 2868/2897 2772/2800
f 2772/2800 2868/2897 2869/2898
f 2772/2800 2869/2898 2773/2801
f 2773/2801 2869/2898 2870/2899
f 2773/2801 2870/2899 2774/2802
f 2774/2802 2870/2899 2871/2900
f 2774/2802 2871/2900 2775/2803
f 2775/2803 2871/2900 2872/2901
f 2775/2803 2872/2901 2776/2804
f 2776/2804 2872/2901 2873/2902
f 2776/2804 2873/2902 2777/2805
f 2777/2805 2873/2902 2874/2903
f 2777/2805 2874/2903 2778/2806
f 2778/2806 2874/2903 2875/2904
f 2778/2806 2875/2904 2779/2807
f 2779/2807 2875/2904 2876/2905
f 2779/2807 2876/2905 2780/2808
f 2780/2808 2876/2905 2877/2906
f 2780/2808 2877/2906 2781/2809
f 2781/2809 2877/2906 2878/2907
f 2781/2809 2878/2907 2782/2810
f 2782/2810 2878/2907 2879/2908
f 2782/2810 2879/2908 2783/2811
f 2783/2811 2879/2908 2880/2909
f 2783/2811 2880/2909 2784/2812
f 2784/2812 2880/2909 2785/2910
f 2784/2812 2785/2910 2689/2813
f 2785/2814 2881/2911 2882/2912
f 2785/2814 2882/2912 2786/2815
f 2786/2815 2882/2912 2883/2913
f 2786/2815 2883/2913 2787/2816
f 2787/2816 2883/2913 2884/2914
f 2787/2816 2884/2914 2788/2817
f 2788/2817 2884/2914 2885/2915
f 2788/2817 2885/2915 2789/2818
f 2789/2818 2885/2915 2886/2916
f 2789/2818 2886/2916 2790/2819
f 2790/2819 2886/2916 2887/2917
f 2790/2819 2887/2917 2791/2820
f 2791/2820 2887/2917 2888/2918
f 2791/2820 2888/2918 2792/2821
f 2792/2821 2888/2918 2889/2919
f 2792/2821 2889/2919 2793/2822
f 2793/2822 2889/2919 2890/2920
f 2793/2822 2890/2920 2794/2823
f 2794/2823 2890/2920 2891/2921
f 2794/2823 2891/2921 2795/2824
f 2795/2824 2891/2921 2892/2922
f 2795/2824 2892/2922 2796/2825
f 2796/2825 2892/2922 2893/2923
f 2796/2825 2893/2923 2797/2826
f 2797/2826 2893/2923 2894/2924
f 2797/2826 2894/2924 2798/2827
f 2798/2827 2894/2924 2895/2925
f 2798/2827 2895/2925 2799/2828
f 2799/2828 2895/2925 2896/2926
f 2799/2828 2896/2926 2800/2829
f 2800/2829 2896/2926 2897/2927
f 2800/2829 2897/2927 2801/2830
f 2801/2830 2897/2927 2898/2928
f 2801/2830 2898/2928 2802/2831
f 2802/2831 2898/2928 2899/2929
f 2802/2831 2899/2929 2803/2832
f 2803/2832 2899/2929 2900/2930
f 2803/2832 2900/2930 2804/2833
f 2804/2833 2900/2930 2901/2931
f 2804/2833 2901/2931 2805/2834
f 2805/2834 2901/2931 2902/2932
f 2805/2834 2902/2932 2806/2835
f 2806/2835 2902/2932 2903/2933
f 2806/2835 2903/2933 2807/2836
f 2807/2836 2903/2933 2904/2934
f 2807/2836 2904/2934 2808/2837
f 2808/2837 2904/2934 2905/2935
f 2808/2837 2905/2935 2809/2838
f 2809/2838 2905/2935 2906/2936
f 2809/2838 2906/2936 2810/2839
f 2810/2839 2906/2936 2907/2937
f 2810/2839 2907/2937 2811/2840
f 2811/2840 2907/2937 2908/2938
f 2811/2840 2908/2938 2812/2841
f 2812/2841 2908/2938 2909/2939
f 2812/2841 2909/2939 2813/2842
f 2813/2842 2909/2939 2910/2940
f 2813/2842 2910/2940 2814/2843
f 2814/2843 2910/2940 2911/2941
f 2814/2843 2911/2941 2815/2844
f 2815/2844 2911/2941 2912/2942
f 2815/2844 2912/2942 2816/2845
f 2816/2845 2912/2942 2913/2943
f 2816/2845 2913/2943 2817/2846
f 2817/2846 2913/2943 2914/2944
f 2817/2846 2914/2944 2818/2847
f 2818/2847 2914/2944 2915/2945
f 2818/2847 2915/2945 2819/2848
f 2819/2848 2915/2945 2916/2946
f 2819/2848 2916/2946 2820/2849
f 2820/2849 2916/2946 2917/2947
f 2820/2849 2917/2947 2821/2850
f 2821/2850 2917/2947 2918/2948
f 2821/2850 2918/2948 2822/2851
f 2822/2851 2918/2948 2919/2949
f 2822/2851 2919/2949 2823/2852
f 2823/2852 2919/2949 2920/2950
f 2823/2852 2920/2950 2824/2853
f 2824/2853 2920/2950 2921/2951
f 2824/2853 2921/2951 2825/2854
f 2825/2854 2921/2951 2922/2952
f 2825/2854 2922/2952 2826/2855
f 2826/2855 2922/2952 2923/2953
f 2826/2855 2923/2953 2827/2856
f 2827/2856 2923/2953 2924/2954
f 2827/2856 2924/2954 2828/2857
f 2828/2857 2924/2954 2925/2955
f 2828/2857 2925/2955 2829/2858
f 2829/2858 2925/2955 2926/2956
f 2829/2858 2926/2956 2830/2859
f 2830/2859 2926/2956 2927/2957
f 2830/2859 2927/2957 2831/2860
f 2831/2860 2927/2957 2928/2958
f 2831/2860 2928/2958 2832/2861
f 2832/2861 2928/2958 2929/2959
f 2832/2861 2929/2959 2833/2862
f 2833/2862 2929/2959 2930/2960
f 2833/2862 2930/2960 2834/2863
f 2834/2863 2930/2960 2931/2961
f 2834/2863 2931/2961 2835/2864
f 2835/2864 2931/2961 2932/2962
f 2835/2864 2932/2962 2836/2865
f 2836/2865 2932/2962 2933/2963
f 2836/2865 2933/2963 2837/2866
f 2837/2866 2933/2963 2934/2964
f 2837/2866 2934/2964 2838/2867
f 2838/2867 2934/2964 2935/2965
f 2838/2867 2935/2965 2839/2868
f 2839/2868 2935/2965 2936/2966
f 2839/2868 2936/2966 2840/2869
f 2840/2869 2936/2966 2937/2967
f 2840/2869 2937/2967 2841/2870
f 2841/2870 2937/2967 2938/2968
f 2841/2870 2938/2968 2842/2871
f 2842/2871 2938/2968 2939/2969
f 2842/2871 2939/2969 2843/2872
f 2843/2872 2939/2969 2940/2970
f 2843/2872 2940/2970 2844/2873
f 2844/2873 2940/2970 2941/2971
f 2844/2873 2941/2971 2845/2874
f 2845/2874 2941/2971 2942/2972
f 2845/2874 2942/2972 2846/2875
f 2846/2875 2942/2972 2943/2973
f 2846/2875 2943/2973 2847/2876
f 2847/2876 2943/2973 2944/2974
f 2847/2876 2944/2974 2848/2877
f 2848/2877 2944/2974 2945/2975
f 2848/2877 2945/2975 2849/2878
f 2849/2878 2945/2975 2946/2976
f 2849/2878 2946/2976 2850/2879
f 2850/2879 2946/2976 2947/2977
f 2850/2879 2947/2977 2851/2880
f 2851/2880 2947/2977 2948/2978
f 2851/2880 2948/2978 2852/2881
f 2852/2881 2948/2978 2949/2979
f 2852/2881 2949/2979 2853/2882
f 2853/2882 2949/2979 2950/2980
f 2853/2882 2950/2980 2854/2883
f 2854/2883 2950/2980 2951/2981
f 2854/2883 2951/2981 2855/2884
f 2855/2884 2951/2981 2952/2982
f 2855/2884 2952/2982 2856/2885
f 2856/2885 2952/2982 2953/2983
f 2856/2885 2953/2983 2857/2886
f 2857/2886 2953/2983 2954/2984
f 2857/2886 2954/2984 2858/2887
f 2858/2887 2954/2984 2955/2985
f 2858/2887 2955/2985 2859/2888
f 2859/2888 2955/2985 2956/2986
f 2859/2888 2956/2986 2860/2889
f 2860/2889 2956/2986 2957/2987
f 2860/2889 2957/2987 2861/2890
f 2861/2890 2957/2987 2958/2988
f 2861/2890 2958/2988 2862/2891
f 2862/2891 2958/2988 2959/2989
f 2862/2891 2959/2989 2863/2892
f 2863/2892 2959/2989 2960/2990
f 2863/2892 2960/2990 2864/2893
f 2864/2893 2960/2990 2961/2991
f 2864/2893 2961/2991 2865/2894
f 2865/2894 2961/2991 2962/2992
f 2865/2894 2962/2992 2866/2895
f 2866/2895 2962/2992 2963/2993
f 2866/2895 2963/2993 2867/2896
f 2867/2896 2963/2993 2964/2994
f 2867/2896 2964/2994 2868/2897
f 2868/2897 2964/2994 2965/2995
f 2868/2897 2965/2995 2869/2898
f 2869/2898 2965/2995 2966/2996
f 2869/2898 2966/2996 2870/2899
f 2870/2899 2966/2996 2967/2997
f 2870/2899 2967/2997 2871/2900
f 2871/2900 2967/2997 2968/2998
f 2871/2900 2968/2998 2872/2901
f 2872/2901 2968/2998 2969/2999
f 2872/2901 2969/2999 2873/2902
f 2873/2902 2969/2999 2970/3000
f 2873/2902 2970/3000 2874/2903
f 2874/2903 2970/3000 2971/3001
f 2874/2903 2971/3001 2875/2904
f 2875/2904 2971/3001 2972/3002
f 2875/2904 2972/3002 2876/2905
f 2876/2905 2972/3002 2973/3003
f 2876/2905 2973/3003 2877/2906
f 2877/2906 2973/3003 2974/3004
f 2877/2906 2974/3004 2878/2907
f 2878/2907 2974/3004 2975/3005
f 2878/2907 2975/3005 2879/2908
f 2879/2908 2975/3005 2976/3006
f 2879/2908 2976/3006 2880/2909
f 2880/2909 2976/3006 2881/3007
f 2880/2909 2881/3007 2785/2910
f 2881/2911 2977/3008 2978/3009
f 2881/2911 2978/3009 2882/2912
f 2882/2912 2978/3009 2979/3010
f 2882/2912 2979/3010 2883/2913
f 2883/2913 2979/3010 2980/3011
f 2883/2913 2980/3011 2884/2914
f 2884/2914 2980/3011 2981/3012
f 2884/2914 2981/3012 2885/2915
f 2885/2915 2981/3012 2982/3013
f 2885/2915 2982/3013 2886/2916
f 2886/2916 2982/3013 2983/3014
f 2886/2916 2983/3014 2887/2917
f 2887/2917 2983/3014 2984/3015
f 2887/2917 2984/3015 2888/2918
f 2888/2918 2984/3015 2985/3016
f 2888/2918 2985/3016 2889/2919
f 2889/2919 2985/3016 2986/3017
f 2889/2919 2986/3017 2890/2920
f 2890/2920 2986/3017 2987/3018
f 2890/2920 2987/3018 2891/2921
f 2891/2921 2987/3018 2988/3019
f 2891/2921 2988/3019 2892/2922
f 2892/2922 2988/3019 2989/3020
f 2892/2922 2989/3020 2893/2923
f 2893/2923 2989/3020 2990/3021
f 2893/2923 2990/3021 2894/2924
f 2894/2924 2990/3021 2991/3022
f 2894/2924 2991/3022 2895/2925
f 2895/2925 2991/3022 2992/3023
f 2895/2925 2992/3023 2896/2926
f 2896/2926 2992/3023 2993/3024
f 2896/2926 2993/3024 2897/2927
f 2897/2927 2993/3024 2994/3025
f 2897/2927 2994/3025 2898/2928
f 2898/2928 2994/3025 2995/3026
f 2898/2928 2995/3026 2899/2929
f 2899/2929 2995/3026 2996/3027
f 2899/2929 2996/3027 2900/2930
f 2900/2930 2996/3027 2997/3028
f 2900/2930 2997/3028 2901/2931
f 2901/2931 2997/3028 2998/3029
f 2901/2931 2998/3029 2902/2932
f 2902/2932 2998/3029 2999/3030
f 2902/2932 2999/3030 2903/2933
f 2903/2933 2999/3030 3000/3031
f 2903/2933 3000/3031 2904/2934
f 2904/2934 3000/3031 3001/3032
f 2904/2934 3001/3032 2905/2935
f 2905/2935 3001/3032 3002/3033
f 2905/2935 3002/3033 2906/2936
f 2906/2936 3002/3033 3003/3034
f 2906/2936 3003/3034 2907/2937
f 2907/2937 3003/3034 3004/3035
f 2907/2937 3004/3035 2908/2938
f 2908/2938 3004/3035 3005/3036
f 2908/2938 3005/3036 2909/2939
f 2909/2939 3005/3036 3006/3037
f 2909/2939 3006/3037 2910/2940
f 2910/2940 3006/3037 3007/3038
f 2910/2940 3007/3038 2911/2941
f 2911/2941 3007/3038 3008/3039
f 2911/2941 3008/3039 2912/2942
f 2912/2942 3008/3039 3009/3040
f 2912/2942 3009/3040 2913/2943
f 2913/2943 3009/3040 3010/3041
f 2913/2943 3010/3041 2914/2944
f 2914/2944 3010/3041 3011/3042
f 2914/2944 3011/3042 2915/2945
f 2915/2945 3011/3042 3012/3043
f 2915/2945 3012/3043 2916/2946
f 2916/2946 3012/3043 3013/3044
f 2916/2946 3013/3044 2917/2947
f 2917/2947 3013/3044 3014/3045
f 2917/2947 3014/3045 2918/2948
f 2918/2948 3014/3045 3015/3046
f 2918/2948 3015/3046 2919/2949
f 2919/2949 3015/3046 3016/3047
f 2919/2949 3016/3047 2920/2950
f 2920/2950 3016/3047 3017/3048
f 2920/2950 3017/3048 2921/2951
f 2921/2951 3017/3048 3018/3049
f 2921/2951 3018/3049 2922/2952
f 2922/2952 3018/3049 3019/3050
f 2922/2952 3019/3050 2923/2953
f 2923/2953 3019/3050 3020/3051
f 2923/2953 3020/3051 2924/2954
f 2924/2954 3020/3051 3021/3052
f 2924/2954 3021/3052 2925/2955
f 2925/2955 3021/3052 3022/3053
f 2925/2955 3022/3053 2926/2956
f 2926/2956 3022/3053 3023/3054
f 2926/2956 3023/3054 2927/2957
f 2927/2957 3023/3054 3024/3055
f 2927/2957 3024/3055 2928/2958
f 2928/2958 3024/3055 3025/3056
f 2928/2958 3025/3056 2929/2959
f 2929/2959 3025/3056 3026/3057
f 2929/2959 3026/3057 2930/2960
f 2930/2960 3026/3057 3027/3058
f 2930/2960 3027/3058 2931/2961
f 2931/2961 3027/3058 3028/3059
f 2931/2961 3028/3059 2932/2962
f 2932/2962 3028/3059 3029/3060
f 2932/2962 3029/3060 2933/2963
f 2933/2963 3029/3060 3030/3061
f 2933/2963 3030/3061 2934/2964
f 2934/2964 3030/3061 3031/3062
f 2934/2964 3031/3062 2935/2965
f 2935/2965 3031/3062 3032/3063
f 2935/2965 3032/3063 2936/2966
f 2936/2966 3032/3063 3033/3064
f 2936/2966 3033/3064 2937/2967
f 2937/2967 3033/3064 3034/3065
f 2937/2967 3034/3065 2938/2968
f 2938/2968 3034/3065 3035/3066
f 2938/2968 3035/3066 2939/2969
f 2939/2969 3035/3066 3036/3067
f 2939/2969 3036/3067 2940/2970
f 2940/2970 3036/3067 3037/3068
f 2940/2970 3037/3068 2941/2971
f 2941/2971 3037/3068 3038/3069
f 2941/2971 3038/3069 2942/2972
f 2942/2972 3038/3069 3039/3070
f 2942/2972 3039/3070 2943/2973
f 2943/2973 3039/3070 3040/3071
f 2943/2973 3040/3071 2944/2974
f 2944/2974 3040/3071 3041/3072
f 2944/2974 3041/3072 2945/2975
f 2945/2975 3041/3072 3042/3073
f 2945/2975 3042/3073 2946/2976
f 2946/2976 3042/3073 3043/3074
f 2946/2976 3043/3074 2947/2977
f 2947/2977 3043/3074 3044/3075
f 2947/2977 3044/3075 2948/2978
f 2948/2978 3044/3075 3045/3076
f 2948/2978 3045/3076 2949/2979
f 2949/2979 3045/3076 3046/3077
f 2949/2979 3046/3077 2950/2980
f 2950/2980 3046/3077 3047/3078
f 2950/2980 3047/3078 2951/2981
f 2951/2981 3047/3078 3048/3079
f 2951/2981 3048/3079 2952/2982
f 2952/2982 3048/3079 3049/3080
f 2952/2982 3049/3080 2953/2983
f 2953/2983 3049/3080 3050/3081
f 2953/2983 3050/3081 2954/2984
f 2954/2984 3050/3081 3051/3082
f 2954/2984 3051/3082 2955/2985
f 2955/2985 3051/3082 3052/3083
f 2955/2985 3052/3083 2956/2986
f 2956/2986 3052/3083 3053/3084
f 2956/2986 3053/3084 2957/2987
f 2957/2987 3053/3084 3054/3085
f 2957/2987 3054/3085 2958/2988
f 2958/2988 3054/3085 3055/3086
f 2958/2988 3055/3086 2959/2989
f 2959/2989 3055/3086 3056/3087
f 2959/2989 3056/3087 2960/2990
f 2960/2990 3056/3087 3057/3088
f 2960/2990 3057/3088 2961/2991
f 2961/2991 3057/3088 3058/3089
f 2961/2991 3058/3089 2962/2992
f 2962/2992 3058/3089 3059/3090
f 2962/2992 3059/3090 2963/2993
f 2963/2993 3059/3090 3060/3091
f 2963/2993 3060/3091 2964/2994
f 2964/2994 3060/3091 3061/3092
f 2964/2994 3061/3092 2965/2995
f 2965/2995 3061/3092 3062/3093
f 2965/2995 3062/3093 2966/2996
f 2966/2996 3062/3093 3063/3094
f 2966/2996 3063/3094 2967/2997
f 2967/2997 3063/3094 3064/3095
f 2967/2997 3064/3095 2968/2998
f 2968/2998 3064/3095 3065/3096
f 2968/2998 3065/3096 2969/2999
f 2969/2999 3065/3096 3066/3097
f 2969/2999 3066/3097 2970/3000
f 2970/3000 3066/3097 3067/3098
f 2970/3000 3067/3098 2971/3001
f 2971/3001 3067/3098 3068/3099
f 2971/3001 3068/3099 2972/3002
f 2972/3002 3068/3099 3069/3100
f 2972/3002 3069/3100 2973/3003
f 2973/3003 3069/3100 3070/3101
f 2973/3003 3070/3101 2974/3004
f 2974/3004 3070/3101 3071/3102
f 2974/3004 3071/3102 2975/3005
f 2975/3005 3071/3102 3072/3103
f 2975/3005 3072/3103 2976/3006
f 2976/3006 3072/3103 2977/3104
f 2976/3006 2977/3104 2881/3007
f 2977/3008 3073/3105 3074/3106
f 2977/3008 3074/3106 2978/3009
f 2978/3009 3074/3106 3075/3107
f 2978/3009 3075/3107 2979/3010
f 2979/3010 3075/3107 3076/3108
f 2979/3010 3076/3108 2980/3011
f 2980/3011 3076/3108 3077/3109
f 2980/3011 3077/3109 2981/3012
f 2981/3012 3077/3109 3078/3110
f 2981/3012 3078/3110 2982/3013
f 2982/3013 3078/3110 3079/3111
f 2982/3013 3079/3111 2983/3014
f 2983/3014 3079/3111 3080/3112
f 2983/3014 3080/3112 2984/3015
f 2984/3015 3080/3112 3081/3113
f 2984/3015 3081/3113 2985/3016
f 2985/3016 3081/3113 3082/3114
f 2985/3016 3082/3114 2986/3017
f 2986/3017 3082/3114 3083/3115
f 2986/3017 3083/3115 2987/3018
f 2987/3018 3083/3115 3084/3116
f 2987/3018 3084/3116 2988/3019
f 2988/3019 3084/3116 3085/3117
f 2988/3019 3085/3117 2989/3020
f 2989/3020 3085/3117 3086/3118
f 2989/3020 3086/3118 2990/3021
f 2990/3021 3086/3118 3087/3119
f 2990/3021 3087/3119 2991/3022
f 2991/3022 3087/3119 3088/3120
f 2991/3022 3088/3120 2992/3023
f 2992/3023 3088/3120 3089/3121
f 2992/3023 3089/3121 2993/3024
f 2993/3024 3089/3121 3090/3122
f 2993/3024 3090/3122 2994/3025
f 2994/3025 3090/3122 3091/3123
f 2994/3025 3091/3123 2995/3026
f 2995/3026 3091/3123 3092/3124
f 2995/3026 3092/3124 2996/3027
f 2996/3027 3092/3124 3093/3125
f 2996/3027 3093/3125 2997/3028
f 2997/3028 3093/3125 3094/3126
f 2997/3028 3094/3126 2998/3029
f 2998/3029 3094/3126 3095/3127
f 2998/3029 3095/3127 2999/3030
f 2999/3030 3095/3127 3096/3128
f 2999/3030 3096/3128 3000/3031
f 3000/3031 3096/3128 3097/3129
f 3000/3031 3097/3129 3001/3032
f 3001/3032 3097/3129 3098/3130
f 3001/3032 3098/3130 3002/3033
f 3002/3033 3098/3130 3099/3131
f 3002/3033 3099/3131 3003/3034
f 3003/3034 3099/3131 3100/3132
f 3003/3034 3100/3132 3004/3035
f 3004/3035 3100/3132 3101/3133
f 3004/3035 3101/3133 3005/3036
f 3005/3036 3101/3133 3102/3134
f 3005/3036 3102/3134 3006/3037
f 3006/3037 3102/3134 3103/3135
f 3006/3037 3103/3135 3007/3038
f 3007/3038 3103/3135 3104/3136
f 3007/3038 3104/3136 3008/3039
f 3008/3039 3104/3136 3105/3137
f 3008/3039 3105/3137 3009/3040
f 3009/3040 3105/3137 3106/3138
f 3009/3040 3106/3138 3010/3041
f 3010/3041 3106/3138 3107/3139
f 3010/3041 3107/3139 3011/3042
f 3011/3042 3107/3139 3108/3140
f 3011/3042 3108/3140 3012/3043
f 3012/3043 3108/3140 3109/3141
f 3012/3043 3109/3141 3013/3044
f 3013/3044 3109/3141 3110/3142
f 3013/3044 3110/3142 3014/3045
f 3014/3045 3110/3142 3111/3143
f 3014/3045 3111/3143 3015/3046
f 3015/3046 3111/3143 3112/3144
f 3015/3046 3112/3144 3016/3047
f 3016/3047 3112/3144 3113/3145
f 3016/3047 3113/3145 3017/3048
f 3017/3048 3113/3145 3114/3146
f 3017/3048 3114/3146 3018/3049
f 3018/3049 3114/3146 3115/3147
f 3018/3049 3115/3147 3019/3050
f 3019/3050 3115/3147 3116/3148
f 3019/3050 3116/3148 3020/3051
f 3020/3051 3116/3148 3117/3149
f 3020/3051 3117/3149 3021/3052
f 3021/3052 3117/3149 3118/3150
f 3021/3052 3118/3150 3022/3053
f 3022/3053 3118/3150 3119/3151
f 3022/3053 3119/3151 3023/3054
f 3023/3054 3119/3151 3120/3152
f 3023/3054 3120/3152 3024/3055
f 3024/3055 3120/3152 3121/3153
f 3024/3055 3121/3153 3025/3056
f 3025/3056 3121/3153 3122/3154
f 3025/3056 3122/3154 3026/3057
f 3026/3057 3122/3154 3123/3155
f 3026/3057 3123/3155 3027/3058
f 3027/3058 3123/3155 3124/3156
f 3027/3058 3124/3156 3028/3059
f 3028/3059 3124/3156 3125/3157
f 3028/3059 3125/3157 3029/3060
f 3029/3060 3125/3157 3126/3158
f 3029/3060 3126/3158 3030/3061
f 3030/3061 3126/3158 3127/3159
f 3030/3061 3127/3159 3031/3062
f 3031/3062 3127/3159 3128/3160
f 3031/3062 3128/3160 3032/3063
f 3032/3063 3128/3160 3129/3161
f 3032/3063 3129/3161 3033/3064
f 3033/3064 3129/3161 3130/3162
f 3033/3064 3130/3162 3034/3065
f 3034/3065 3130/3162 3131/3163
f 3034/3065 3131/3163 3035/3066
f 3035/3066 3131/3163 3132/3164
f 3035/3066 3132/3164 3036/3067
f 3036/3067 3132/3164 3133/3165
f 3036/3067 3133/3165 3037/3068
f 3037/3068 3133/3165 3134/3166
f 3037/3068 3134/3166 3038/3069
f 3038/3069 3134/3166 3135/3167
f 3038/3069 3135/3167 3039/3070
f 3039/3070 3135/3167 3136/3168
f 3039/3070 3136/3168 3040/3071
f 3040/3071 3136/3168 3137/3169
f 3040/3071 3137/3169 3041/3072
f 3041/3072 3137/3169 3138/3170
f 3041/3072 3138/3170 3042/3073
f 3042/3073 3138/3170 3139/3171
f 3042/3073 3139/3171 3043/3074
f 3043/3074 3139/3171 3140/3172
f 3043/3074 3140/3172 3044/3075
f 3044/3075 3140/3172 3141/3173
f 3044/3075 3141/3173 3045/3076
f 3045/3076 3141/3173 3142/3174
f 3045/3076 3142/3174 3046/3077
f 3046/3077 3142/3174 3143/3175
f 3046/3077 3143/3175 3047/3078
f 3047/3078 3143/3175 3144/3176
f 3047/3078 3144/3176 3048/3079
f 3048/3079 3144/3176 3145/3177
f 3048/3079 3145/3177 3049/3080
f 3049/3080 3145/3177 3146/3178
f 3049/3080 3146/3178 3050/3081
f 3050/3081 3146/3178 3147/3179
f 3050/3081 3147/3179 3051/3082
f 3051/3082 3147/3179 3148/3180
f 3051/3082 3148/3180 3052/3083
f 3052/3083 3148/3180 3149/3181
f 3052/3083 3149/3181 3053/3084
f 3053/3084 3149/3181 3150/3182
f 3053/3084 3150/3182 3054/3085
f 3054/3085 3150/3182 3151/3183
f 3054/3085 3151/3183 3055/3086
f 3055/3086 3151/3183 3152/3184
f 3055/3086 3152/3184 3056/3087
f 3056/3087 3152/3184 3153/3185
f 3056/3087 3153/3185 3057/3088
f 3057/3088 3153/3185 3154/3186
f 3057/3088 3154/3186 3058/3089
f 3058/3089 3154/3186 3155/3187
f 3058/3089 3155/3187 3059/3090
f 3059/3090 3155/3187 3156/3188
f 3059/3090 3156/3188 3060/3091
f 3060/3091 3156/3188 3157/3189
f 3060/3091 3157/3189 3061/3092
f 3061/3092 3157/3189 3158/3190
f 3061/3092 3158/3190 3062/3093
f 3062/3093 3158/3190 3159/3191
f 3062/3093 3159/3191 3063/3094
f 3063/3094 3159/3191 3160/3192
f 3063/3094 3160/3192 3064/3095
f 3064/3095 3160/3192 3161/3193
f 3064/3095 3161/3193 3065/3096
f 3065/3096 3161/3193 3162/3194
f 3065/3096 3162/3194 3066/3097
f 3066/3097 3162/3194 3163/3195
f 3066/3097 3163/3195 3067/3098
f 3067/3098 3163/3195 3164/3196
f 3067/3098 3164/3196 3068/3099
f 3068/3099 3164/3196 3165/3197
f 3068/3099 3165/3197 3069/3100
f 3069/3100 3165/3197 3166/3198
f 3069/3100 3166/3198 3070/3101
f 3070/3101 3166/3198 3167/3199
f 3070/3101 3167/3199 3071/3102
f 3071/3102 3167/3199 3168/3200
f 3071/3102 3168/3200 3072/3103
f 3072/3103 3168/3200 3073/3201
f 3072/3103 3073/3201 2977/3104
f 3073/3105 3169/3202 3170/3203
f 3073/3105 3170/3203 3074/3106
f 3074/3106 3170/3203 3171/3204
f 3074/3106 3171/3204 3075/3107
f 3075/3107 3171/3204 3172/3205
f 3075/3107 3172/3205 3076/3108
f 3076/3108 3172/3205 3173/3206
f 3076/3108 3173/3206 3077/3109
f 3077/3109 3173/3206 3174/3207
f 3077/3109 3174/3207 3078/3110
f 3078/3110 3174/3207 3175/3208
f 3078/3110 3175/3208 3079/3111
f 3079/3111 3175/3208 3176/3209
f 3079/3111 3176/3209 3080/3112
f 3080/3112 3176/3209 3177/3210
f 3080/3112 3177/3210 3081/3113
f 3081/3113 3177/3210 3178/3211
f 3081/3113 3178/3211 3082/3114
f 3082/3114 3178/3211 3179/3212
f 3082/3114 3179/3212 3083/3115
f 3083/3115 3179/3212 3180/3213
f 3083/3115 3180/3213 3084/3116
f 3084/3116 3180/3213 3181/3214
f 3084/3116 3181/3214 3085/3117
f 3085/3117 3181/3214 3182/3215
f 3085/3117 3182/3215 3086/3118
f 3086/3118 3182/3215 3183/3216
f 3086/3118 3183/3216 3087/3119
f 3087/3119 3183/3216 3184/3217
f 3087/3119 3184/3217 3088/3120
f 3088/3120 3184/3217 3185/3218
f 3088/3120 3185/3218 3089/3121
f 3089/3121 3185/3218 3186/3219
f 3089/3121 3186/3219 3090/3122
f 3090/3122 3186/3219 3187/3220
f 3090/3122 3187/3220 3091/3123
f 3091/3123 3187/3220 3188/3221
f 3091/3123 3188/3221 3092/3124
f 3092/3124 3188/3221 3189/3222
f 3092/3124 3189/3222 3093/3125
f 3093/3125 3189/3222 3190/3223
f 3093/3125 3190/3223 3094/3126
f 3094/3126 3190/3223 3191/3224
f 3094/3126 3191/3224 3095/3127
f 3095/3127 3191/3224 3192/3225
f 3095/3127 3192/3225 3096/3128
f 3096/3128 3192/3225 3193/3226
f 3096/3128 3193/3226 3097/3129
f 3097/3129 3193/3226 3194/3227
f 3097/3129 3194/3227 3098/3130
f 3098/3130 3194/3227 3195/3228
f 3098/3130 3195/3228 3099/3131
f 3099/3131 3195/3228 3196/3229
f 3099/3131 3196/3229 3100/3132
f 3100/3132 3196/3229 3197/3230
f 3100/3132 3197/3230 3101/3133
f 3101/3133 3197/3230 3198/3231
f 3101/3133 3198/3231 3102/3134
f 3102/3134 3198/3231 3199/3232
f 3102/3134 3199/3232 3103/3135
f 3103/3135 3199/3232 3200/3233
f 3103/3135 3200/3233 3104/3136
f 3104/3136 3200/3233 3201/3234
f 3104/3136 3201/3234 3105/3137
f 3105/3137 3201/3234 3202/3235
f 3105/3137 3202/3235 3106/3138
f 3106/3138 3202/3235 3203/3236
f 3106/3138 3203/3236 3107/3139
f 3107/3139 3203/3236 3204/3237
f 3107/3139 3204/3237 3108/3140
f 3108/3140 3204/3237 3205/3238
f 3108/3140 3205/3238 3109/3141
f 3109/3141 3205/3238 3206/3239
f 3109/3141 3206/3239 3110/3142
f 3110/3142 3206/3239 3207/3240
f 3110/3142 3207/3240 3111/3143
f 3111/3143 3207/3240 3208/3241
f 3111/3143 3208/3241 3112/3144
f 3112/3144 3208/3241 3209/3242
f 3112/3144 3209/3242 3113/3145
f 3113/3145 3209/3242 3210/3243
f 3113/3145 3210/3243 3114/3146
f 3114/3146 3210/3243 3211/3244
f 3114/3146 3211/3244 3115/3147
f 3115/3147 3211/3244 3212/3245
f 3115/3147 3212/3245 3116/3148
f 3116/3148 3212/3245 3213/3246
f 3116/3148 3213/3246 3117/3149
f 3117/3149 3213/3246 3214/3247
f 3117/3149 3214/3247 3118/3150
f 3118/3150 3214/3247 3215/3248
f 3118/3150 3215/3248 3119/3151
f 3119/3151 3215/3248 3216/3249
f 3119/3151 3216/3249 3120/3152
f 3120/3152 3216/3249 3217/3250
f 3120/3152 3217/3250 3121/3153
f 3121/3153 3217/3250 3218/3251
f 3121/3153 3218/3251 3122/3154
f 3122/3154 3218/3251 3219/3252
f 3122/3154 3219/3252 3123/3155
f 3123/3155 3219/3252 3220/3253
f 3123/3155 3220/3253 3124/3156
f 3124/3156 3220/3253 3221/3254
f 3124/3156 3221/3254 3125/3157
f 3125/3157 3221/3254 3222/3255
f 3125/3157 3222/3255 3126/3158
f 3126/3158 3222/3255 3223/3256
f 3126/3158 3223/3256 3127/3159
f 3127/3159 3223/3256 3224/3257
f 3127/3159 3224/3257 3128/3160
f 3128/3160 3224/3257 3225/3258
f 3128/3160 3225/3258 3129/3161
f 3129/3161 3225/3258 3226/3259
f 3129/3161 3226/3259 3130/3162
f 3130/3162 3226/3259 3227/3260
f 3130/3162 3227/3260 3131/3163
f 3131/3163 3227/3260 3228/3261
f 3131/3163 3228/3261 3132/3164
f 3132/3164 3228/3261 3229/3262
f 3132/3164 3229/3262 3133/3165
f 3133/3165 3229/3262 3230/3263
f 3133/3165 3230/3263 3134/3166
f 3134/3166 3230/3263 3231/3264
f 3134/3166 3231/3264 3135/3167
f 3135/3167 3231/3264 3232/3265
f 3135/3167 3232/3265 3136/3168
f 3136/3168 3232/3265 3233/3266
f 3136/3168 3233/3266 3137/3169
f 3137/3169 3233/3266 3234/3267
f 3137/3169 3234/3267 3138/3170
f 3138/3170 3234/3267 3235/3268
f 3138/3170 3235/3268 3139/3171
f 3139/3171 3235/3268 3236/3269
f 3139/3171 3236/3269 3140/3172
f 3140/3172 3236/3269 3237/3270
f 3140/3172 3237/3270 3141/3173
f 3141/3173 3237/3270 3238/3271
f 3141/3173 3238/3271 3142/3174
f 3142/3174 3238/3271 3239/3272
f 3142/3174 3239/3272 3143/3175
f 3143/3175 3239/3272 3240/3273
f 3143/3175 3240/3273 3144/3176
f 3144/3176 3240/3273 3241/3274
f 3144/3176 3241/3274 3145/3177
f 3145/3177 3241/3274 3242/3275
f 3145/3177 3242/3275 3146/3178
f 3146/3178 3242/3275 3243/3276
f 3146/3178 3243/3276 3147/3179
f 3147/3179 3243/3276 3244/3277
f 3147/3179 3244/3277 3148/3180
f 3148/3180 3244/3277 3245/3278
f 3148/3180 3245/3278 3149/3181
f 3149/3181 3245/3278 3246/3279
f 3149/3181 3246/3279 3150/3182
f 3150/3182 3246/3279 3247/3280
f 3150/3182 3247/3280 3151/3183
f 3151/3183 3247/3280 3248/3281
f 3151/3183 3248/3281 3152/3184
f 3152/3184 3248/3281 3249/3282
f 3152/3184 3249/3282 3153/3185
f 3153/3185 3249/3282 3250/3283
f 3153/3185 3250/3283 3154/3186
f 3154/3186 3250/3283 3251/3284
f 3154/3186 3251/3284 3155/3187
f 3155/3187 3251/3284 3252/3285
f 3155/3187 3252/3285 3156/3188
f 3156/3188 3252/3285 3253/3286
f 3156/3188 3253/3286 3157/3189
f 3157/3189 3253/3286 3254/3287
f 3157/3189 3254/3287 3158/3190
f 3158/3190 3254/3287 3255/3288
f 3158/3190 3255/3288 3159/3191
f 3159/3191 3255/3288 3256/3289
f 3159/3191 3256/3289 3160/3192
f 3160/3192 3256/3289 3257/3290
f 3160/3192 3257/3290 3161/3193
f 3161/3193 3257/3290 3258/3291
f 3161/3193 3258/3291 3162/3194
f 3162/3194 3258/3291 3259/3292
f 3162/3194 3259/3292 3163/3195
f 3163/3195 3259/3292 3260/3293
f 3163/3195 3260/3293 3164/3196
f 3164/3196 3260/3293 3261/3294
f 3164/3196 3261/3294 3165/3197
f 3165/3197 3261/3294 3262/3295
f 3165/3197 3262/3295 3166/3198
f 3166/3198 3262/3295 3263/3296
f 3166/3198 3263/3296 3167/3199
f 3167/3199 3263/3296 3264/3297
f 3167/3199 3264/3297 3168/3200
f 3168/3200 3264/3297 3169/3298
f 3168/3200 3169/3298 3073/3201
f 3169/3202 3265/3299 3266/3300
f 3169/3202 3266/3300 3170/3203
f 3170/3203 3266/3300 3267/3301
f 3170/3203 3267/3301 3171/3204
f 3171/3204 3267/3301 3268/3302
f 3171/3204 3268/3302 3172/3205
f 3172/3205 3268/3302 3269/3303
f 3172/3205 3269/3303 3173/3206
f 3173/3206 3269/3303 3270/3304
f 3173/3206 3270/3304 3174/3207
f 3174/3207 3270/3304 3271/3305
f 3174/3207 3271/3305 3175/3208
f 3175/3208 3271/3305 3272/3306
f 3175/3208 3272/3306 3176/3209
f 3176/3209 3272/3306 3273/3307
f 3176/3209 3273/3307 3177/3210
f 3177/3210 3273/3307 3274/3308
f 3177/3210 3274/3308 3178/3211
f 3178/3211 3274/3308 3275/3309
f 3178/3211 3275/3309 3179/3212
f 3179/3212 3275/3309 3276/3310
f 3179/3212 3276/3310 3180/3213
f 3180/3213 3276/3310 3277/3311
f 3180/3213 3277/3311 3181/3214
f 3181/3214 3277/3311 3278/3312
f 3181/3214 3278/3312 3182/3215
f 3182/3215 3278/3312 3279/3313
f 3182/3215 3279/3313 3183/3216
f 3183/3216 3279/3313 3280/3314
f 3183/3216 3280/3314 3184/3217
f 3184/3217 3280/3314 3281/3315
f 3184/3217 3281/3315 3185/3218
f 3185/3218 3281/3315 3282/3316
f 3185/3218 3282/3316 3186/3219
f 3186/3219 3282/3316 3283/3317
f 3186/3219 3283/3317 3187/3220
f 3187/3220 3283/3317 3284/3318
f 3187/3220 3284/3318 3188/3221
f 3188/3221 3284/3318 3285/3319
f 3188/3221 3285/3319 3189/3222
f 3189/3222 3285/3319 3286/3320
f 3189/3222 3286/3320 3190/3223
f 3190/3223 3286/3320 3287/3321
f 3190/3223 3287/3321 3191/3224
f 3191/3224 3287/3321 3288/3322
f 3191/3224 3288/3322 3192/3225
f 3192/3225 3288/3322 3289/3323
f 3192/3225 3289/3323 3193/3226
f 3193/3226 3289/3323 3290/3324
f 3193/3226 3290/3324 3194/3227
f 3194/3227 3290/3324 3291/3325
f 3194/3227 3291/3325 3195/3228
f 3195/3228 3291/3325 3292/3326
f 3195/3228 3292/3326 3196/3229
f 3196/3229 3292/3326 3293/3327
f 3196/3229 3293/3327 3197/3230
f 3197/3230 3293/3327 3294/3328
f 3197/3230 3294/3328 3198/3231
f 3198/3231 3294/3328 3295/3329
f 3198/3231 3295/3329 3199/3232
f 3199/3232 3295/3329 3296/3330
f 3199/3232 3296/3330 3200/3233
f 3200/3233 3296/3330 3297/3331
f 3200/3233 3297/3331 3201/3234
f 3201/3234 3297/3331 3298/3332
f 3201/3234 3298/3332 3202/3235
f 3202/3235 3298/3332 3299/3333
f 3202/3235 3299/3333 3203/3236
f 3203/3236 3299/3333 3300/3334
f 3203/3236 3300/3334 3204/3237
f 3204/3237 3300/3334 3301/3335
f 3204/3237 3301/3335 3205/3238
f 3205/3238 3301/3335 3302/3336
f 3205/3238 3302/3336 3206/3239
f 3206/3239 3302/3336 3303/3337
f 3206/3239 3303/3337 3207/3240
f 3207/3240 3303/3337 3304/3338
f 3207/3240 3304/3338 3208/3241
f 3208/3241 3304/3338 3305/3339
f 3208/3241 3305/3339 3209/3242
f 3209/3242 3305/3339 3306/3340
f 3209/3242 3306/3340 3210/3243
f 3210/3243 3306/3340 3307/3341
f 3210/3243 3307/3341 3211/3244
f 3211/3244 3307/3341 3308/3342
f 3211/3244 3308/3342 3212/3245
f 3212/3245 3308/3342 3309/3343
f 3212/3245 3309/3343 3213/3246
f 3213/3246 3309/3343 3310/3344
f 3213/3246 3310/3344 3214/3247
f 3214/3247 3310/3344 3311/3345
f 3214/3247 3311/3345 3215/3248
f 3215/3248 3311/3345 3312/3346
f 3215/3248 3312/3346 3216/3249
f 3216/3249 3312/3346 3313/3347
f 3216/3249 3313/3347 3217/3250
f 3217/3250 3313/3347 3314/3348
f 3217/3250 3314/3348 3218/3251
f 3218/3251 3314/3348 3315/3349
f 3218/3251 3315/3349 3219/3252
f 3219/3252 3315/3349 3316/3350
f 3219/3252 3316/3350 3220/3253
f 3220/3253 3316/3350 3317/3351
f 3220/3253 3317/3351 3221/3254
f 3221/3254 3317/3351 3318/3352
f 3221/3254 3318/3352 3222/3255
f 3222/3255 3318/3352 3319/3353
f 3222/3255 3319/3353 3223/3256
f 3223/3256 3319/3353 3320/3354
f 3223/3256 3320/3354 3224/3257
f 3224/3257 3320/3354 3321/3355
f 3224/3257 3321/3355 3225/3258
f 3225/3258 3321/3355 3322/3356
f 3225/3258 3322/3356 3226/3259
f 3226/3259 3322/3356 3323/3357
f 3226/3259 3323/3357 3227/3260
f 3227/3260 3323/3357 3324/3358
f 3227/3260 3324/3358 3228/3261
f 3228/3261 3324/3358 3325/3359
f 3228/3261 3325/3359 3229/3262
f 3229/3262 3325/3359 3326/3360
f 3229/3262 3326/3360 3230/3263
f 3230/3263 3326/3360 3327/3361
f 3230/3263 3327/3361 3231/3264
f 3231/3264 3327/3361 3328/3362
f 3231/3264 3328/3362 3232/3265
f 3232/3265 3328/3362 3329/3363
f 3232/3265 3329/3363 3233/3266
f 3233/3266 3329/3363 3330/3364
f 3233/3266 3330/3364 3234/3267
f 3234/3267 3330/3364 3331/3365
f 3234/3267 3331/3365 3235/3268
f 3235/3268 3331/3365 3332/3366
f 3235/3268 3332/3366 3236/3269
f 3236/3269 3332/3366 3333/3367
f 3236/3269 3333/3367 3237/3270
f 3237/3270 3333/3367 3334/3368
f 3237/3270 3334/3368 3238/3271
f 3238/3271 3334/3368 3335/3369
f 3238/3271 3335/3369 3239/3272
f 3239/3272 3335/3369 3336/3370
f 3239/3272 3336/3370 3240/3273
f 3240/3273 3336/3370 3337/3371
f 3240/3273 3337/3371 3241/3274
f 3241/3274 3337/3371 3338/3372
f 3241/3274 3338/3372 3242/3275
f 3242/3275 3338/3372 3339/3373
f 3242/3275 3339/3373 3243/3276
f 3243/3276 3339/3373 3340/3374
f 3243/3276 3340/3374 3244/3277
f 3244/3277 3340/3374 3341/3375
f 3244/3277 3341/3375 3245/3278
f 3245/3278 3341/3375 3342/3376
f 3245/3278 3342/3376 3246/3279
f 3246/3279 3342/3376 3343/3377
f 3246/3279 3343/3377 3247/3280
f 3247/3280 3343/3377 3344/3378
f 3247/3280 3344/3378 3248/3281
f 3248/3281 3344/3378 3345/3379
f 3248/3281 3345/3379 3249/3282
f 3249/3282 3345/3379 3346/3380
f 3249/3282 3346/3380 3250/3283
f 3250/3283 3346/3380 3347/3381
f 3250/3283 3347/3381 3251/3284
f 3251/3284 3347/3381 3348/3382
f 3251/3284 3348/3382 3252/3285
f 3252/3285 3348/3382 3349/3383
f 3252/3285 3349/3383 3253/3286
f 3253/3286 3349/3383 3350/3384
f 3253/3286 3350/3384 3254/3287
f 3254/3287 3350/3384 3351/3385
f 3254/3287 3351/3385 3255/3288
f 3255/3288 3351/3385 3352/3386
f 3255/3288 3352/3386 3256/3289
f 3256/3289 3352/3386 3353/3387
f 3256/3289 3353/3387 3257/3290
f 3257/3290 3353/3387 3354/3388
f 3257/3290 3354/3388 3258/3291
f 3258/3291 3354/3388 3355/3389
f 3258/3291 3355/3389 3259/3292
f 3259/3292 3355/3389 3356/3390
f 3259/3292 3356/3390 3260/3293
f 3260/3293 3356/3390 3357/3391
f 3260/3293 3357/3391 3261/3294
f 3261/3294 3357/3391 3358/3392
f 3261/3294 3358/3392 3262/3295
f 3262/3295 3358/3392 3359/3393
f 3262/3295 3359/3393 3263/3296
f 3263/3296 3359/3393 3360/3394
f 3263/3296 3360/3394 3264/3297
f 3264/3297 3360/3394 3265/3395
f 3264/3297 3265/3395 3169/3298
f 3265/3299 3361/3396 3362/3397
f 3265/3299 3362/3397 3266/3300
f 3266/3300 3362/3397 3363/3398
f 3266/3300 3363/3398 3267/3301
f 3267/3301 3363/3398 3364/3399
f 3267/3301 3364/3399 3268/3302
f 3268/3302 3364/3399 3365/3400
f 3268/3302 3365/3400 3269/3303
f 3269/3303 3365/3400 3366/3401
f 3269/3303 3366/3401 3270/3304
f 3270/3304 3366/3401 3367/3402
f 3270/3304 3367/3402 3271/3305
f 3271/3305 3367/3402 3368/3403
f 3271/3305 3368/3403 3272/3306
f 3272/3306 3368/3403 3369/3404
f 3272/3306 3369/3404 3273/3307
f 3273/3307 3369/3404 3370/3405
f 3273/3307 3370/3405 3274/3308
f 3274/3308 3370/3405 3371/3406
f 3274/3308 3371/3406 3275/3309
f 3275/3309 3371/3406 3372/3407
f 3275/3309 3372/3407 3276/3310
f 3276/3310 3372/3407 3373/3408
f 3276/3310 3373/3408 3277/3311
f 3277/3311 3373/3408 3374/3409
f 3277/3311 3374/3409 3278/3312
f 3278/3312 3374/3409 3375/3410
f 3278/3312 3375/3410 3279/3313
f 3279/3313 3375/3410 3376/3411
f 3279/3313 3376/3411 3280/3314
f 3280/3314 3376/3411 3377/3412
f 3280/3314 3377/3412 3281/3315
f 3281/3315 3377/3412 3378/3413
f 3281/3315 3378/3413 3282/3316
f 3282/3316 3378/3413 3379/3414
f 3282/3316 3379/3414 3283/3317
f 3283/3317 3379/3414 3380/3415
f 3283/3317 3380/3415 3284/3318
f 3284/3318 3380/3415 3381/3416
f 3284/3318 3381/3416 3285/3319
f 3285/3319 3381/3416 3382/3417
f 3285/3319 3382/3417 3286/3320
f 3286/3320 3382/3417 3383/3418
f 3286/3320 3383/3418 3287/3321
f 3287/3321 3383/3418 3384/3419
f 3287/3321 3384/3419 3288/3322
f 3288/3322 3384/3419 3385/3420
f 3288/3322 3385/3420 3289/3323
f 3289/3323 3385/3420 3386/3421
f 3289/3323 3386/3421 3290/3324
f 3290/3324 3386/3421 3387/3422
f 3290/3324 3387/3422 3291/3325
f 3291/3325 3387/3422 3388/3423
f 3291/3325 3388/3423 3292/3326
f 3292/3326 3388/3423 3389/3424
f 3292/3326 3389/3424 3293/3327
f 3293/3327 3389/3424 3390/3425
f 3293/3327 3390/3425 3294/3328
f 3294/3328 3390/3425 3391/3426
f 3294/3328 3391/3426 3295/3329
f 3295/3329 3391/3426 3392/3427
f 3295/3329 3392/3427 3296/3330
f 3296/3330 3392/3427 3393/3428
f 3296/3330 3393/3428 3297/3331
f 3297/3331 3393/3428 3394/3429
f 3297/3331 3394/3429 3298/3332
f 3298/3332 3394/3429 3395/3430
f 3298/3332 3395/3430 3299/3333
f 3299/3333 3395/3430 3396/3431
f 3299/3333 3396/3431 3300/3334
f 3300/3334 3396/3431 3397/3432
f 3300/3334 3397/3432 3301/3335
f 3301/3335 3397/3432 3398/3433
f 3301/3335 3398/3433 3302/3336
f 3302/3336 3398/3433 3399/3434
f 3302/3336 3399/3434 3303/3337
f 3303/3337 3399/3434 3400/3435
f 3303/3337 3400/3435 3304/3338
f 3304/3338 3400/3435 3401/3436
f 3304/3338 3401/3436 3305/3339
f 3305/3339 3401/3436 3402/3437
f 3305/3339 3402/3437 3306/3340
f 3306/3340 3402/3437 3403/3438
f 3306/3340 3403/3438 3307/3341
f 3307/3341 3403/3438 3404/3439
f 3307/3341 3404/3439 3308/3342
f 3308/3342 3404/3439 3405/3440
f 3308/3342 3405/3440 3309/3343
f 3309/3343 3405/3440 3406/3441
f 3309/3343 3406/3441 3310/3344
f 3310/3344 3406/3441 3407/3442
f 3310/3344 3407/3442 3311/3345
f 3311/3345 3407/3442 3408/3443
f 3311/3345 3408/3443 3312/3346
f 3312/3346 3408/3443 3409/3444
f 3312/3346 3409/3444 3313/3347
f 3313/3347 3409/3444 3410/3445
f 3313/3347 3410/3445 3314/3348
f 3314/3348 3410/3445 3411/3446
f 3314/3348 3411/3446 3315/3349
f 3315/3349 3411/3446 3412/3447
f 3315/3349 3412/3447 3316/3350
f 3316/3350 3412/3447 3413/3448
f 3316/3350 3413/3448 3317/3351
f 3317/3351 3413/3448 3414/3449
f 3317/3351 3414/3449 3318/3352
f 3318/3352 3414/3449 3415/3450
f 3318/3352 3415/3450 3319/3353
f 3319/3353 3415/3450 3416/3451
f 3319/3353 3416/3451 3320/3354
f 3320/3354 3416/3451 3417/3452
f 3320/3354 3417/3452 3321/3355
f 3321/3355 3417/3452 3418/3453
f 3321/3355 3418/3453 3322/3356
f 3322/3356 3418/3453 3419/3454
f 3322/3356 3419/3454 3323/3357
f 3323/3357 3419/3454 3420/3455
f 3323/3357 3420/3455 3324/3358
f 3324/3358 3420/3455 3421/3456
f 3324/3358 3421/3456 3325/3359
f 3325/3359 3421/3456 3422/3457
f 3325/3359 3422/3457 3326/3360
f 3326/3360 3422/3457 3423/3458
f 3326/3360 3423/3458 3327/3361
f 3327/3361 3423/3458 3424/3459
f 3327/3361 3424/3459 3328/3362
f 3328/3362 3424/3459 3425/3460
f 3328/3362 3425/3460 3329/3363
f 3329/3363 3425/3460 3426/3461
f 3329/3363 3426/3461 3330/3364
f 3330/3364 3426/3461 3427/3462
f 3330/3364 3427/3462 3331/3365
f 3331/3365 3427/3462 3428/3463
f 3331/3365 3428/3463 3332/3366
f 3332/3366 3428/3463 3429/3464
f 3332/3366 3429/3464 3333/3367
f 3333/3367 3429/3464 3430/3465
f 3333/3367 3430/3465 3334/3368
f 3334/3368 3430/3465 3431/3466
f 3334/3368 3431/3466 3335/3369
f 3335/3369 3431/3466 3432/3467
f 3335/3369 3432/3467 3336/3370
f 3336/3370 3432/3467 3433/3468
f 3336/3370 3433/3468 3337/3371
f 3337/3371 3433/3468 3434/3469
f 3337/3371 3434/3469 3338/3372
f 3338/3372 3434/3469 3435/3470
f 3338/3372 3435/3470 3339/3373
f 3339/3373 3435/3470 3436/3471
f 3339/3373 3436/3471 3340/3374
f 3340/3374 3436/3471 3437/3472
f 3340/3374 3437/3472 3341/3375
f 3341/3375 3437/3472 3438/3473
f 3341/3375 3438/3473 3342/3376
f 3342/3376 3438/3473 3439/3474
f 3342/3376 3439/3474 3343/3377
f 3343/3377 3439/3474 3440/3475
f 3343/3377 3440/3475 3344/3378
f 3344/3378 3440/3475 3441/3476
f 3344/3378 3441/3476 3345/3379
f 3345/3379 3441/3476 3442/3477
f 3345/3379 3442/3477 3346/3380
f 3346/3380 3442/3477 3443/3478
f 3346/3380 3443/3478 3347/3381
f 3347/3381 3443/3478 3444/3479
f 3347/3381 3444/3479 3348/3382
f 3348/3382 3444/3479 3445/3480
f 3348/3382 3445/3480 3349/3383
f 3349/3383 3445/3480 3446/3481
f 3349/3383 3446/3481 3350/3384
f 3350/3384 3446/3481 3447/3482
f 3350/3384 3447/3482 3351/3385
f 3351/3385 3447/3482 3448/3483
f 3351/3385 3448/3483 3352/3386
f 3352/3386 3448/3483 3449/3484
f 3352/3386 3449/3484 3353/3387
f 3353/3387 3449/3484 3450/3485
f 3353/3387 3450/3485 3354/3388
f 3354/3388 3450/3485 3451/3486
f 3354/3388 3451/3486 3355/3389
f 3355/3389 3451/3486 3452/3487
f 3355/3389 3452/3487 3356/3390
f 3356/3390 3452/3487 3453/3488
f 3356/3390 3453/3488 3357/3391
f 3357/3391 3453/3488 3454/3489
f 3357/3391 3454/3489 3358/3392
f 3358/3392 3454/3489 3455/3490
f 3358/3392 3455/3490 3359/3393
f 3359/3393 3455/3490 3456/3491
f 3359/3393 3456/3491 3360/3394
f 3360/3394 3456/3491 3361/3492
f 3360/3394 3361/3492 3265/3395
f 3361/3396 3457/3493 3458/3494
f 3361/3396 3458/3494 3362/3397
f 3362/3397 3458/3494 3459/3495
f 3362/3397 3459/3495 3363/3398
f 3363/3398 3459/3495 3460/3496
f 3363/3398 3460/3496 3364/3399
f 3364/3399 3460/3496 3461/3497
f 3364/3399 3461/3497 3365/3400
f 3365/3400 3461/3497 3462/3498
f 3365/3400 3462/3498 3366/3401
f 3366/3401 3462/3498 3463/3499
f 3366/3401 3463/3499 3367/3402
f 3367/3402 3463/3499 3464/3500
f 3367/3402 3464/3500 3368/3403
f 3368/3403 3464/3500 3465/3501
f 3368/3403 3465/3501 3369/3404
f 3369/3404 3465/3501 3466/3502
f 3369/3404 3466/3502 3370/3405
f 3370/3405 3466/3502 3467/3503
f 3370/3405 3467/3503 3371/3406
f 3371/3406 3467/3503 3468/3504
f 3371/3406 3468/3504 3372/3407
f 3372/3407 3468/3504 3469/3505
f 3372/3407 3469/3505 3373/3408
f 3373/3408 3469/3505 3470/3506
f 3373/3408 3470/3506 3374/3409
f 3374/3409 3470/3506 3471/3507
f 3374/3409 3471/3507 3375/3410
f 3375/3410 3471/3507 3472/3508
f 3375/3410 3472/3508 3376/3411
f 3376/3411 3472/3508 3473/3509
f 3376/3411 3473/3509 3377/3412
f 3377/3412 3473/3509 3474/3510
f 3377/3412 3474/3510 3378/3413
f 3378/3413 3474/3510 3475/3511
f 3378/3413 3475/3511 3379/3414
f 3379/3414 3475/3511 3476/3512
f 3379/3414 3476/3512 3380/3415
f 3380/3415 3476/3512 3477/3513
f 3380/3415 3477/3513 3381/3416
f 3381/3416 3477/3513 3478/3514
f 3381/3416 3478/3514 3382/3417
f 3382/3417 3478/3514 3479/3515
f 3382/3417 3479/3515 3383/3418
f 3383/3418 3479/3515 3480/3516
f 3383/3418 3480/3516 3384/3419
f 3384/3419 3480/3516 3481/3517
f 3384/3419 3481/3517 3385/3420
f 3385/3420 3481/3517 3482/3518
f 3385/3420 3482/3518 3386/3421
f 3386/3421 3482/3518 3483/3519
f 3386/3421 3483/3519 3387/3422
f 3387/3422 3483/3519 3484/3520
f 3387/3422 3484/3520 3388/3423
f 3388/3423 3484/3520 3485/3521
f 3388/3423 3485/3521 3389/3424
f 3389/3424 3485/3521 3486/3522
f 3389/3424 3486/3522 3390/3425
f 3390/3425 3486/3522 3487/3523
f 3390/3425 3487/3523 3391/3426
f 3391/3426 3487/3523 3488/3524
f 3391/3426 3488/3524 3392/3427
f 3392/3427 3488/3524 3489/3525
f 3392/3427 3489/3525 3393/3428
f 3393/3428 3489/3525 3490/3526
f 3393/3428 3490/3526 3394/3429
f 3394/3429 3490/3526 3491/3527
f 3394/3429 3491/3527 3395/3430
f 3395/3430 3491/3527 3492/3528
f 3395/3430 3492/3528 3396/3431
f 3396/3431 3492/3528 3493/3529
f 3396/3431 3493/3529 3397/3432
f 3397/3432 3493/3529 3494/3530
f 3397/3432 3494/3530 3398/3433
f 3398/3433 3494/3530 3495/3531
f 3398/3433 3495/3531 3399/3434
f 3399/3434 3495/3531 3496/3532
f 3399/3434 3496/3532 3400/3435
f 3400/3435 3496/3532 3497/3533
f 3400/3435 3497/3533 3401/3436
f 3401/3436 3497/3533 3498/3534
f 3401/3436 3498/3534 3402/3437
f 3402/3437 3498/3534 3499/3535
f 3402/3437 3499/3535 3403/3438
f 3403/3438 3499/3535 3500/3536
f 3403/3438 3500/3536 3404/3439
f 3404/3439 3500/3536 3501/3537
f 3404/3439 3501/3537 3405/3440
f 3405/3440 3501/3537 3502/3538
f 3405/3440 3502/3538 3406/3441
f 3406/3441 3502/3538 3503/3539
f 3406/3441 3503/3539 3407/3442
f 3407/3442 3503/3539 3504/3540
f 3407/3442 3504/3540 3408/3443
f 3408/3443 3504/3540 3505/3541
f 3408/3443 3505/3541 3409/3444
f 3409/3444 3505/3541 3506/3542
f 3409/3444 3506/3542 3410/3445
f 3410/3445 3506/3542 3507/3543
f 3410/3445 3507/3543 3411/3446
f 3411/3446 3507/3543 3508/3544
f 3411/3446 3508/3544 3412/3447
f 3412/3447 3508/3544 3509/3545
f 3412/3447 3509/3545 3413/3448
f 3413/3448 3509/3545 3510/3546
f 3413/3448 3510/3546 3414/3449
f 3414/3449 3510/3546 3511/3547
f 3414/3449 3511/3547 3415/3450
f 3415/3450 3511/3547 3512/3548
f 3415/3450 3512/3548 3416/3451
f 3416/3451 3512/3548 3513/3549
f 3416/3451 3513/3549 3417/3452
f 3417/3452 3513/3549 3514/3550
f 3417/3452 3514/3550 3418/3453
f 3418/3453 3514/3550 3515/3551
f 3418/3453 3515/3551 3419/3454
f 3419/3454 3515/3551 3516/3552
f 3419/3454 3516/3552 3420/3455
f 3420/3455 3516/3552 3517/3553
f 3420/3455 3517/3553 3421/3456
f 3421/3456 3517/3553 3518/3554
f 3421/3456 3518/3554 3422/3457
f 3422/3457 3518/3554 3519/3555
f 3422/3457 3519/3555 3423/3458
f 3423/3458 3519/3555 3520/3556
f 3423/3458 3520/3556 3424/3459
f 3424/3459 3520/3556 3521/3557
f 3424/3459 3521/3557 3425/3460
f 3425/3460 3521/3557 3522/3558
f 3425/3460 3522/3558 3426/3461
f 3426/3461 3522/3558 3523/3559
f 3426/3461 3523/3559 3427/3462
f 3427/3462 3523/3559 3524/3560
f 3427/3462 3524/3560 3428/3463
f 3428/3463 3524/3560 3525/3561
f 3428/3463 3525/3561 3429/3464
f 3429/3464 3525/3561 3526/3562
f 3429/3464 3526/3562 3430/3465
f 3430/3465 3526/3562 3527/3563
f 3430/3465 3527/3563 3431/3466
f 3431/3466 3527/3563 3528/3564
f 3431/3466 3528/3564 3432/3467
f 3432/3467 3528/3564 3529/3565
f 3432/3467 3529/3565 3433/3468
f 3433/3468 3529/3565 3530/3566
f 3433/3468 3530/3566 3434/3469
f 3434/3469 3530/3566 3531/3567
f 3434/3469 3531/3567 3435/3470
f 3435/3470 3531/3567 3532/3568
f 3435/3470 3532/3568 3436/3471
f 3436/3471 3532/3568 3533/3569
f 3436/3471 3533/3569 3437/3472
f 3437/3472 3533/3569 3534/3570
f 3437/3472 3534/3570 3438/3473
f 3438/3473 3534/3570 3535/3571
f 3438/3473 3535/3571 3439/3474
f 3439/3474 3535/3571 3536/3572
f 3439/3474 3536/3572 3440/3475
f 3440/3475 3536/3572 3537/3573
f 3440/3475 3537/3573 3441/3476
f 3441/3476 3537/3573 3538/3574
f 3441/3476 3538/3574 3442/3477
f 3442/3477 3538/3574 3539/3575
f 3442/3477 3539/3575 3443/3478
f 3443/3478 3539/3575 3540/3576
f 3443/3478 3540/3576 3444/3479
f 3444/3479 3540/3576 3541/3577
f 3444/3479 3541/3577 3445/3480
f 3445/3480 3541/3577 3542/3578
f 3445/3480 3542/3578 3446/3481
f 3446/3481 3542/3578 3543/3579
f 3446/3481 3543/3579 3447/3482
f 3447/3482 3543/3579 3544/3580
f 3447/3482 3544/3580 3448/3483
f 3448/3483 3544/3580 3545/3581
f 3448/3483 3545/3581 3449/3484
f 3449/3484 3545/3581 3546/3582
f 3449/3484 3546/3582 3450/3485
f 3450/3485 3546/3582 3547/3583
f 3450/3485 3547/3583 3451/3486
f 3451/3486 3547/3583 3548/3584
f 3451/3486 3548/3584 3452/3487
f 3452/3487 3548/3584 3549/3585
f 3452/3487 3549/3585 3453/3488
f 3453/3488 3549/3585 3550/3586
f 3453/3488 3550/3586 3454/3489
f 3454/3489 3550/3586 3551/3587
f 3454/3489 3551/3587 3455/3490
f 3455/3490 3551/3587 3552/3588
f 3455/3490 3552/3588 3456/3491
f 3456/3491 3552/3588 3457/3589
f 3456/3491 3457/3589 3361/3492
f 3457/3493 3553/3590 3554/3591
f 3457/3493 3554/3591 3458/3494
f 3458/3494 3554/3591 3555/3592
f 3458/3494 3555/3592 3459/3495
f 3459/3495 3555/3592 3556/3593
f 3459/3495 3556/3593 3460/3496
f 3460/3496 3556/3593 3557/3594
f 3460/3496 3557/3594 3461/3497
f 3461/3497 3557/3594 3558/3595
f 3461/3497 3558/3595 3462/3498
f 3462/3498 3558/3595 3559/3596
f 3462/3498 3559/3596 3463/3499
f 3463/3499 3559/3596 3560/3597
f 3463/3499 3560/3597 3464/3500
f 3464/3500 3560/3597 3561/3598
f 3464/3500 3561/3598 3465/3501
f 3465/3501 3561/3598 3562/3599
f 3465/3501 3562/3599 3466/3502
f 3466/3502 3562/3599 3563/3600
f 3466/3502 3563/3600 3467/3503
f 3467/3503 3563/3600 3564/3601
f 3467/3503 3564/3601 3468/3504
f 3468/3504 3564/3601 3565/3602
f 3468/3504 3565/3602 3469/3505
f 3469/3505 3565/3602 3566/3603
f 3469/3505 3566/3603 3470/3506
f 3470/3506 3566/3603 3567/3604
f 3470/3506 3567/3604 3471/3507
f 3471/3507 3567/3604 3568/3605
f 3471/3507 3568/3605 3472/3508
f 3472/3508 3568/3605 3569/3606
f 3472/3508 3569/3606 3473/3509
f 3473/3509 3569/3606 3570/3607
f 3473/3509 3570/3607 3474/3510
f 3474/3510 3570/3607 3571/3608
f 3474/3510 3571/3608 3475/3511
f 3475/3511 3571/3608 3572/3609
f 3475/3511 3572/3609 3476/3512
f 3476/3512 3572/3609 3573/3610
f 3476/3512 3573/3610 3477/3513
f 3477/3513 3573/3610 3574/3611
f 3477/3513 3574/3611 3478/3514
f 3478/3514 3574/3611 3575/3612
f 3478/3514 3575/3612 3479/3515
f 3479/3515 3575/3612 3576/3613
f 3479/3515 3576/3613 3480/3516
f 3480/3516 3576/3613 3577/3614
f 3480/3516 3577/3614 3481/3517
f 3481/3517 3577/3614 3578/3615
f 3481/3517 3578/3615 3482/3518
f 3482/3518 3578/3615 3579/3616
f 3482/3518 3579/3616 3483/3519
f 3483/3519 3579/3616 3580/3617
f 3483/3519 3580/3617 3484/3520
f 3484/3520 3580/3617 3581/3618
f 3484/3520 3581/3618 3485/3521
f 3485/3521 3581/3618 3582/3619
f 3485/3521 3582/3619 3486/3522
f 3486/3522 3582/3619 3583/3620
f 3486/3522 3583/3620 3487/3523
f 3487/3523 3583/3620 3584/3621
f 3487/3523 3584/3621 3488/3524
f 3488/3524 3584/3621 3585/3622
f 3488/3524 3585/3622 3489/3525
f 3489/3525 3585/3622 3586/3623
f 3489/3525 3586/3623 3490/3526
f 3490/3526 3586/3623 3587/3624
f 3490/3526 3587/3624 3491/3527
f 3491/3527 3587/3624 3588/3625
f 3491/3527 3588/3625 3492/3528
f 3492/3528 3588/3625 3589/3626
f 3492/3528 3589/3626 3493/3529
f 3493/3529 3589/3626 3590/3627
f 3493/3529 3590/3627 3494/3530
f 3494/3530 3590/3627 3591/3628
f 3494/3530 3591/3628 3495/3531
f 3495/3531 3591/3628 3592/3629
f 3495/3531 3592/3629 3496/3532
f 3496/3532 3592/3629 3593/3630
f 3496/3532 3593/3630 3497/3533
f 3497/3533 3593/3630 3594/3631
f 3497/3533 3594/3631 3498/3534
f 3498/3534 3594/3631 3595/3632
f 3498/3534 3595/3632 3499/3535
f 3499/3535 3595/3632 3596/3633
f 3499/3535 3596/3633 3500/3536
f 3500/3536 3596/3633 3597/3634
f 3500/3536 3597/3634 3501/3537
f 3501/3537 3597/3634 3598/3635
f 3501/3537 3598/3635 3502/3538
f 3502/3538 3598/3635 3599/3636
f 3502/3538 3599/3636 3503/3539
f 3503/3539 3599/3636 3600/3637
f 3503/3539 3600/3637 3504/3540
f 3504/3540 3600/3637 3601/3638
f 3504/3540 3601/3638 3505/3541
f 3505/3541 3601/3638 3602/3639
f 3505/3541 3602/3639 3506/3542
f 3506/3542 3602/3639 3603/3640
f 3506/3542 3603/3640 3507/3543
f 3507/3543 3603/3640 3604/3641
f 3507/3543 3604/3641 3508/3544
f 3508/3544 3604/3641 3605/3642
f 3508/3544 3605/3642 3509/3545
f 3509/3545 3605/3642 3606/3643
f 3509/3545 3606/3643 3510/3546
f 3510/3546 3606/3643 3607/3644
f 3510/3546 3607/3644 3511/3547
f 3511/3547 3607/3644 3608/3645
f 3511/3547 3608/3645 3512/3548
f 3512/3548 3608/3645 3609/3646
f 3512/3548 3609/3646 3513/3549
f 3513/3549 3609/3646 3610/3647
f 3513/3549 3610/3647 3514/3550
f 3514/3550 3610/3647 3611/3648
f 3514/3550 3611/3648 3515/3551
f 3515/3551 3611/3648 3612/3649
f 3515/3551 3612/3649 3516/3552
f 3516/3552 3612/3649 3613/3650
f 3516/3552 3613/3650 3517/3553
f 3517/3553 3613/3650 3614/3651
f 3517/3553 3614/3651 3518/3554
f 3518/3554 3614/3651 3615/3652
f 3518/3554 3615/3652 3519/3555
f 3519/3555 3615/3652 3616/3653
f 3519/3555 3616/3653 3520/3556
f 3520/3556 3616/3653 3617/3654
f 3520/3556 3617/3654 3521/3557
f 3521/3557 3617/3654 3618/3655
f 3521/3557 3618/3655 3522/3558
f 3522/3558 3618/3655 3619/3656
f 3522/3558 3619/3656 3523/3559
f 3523/3559 3619/3656 3620/3657
f 3523/3559 3620/3657 3524/3560
f 3524/3560 3620/3657 3621/3658
f 3524/3560 3621/3658 3525/3561
f 3525/3561 3621/3658 3622/3659
f 3525/3561 3622/3659 3526/3562
f 3526/3562 3622/3659 3623/3660
f 3526/3562 3623/3660 3527/3563
f 3527/3563 3623/3660 3624/3661
f 3527/3563 3624/3661 3528/3564
f 3528/3564 3624/3661 3625/3662
f 3528/3564 3625/3662 3529/3565
f 3529/3565 3625/3662 3626/3663
f 3529/3565 3626/3663 3530/3566
f 3530/3566 3626/3663 3627/3664
f 3530/3566 3627/3664 3531/3567
f 3531/3567 3627/3664 3628/3665
f 3531/3567 3628/3665 3532/3568
f 3532/3568 3628/3665 3629/3666
f 3532/3568 3629/3666 3533/3569
f 3533/3569 3629/3666 3630/3667
f 3533/3569 3630/3667 3534/3570
f 3534/3570 3630/3667 3631/3668
f 3534/3570 3631/3668 3535/3571
f 3535/3571 3631/3668 3632/3669
f 3535/3571 3632/3669 3536/3572
f 3536/3572 3632/3669 3633/3670
f 3536/3572 3633/3670 3537/3573
f 3537/3573 3633/3670 3634/3671
f 3537/3573 3634/3671 3538/3574
f 3538/3574 3634/3671 3635/3672
f 3538/3574 3635/3672 3539/3575
f 3539/3575 3635/3672 3636/3673
f 3539/3575 3636/3673 3540/3576
f 3540/3576 3636/3673 3637/3674
f 3540/3576 3637/3674 3541/3577
f 3541/3577 3637/3674 3638/3675
f 3541/3577 3638/3675 3542/3578
f 3542/3578 3638/3675 3639/3676
f 3542/3578 3639/3676 3543/3579
f 3543/3579 3639/3676 3640/3677
f 3543/3579 3640/3677 3544/3580
f 3544/3580 3640/3677 3641/3678
f 3544/3580 3641/3678 3545/3581
f 3545/3581 3641/3678 3642/3679
f 3545/3581 3642/3679 3546/3582
f 3546/3582 3642/3679 3643/3680
f 3546/3582 3643/3680 3547/3583
f 3547/3583 3643/3680 3644/3681
f 3547/3583 3644/3681 3548/3584
f 3548/3584 3644/3681 3645/3682
f 3548/3584 3645/3682 3549/3585
f 3549/3585 3645/3682 3646/3683
f 3549/3585 3646/3683 3550/3586
f 3550/3586 3646/3683 3647/3684
f 3550/3586 3647/3684 3551/3587
f 3551/3587 3647/3684 3648/3685
f 3551/3587 3648/3685 3552/3588
f 3552/3588 3648/3685 3553/3686
f 3552/3588 3553/3686 3457/3589
f 3553/3590 3649/3687 3650/3688
f 3553/3590 3650/3688 3554/3591
f 3554/3591 3650/3688 3651/3689
f 3554/3591 3651/3689 3555/3592
f 3555/3592 3651/3689 3652/3690
f 3555/3592 3652/3690 3556/3593
f 3556/3593 3652/3690 3653/3691
f 3556/3593 3653/3691 3557/3594
f 3557/3594 3653/3691 3654/3692
f 3557/3594 3654/3692 3558/3595
f 3558/3595 3654/3692 3655/3693
f 3558/3595 3655/3693 3559/3596
f 3559/3596 3655/3693 3656/3694
f 3559/3596 3656/3694 3560/3597
f 3560/3597 3656/3694 3657/3695
f 3560/3597 3657/3695 3561/3598
f 3561/3598 3657/3695 3658/3696
f 3561/3598 3658/3696 3562/3599
f 3562/3599 3658/3696 3659/3697
f 3562/3599 3659/3697 3563/3600
f 3563/3600 3659/3697 3660/3698
f 3563/3600 3660/3698 3564/3601
f 3564/3601 3660/3698 3661/3699
f 3564/3601 3661/3699 3565/3602
f 3565/3602 3661/3699 3662/3700
f 3565/3602 3662/3700 3566/3603
f 3566/3603 3662/3700 3663/3701
f 3566/3603 3663/3701 3567/3604
f 3567/3604 3663/3701 3664/3702
f 3567/3604 3664/3702 3568/3605
f 3568/3605 3664/3702 3665/3703
f 3568/3605 3665/3703 3569/3606
f 3569/3606 3665/3703 3666/3704
f 3569/3606 3666/3704 3570/3607
f 3570/3607 3666/3704 3667/3705
f 3570/3607 3667/3705 3571/3608
f 3571/3608 3667/3705 3668/3706
f 3571/3608 3668/3706 3572/3609
f 3572/3609 3668/3706 3669/3707
f 3572/3609 3669/3707 3573/3610
f 3573/3610 3669/3707 3670/3708
f 3573/3610 3670/3708 3574/3611
f 3574/3611 3670/3708 3671/3709
f 3574/3611 3671/3709 3575/3612
f 3575/3612 3671/3709 3672/3710
f 3575/3612 3672/3710 3576/3613
f 3576/3613 3672/3710 3673/3711
f 3576/3613 3673/3711 3577/3614
f 3577/3614 3673/3711 3674/3712
f 3577/3614 3674/3712 3578/3615
f 3578/3615 3674/3712 3675/3713
f 3578/3615 3675/3713 3579/3616
f 3579/3616 3675/3713 3676/3714
f 3579/3616 3676/3714 3580/3617
f 3580/3617 3676/3714 3677/3715
f 3580/3617 3677/3715 3581/3618
f 3581/3618 3677/3715 3678/3716
f 3581/3618 3678/3716 3582/3619
f 3582/3619 3678/3716 3679/3717
f 3582/3619 3679/3717 3583/3620
f 3583/3620 3679/3717 3680/3718
f 3583/3620 3680/3718 3584/3621
f 3584/3621 3680/3718 3681/3719
f 3584/3621 3681/3719 3585/3622
f 3585/3622 3681/3719 3682/3720
f 3585/3622 3682/3720 3586/3623
f 3586/3623 3682/3720 3683/3721
f 3586/3623 3683/3721 3587/3624
f 3587/3624 3683/3721 3684/3722
f 3587/3624 3684/3722 3588/3625
f 3588/3625 3684/3722 3685/3723
f 3588/3625 3685/3723 3589/3626
f 3589/3626 3685/3723 3686/3724
f 3589/3626 3686/3724 3590/3627
f 3590/3627 3686/3724 3687/3725
f 3590/3627 3687/3725 3591/3628
f 3591/3628 3687/3725 3688/3726
f 3591/3628 3688/3726 3592/3629
f 3592/3629 3688/3726 3689/3727
f 3592/3629 3689/3727 3593/3630
f 3593/3630 3689/3727 3690/3728
f 3593/3630 3690/3728 3594/3631
f 3594/3631 3690/3728 3691/3729
f 3594/3631 3691/3729 3595/3632
f 3595/3632 3691/3729 3692/3730
f 3595/3632 3692/3730 3596/3633
f 3596/3633 3692/3730 3693/3731
f 3596/3633 3693/3731 3597/3634
f 3597/3634 3693/3731 3694/3732
f 3597/3634 3694/3732 3598/3635
f 3598/3635 3694/3732 3695/3733
f 3598/3635 3695/3733 3599/3636
f 3599/3636 3695/3733 3696/3734
f 3599/3636 3696/3734 3600/3637
f 3600/3637 3696/3734 3697/3735
f 3600/3637 3697/3735 3601/3638
f 3601/3638 3697/3735 3698/3736
f 3601/3638 3698/3736 3602/3639
f 3602/3639 3698/3736 3699/3737
f 3602/3639 3699/3737 3603/3640
f 3603/3640 3699/3737 3700/3738
f 3603/3640 3700/3738 3604/3641
f 3604/3641 3700/3738 3701/3739
f 3604/3641 3701/3739 3605/3642
f 3605/3642 3701/3739 3702/3740
f 3605/3642 3702/3740 3606/3643
f 3606/3643 3702/3740 3703/3741
f 3606/3643 3703/3741 3607/3644
f 3607/3644 3703/3741 3704/3742
f 3607/3644 3704/3742 3608/3645
f 3608/3645 3704/3742 3705/3743
f 3608/3645 3705/3743 3609/3646
f 3609/3646 3705/3743 3706/3744
f 3609/3646 3706/3744 3610/3647
f 3610/3647 3706/3744 3707/3745
f 3610/3647 3707/3745 3611/3648
f 3611/3648 3707/3745 3708/3746
f 3611/3648 3708/3746 3612/3649
f 3612/3649 3708/3746 3709/3747
f 3612/3649 3709/3747 3613/3650
f 3613/3650 3709/3747 3710/3748
f 3613/3650 3710/3748 3614/3651
f 3614/3651 3710/3748 3711/3749
f 3614/3651 3711/3749 3615/3652
f 3615/3652 3711/3749 3712/3750
f 3615/3652 3712/3750 3616/3653
f 3616/3653 3712/3750 3713/3751
f 3616/3653 3713/3751 3617/3654
f 3617/3654 3713/3751 3714/3752
f 3617/3654 3714/3752 3618/3655
f 3618/3655 3714/3752 3715/3753
f 3618/3655 3715/3753 3619/3656
f 3619/3656 3715/3753 3716/3754
f 3619/3656 3716/3754 3620/3657
f 3620/3657 3716/3754 3717/3755
f 3620/3657 3717/3755 3621/3658
f 3621/3658 3717/3755 3718/3756
f 3621/3658 3718/3756 3622/3659
f 3622/3659 3718/3756 3719/3757
f 3622/3659 3719/3757 3623/3660
f 3623/3660 3719/3757 3720/3758
f 3623/3660 3720/3758 3624/3661
f 3624/3661 3720/3758 3721/3759
f 3624/3661 3721/3759 3625/3662
f 3625/3662 3721/3759 3722/3760
f 3625/3662 3722/3760 3626/3663
f 3626/3663 3722/3760 3723/3761
f 3626/3663 3723/3761 3627/3664
f 3627/3664 3723/3761 3724/3762
f 3627/3664 3724/3762 3628/3665
f 3628/3665 3724/3762 3725/3763
f 3628/3665 3725/3763 3629/3666
f 3629/3666 3725/3763 3726/3764
f 3629/3666 3726/3764 3630/3667
f 3630/3667 3726/3764 3727/3765
f 3630/3667 3727/3765 3631/3668
f 3631/3668 3727/3765 3728/3766
f 3631/3668 3728/3766 3632/3669
f 3632/3669 3728/3766 3729/3767
f 3632/3669 3729/3767 3633/3670
f 3633/3670 3729/3767 3730/3768
f 3633/3670 3730/3768 3634/3671
f 3634/3671 3730/3768 3731/3769
f 3634/3671 3731/3769 3635/3672
f 3635/3672 3731/3769 3732/3770
f 3635/3672 3732/3770 3636/3673
f 3636/3673 3732/3770 3733/3771
f 3636/3673 3733/3771 3637/3674
f 3637/3674 3733/3771 3734/3772
f 3637/3674 3734/3772 3638/3675
f 3638/3675 3734/3772 3735/3773
f 3638/3675 3735/3773 3639/3676
f 3639/3676 3735/3773 3736/3774
f 3639/3676 3736/3774 3640/3677
f 3640/3677 3736/3774 3737/3775
f 3640/3677 3737/3775 3641/3678
f 3641/3678 3737/3775 3738/3776
f 3641/3678 3738/3776 3642/3679
f 3642/3679 3738/3776 3739/3777
f 3642/3679 3739/3777 3643/3680
f 3643/3680 3739/3777 3740/3778
f 3643/3680 3740/3778 3644/3681
f 3644/3681 3740/3778 3741/3779
f 3644/3681 3741/3779 3645/3682
f 3645/3682 3741/3779 3742/3780
f 3645/3682 3742/3780 3646/3683
f 3646/3683 3742/3780 3743/3781
f 3646/3683 3743/3781 3647/3684
f 3647/3684 3743/3781 3744/3782
f 3647/3684 3744/3782 3648/3685
f 3648/3685 3744/3782 3649/3783
f 3648/3685 3649/3783 3553/3686
f 3649/3687 3745/3784 3746/3785
f 3649/3687 3746/3785 3650/3688
f 3650/3688 3746/3785 3747/3786
f 3650/3688 3747/3786 3651/3689
f 3651/3689 3747/3786 3748/3787
f 3651/3689 3748/3787 3652/3690
f 3652/3690 3748/3787 3749/3788
f 3652/3690 3749/3788 3653/3691
f 3653/3691 3749/3788 3750/3789
f 3653/3691 3750/3789 3654/3692
f 3654/3692 3750/3789 3751/3790
f 3654/3692 3751/3790 3655/3693
f 3655/3693 3751/3790 3752/3791
f 3655/3693 3752/3791 3656/3694
f 3656/3694 3752/3791 3753/3792
f 3656/3694 3753/3792 3657/3695
f 3657/3695 3753/3792 3754/3793
f 3657/3695 3754/3793 3658/3696
f 3658/3696 3754/3793 3755/3794
f 3658/3696 3755/3794 3659/3697
f 3659/3697 3755/3794 3756/3795
f 3659/3697 3756/3795 3660/3698
f 3660/3698 3756/3795 3757/3796
f 3660/3698 3757/3796 3661/3699
f 3661/3699 3757/3796 3758/3797
f 3661/3699 3758/3797 3662/3700
f 3662/3700 3758/3797 3759/3798
f 3662/3700 3759/3798 3663/3701
f 3663/3701 3759/3798 3760/3799
f 3663/3701 3760/3799 3664/3702
f 3664/3702 3760/3799 3761/3800
f 3664/3702 3761/3800 3665/3703
f 3665/3703 3761/3800 3762/3801
f 3665/3703 3762/3801 3666/3704
f 3666/3704 3762/3801 3763/3802
f 3666/3704 3763/3802 3667/3705
f 3667/3705 3763/3802 3764/3803
f 3667/3705 3764/3803 3668/3706
f 3668/3706 3764/3803 3765/3804
f 3668/3706 3765/3804 3669/3707
f 3669/3707 3765/3804 3766/3805
f 3669/3707 3766/3805 3670/3708
f 3670/3708 3766/3805 3767/3806
f 3670/3708 3767/3806 3671/3709
f 3671/3709 3767/3806 3768/3807
f 3671/3709 3768/3807 3672/3710
f 3672/3710 3768/3807 3769/3808
f 3672/3710 3769/3808 3673/3711
f 3673/3711 3769/3808 3770/3809
f 3673/3711 3770/3809 3674/3712
f 3674/3712 3770/3809 3771/3810
f 3674/3712 3771/3810 3675/3713
f 3675/3713 3771/3810 3772/3811
f 3675/3713 3772/3811 3676/3714
f 3676/3714 3772/3811 3773/3812
f 3676/3714 3773/3812 3677/3715
f 3677/3715 3773/3812 3774/3813
f 3677/3715 3774/3813 3678/3716
f 3678/3716 3774/3813 3775/3814
f 3678/3716 3775/3814 3679/3717
f 3679/3717 3775/3814 3776/3815
f 3679/3717 3776/3815 3680/3718
f 3680/3718 3776/3815 3777/3816
f 3680/3718 3777/3816 3681/3719
f 3681/3719 3777/3816 3778/3817
f 3681/3719 3778/3817 3682/3720
f 3682/3720 3778/3817 3779/3818
f 3682/3720 3779/3818 3683/3721
f 3683/3721 3779/3818 3780/3819
f 3683/3721 3780/3819 3684/3722
f 3684/3722 3780/3819 3781/3820
f 3684/3722 3781/3820 3685/3723
f 3685/3723 3781/3820 3782/3821
f 3685/3723 3782/3821 3686/3724
f 3686/3724 3782/3821 3783/3822
f 3686/3724 3783/3822 3687/3725
f 3687/3725 3783/3822 3784/3823
f 3687/3725 3784/3823 3688/3726
f 3688/3726 3784/3823 3785/3824
f 3688/3726 3785/3824 3689/3727
f 3689/3727 3785/3824 3786/3825
f 3689/3727 3786/3825 3690/3728
f 3690/3728 3786/3825 3787/3826
f 3690/3728 3787/3826 3691/3729
f 3691/3729 3787/3826 3788/3827
f 3691/3729 3788/3827 3692/3730
f 3692/3730 3788/3827 3789/3828
f 3692/3730 3789/3828 3693/3731
f 3693/3731 3789/3828 3790/3829
f 3693/3731 3790/3829 3694/3732
f 3694/3732 3790/3829 3791/3830
f 3694/3732 3791/3830 3695/3733
f 3695/3733 3791/3830 3792/3831
f 3695/3733 3792/3831 3696/3734
f 3696/3734 3792/3831 3793/3832
f 3696/3734 3793/3832 3697/3735
f 3697/3735 3793/3832 3794/3833
f 3697/3735 3794/3833 3698/3736
f 3698/3736 3794/3833 3795/3834
f 3698/3736 3795/3834 3699/3737
f 3699/3737 3795/3834 3796/3835
f 3699/3737 3796/3835 3700/3738
f 3700/3738 3796/3835 3797/3836
f 3700/3738 3797/3836 3701/3739
f 3701/3739 3797/3836 3798/3837
f 3701/3739 3798/3837 3702/3740
f 3702/3740 3798/3837 3799/3838
f 3702/3740 3799/3838 3703/3741
f 3703/3741 3799/3838 3800/3839
f 3703/3741 3800/3839 3704/3742
f 3704/3742 3800/3839 3801/3840
f 3704/3742 3801/3840 3705/3743
f 3705/3743 3801/3840 3802/3841
f 3705/3743 3802/3841 3706/3744
f 3706/3744 3802/3841 3803/3842
f 3706/3744 3803/3842 3707/3745
f 3707/3745 3803/3842 3804/3843
f 3707/3745 3804/3843 3708/3746
f 3708/3746 3804/3843 3805/3844
f 3708/3746 3805/3844 3709/3747
f 3709/3747 3805/3844 3806/3845
f 3709/3747 3806/3845 3710/3748
f 3710/3748 3806/3845 3807/3846
f 3710/3748 3807/3846 3711/3749
f 3711/3749 3807/3846 3808/3847
f 3711/3749 3808/3847 3712/3750
f 3712/3750 3808/3847 3809/3848
f 3712/3750 3809/3848 3713/3751
f 3713/3751 3809/3848 3810/3849
f 3713/3751 3810/3849 3714/3752
f 3714/3752 3810/3849 3811/3850
f 3714/3752 3811/3850 3715/3753
f 3715/3753 3811/3850 3812/3851
f 3715/3753 3812/3851 3716/3754
f 3716/3754 3812/3851 3813/3852
f 3716/3754 3813/3852 3717/3755
f 3717/3755 3813/3852 3814/3853
f 3717/3755 3814/3853 3718/3756
f 3718/3756 3814/3853 3815/3854
f 3718/3756 3815/3854 3719/3757
f 3719/3757 3815/3854 3816/3855
f 3719/3757 3816/3855 3720/3758
f 3720/3758 3816/3855 3817/3856
f 3720/3758 3817/3856 3721/3759
f 3721/3759 3817/3856 3818/3857
f 3721/3759 3818/3857 3722/3760
f 3722/3760 3818/3857 3819/3858
f 3722/3760 3819/3858 3723/3761
f 3723/3761 3819/3858 3820/3859
f 3723/3761 3820/3859 3724/3762
f 3724/3762 3820/3859 3821/3860
f 3724/3762 3821/3860 3725/3763
f 3725/3763 3821/3860 3822/3861
f 3725/3763 3822/3861 3726/3764
f 3726/3764 3822/3861 3823/3862
f 3726/3764 3823/3862 3727/3765
f 3727/3765 3823/3862 3824/3863
f 3727/3765 3824/3863 3728/3766
f 3728/3766 3824/3863 3825/3864
f 3728/3766 3825/3864 3729/3767
f 3729/3767 3825/3864 3826/3865
f 3729/3767 3826/3865 3730/3768
f 3730/3768 3826/3865 3827/3866
f 3730/3768 3827/3866 3731/3769
f 3731/3769 3827/3866 3828/3867
f 3731/3769 3828/3867 3732/3770
f 3732/3770 3828/3867 3829/3868
f 3732/3770 3829/3868 3733/3771
f 3733/3771 3829/3868 3830/3869
f 3733/3771 3830/3869 3734/3772
f 3734/3772 3830/3869 3831/3870
f 3734/3772 3831/3870 3735/3773
f 3735/3773 3831/3870 3832/3871
f 3735/3773 3832/3871 3736/3774
f 3736/3774 3832/3871 3833/3872
f 3736/3774 3833/3872 3737/3775
f 3737/3775 3833/3872 3834/3873
f 3737/3775 3834/3873 3738/3776
f 3738/3776 3834/3873 3835/3874
f 3738/3776 3835/3874 3739/3777
f 3739/3777 3835/3874 3836/3875
f 3739/3777 3836/3875 3740/3778
f 3740/3778 3836/3875 3837/3876
f 3740/3778 3837/3876 3741/3779
f 3741/3779 3837/3876 3838/3877
f 3741/3779 3838/3877 3742/3780
f 3742/3780 3838/3877 3839/3878
f 3742/3780 3839/3878 3743/3781
f 3743/3781 3839/3878 3840/3879
f 3743/3781 3840/3879 3744/3782
f 3744/3782 3840/3879 3745/3880
f 3744/3782 3745/3880 3649/3783
f 3745/3784 3841/3881 3842/3882
f 3745/3784 3842/3882 3746/3785
f 3746/3785 3842/3882 3843/3883
f 3746/3785 3843/3883 3747/3786
f 3747/3786 3843/3883 3844/3884
f 3747/3786 3844/3884 3748/3787
f 3748/3787 3844/3884 3845/3885
f 3748/3787 3845/3885 3749/3788
f 3749/3788 3845/3885 3846/3886
f 3749/3788 3846/3886 3750/3789
f 3750/3789 3846/3886 3847/3887
f 3750/3789 3847/3887 3751/3790
f 3751/3790 3847/3887 3848/3888
f 3751/3790 3848/3888 3752/3791
f 3752/3791 3848/3888 3849/3889
f 3752/3791 3849/3889 3753/3792
f 3753/3792 3849/3889 3850/3890
f 3753/3792 3850/3890 3754/3793
f 3754/3793 3850/3890 3851/3891
f 3754/3793 3851/3891 3755/3794
f 3755/3794 3851/3891 3852/3892
f 3755/3794 3852/3892 3756/3795
f 3756/3795 3852/3892 3853/3893
f 3756/3795 3853/3893 3757/3796
f 3757/3796 3853/3893 3854/3894
f 3757/3796 3854/3894 3758/3797
f 3758/3797 3854/3894 3855/3895
f 3758/3797 3855/3895 3759/3798
f 3759/3798 3855/3895 3856/3896
f 3759/3798 3856/3896 3760/3799
f 3760/3799 3856/3896 3857/3897
f 3760/3799 3857/3897 3761/3800
f 3761/3800 3857/3897 3858/3898
f 3761/3800 3858/3898 3762/3801
f 3762/3801 3858/3898 3859/3899
f 3762/3801 3859/3899 3763/3802
f 3763/3802 3859/3899 3860/3900
f 3763/3802 3860/3900 3764/3803
f 3764/3803 3860/3900 3861/3901
f 3764/3803 3861/3901 3765/3804
f 3765/3804 3861/3901 3862/3902
f 3765/3804 3862/3902 3766/3805
f 3766/3805 3862/3902 3863/3903
f 3766/3805 3863/3903 3767/3806
f 3767/3806 3863/3903 3864/3904
f 3767/3806 3864/3904 3768/3807
f 3768/3807 3864/3904 3865/3905
f 3768/3807 3865/3905 3769/3808
f 3769/3808 3865/3905 3866/3906
f 3769/3808 3866/3906 3770/3809
f 3770/3809 3866/3906 3867/3907
f 3770/3809 3867/3907 3771/3810
f 3771/3810 3867/3907 3868/3908
f 3771/3810 3868/3908 3772/3811
f 3772/3811 3868/3908 3869/3909
f 3772/3811 3869/3909 3773/3812
f 3773/3812 3869/3909 3870/3910
f 3773/3812 3870/3910 3774/3813
f 3774/3813 3870/3910 3871/3911
f 3774/3813 3871/3911 3775/3814
f 3775/3814 3871/3911 3872/3912
f 3775/3814 3872/3912 3776/3815
f 3776/3815 3872/3912 3873/3913
f 3776/3815 3873/3913 3777/3816
f 3777/3816 3873/3913 3874/3914
f 3777/3816 3874/3914 3778/3817
f 3778/3817 3874/3914 3875/3915
f 3778/3817 3875/3915 3779/3818
f 3779/3818 3875/3915 3876/3916
f 3779/3818 3876/3916 3780/3819
f 3780/3819 3876/3916 3877/3917
f 3780/3819 3877/3917 3781/3820
f 3781/3820 3877/3917 3878/3918
f 3781/3820 3878/3918 3782/3821
f 3782/3821 3878/3918 3879/3919
f 3782/3821 3879/3919 3783/3822
f 3783/3822 3879/3919 3880/3920
f 3783/3822 3880/3920 3784/3823
f 3784/3823 3880/3920 3881/3921
f 3784/3823 3881/3921 3785/3824
f 3785/3824 3881/3921 3882/3922
f 3785/3824 3882/3922 3786/3825
f 3786/3825 3882/3922 3883/3923
f 3786/3825 3883/3923 3787/3826
f 3787/3826 3883/3923 3884/3924
f 3787/3826 3884/3924 3788/3827
f 3788/3827 3884/3924 3885/3925
f 3788/3827 3885/3925 3789/3828
f 3789/3828 3885/3925 3886/3926
f 3789/3828 3886/3926 3790/3829
f 3790/3829 3886/3926 3887/3927
f 3790/3829 3887/3927 3791/3830
f 3791/3830 3887/3927 3888/3928
f 3791/3830 3888/3928 3792/3831
f 3792/3831 3888/3928 3889/3929
f 3792/3831 3889/3929 3793/3832
f 3793/3832 3889/3929 3890/3930
f 3793/3832 3890/3930 3794/3833
f 3794/3833 3890/3930 3891/3931
f 3794/3833 3891/3931 3795/3834
f 3795/3834 3891/3931 3892/3932
f 3795/3834 3892/3932 3796/3835
f 3796/3835 3892/3932 3893/3933
f 3796/3835 3893/3933 3797/3836
f 3797/3836 3893/3933 3894/3934
f 3797/3836 3894/3934 3798/3837
f 3798/3837 3894/3934 3895/3935
f 3798/3837 3895/3935 3799/3838
f 3799/3838 3895/3935 3896/3936
f 3799/3838 3896/3936 3800/3839
f 3800/3839 3896/3936 3897/3937
f 3800/3839 3897/3937 3801/3840
f 3801/3840 3897/3937 3898/3938
f 3801/3840 3898/3938 3802/3841
f 3802/3841 3898/3938 3899/3939
f 3802/3841 3899/3939 3803/3842
f 3803/3842 3899/3939 3900/3940
f 3803/3842 3900/3940 3804/3843
f 3804/3843 3900/3940 3901/3941
f 3804/3843 3901/3941 3805/3844
f 3805/3844 3901/3941 3902/3942
f 3805/3844 3902/3942 3806/3845
f 3806/3845 3902/3942 3903/3943
f 3806/3845 3903/3943 3807/3846
f 3807/3846 3903/3943 3904/3944
f 3807/3846 3904/3944 3808/3847
f 3808/3847 3904/3944 3905/3945
f 3808/3847 3905/3945 3809/3848
f 3809/3848 3905/3945 3906/3946
f 3809/3848 3906/3946 3810/3849
f 3810/3849 3906/3946 3907/3947
f 3810/3849 3907/3947 3811/3850
f 3811/3850 3907/3947 3908/3948
f 3811/3850 3908/3948 3812/3851
f 3812/3851 3908/3948 3909/3949
f 3812/3851 3909/3949 3813/3852
f 3813/3852 3909/3949 3910/3950
f 3813/3852 3910/3950 3814/3853
f 3814/3853 3910/3950 3911/3951
f 3814/3853 3911/3951 3815/3854
f 3815/3854 3911/3951 3912/3952
f 3815/3854 3912/3952 3816/3855
f 3816/3855 3912/3952 3913/3953
f 3816/3855 3913/3953 3817/3856
f 3817/3856 3913/3953 3914/3954
f 3817/3856 3914/3954 3818/3857
f 3818/3857 3914/3954 3915/3955
f 3818/3857 3915/3955 3819/3858
f 3819/3858 3915/3955 3916/3956
f 3819/3858 3916/3956 3820/3859
f 3820/3859 3916/3956 3917/3957
f 3820/3859 3917/3957 3821/3860
f 3821/3860 3917/3957 3918/3958
f 3821/3860 3918/3958 3822/3861
f 3822/3861 3918/3958 3919/3959
f 3822/3861 3919/3959 3823/3862
f 3823/3862 3919/3959 3920/3960
f 3823/3862 3920/3960 3824/3863
f 3824/3863 3920/3960 3921/3961
f 3824/3863 3921/3961 3825/3864
f 3825/3864 3921/3961 3922/3962
f 3825/3864 3922/3962 3826/3865
f 3826/3865 3922/3962 3923/3963
f 3826/3865 3923/3963 3827/3866
f 3827/3866 3923/3963 3924/3964
f 3827/3866 3924/3964 3828/3867
f 3828/3867 3924/3964 3925/3965
f 3828/3867 3925/3965 3829/3868
f 3829/3868 3925/3965 3926/3966
f 3829/3868 3926/3966 3830/3869
f 3830/3869 3926/3966 3927/3967
f 3830/3869 3927/3967 3831/3870
f 3831/3870 3927/3967 3928/3968
f 3831/3870 3928/3968 3832/3871
f 3832/3871 3928/3968 3929/3969
f 3832/3871 3929/3969 3833/3872
f 3833/3872 3929/3969 3930/3970
f 3833/3872 3930/3970 3834/3873
f 3834/3873 3930/3970 3931/3971
f 3834/3873 3931/3971 3835/3874
f 3835/3874 3931/3971 3932/3972
f 3835/3874 3932/3972 3836/3875
f 3836/3875 3932/3972 3933/3973
f 3836/3875 3933/3973 3837/3876
f 3837/3876 3933/3973 3934/3974
f 3837/3876 3934/3974 3838/3877
f 3838/3877 3934/3974 3935/3975
f 3838/3877 3935/3975 3839/3878
f 3839/3878 3935/3975 3936/3976
f 3839/3878 3936/3976 3840/3879
f 3840/3879 3936/3976 3841/3977
f 3840/3879 3841/3977 3745/3880
f 3841/3881 3937/3978 3938/3979
f 3841/3881 3938/3979 3842/3882
f 3842/3882 3938/3979 3939/3980
f 3842/3882 3939/3980 3843/3883
f 3843/3883 3939/3980 3940/3981
f 3843/3883 3940/3981 3844/3884
f 3844/3884 3940/3981 3941/3982
f 3844/3884 3941/3982 3845/3885
f 3845/3885 3941/3982 3942/3983
f 3845/3885 3942/3983 3846/3886
f 3846/3886 3942/3983 3943/3984
f 3846/3886 3943/3984 3847/3887
f 3847/3887 3943/3984 3944/3985
f 3847/3887 3944/3985 3848/3888
f 3848/3888 3944/3985 3945/3986
f 3848/3888 3945/3986 3849/3889
f 3849/3889 3945/3986 3946/3987
f 3849/3889 3946/3987 3850/3890
f 3850/3890 3946/3987 3947/3988
f 3850/3890 3947/3988 3851/3891
f 3851/3891 3947/3988 3948/3989
f 3851/3891 3948/3989 3852/3892
f 3852/3892 3948/3989 3949/3990
f 3852/3892 3949/3990 3853/3893
f 3853/3893 3949/3990 3950/3991
f 3853/3893 3950/3991 3854/3894
f 3854/3894 3950/3991 3951/3992
f 3854/3894 3951/3992 3855/3895
f 3855/3895 3951/3992 3952/3993
f 3855/3895 3952/3993 3856/3896
f 3856/3896 3952/3993 3953/3994
f 3856/3896 3953/3994 3857/3897
f 3857/3897 3953/3994 3954/3995
f 3857/3897 3954/3995 3858/3898
f 3858/3898 3954/3995 3955/3996
f 3858/3898 3955/3996 3859/3899
f 3859/3899 3955/3996 3956/3997
f 3859/3899 3956/3997 3860/3900
f 3860/3900 3956/3997 3957/3998
f 3860/3900 3957/3998 3861/3901
f 3861/3901 3957/3998 3958/3999
f 3861/3901 3958/3999 3862/3902
f 3862/3902 3958/3999 3959/4000
f 3862/3902 3959/4000 3863/3903
f 3863/3903 3959/4000 3960/4001
f 3863/3903 3960/4001 3864/3904
f 3864/3904 3960/4001 3961/4002
f 3864/3904 3961/4002 3865/3905
f 3865/3905 3961/4002 3962/4003
f 3865/3905 3962/4003 3866/3906
f 3866/3906 3962/4003 3963/4004
f 3866/3906 3963/4004 3867/3907
f 3867/3907 3963/4004 3964/4005
f 3867/3907 3964/4005 3868/3908
f 3868/3908 3964/4005 3965/4006
f 3868/3908 3965/4006 3869/3909
f 3869/3909 3965/4006 3966/4007
f 3869/3909 3966/4007 3870/3910
f 3870/3910 3966/4007 3967/4008
f 3870/3910 3967/4008 3871/3911
f 3871/3911 3967/4008 3968/4009
f 3871/3911 3968/4009 3872/3912
f 3872/3912 3968/4009 3969/4010
f 3872/3912 3969/4010 3873/3913
f 3873/3913 3969/4010 3970/4011
f 3873/3913 3970/4011 3874/3914
f 3874/3914 3970/4011 3971/4012
f 3874/3914 3971/4012 3875/3915
f 3875/3915 3971/4012 3972/4013
f 3875/3915 3972/4013 3876/3916
f 3876/3916 3972/4013 3973/4014
f 3876/3916 3973/4014 3877/3917
f 3877/3917 3973/4014 3974/4015
f 3877/3917 3974/4015 3878/3918
f 3878/3918 3974/4015 3975/4016
f 3878/3918 3975/4016 3879/3919
f 3879/3919 3975/4016 3976/4017
f 3879/3919 3976/4017 3880/3920
f 3880/3920 3976/4017 3977/4018
f 3880/3920 3977/4018 3881/3921
f 3881/3921 3977/4018 3978/4019
f 3881/3921 3978/4019 3882/3922
f 3882/3922 3978/4019 3979/4020
f 3882/3922 3979/4020 3883/3923
f 3883/3923 3979/4020 3980/4021
f 3883/3923 3980/4021 3884/3924
f 3884/3924 3980/4021 3981/4022
f 3884/3924 3981/4022 3885/3925
f 3885/3925 3981/4022 3982/4023
f 3885/3925 3982/4023 3886/3926
f 3886/3926 3982/4023 3983/4024
f 3886/3926 3983/4024 3887/3927
f 3887/3927 3983/4024 3984/4025
f 3887/3927 3984/4025 3888/3928
f 3888/3928 3984/4025 3985/4026
f 3888/3928 3985/4026 3889/3929
f 3889/3929 3985/4026 3986/4027
f 3889/3929 3986/4027 3890/3930
f 3890/3930 3986/4027 3987/4028
f 3890/3930 3987/4028 3891/3931
f 3891/3931 3987/4028 3988/4029
f 3891/3931 3988/4029 3892/3932
f 3892/3932 3988/4029 3989/4030
f 3892/3932 3989/4030 3893/3933
f 3893/3933 3989/4030 3990/4031
f 3893/3933 3990/4031 3894/3934
f 3894/3934 3990/4031 3991/4032
f 3894/3934 3991/4032 3895/3935
f 3895/3935 3991/4032 3992/4033
f 3895/3935 3992/4033 3896/3936
f 3896/3936 3992/4033 3993/4034
f 3896/3936 3993/4034 3897/3937
f 3897/3937 3993/4034 3994/4035
f 3897/3937 3994/4035 3898/3938
f 3898/3938 3994/4035 3995/4036
f 3898/3938 3995/4036 3899/3939
f 3899/3939 3995/4036 3996/4037
f 3899/3939 3996/4037 3900/3940
f 3900/3940 3996/4037 3997/4038
f 3900/3940 3997/4038 3901/3941
f 3901/3941 3997/4038 3998/4039
f 3901/3941 3998/4039 3902/3942
f 3902/3942 3998/4039 3999/4040
f 3902/3942 3999/4040 3903/3943
f 3903/3943 3999/4040 4000/4041
f 3903/3943 4000/4041 3904/3944
f 3904/3944 4000/4041 4001/4042
f 3904/3944 4001/4042 3905/3945
f 3905/3945 4001/4042 4002/4043
f 3905/3945 4002/4043 3906/3946
f 3906/3946 4002/4043 4003/4044
f 3906/3946 4003/4044 3907/3947
f 3907/3947 4003/4044 4004/4045
f 3907/3947 4004/4045 3908/3948
f 3908/3948 4004/4045 4005/4046
f 3908/3948 4005/4046 3909/3949
f 3909/3949 4005/4046 4006/4047
f 3909/3949 4006/4047 3910/3950
f 3910/3950 4006/4047 4007/4048
f 3910/3950 4007/4048 3911/3951
f 3911/3951 4007/4048 4008/4049
f 3911/3951 4008/4049 3912/3952
f 3912/3952 4008/4049 4009/4050
f 3912/3952 4009/4050 3913/3953
f 3913/3953 4009/4050 4010/4051
f 3913/3953 4010/4051 3914/3954
f 3914/3954 4010/4051 4011/4052
f 3914/3954 4011/4052 3915/3955
f 3915/3955 4011/4052 4012/4053
f 3915/3955 4012/4053 3916/3956
f 3916/3956 4012/4053 4013/4054
f 3916/3956 4013/4054 3917/3957
f 3917/3957 4013/4054 4014/4055
f 3917/3957 4014/4055 3918/3958
f 3918/3958 4014/4055 4015/4056
f 3918/3958 4015/4056 3919/3959
f 3919/3959 4015/4056 4016/4057
f 3919/3959 4016/4057 3920/3960
f 3920/3960 4016/4057 4017/4058
f 3920/3960 4017/4058 3921/3961
f 3921/3961 4017/4058 4018/4059
f 3921/3961 4018/4059 3922/3962
f 3922/3962 4018/4059 4019/4060
f 3922/3962 4019/4060 3923/3963
f 3923/3963 4019/4060 4020/4061
f 3923/3963 4020/4061 3924/3964
f 3924/3964 4020/4061 4021/4062
f 3924/3964 4021/4062 3925/3965
f 3925/3965 4021/4062 4022/4063
f 3925/3965 4022/4063 3926/3966
f 3926/3966 4022/4063 4023/4064
f 3926/3966 4023/4064 3927/3967
f 3927/3967 4023/4064 4024/4065
f 3927/3967 4024/4065 3928/3968
f 3928/3968 4024/4065 4025/4066
f 3928/3968 4025/4066 3929/3969
f 3929/3969 4025/4066 4026/4067
f 3929/3969 4026/4067 3930/3970
f 3930/3970 4026/4067 4027/4068
f 3930/3970 4027/4068 3931/3971
f 3931/3971 4027/4068 4028/4069
f 3931/3971 4028/4069 3932/3972
f 3932/3972 4028/4069 4029/4070
f 3932/3972 4029/4070 3933/3973
f 3933/3973 4029/4070 4030/4071
f 3933/3973 4030/4071 3934/3974
f 3934/3974 4030/4071 4031/4072
f 3934/3974 4031/4072 3935/3975
f 3935/3975 4031/4072 4032/4073
f 3935/3975 4032/4073 3936/3976
f 3936/3976 4032/4073 3937/4074
f 3936/3976 3937/4074 3841/3977
f 3937/3978 4033/4075 4034/4076
f 3937/3978 4034/4076 3938/3979
f 3938/3979 4034/4076 4035/4077
f 3938/3979 4035/4077 3939/3980
f 3939/3980 4035/4077 4036/4078
f 3939/3980 4036/4078 3940/3981
f 3940/3981 4036/4078 4037/4079
f 3940/3981 4037/4079 3941/3982
f 3941/3982 4037/4079 4038/4080
f 3941/3982 4038/4080 3942/3983
f 3942/3983 4038/4080 4039/4081
f 3942/3983 4039/4081 3943/3984
f 3943/3984 4039/4081 4040/4082
f 3943/3984 4040/4082 3944/3985
f 3944/3985 4040/4082 4041/4083
f 3944/3985 4041/4083 3945/3986
f 3945/3986 4041/4083 4042/4084
f 3945/3986 4042/4084 3946/3987
f 3946/3987 4042/4084 4043/4085
f 3946/3987 4043/4085 3947/3988
f 3947/3988 4043/4085 4044/4086
f 3947/3988 4044/4086 3948/3989
f 3948/3989 4044/4086 4045/4087
f 3948/3989 4045/4087 3949/3990
f 3949/3990 4045/4087 4046/4088
f 3949/3990 4046/4088 3950/3991
f 3950/3991 4046/4088 4047/4089
f 3950/3991 4047/4089 3951/3992
f 3951/3992 4047/4089 4048/4090
f 3951/3992 4048/4090 3952/3993
f 3952/3993 4048/4090 4049/4091
f 3952/3993 4049/4091 3953/3994
f 3953/3994 4049/4091 4050/4092
f 3953/3994 4050/4092 3954/3995
f 3954/3995 4050/4092 4051/4093
f 3954/3995 4051/4093 3955/3996
f 3955/3996 4051/4093 4052/4094
f 3955/3996 4052/4094 3956/3997
f 3956/3997 4052/4094 4053/4095
f 3956/3997 4053/4095 3957/3998
f 3957/3998 4053/4095 4054/4096
f 3957/3998 4054/4096 3958/3999
f 3958/3999 4054/4096 4055/4097
f 3958/3999 4055/4097 3959/4000
f 3959/4000 4055/4097 4056/4098
f 3959/4000 4056/4098 3960/4001
f 3960/4001 4056/4098 4057/4099
f 3960/4001 4057/4099 3961/4002
f 3961/4002 4057/4099 4058/4100
f 3961/4002 4058/4100 3962/4003
f 3962/4003 4058/4100 4059/4101
f 3962/4003 4059/4101 3963/4004
f 3963/4004 4059/4101 4060/4102
f 3963/4004 4060/4102 3964/4005
f 3964/4005 4060/4102 4061/4103
f 3964/4005 4061/4103 3965/4006
f 3965/4006 4061/4103 4062/4104
f 3965/4006 4062/4104 3966/4007
f 3966/4007 4062/4104 4063/4105
f 3966/4007 4063/4105 3967/4008
f 3967/4008 4063/4105 4064/4106
f 3967/4008 4064/4106 3968/4009
f 3968/4009 4064/4106 4065/4107
f 3968/4009 4065/4107 3969/4010
f 3969/4010 4065/4107 4066/4108
f 3969/4010 4066/4108 3970/4011
f 3970/4011 4066/4108 4067/4109
f 3970/4011 4067/4109 3971/4012
f 3971/4012 4067/4109 4068/4110
f 3971/4012 4068/4110 3972/4013
f 3972/4013 4068/4110 4069/4111
f 3972/4013 4069/4111 3973/4014
f 3973/4014 4069/4111 4070/4112
f 3973/4014 4070/4112 3974/4015
f 3974/4015 4070/4112 4071/4113
f 3974/4015 4071/4113 3975/4016
f 3975/4016 4071/4113 4072/4114
f 3975/4016 4072/4114 3976/4017
f 3976/4017 4072/4114 4073/4115
f 3976/4017 4073/4115 3977/4018
f 3977/4018 4073/4115 4074/4116
f 3977/4018 4074/4116 3978/4019
f 3978/4019 4074/4116 4075/4117
f 3978/4019 4075/4117 3979/4020
f 3979/4020 4075/4117 4076/4118
f 3979/4020 4076/4118 3980/4021
f 3980/4021 4076/4118 4077/4119
f 3980/4021 4077/4119 3981/4022
f 3981/4022 4077/4119 4078/4120
f 3981/4022 4078/4120 3982/4023
f 3982/4023 4078/4120 4079/4121
f 3982/4023 4079/4121 3983/4024
f 3983/4024 4079/4121 4080/4122
f 3983/4024 4080/4122 3984/4025
f 3984/4025 4080/4122 4081/4123
f 3984/4025 4081/4123 3985/4026
f 3985/4026 4081/4123 4082/4124
f 3985/4026 4082/4124 3986/4027
f 3986/4027 4082/4124 4083/4125
f 3986/4027 4083/4125 3987/4028
f 3987/4028 4083/4125 4084/4126
f 3987/4028 4084/4126 3988/4029
f 3988/4029 4084/4126 4085/4127
f 3988/4029 4085/4127 3989/4030
f 3989/4030 4085/4127 4086/4128
f 3989/4030 4086/4128 3990/4031
f 3990/4031 4086/4128 4087/4129
f 3990/4031 4087/4129 3991/4032
f 3991/4032 4087/4129 4088/4130
f 3991/4032 4088/4130 3992/4033
f 3992/4033 4088/4130 4089/4131
f 3992/4033 4089/4131 3993/4034
f 3993/4034 4089/4131 4090/4132
f 3993/4034 4090/4132 3994/4035
f 3994/4035 4090/4132 4091/4133
f 3994/4035 4091/4133 3995/4036
f 3995/4036 4091/4133 4092/4134
f 3995/4036 4092/4134 3996/4037
f 3996/4037 4092/4134 4093/4135
f 3996/4037 4093/4135 3997/4038
f 3997/4038 4093/4135 4094/4136
f 3997/4038 4094/4136 3998/4039
f 3998/4039 4094/4136 4095/4137
f 3998/4039 4095/4137 3999/4040
f 3999/4040 4095/4137 4096/4138
f 3999/4040 4096/4138 4000/4041
f 4000/4041 4096/4138 4097/4139
f 4000/4041 4097/4139 4001/4042
f 4001/4042 4097/4139 4098/4140
f 4001/4042 4098/4140 4002/4043
f 4002/4043 4098/4140 4099/4141
f 4002/4043 4099/4141 4003/4044
f 4003/4044 4099/4141 4100/4142
f 4003/4044 4100/4142 4004/4045
f 4004/4045 4100/4142 4101/4143
f 4004/4045 4101/4143 4005/4046
f 4005/4046 4101/4143 4102/4144
f 4005/4046 4102/4144 4006/4047
f 4006/4047 4102/4144 4103/4145
f 4006/4047 4103/4145 4007/4048
f 4007/4048 4103/4145 4104/4146
f 4007/4048 4104/4146 4008/4049
f 4008/4049 4104/4146 4105/4147
f 4008/4049 4105/4147 4009/4050
f 4009/4050 4105/4147 4106/4148
f 4009/4050 4106/4148 4010/4051
f 4010/4051 4106/4148 4107/4149
f 4010/4051 4107/4149 4011/4052
f 4011/4052 4107/4149 4108/4150
f 4011/4052 4108/4150 4012/4053
f 4012/4053 4108/4150 4109/4151
f 4012/4053 4109/4151 4013/4054
f 4013/4054 4109/4151 4110/4152
f 4013/4054 4110/4152 4014/4055
f 4014/4055 4110/4152 4111/4153
f 4014/4055 4111/4153 4015/4056
f 4015/4056 4111/4153 4112/4154
f 4015/4056 4112/4154 4016/4057
f 4016/4057 4112/4154 4113/4155
f 4016/4057 4113/4155 4017/4058
f 4017/4058 4113/4155 4114/4156
f 4017/4058 4114/4156 4018/4059
f 4018/4059 4114/4156 4115/4157
f 4018/4059 4115/4157 4019/4060
f 4019/4060 4115/4157 4116/4158
f 4019/4060 4116/4158 4020/4061
f 4020/4061 4116/4158 4117/4159
f 4020/4061 4117/4159 4021/4062
f 4021/4062 4117/4159 4118/4160
f 4021/4062 4118/4160 4022/4063
f 4022/4063 4118/4160 4119/4161
f 4022/4063 4119/4161 4023/4064
f 4023/4064 4119/4161 4120/4162
f 4023/4064 4120/4162 4024/4065
f 4024/4065 4120/4162 4121/4163
f 4024/4065 4121/4163 4025/4066
f 4025/4066 4121/4163 4122/4164
f 4025/4066 4122/4164 4026/4067
f 4026/4067 4122/4164 4123/4165
f 4026/4067 4123/4165 4027/4068
f 4027/4068 4123/4165 4124/4166
f 4027/4068 4124/4166 4028/4069
f 4028/4069 4124/4166 4125/4167
f 4028/4069 4125/4167 4029/4070
f 4029/4070 4125/4167 4126/4168
f 4029/4070 4126/4168 4030/4071
f 4030/4071 4126/4168 4127/4169
f 4030/4071 4127/4169 4031/4072
f 4031/4072 4127/4169 4128/4170
f 4031/4072 4128/4170 4032/4073
f 4032/4073 4128/4170 4033/4171
f 4032/4073 4033/4171 3937/4074
f 4033/4075 4129/4172 4130/4173
f 4033/4075 4130/4173 4034/4076
f 4034/4076 4130/4173 4131/4174
f 4034/4076 4131/4174 4035/4077
f 4035/4077 4131/4174 4132/4175
f 4035/4077 4132/4175 4036/4078
f 4036/4078 4132/4175 4133/4176
f 4036/4078 4133/4176 4037/4079
f 4037/4079 4133/4176 4134/4177
f 4037/4079 4134/4177 4038/4080
f 4038/4080 4134/4177 4135/4178
f 4038/4080 4135/4178 4039/4081
f 4039/4081 4135/4178 4136/4179
f 4039/4081 4136/4179 4040/4082
f 4040/4082 4136/4179 4137/4180
f 4040/4082 4137/4180 4041/4083
f 4041/4083 4137/4180 4138/4181
f 4041/4083 4138/4181 4042/4084
f 4042/4084 4138/4181 4139/4182
f 4042/4084 4139/4182 4043/4085
f 4043/4085 4139/4182 4140/4183
f 4043/4085 4140/4183 4044/4086
f 4044/4086 4140/4183 4141/4184
f 4044/4086 4141/4184 4045/4087
f 4045/4087 4141/4184 4142/4185
f 4045/4087 4142/4185 4046/4088
f 4046/4088 4142/4185 4143/4186
f 4046/4088 4143/4186 4047/4089
f 4047/4089 4143/4186 4144/4187
f 4047/4089 4144/4187 4048/4090
f 4048/4090 4144/4187 4145/4188
f 4048/4090 4145/4188 4049/4091
f 4049/4091 4145/4188 4146/4189
f 4049/4091 4146/4189 4050/4092
f 4050/4092 4146/4189 4147/4190
f 4050/4092 4147/4190 4051/4093
f 4051/4093 4147/4190 4148/4191
f 4051/4093 4148/4191 4052/4094
f 4052/4094 4148/4191 4149/4192
f 4052/4094 4149/4192 4053/4095
f 4053/4095 4149/4192 4150/4193
f 4053/4095 4150/4193 4054/4096
f 4054/4096 4150/4193 4151/4194
f 4054/4096 4151/4194 4055/4097
f 4055/4097 4151/4194 4152/4195
f 4055/4097 4152/4195 4056/4098
f 4056/4098 4152/4195 4153/4196
f 4056/4098 4153/4196 4057/4099
f 4057/4099 4153/4196 4154/4197
f 4057/4099 4154/4197 4058/4100
f 4058/4100 4154/4197 4155/4198
f 4058/4100 4155/4198 4059/4101
f 4059/4101 4155/4198 4156/4199
f 4059/4101 4156/4199 4060/4102
f 4060/4102 4156/4199 4157/4200
f 4060/4102 4157/4200 4061/4103
f 4061/4103 4157/4200 4158/4201
f 4061/4103 4158/4201 4062/4104
f 4062/4104 4158/4201 4159/4202
f 4062/4104 4159/4202 4063/4105
f 4063/4105 4159/4202 4160/4203
f 4063/4105 4160/4203 4064/4106
f 4064/4106 4160/4203 4161/4204
f 4064/4106 4161/4204 4065/4107
f 4065/4107 4161/4204 4162/4205
f 4065/4107 4162/4205 4066/4108
f 4066/4108 4162/4205 4163/4206
f 4066/4108 4163/4206 4067/4109
f 4067/4109 4163/4206 4164/4207
f 4067/4109 4164/4207 4068/4110
f 4068/4110 4164/4207 4165/4208
f 4068/4110 4165/4208 4069/4111
f 4069/4111 4165/4208 4166/4209
f 4069/4111 4166/4209 4070/4112
f 4070/4112 4166/4209 4167/4210
f 4070/4112 4167/4210 4071/4113
f 4071/4113 4167/4210 4168/4211
f 4071/4113 4168/4211 4072/4114
f 4072/4114 4168/4211 4169/4212
f 4072/4114 4169/4212 4073/4115
f 4073/4115 4169/4212 4170/4213
f 4073/4115 4170/4213 4074/4116
f 4074/4116 4170/4213 4171/4214
f 4074/4116 4171/4214 4075/4117
f 4075/4117 4171/4214 4172/4215
f 4075/4117 4172/4215 4076/4118
f 4076/4118 4172/4215 4173/4216
f 4076/4118 4173/4216 4077/4119
f 4077/4119 4173/4216 4174/4217
f 4077/4119 4174/4217 4078/4120
f 4078/4120 4174/4217 4175/4218
f 4078/4120 4175/4218 4079/4121
f 4079/4121 4175/4218 4176/4219
f 4079/4121 4176/4219 4080/4122
f 4080/4122 4176/4219 4177/4220
f 4080/4122 4177/4220 4081/4123
f 4081/4123 4177/4220 4178/4221
f 4081/4123 4178/4221 4082/4124
f 4082/4124 4178/4221 4179/4222
f 4082/4124 4179/4222 4083/4125
f 4083/4125 4179/4222 4180/4223
f 4083/4125 4180/4223 4084/4126
f 4084/4126 4180/4223 4181/4224
f 4084/4126 4181/4224 4085/4127
f 4085/4127 4181/4224 4182/4225
f 4085/4127 4182/4225 4086/4128
f 4086/4128 4182/4225 4183/4226
f 4086/4128 4183/4226 4087/4129
f 4087/4129 4183/4226 4184/4227
f 4087/4129 4184/4227 4088/4130
f 4088/4130 4184/4227 4185/4228
f 4088/4130 4185/4228 4089/4131
f 4089/4131 4185/4228 4186/4229
f 4089/4131 4186/4229 4090/4132
f 4090/4132 4186/4229 4187/4230
f 4090/4132 4187/4230 4091/4133
f 4091/4133 4187/4230 4188/4231
f 4091/4133 4188/4231 4092/4134
f 4092/4134 4188/4231 4189/4232
f 4092/4134 4189/4232 4093/4135
f 4093/4135 4189/4232 4190/4233
f 4093/4135 4190/4233 4094/4136
f 4094/4136 4190/4233 4191/4234
f 4094/4136 4191/4234 4095/4137
f 4095/4137 4191/4234 4192/4235
f 4095/4137 4192/4235 4096/4138
f 4096/4138 4192/4235 4193/4236
f 4096/4138 4193/4236 4097/4139
f 4097/4139 4193/4236 4194/4237
f 4097/4139 4194/4237 4098/4140
f 4098/4140 4194/4237 4195/4238
f 4098/4140 4195/4238 4099/4141
f 4099/4141 4195/4238 4196/4239
f 4099/4141 4196/4239 4100/4142
f 4100/4142 4196/4239 4197/4240
f 4100/4142 4197/4240 4101/4143
f 4101/4143 4197/4240 4198/4241
f 4101/4143 4198/4241 4102/4144
f 4102/4144 4198/4241 4199/4242
f 4102/4144 4199/4242 4103/4145
f 4103/4145 4199/4242 4200/4243
f 4103/4145 4200/4243 4104/4146
f 4104/4146 4200/4243 4201/4244
f 4104/4146 4201/4244 4105/4147
f 4105/4147 4201/4244 4202/4245
f 4105/4147 4202/4245 4106/4148
f 4106/4148 4202/4245 4203/4246
f 4106/4148 4203/4246 4107/4149
f 4107/4149 4203/4246 4204/4247
f 4107/4149 4204/4247 4108/4150
f 4108/4150 4204/4247 4205/4248
f 4108/4150 4205/4248 4109/4151
f 4109/4151 4205/4248 4206/4249
f 4109/4151 4206/4249 4110/4152
f 4110/4152 4206/4249 4207/4250
f 4110/4152 4207/4250 4111/4153
f 4111/4153 4207/4250 4208/4251
f 4111/4153 4208/4251 4112/4154
f 4112/4154 4208/4251 4209/4252
f 4112/4154 4209/4252 4113/4155
f 4113/4155 4209/4252 4210/4253
f 4113/4155 4210/4253 4114/4156
f 4114/4156 4210/4253 4211/4254
f 4114/4156 4211/4254 4115/4157
f 4115/4157 4211/4254 4212/4255
f 4115/4157 4212/4255 4116/4158
f 4116/4158 4212/4255 4213/4256
f 4116/4158 4213/4256 4117/4159
f 4117/4159 4213/4256 4214/4257
f 4117/4159 4214/4257 4118/4160
f 4118/4160 4214/4257 4215/4258
f 4118/4160 4215/4258 4119/4161
f 4119/4161 4215/4258 4216/4259
f 4119/4161 4216/4259 4120/4162
f 4120/4162 4216/4259 4217/4260
f 4120/4162 4217/4260 4121/4163
f 4121/4163 4217/4260 4218/4261
f 4121/4163 4218/4261 4122/4164
f 4122/4164 4218/4261 4219/4262
f 4122/4164 4219/4262 4123/4165
f 4123/4165 4219/4262 4220/4263
f 4123/4165 4220/4263 4124/4166
f 4124/4166 4220/4263 4221/4264
f 4124/4166 4221/4264 4125/4167
f 4125/4167 4221/4264 4222/4265
f 4125/4167 4222/4265 4126/4168
f 4126/4168 4222/4265 4223/4266
f 4126/4168 4223/4266 4127/4169
f 4127/4169 4223/4266 4224/4267
f 4127/4169 4224/4267 4128/4170
f 4128/4170 4224/4267 4129/4268
f 4128/4170 4129/4268 4033/4171
f 4129/4172 4225/4269 4226/4270
f 4129/4172 4226/4270 4130/4173
f 4130/4173 4226/4270 4227/4271
f 4130/4173 4227/4271 4131/4174
f 4131/4174 4227/4271 4228/4272
f 4131/4174 4228/4272 4132/4175
f 4132/4175 4228/4272 4229/4273
f 4132/4175 4229/4273 4133/4176
f 4133/4176 4229/4273 4230/4274
f 4133/4176 4230/4274 4134/4177
f 4134/4177 4230/4274 4231/4275
f 4134/4177 4231/4275 4135/4178
f 4135/4178 4231/4275 4232/4276
f 4135/4178 4232/4276 4136/4179
f 4136/4179 4232/4276 4233/4277
f 4136/4179 4233/4277 4137/4180
f 4137/4180 4233/4277 4234/4278
f 4137/4180 4234/4278 4138/4181
f 4138/4181 4234/4278 4235/4279
f 4138/4181 4235/4279 4139/4182
f 4139/4182 4235/4279 4236/4280
f 4139/4182 4236/4280 4140/4183
f 4140/4183 4236/4280 4237/4281
f 4140/4183 4237/4281 4141/4184
f 4141/4184 4237/4281 4238/4282
f 4141/4184 4238/4282 4142/4185
f 4142/4185 4238/4282 4239/4283
f 4142/4185 4239/4283 4143/4186
f 4143/4186 4239/4283 4240/4284
f 4143/4186 4240/4284 4144/4187
f 4144/4187 4240/4284 4241/4285
f 4144/4187 4241/4285 4145/4188
f 4145/4188 4241/4285 4242/4286
f 4145/4188 4242/4286 4146/4189
f 4146/4189 4242/4286 4243/4287
f 4146/4189 4243/4287 4147/4190
f 4147/4190 4243/4287 4244/4288
f 4147/4190 4244/4288 4148/4191
f 4148/4191 4244/4288 4245/4289
f 4148/4191 4245/4289 4149/4192
f 4149/4192 4245/4289 4246/4290
f 4149/4192 4246/4290 4150/4193
f 4150/4193 4246/4290 4247/4291
f 4150/4193 4247/4291 4151/4194
f 4151/4194 4247/4291 4248/4292
f 4151/4194 4248/4292 4152/4195
f 4152/4195 4248/4292 4249/4293
f 4152/4195 4249/4293 4153/4196
f 4153/4196 4249/4293 4250/4294
f 4153/4196 4250/4294 4154/4197
f 4154/4197 4250/4294 4251/4295
f 4154/4197 4251/4295 4155/4198
f 4155/4198 4251/4295 4252/4296
f 4155/4198 4252/4296 4156/4199
f 4156/4199 4252/4296 4253/4297
f 4156/4199 4253/4297 4157/4200
f 4157/4200 4253/4297 4254/4298
f 4157/4200 4254/4298 4158/4201
f 4158/4201 4254/4298 4255/4299
f 4158/4201 4255/4299 4159/4202
f 4159/4202 4255/4299 4256/4300
f 4159/4202 4256/4300 4160/4203
f 4160/4203 4256/4300 4257/4301
f 4160/4203 4257/4301 4161/4204
f 4161/4204 4257/4301 4258/4302
f 4161/4204 4258/4302 4162/4205
f 4162/4205 4258/4302 4259/4303
f 4162/4205 4259/4303 4163/4206
f 4163/4206 4259/4303 4260/4304
f 4163/4206 4260/4304 4164/4207
f 4164/4207 4260/4304 4261/4305
f 4164/4207 4261/4305 4165/4208
f 4165/4208 4261/4305 4262/4306
f 4165/4208 4262/4306 4166/4209
f 4166/4209 4262/4306 4263/4307
f 4166/4209 4263/4307 4167/4210
f 4167/4210 4263/4307 4264/4308
f 4167/4210 4264/4308 4168/4211
f 4168/4211 4264/4308 4265/4309
f 4168/4211 4265/4309 4169/4212
f 4169/4212 4265/4309 4266/4310
f 4169/4212 4266/4310 4170/4213
f 4170/4213 4266/4310 4267/4311
f 4170/4213 4267/4311 4171/4214
f 4171/4214 4267/4311 4268/4312
f 4171/4214 4268/4312 4172/4215
f 4172/4215 4268/4312 4269/4313
f 4172/4215 4269/4313 4173/4216
f 4173/4216 4269/4313 4270/4314
f 4173/4216 4270/4314 4174/4217
f 4174/4217 4270/4314 4271/4315
f 4174/4217 4271/4315 4175/4218
f 4175/4218 4271/4315 4272/4316
f 4175/4218 4272/4316 4176/4219
f 4176/4219 4272/4316 4273/4317
f 4176/4219 4273/4317 4177/4220
f 4177/4220 4273/4317 4274/4318
f 4177/4220 4274/4318 4178/4221
f 4178/4221 4274/4318 4275/4319
f 4178/4221 4275/4319 4179/4222
f 4179/4222 4275/4319 4276/4320
f 4179/4222 4276/4320 4180/4223
f 4180/4223 4276/4320 4277/4321
f 4180/4223 4277/4321 4181/4224
f 4181/4224 4277/4321 4278/4322
f 4181/4224 4278/4322 4182/4225
f 4182/4225 4278/4322 4279/4323
f 4182/4225 4279/4323 4183/4226
f 4183/4226 4279/4323 4280/4324
f 4183/4226 4280/4324 4184/4227
f 4184/4227 4280/4324 4281/4325
f 4184/4227 4281/4325 4185/4228
f 4185/4228 4281/4325 4282/4326
f 4185/4228 4282/4326 4186/4229
f 4186/4229 4282/4326 4283/4327
f 4186/4229 4283/4327 4187/4230
f 4187/4230 4283/4327 4284/4328
f 4187/4230 4284/4328 4188/4231
f 4188/4231 4284/4328 4285/4329
f 4188/4231 4285/4329 4189/4232
f 4189/4232 4285/4329 4286/4330
f 4189/4232 4286/4330 4190/4233
f 4190/4233 4286/4330 4287/4331
f 4190/4233 4287/4331 4191/4234
f 4191/4234 4287/4331 4288/4332
f 4191/4234 4288/4332 4192/4235
f 4192/4235 4288/4332 4289/4333
f 4192/4235 4289/4333 4193/4236
f 4193/4236 4289/4333 4290/4334
f 4193/4236 4290/4334 4194/4237
f 4194/4237 4290/4334 4291/4335
f 4194/4237 4291/4335 4195/4238
f 4195/4238 4291/4335 4292/4336
f 4195/4238 4292/4336 4196/4239
f 4196/4239 4292/4336 4293/4337
f 4196/4239 4293/4337 4197/4240
f 4197/4240 4293/4337 4294/4338
f 4197/4240 4294/4338 4198/4241
f 4198/4241 4294/4338 4295/4339
f 4198/4241 4295/4339 4199/4242
f 4199/4242 4295/4339 4296/4340
f 4199/4242 4296/4340 4200/4243
f 4200/4243 4296/4340 4297/4341
f 4200/4243 4297/4341 4201/4244
f 4201/4244 4297/4341 4298/4342
f 4201/4244 4298/4342 4202/4245
f 4202/4245 4298/4342 4299/4343
f 4202/4245 4299/4343 4203/4246
f 4203/4246 4299/4343 4300/4344
f 4203/4246 4300/4344 4204/4247
f 4204/4247 4300/4344 4301/4345
f 4204/4247 4301/4345 4205/4248
f 4205/4248 4301/4345 4302/4346
f 4205/4248 4302/4346 4206/4249
f 4206/4249 4302/4346 4303/4347
f 4206/4249 4303/4347 4207/4250
f 4207/4250 4303/4347 4304/4348
f 4207/4250 4304/4348 4208/4251
f 4208/4251 4304/4348 4305/4349
f 4208/4251 4305/4349 4209/4252
f 4209/4252 4305/4349 4306/4350
f 4209/4252 4306/4350 4210/4253
f 4210/4253 4306/4350 4307/4351
f 4210/4253 4307/4351 4211/4254
f 4211/4254 4307/4351 4308/4352
f 4211/4254 4308/4352 4212/4255
f 4212/4255 4308/4352 4309/4353
f 4212/4255 4309/4353 4213/4256
f 4213/4256 4309/4353 4310/4354
f 4213/4256 4310/4354 4214/4257
f 4214/4257 4310/4354 4311/4355
f 4214/4257 4311/4355 4215/4258
f 4215/4258 4311/4355 4312/4356
f 4215/4258 4312/4356 4216/4259
f 4216/4259 4312/4356 4313/4357
f 4216/4259 4313/4357 4217/4260
f 4217/4260 4313/4357 4314/4358
f 4217/4260 4314/4358 4218/4261
f 4218/4261 4314/4358 4315/4359
f 4218/4261 4315/4359 4219/4262
f 4219/4262 4315/4359 4316/4360
f 4219/4262 4316/4360 4220/4263
f 4220/4263 4316/4360 4317/4361
f 4220/4263 4317/4361 4221/4264
f 4221/4264 4317/4361 4318/4362
f 4221/4264 4318/4362 4222/4265
f 4222/4265 4318/4362 4319/4363
f 4222/4265 4319/4363 4223/4266
f 4223/4266 4319/4363 4320/4364
f 4223/4266 4320/4364 4224/4267
f 4224/4267 4320/4364 4225/4365
f 4224/4267 4225/4365 4129/4268
f 4225/4269 4321/4366 4322/4367
f 4225/4269 4322/4367 4226/4270
f 4226/4270 4322/4367 4323/4368
f 4226/4270 4323/4368 4227/4271
f 4227/4271 4323/4368 4324/4369
f 4227/4271 4324/4369 4228/4272
f 4228/4272 4324/4369 4325/4370
f 4228/4272 4325/4370 4229/4273
f 4229/4273 4325/4370 4326/4371
f 4229/4273 4326/4371 4230/4274
f 4230/4274 4326/4371 4327/4372
f 4230/4274 4327/4372 4231/4275
f 4231/4275 4327/4372 4328/4373
f 4231/4275 4328/4373 4232/4276
f 4232/4276 4328/4373 4329/4374
f 4232/4276 4329/4374 4233/4277
f 4233/4277 4329/4374 4330/4375
f 4233/4277 4330/4375 4234/4278
f 4234/4278 4330/4375 4331/4376
f 4234/4278 4331/4376 4235/4279
f 4235/4279 4331/4376 4332/4377
f 4235/4279 4332/4377 4236/4280
f 4236/4280 4332/4377 4333/4378
f 4236/4280 4333/4378 4237/4281
f 4237/4281 4333/4378 4334/4379
f 4237/4281 4334/4379 4238/4282
f 4238/4282 4334/4379 4335/4380
f 4238/4282 4335/4380 4239/4283
f 4239/4283 4335/4380 4336/4381
f 4239/4283 4336/4381 4240/4284
f 4240/4284 4336/4381 4337/4382
f 4240/4284 4337/4382 4241/4285
f 4241/4285 4337/4382 4338/4383
f 4241/4285 4338/4383 4242/4286
f 4242/4286 4338/4383 4339/4384
f 4242/4286 4339/4384 4243/4287
f 4243/4287 4339/4384 4340/4385
f 4243/4287 4340/4385 4244/4288
f 4244/4288 4340/4385 4341/4386
f 4244/4288 4341/4386 4245/4289
f 4245/4289 4341/4386 4342/4387
f 4245/4289 4342/4387 4246/4290
f 4246/4290 4342/4387 4343/4388
f 4246/4290 4343/4388 4247/4291
f 4247/4291 4343/4388 4344/4389
f 4247/4291 4344/4389 4248/4292
f 4248/4292 4344/4389 4345/4390
f 4248/4292 4345/4390 4249/4293
f 4249/4293 4345/4390 4346/4391
f 4249/4293 4346/4391 4250/4294
f 4250/4294 4346/4391 4347/4392
f 4250/4294 4347/4392 4251/4295
f 4251/4295 4347/4392 4348/4393
f 4251/4295 4348/4393 4252/4296
f 4252/4296 4348/4393 4349/4394
f 4252/4296 4349/4394 4253/4297
f 4253/4297 4349/4394 4350/4395
f 4253/4297 4350/4395 4254/4298
f 4254/4298 4350/4395 4351/4396
f 4254/4298 4351/4396 4255/4299
f 4255/4299 4351/4396 4352/4397
f 4255/4299 4352/4397 4256/4300
f 4256/4300 4352/4397 4353/4398
f 4256/4300 4353/4398 4257/4301
f 4257/4301 4353/4398 4354/4399
f 4257/4301 4354/4399 4258/4302
f 4258/4302 4354/4399 4355/4400
f 4258/4302 4355/4400 4259/4303
f 4259/4303 4355/4400 4356/4401
f 4259/4303 4356/4401 4260/4304
f 4260/4304 4356/4401 4357/4402
f 4260/4304 4357/4402 4261/4305
f 4261/4305 4357/4402 4358/4403
f 4261/4305 4358/4403 4262/4306
f 4262/4306 4358/4403 4359/4404
f 4262/4306 4359/4404 4263/4307
f 4263/4307 4359/4404 4360/4405
f 4263/4307 4360/4405 4264/4308
f 4264/4308 4360/4405 4361/4406
f 4264/4308 4361/4406 4265/4309
f 4265/4309 4361/4406 4362/4407
f 4265/4309 4362/4407 4266/4310
f 4266/4310 4362/4407 4363/4408
f 4266/4310 4363/4408 4267/4311
f 4267/4311 4363/4408 4364/4409
f 4267/4311 4364/4409 4268/4312
f 4268/4312 4364/4409 4365/4410
f 4268/4312 4365/4410 4269/4313
f 4269/4313 4365/4410 4366/4411
f 4269/4313 4366/4411 4270/4314
f 4270/4314 4366/4411 4367/4412
f 4270/4314 4367/4412 4271/4315
f 4271/4315 4367/4412 4368/4413
f 4271/4315 4368/4413 4272/4316
f 4272/4316 4368/4413 4369/4414
f 4272/4316 4369/4414 4273/4317
f 4273/4317 4369/4414 4370/4415
f 4273/4317 4370/4415 4274/4318
f 4274/4318 4370/4415 4371/4416
f 4274/4318 4371/4416 4275/4319
f 4275/4319 4371/4416 4372/4417
f 4275/4319 4372/4417 4276/4320
f 4276/4320 4372/4417 4373/4418
f 4276/4320 4373/4418 4277/4321
f 4277/4321 4373/4418 4374/4419
f 4277/4321 4374/4419 4278/4322
f 4278/4322 4374/4419 4375/4420
f 4278/4322 4375/4420 4279/4323
f 4279/4323 4375/4420 4376/4421
f 4279/4323 4376/4421 4280/4324
f 4280/4324 4376/4421 4377/4422
f 4280/4324 4377/4422 4281/4325
f 4281/4325 4377/4422 4378/4423
f 4281/4325 4378/4423 4282/4326
f 4282/4326 4378/4423 4379/4424
f 4282/4326 4379/4424 4283/4327
f 4283/4327 4379/4424 4380/4425
f 4283/4327 4380/4425 4284/4328
f 4284/4328 4380/4425 4381/4426
f 4284/4328 4381/4426 4285/4329
f 4285/4329 4381/4426 4382/4427
f 4285/4329 4382/4427 4286/4330
f 4286/4330 4382/4427 4383/4428
f 4286/4330 4383/4428 4287/4331
f 4287/4331 4383/4428 4384/4429
f 4287/4331 4384/4429 4288/4332
f 4288/4332 4384/4429 4385/4430
f 4288/4332 4385/4430 4289/4333
f 4289/4333 4385/4430 4386/4431
f 4289/4333 4386/4431 4290/4334
f 4290/4334 4386/4431 4387/4432
f 4290/4334 4387/4432 4291/4335
f 4291/4335 4387/4432 4388/4433
f 4291/4335 4388/4433 4292/4336
f 4292/4336 4388/4433 4389/4434
f 4292/4336 4389/4434 4293/4337
f 4293/4337 4389/4434 4390/4435
f 4293/4337 4390/4435 4294/4338
f 4294/4338 4390/4435 4391/4436
f 4294/4338 4391/4436 4295/4339
f 4295/4339 4391/4436 4392/4437
f 4295/4339 4392/4437 4296/4340
f 4296/4340 4392/4437 4393/4438
f 4296/4340 4393/4438 4297/4341
f 4297/4341 4393/4438 4394/4439
f 4297/4341 4394/4439 4298/4342
f 4298/4342 4394/4439 4395/4440
f 4298/4342 4395/4440 4299/4343
f 4299/4343 4395/4440 4396/4441
f 4299/4343 4396/4441 4300/4344
f 4300/4344 4396/4441 4397/4442
f 4300/4344 4397/4442 4301/4345
f 4301/4345 4397/4442 4398/4443
f 4301/4345 4398/4443 4302/4346
f 4302/4346 4398/4443 4399/4444
f 4302/4346 4399/4444 4303/4347
f 4303/4347 4399/4444 4400/4445
f 4303/4347 4400/4445 4304/4348
f 4304/4348 4400/4445 4401/4446
f 4304/4348 4401/4446 4305/4349
f 4305/4349 4401/4446 4402/4447
f 4305/4349 4402/4447 4306/4350
f 4306/4350 4402/4447 4403/4448
f 4306/4350 4403/4448 4307/4351
f 4307/4351 4403/4448 4404/4449
f 4307/4351 4404/4449 4308/4352
f 4308/4352 4404/4449 4405/4450
f 4308/4352 4405/4450 4309/4353
f 4309/4353 4405/4450 4406/4451
f 4309/4353 4406/4451 4310/4354
f 4310/4354 4406/4451 4407/4452
f 4310/4354 4407/4452 4311/4355
f 4311/4355 4407/4452 4408/4453
f 4311/4355 4408/4453 4312/4356
f 4312/4356 4408/4453 4409/4454
f 4312/4356 4409/4454 4313/4357
f 4313/4357 4409/4454 4410/4455
f 4313/4357 4410/4455 4314/4358
f 4314/4358 4410/4455 4411/4456
f 4314/4358 4411/4456 4315/4359
f 4315/4359 4411/4456 4412/4457
f 4315/4359 4412/4457 4316/4360
f 4316/4360 4412/4457 4413/4458
f 4316/4360 4413/4458 4317/4361
f 4317/4361 4413/4458 4414/4459
f 4317/4361 4414/4459 4318/4362
f 4318/4362 4414/4459 4415/4460
f 4318/4362 4415/4460 4319/4363
f 4319/4363 4415/4460 4416/4461
f 4319/4363 4416/4461 4320/4364
f 4320/4364 4416/4461 4321/4462
f 4320/4364 4321/4462 4225/4365
f 4321/4366 4417/4463 4418/4464
f 4321/4366 4418/4464 4322/4367
f 4322/4367 4418/4464 4419/4465
f 4322/4367 4419/4465 4323/4368
f 4323/4368 4419/4465 4420/4466
f 4323/4368 4420/4466 4324/4369
f 4324/4369 4420/4466 4421/4467
f 4324/4369 4421/4467 4325/4370
f 4325/4370 4421/4467 4422/4468
f 4325/4370 4422/4468 4326/4371
f 4326/4371 4422/4468 4423/4469
f 4326/4371 4423/4469 4327/4372
f 4327/4372 4423/4469 4424/4470
f 4327/4372 4424/4470 4328/4373
f 4328/4373 4424/4470 4425/4471
f 4328/4373 4425/4471 4329/4374
f 4329/4374 4425/4471 4426/4472
f 4329/4374 4426/4472 4330/4375
f 4330/4375 4426/4472 4427/4473
f 4330/4375 4427/4473 4331/4376
f 4331/4376 4427/4473 4428/4474
f 4331/4376 4428/4474 4332/4377
f 4332/4377 4428/4474 4429/4475
f 4332/4377 4429/4475 4333/4378
f 4333/4378 4429/4475 4430/4476
f 4333/4378 4430/4476 4334/4379
f 4334/4379 4430/4476 4431/4477
f 4334/4379 4431/4477 4335/4380
f 4335/4380 4431/4477 4432/4478
f 4335/4380 4432/4478 4336/4381
f 4336/4381 4432/4478 4433/4479
f 4336/4381 4433/4479 4337/4382
f 4337/4382 4433/4479 4434/4480
f 4337/4382 4434/4480 4338/4383
f 4338/4383 4434/4480 4435/4481
f 4338/4383 4435/4481 4339/4384
f 4339/4384 4435/4481 4436/4482
f 4339/4384 4436/4482 4340/4385
f 4340/4385 4436/4482 4437/4483
f 4340/4385 4437/4483 4341/4386
f 4341/4386 4437/4483 4438/4484
f 4341/4386 4438/4484 4342/4387
f 4342/4387 4438/4484 4439/4485
f 4342/4387 4439/4485 4343/4388
f 4343/4388 4439/4485 4440/4486
f 4343/4388 4440/4486 4344/4389
f 4344/4389 4440/4486 4441/4487
f 4344/4389 4441/4487 4345/4390
f 4345/4390 4441/4487 4442/4488
f 4345/4390 4442/4488 4346/4391
f 4346/4391 4442/4488 4443/4489
f 4346/4391 4443/4489 4347/4392
f 4347/4392 4443/4489 4444/4490
f 4347/4392 4444/4490 4348/4393
f 4348/4393 4444/4490 4445/4491
f 4348/4393 4445/4491 4349/4394
f 4349/4394 4445/4491 4446/4492
f 4349/4394 4446/4492 4350/4395
f 4350/4395 4446/4492 4447/4493
f 4350/4395 4447/4493 4351/4396
f 4351/4396 4447/4493 4448/4494
f 4351/4396 4448/4494 4352/4397
f 4352/4397 4448/4494 4449/4495
f 4352/4397 4449/4495 4353/4398
f 4353/4398 4449/4495 4450/4496
f 4353/4398 4450/4496 4354/4399
f 4354/4399 4450/4496 4451/4497
f 4354/4399 4451/4497 4355/4400
f 4355/4400 4451/4497 4452/4498
f 4355/4400 4452/4498 4356/4401
f 4356/4401 4452/4498 4453/4499
f 4356/4401 4453/4499 4357/4402
f 4357/4402 4453/4499 4454/4500
f 4357/4402 4454/4500 4358/4403
f 4358/4403 4454/4500 4455/4501
f 4358/4403 4455/4501 4359/4404
f 4359/4404 4455/4501 4456/4502
f 4359/4404 4456/4502 4360/4405
f 4360/4405 4456/4502 4457/4503
f 4360/4405 4457/4503 4361/4406
f 4361/4406 4457/4503 4458/4504
f 4361/4406 4458/4504 4362/4407
f 4362/4407 4458/4504 4459/4505
f 4362/4407 4459/4505 4363/4408
f 4363/4408 4459/4505 4460/4506
f 4363/4408 4460/4506 4364/4409
f 4364/4409 4460/4506 4461/4507
f 4364/4409 4461/4507 4365/4410
f 4365/4410 4461/4507 4462/4508
f 4365/4410 4462/4508 4366/4411
f 4366/4411 4462/4508 4463/4509
f 4366/4411 4463/4509 4367/4412
f 4367/4412 4463/4509 4464/4510
f 4367/4412 4464/4510 4368/4413
f 4368/4413 4464/4510 4465/4511
f 4368/4413 4465/4511 4369/4414
f 4369/4414 4465/4511 4466/4512
f 4369/4414 4466/4512 4370/4415
f 4370/4415 4466/4512 4467/4513
f 4370/4415 4467/4513 4371/4416
f 4371/4416 4467/4513 4468/4514
f 4371/4416 4468/4514 4372/4417
f 4372/4417 4468/4514 4469/4515
f 4372/4417 4469/4515 4373/4418
f 4373/4418 4469/4515 4470/4516
f 4373/4418 4470/4516 4374/4419
f 4374/4419 4470/4516 4471/4517
f 4374/4419 4471/4517 4375/4420
f 4375/4420 4471/4517 4472/4518
f 4375/4420 4472/4518 4376/4421
f 4376/4421 4472/4518 4473/4519
f 4376/4421 4473/4519 4377/4422
f 4377/4422 4473/4519 4474/4520
f 4377/4422 4474/4520 4378/4423
f 4378/4423 4474/4520 4475/4521
f 4378/4423 4475/4521 4379/4424
f 4379/4424 4475/4521 4476/4522
f 4379/4424 4476/4522 4380/4425
f 4380/4425 4476/4522 4477/4523
f 4380/4425 4477/4523 4381/4426
f 4381/4426 4477/4523 4478/4524
f 4381/4426 4478/4524 4382/4427
f 4382/4427 4478/4524 4479/4525
f 4382/4427 4479/4525 4383/4428
f 4383/4428 4479/4525 4480/4526
f 4383/4428 4480/4526 4384/4429
f 4384/4429 4480/4526 4481/4527
f 4384/4429 4481/4527 4385/4430
f 4385/4430 4481/4527 4482/4528
f 4385/4430 4482/4528 4386/4431
f 4386/4431 4482/4528 4483/4529
f 4386/4431 4483/4529 4387/4432
f 4387/4432 4483/4529 4484/4530
f 4387/4432 4484/4530 4388/4433
f 4388/4433 4484/4530 4485/4531
f 4388/4433 4485/4531 4389/4434
f 4389/4434 4485/4531 4486/4532
f 4389/4434 4486/4532 4390/4435
f 4390/4435 4486/4532 4487/4533
f 4390/4435 4487/4533 4391/4436
f 4391/4436 4487/4533 4488/4534
f 4391/4436 4488/4534 4392/4437
f 4392/4437 4488/4534 4489/4535
f 4392/4437 4489/4535 4393/4438
f 4393/4438 4489/4535 4490/4536
f 4393/4438 4490/4536 4394/4439
f 4394/4439 4490/4536 4491/4537
f 4394/4439 4491/4537 4395/4440
f 4395/4440 4491/4537 4492/4538
f 4395/4440 4492/4538 4396/4441
f 4396/4441 4492/4538 4493/4539
f 4396/4441 4493/4539 4397/4442
f 4397/4442 4493/4539 4494/4540
f 4397/4442 4494/4540 4398/4443
f 4398/4443 4494/4540 4495/4541
f 4398/4443 4495/4541 4399/4444
f 4399/4444 4495/4541 4496/4542
f 4399/4444 4496/4542 4400/4445
f 4400/4445 4496/4542 4497/4543
f 4400/4445 4497/4543 4401/4446
f 4401/4446 4497/4543 4498/4544
f 4401/4446 4498/4544 4402/4447
f 4402/4447 4498/4544 4499/4545
f 4402/4447 4499/4545 4403/4448
f 4403/4448 4499/4545 4500/4546
f 4403/4448 4500/4546 4404/4449
f 4404/4449 4500/4546 4501/4547
f 4404/4449 4501/4547 4405/4450
f 4405/4450 4501/4547 4502/4548
f 4405/4450 4502/4548 4406/4451
f 4406/4451 4502/4548 4503/4549
f 4406/4451 4503/4549 4407/4452
f 4407/4452 4503/4549 4504/4550
f 4407/4452 4504/4550 4408/4453
f 4408/4453 4504/4550 4505/4551
f 4408/4453 4505/4551 4409/4454
f 4409/4454 4505/4551 4506/4552
f 4409/4454 4506/4552 4410/4455
f 4410/4455 4506/4552 4507/4553
f 4410/4455 4507/4553 4411/4456
f 4411/4456 4507/4553 4508/4554
f 4411/4456 4508/4554 4412/4457
f 4412/4457 4508/4554 4509/4555
f 4412/4457 4509/4555 4413/4458
f 4413/4458 4509/4555 4510/4556
f 4413/4458 4510/4556 4414/4459
f 4414/4459 4510/4556 4511/4557
f 4414/4459 4511/4557 4415/4460
f 4415/4460 4511/4557 4512/4558
f 4415/4460 4512/4558 4416/4461
f 4416/4461 4512/4558 4417/4559
f 4416/4461 4417/4559 4321/4462
f 4417/4463 4513/4560 4514/4561
f 4417/4463 4514/4561 4418/4464
f 4418/4464 4514/4561 4515/4562
f 4418/4464 4515/4562 4419/4465
f 4419/4465 4515/4562 4516/4563
f 4419/4465 4516/4563 4420/4466
f 4420/4466 4516/4563 4517/4564
f 4420/4466 4517/4564 4421/4467
f 4421/4467 4517/4564 4518/4565
f 4421/4467 4518/4565 4422/4468
f 4422/4468 4518/4565 4519/4566
f 4422/4468 4519/4566 4423/4469
f 4423/4469 4519/4566 4520/4567
f 4423/4469 4520/4567 4424/4470
f 4424/4470 4520/4567 4521/4568
f 4424/4470 4521/4568 4425/4471
f 4425/4471 4521/4568 4522/4569
f 4425/4471 4522/4569 4426/4472
f 4426/4472 4522/4569 4523/4570
f 4426/4472 4523/4570 4427/4473
f 4427/4473 4523/4570 4524/4571
f 4427/4473 4524/4571 4428/4474
f 4428/4474 4524/4571 4525/4572
f 4428/4474 4525/4572 4429/4475
f 4429/4475 4525/4572 4526/4573
f 4429/4475 4526/4573 4430/4476
f 4430/4476 4526/4573 4527/4574
f 4430/4476 4527/4574 4431/4477
f 4431/4477 4527/4574 4528/4575
f 4431/4477 4528/4575 4432/4478
f 4432/4478 4528/4575 4529/4576
f 4432/4478 4529/4576 4433/4479
f 4433/4479 4529/4576 4530/4577
f 4433/4479 4530/4577 4434/4480
f 4434/4480 4530/4577 4531/4578
f 4434/4480 4531/4578 4435/4481
f 4435/4481 4531/4578 4532/4579
f 4435/4481 4532/4579 4436/4482
f 4436/4482 4532/4579 4533/4580
f 4436/4482 4533/4580 4437/4483
f 4437/4483 4533/4580 4534/4581
f 4437/4483 4534/4581 4438/4484
f 4438/4484 4534/4581 4535/4582
f 4438/4484 4535/4582 4439/4485
f 4439/4485 4535/4582 4536/4583
f 4439/4485 4536/4583 4440/4486
f 4440/4486 4536/4583 4537/4584
f 4440/4486 4537/4584 4441/4487
f 4441/4487 4537/4584 4538/4585
f 4441/4487 4538/4585 4442/4488
f 4442/4488 4538/4585 4539/4586
f 4442/4488 4539/4586 4443/4489
f 4443/4489 4539/4586 4540/4587
f 4443/4489 4540/4587 4444/4490
f 4444/4490 4540/4587 4541/4588
f 4444/4490 4541/4588 4445/4491
f 4445/4491 4541/4588 4542/4589
f 4445/4491 4542/4589 4446/4492
f 4446/4492 4542/4589 4543/4590
f 4446/4492 4543/4590 4447/4493
f 4447/4493 4543/4590 4544/4591
f 4447/4493 4544/4591 4448/4494
f 4448/4494 4544/4591 4545/4592
f 4448/4494 4545/4592 4449/4495
f 4449/4495 4545/4592 4546/4593
f 4449/4495 4546/4593 4450/4496
f 4450/4496 4546/4593 4547/4594
f 4450/4496 4547/4594 4451/4497
f 4451/4497 4547/4594 4548/4595
f 4451/4497 4548/4595 4452/4498
f 4452/4498 4548/4595 4549/4596
f 4452/4498 4549/4596 4453/4499
f 4453/4499 4549/4596 4550/4597
f 4453/4499 4550/4597 4454/4500
f 4454/4500 4550/4597 4551/4598
f 4454/4500 4551/4598 4455/4501
f 4455/4501 4551/4598 4552/4599
f 4455/4501 4552/4599 4456/4502
f 4456/4502 4552/4599 4553/4600
f 4456/4502 4553/4600 4457/4503
f 4457/4503 4553/4600 4554/4601
f 4457/4503 4554/4601 4458/4504
f 4458/4504 4554/4601 4555/4602
f 4458/4504 4555/4602 4459/4505
f 4459/4505 4555/4602 4556/4603
f 4459/4505 4556/4603 4460/4506
f 4460/4506 4556/4603 4557/4604
f 4460/4506 4557/4604 4461/4507
f 4461/4507 4557/4604 4558/4605
f 4461/4507 4558/4605 4462/4508
f 4462/4508 4558/4605 4559/4606
f 4462/4508 4559/4606 4463/4509
f 4463/4509 4559/4606 4560/4607
f 4463/4509 4560/4607 4464/4510
f 4464/4510 4560/4607 4561/4608
f 4464/4510 4561/4608 4465/4511
f 4465/4511 4561/4608 4562/4609
f 4465/4511 4562/4609 4466/4512
f 4466/4512 4562/4609 4563/4610
f 4466/4512 4563/4610 4467/4513
f 4467/4513 4563/4610 4564/4611
f 4467/4513 4564/4611 4468/4514
f 4468/4514 4564/4611 4565/4612
f 4468/4514 4565/4612 4469/4515
f 4469/4515 4565/4612 4566/4613
f 4469/4515 4566/4613 4470/4516
f 4470/4516 4566/4613 4567/4614
f 4470/4516 4567/4614 4471/4517
f 4471/4517 4567/4614 4568/4615
f 4471/4517 4568/4615 4472/4518
f 4472/4518 4568/4615 4569/4616
f 4472/4518 4569/4616 4473/4519
f 4473/4519 4569/4616 4570/4617
f 4473/4519 4570/4617 4474/4520
f 4474/4520 4570/4617 4571/4618
f 4474/4520 4571/4618 4475/4521
f 4475/4521 4571/4618 4572/4619
f 4475/4521 4572/4619 4476/4522
f 4476/4522 4572/4619 4573/4620
f 4476/4522 4573/4620 4477/4523
f 4477/4523 4573/4620 4574/4621
f 4477/4523 4574/4621 4478/4524
f 4478/4524 4574/4621 4575/4622
f 4478/4524 4575/4622 4479/4525
f 4479/4525 4575/4622 4576/4623
f 4479/4525 4576/4623 4480/4526
f 4480/4526 4576/4623 4577/4624
f 4480/4526 4577/4624 4481/4527
f 4481/4527 4577/4624 4578/4625
f 4481/4527 4578/4625 4482/4528
f 4482/4528 4578/4625 4579/4626
f 4482/4528 4579/4626 4483/4529
f 4483/4529 4579/4626 4580/4627
f 4483/4529 4580/4627 4484/4530
f 4484/4530 4580/4627 4581/4628
f 4484/4530 4581/4628 4485/4531
f 4485/4531 4581/4628 4582/4629
f 4485/4531 4582/4629 4486/4532
f 4486/4532 4582/4629 4583/4630
f 4486/4532 4583/4630 4487/4533
f 4487/4533 4583/4630 4584/4631
f 4487/4533 4584/4631 4488/4534
f 4488/4534 4584/4631 4585/4632
f 4488/4534 4585/4632 4489/4535
f 4489/4535 4585/4632 4586/4633
f 4489/4535 4586/4633 4490/4536
f 4490/4536 4586/4633 4587/4634
f 4490/4536 4587/4634 4491/4537
f 4491/4537 4587/4634 4588/4635
f 4491/4537 4588/4635 4492/4538
f 4492/4538 4588/4635 4589/4636
f 4492/4538 4589/4636 4493/4539
f 4493/4539 4589/4636 4590/4637
f 4493/4539 4590/4637 4494/4540
f 4494/4540 4590/4637 4591/4638
f 4494/4540 4591/4638 4495/4541
f 4495/4541 4591/4638 4592/4639
f 4495/4541 4592/4639 4496/4542
f 4496/4542 4592/4639 4593/4640
f 4496/4542 4593/4640 4497/4543
f 4497/4543 4593/4640 4594/4641
f 4497/4543 4594/4641 4498/4544
f 4498/4544 4594/4641 4595/4642
f 4498/4544 4595/4642 4499/4545
f 4499/4545 4595/4642 4596/4643
f 4499/4545 4596/4643 4500/4546
f 4500/4546 4596/4643 4597/4644
f 4500/4546 4597/4644 4501/4547
f 4501/4547 4597/4644 4598/4645
f 4501/4547 4598/4645 4502/4548
f 4502/4548 4598/4645 4599/4646
f 4502/4548 4599/4646 4503/4549
f 4503/4549 4599/4646 4600/4647
f 4503/4549 4600/4647 4504/4550
f 4504/4550 4600/4647 4601/4648
f 4504/4550 4601/4648 4505/4551
f 4505/4551 4601/4648 4602/4649
f 4505/4551 4602/4649 4506/4552
f 4506/4552 4602/4649 4603/4650
f 4506/4552 4603/4650 4507/4553
f 4507/4553 4603/4650 4604/4651
f 4507/4553 4604/4651 4508/4554
f 4508/4554 4604/4651 4605/4652
f 4508/4554 4605/4652 4509/4555
f 4509/4555 4605/4652 4606/4653
f 4509/4555 4606/4653 4510/4556
f 4510/4556 4606/4653 4607/4654
f 4510/4556 4607/4654 4511/4557
f 4511/4557 4607/4654 4608/4655
f 4511/4557 4608/4655 4512/4558
f 4512/4558 4608/4655 4513/4656
f 4512/4558 4513/4656 4417/4559
f 4513/4560 4609/4657 4610/4658
f 4513/4560 4610/4658 4514/4561
f 4514/4561 4610/4658 4611/4659
f 4514/4561 4611/4659 4515/4562
f 4515/4562 4611/4659 4612/4660
f 4515/4562 4612/4660 4516/4563
f 4516/4563 4612/4660 4613/4661
f 4516/4563 4613/4661 4517/4564
f 4517/4564 4613/4661 4614/4662
f 4517/4564 4614/4662 4518/4565
f 4518/4565 4614/4662 4615/4663
f 4518/4565 4615/4663 4519/4566
f 4519/4566 4615/4663 4616/4664
f 4519/4566 4616/4664 4520/4567
f 4520/4567 4616/4664 4617/4665
f 4520/4567 4617/4665 4521/4568
f 4521/4568 4617/4665 4618/4666
f 4521/4568 4618/4666 4522/4569
f 4522/4569 4618/4666 4619/4667
f 4522/4569 4619/4667 4523/4570
f 4523/4570 4619/4667 4620/4668
f 4523/4570 4620/4668 4524/4571
f 4524/4571 4620/4668 4621/4669
f 4524/4571 4621/4669 4525/4572
f 4525/4572 4621/4669 4622/4670
f 4525/4572 4622/4670 4526/4573
f 4526/4573 4622/4670 4623/4671
f 4526/4573 4623/4671 4527/4574
f 4527/4574 4623/4671 4624/4672
f 4527/4574 4624/4672 4528/4575
f 4528/4575 4624/4672 4625/4673
f 4528/4575 4625/4673 4529/4576
f 4529/4576 4625/4673 4626/4674
f 4529/4576 4626/4674 4530/4577
f 4530/4577 4626/4674 4627/4675
f 4530/4577 4627/4675 4531/4578
f 4531/4578 4627/4675 4628/4676
f 4531/4578 4628/4676 4532/4579
f 4532/4579 4628/4676 4629/4677
f 4532/4579 4629/4677 4533/4580
f 4533/4580 4629/4677 4630/4678
f 4533/4580 4630/4678 4534/4581
f 4534/4581 4630/4678 4631/4679
f 4534/4581 4631/4679 4535/4582
f 4535/4582 4631/4679 4632/4680
f 4535/4582 4632/4680 4536/4583
f 4536/4583 4632/4680 4633/4681
f 4536/4583 4633/4681 4537/4584
f 4537/4584 4633/4681 4634/4682
f 4537/4584 4634/4682 4538/4585
f 4538/4585 4634/4682 4635/4683
f 4538/4585 4635/4683 4539/4586
f 4539/4586 4635/4683 4636/4684
f 4539/4586 4636/4684 4540/4587
f 4540/4587 4636/4684 4637/4685
f 4540/4587 4637/4685 4541/4588
f 4541/4588 4637/4685 4638/4686
f 4541/4588 4638/4686 4542/4589
f 4542/4589 4638/4686 4639/4687
f 4542/4589 4639/4687 4543/4590
f 4543/4590 4639/4687 4640/4688
f 4543/4590 4640/4688 4544/4591
f 4544/4591 4640/4688 4641/4689
f 4544/4591 4641/4689 4545/4592
f 4545/4592 4641/4689 4642/4690
f 4545/4592 4642/4690 4546/4593
f 4546/4593 4642/4690 4643/4691
f 4546/4593 4643/4691 4547/4594
f 4547/4594 4643/4691 4644/4692
f 4547/4594 4644/4692 4548/4595
f 4548/4595 4644/4692 4645/4693
f 4548/4595 4645/4693 4549/4596
f 4549/4596 4645/4693 4646/4694
f 4549/4596 4646/4694 4550/4597
f 4550/4597 4646/4694 4647/4695
f 4550/4597 4647/4695 4551/4598
f 4551/4598 4647/4695 4648/4696
f 4551/4598 4648/4696 4552/4599
f 4552/4599 4648/4696 4649/4697
f 4552/4599 4649/4697 4553/4600
f 4553/4600 4649/4697 4650/4698
f 4553/4600 4650/4698 4554/4601
f 4554/4601 4650/4698 4651/4699
f 4554/4601 4651/4699 4555/4602
f 4555/4602 4651/4699 4652/4700
f 4555/4602 4652/4700 4556/4603
f 4556/4603 4652/4700 4653/4701
f 4556/4603 4653/4701 4557/4604
f 4557/4604 4653/4701 4654/4702
f 4557/4604 4654/4702 4558/4605
f 4558/4605 4654/4702 4655/4703
f 4558/4605 4655/4703 4559/4606
f 4559/4606 4655/4703 4656/4704
f 4559/4606 4656/4704 4560/4607
f 4560/4607 4656/4704 4657/4705
f 4560/4607 4657/4705 4561/4608
f 4561/4608 4657/4705 4658/4706
f 4561/4608 4658/4706 4562/4609
f 4562/4609 4658/4706 4659/4707
f 4562/4609 4659/4707 4563/4610
f 4563/4610 4659/4707 4660/4708
f 4563/4610 4660/4708 4564/4611
f 4564/4611 4660/4708 4661/4709
f 4564/4611 4661/4709 4565/4612
f 4565/4612 4661/4709 4662/4710
f 4565/4612 4662/4710 4566/4613
f 4566/4613 4662/4710 4663/4711
f 4566/4613 4663/4711 4567/4614
f 4567/4614 4663/4711 4664/4712
f 4567/4614 4664/4712 4568/4615
f 4568/4615 4664/4712 4665/4713
f 4568/4615 4665/4713 4569/4616
f 4569/4616 4665/4713 4666/4714
f 4569/4616 4666/4714 4570/4617
f 4570/4617 4666/4714 4667/4715
f 4570/4617 4667/4715 4571/4618
f 4571/4618 4667/4715 4668/4716
f 4571/4618 4668/4716 4572/4619
f 4572/4619 4668/4716 4669/4717
f 4572/4619 4669/4717 4573/4620
f 4573/4620 4669/4717 4670/4718
f 4573/4620 4670/4718 4574/4621
f 4574/4621 4670/4718 4671/4719
f 4574/4621 4671/4719 4575/4622
f 4575/4622 4671/4719 4672/4720
f 4575/4622 4672/4720 4576/4623
f 4576/4623 4672/4720 4673/4721
f 4576/4623 4673/4721 4577/4624
f 4577/4624 4673/4721 4674/4722
f 4577/4624 4674/4722 4578/4625
f 4578/4625 4674/4722 4675/4723
f 4578/4625 4675/4723 4579/4626
f 4579/4626 4675/4723 4676/4724
f 4579/4626 4676/4724 4580/4627
f 4580/4627 4676/4724 4677/4725
f 4580/4627 4677/4725 4581/4628
f 4581/4628 4677/4725 4678/4726
f 4581/4628 4678/4726 4582/4629
f 4582/4629 4678/4726 4679/4727
f 4582/4629 4679/4727 4583/4630
f 4583/4630 4679/4727 4680/4728
f 4583/4630 4680/4728 4584/4631
f 4584/4631 4680/4728 4681/4729
f 4584/4631 4681/4729 4585/4632
f 4585/4632 4681/4729 4682/4730
f 4585/4632 4682/4730 4586/4633
f 4586/4633 4682/4730 4683/4731
f 4586/4633 4683/4731 4587/4634
f 4587/4634 4683/4731 4684/4732
f 4587/4634 4684/4732 4588/4635
f 4588/4635 4684/4732 4685/4733
f 4588/4635 4685/4733 4589/4636
f 4589/4636 4685/4733 4686/4734
f 4589/4636 4686/4734 4590/4637
f 4590/4637 4686/4734 4687/4735
f 4590/4637 4687/4735 4591/4638
f 4591/4638 4687/4735 4688/4736
f 4591/4638 4688/4736 4592/4639
f 4592/4639 4688/4736 4689/4737
f 4592/4639 4689/4737 4593/4640
f 4593/4640 4689/4737 4690/4738
f 4593/4640 4690/4738 4594/4641
f 4594/4641 4690/4738 4691/4739
f 4594/4641 4691/4739 4595/4642
f 4595/4642 4691/4739 4692/4740
f 4595/4642 4692/4740 4596/4643
f 4596/4643 4692/4740 4693/4741
f 4596/4643 4693/4741 4597/4644
f 4597/4644 4693/4741 4694/4742
f 4597/4644 4694/4742 4598/4645
f 4598/4645 4694/4742 4695/4743
f 4598/4645 4695/4743 4599/4646
f 4599/4646 4695/4743 4696/4744
f 4599/4646 4696/4744 4600/4647
f 4600/4647 4696/4744 4697/4745
f 4600/4647 4697/4745 4601/4648
f 4601/4648 4697/4745 4698/4746
f 4601/4648 4698/4746 4602/4649
f 4602/4649 4698/4746 4699/4747
f 4602/4649 4699/4747 4603/4650
f 4603/4650 4699/4747 4700/4748
f 4603/4650 4700/4748 4604/4651
f 4604/4651 4700/4748 4701/4749
f 4604/4651 4701/4749 4605/4652
f 4605/4652 4701/4749 4702/4750
f 4605/4652 4702/4750 4606/4653
f 4606/4653 4702/4750 4703/4751
f 4606/4653 4703/4751 4607/4654
f 4607/4654 4703/4751 4704/4752
f 4607/4654 4704/4752 4608/4655
f 4608/4655 4704/4752 4609/4753
f 4608/4655 4609/4753 4513/4656
f 4609/4657 4705/4754 4706/4755
f 4609/4657 4706/4755 4610/4658
f 4610/4658 4706/4755 4707/4756
f 4610/4658 4707/4756 4611/4659
f 4611/4659 4707/4756 4708/4757
f 4611/4659 4708/4757 4612/4660
f 4612/4660 4708/4757 4709/4758
f 4612/4660 4709/4758 4613/4661
f 4613/4661 4709/4758 4710/4759
f 4613/4661 4710/4759 4614/4662
f 4614/4662 4710/4759 4711/4760
f 4614/4662 4711/4760 4615/4663
f 4615/4663 4711/4760 4712/4761
f 4615/4663 4712/4761 4616/4664
f 4616/4664 4712/4761 4713/4762
f 4616/4664 4713/4762 4617/4665
f 4617/4665 4713/4762 4714/4763
f 4617/4665 4714/4763 4618/4666
f 4618/4666 4714/4763 4715/4764
f 4618/4666 4715/4764 4619/4667
f 4619/4667 4715/4764 4716/4765
f 4619/4667 4716/4765 4620/4668
f 4620/4668 4716/4765 4717/4766
f 4620/4668 4717/4766 4621/4669
f 4621/4669 4717/4766 4718/4767
f 4621/4669 4718/4767 4622/4670
f 4622/4670 4718/4767 4719/4768
f 4622/4670 4719/4768 4623/4671
f 4623/4671 4719/4768 4720/4769
f 4623/4671 4720/4769 4624/4672
f 4624/4672 4720/4769 4721/4770
f 4624/4672 4721/4770 4625/4673
f 4625/4673 4721/4770 4722/4771
f 4625/4673 4722/4771 4626/4674
f 4626/4674 4722/4771 4723/4772
f 4626/4674 4723/4772 4627/4675
f 4627/4675 4723/4772 4724/4773
f 4627/4675 4724/4773 4628/4676
f 4628/4676 4724/4773 4725/4774
f 4628/4676 4725/4774 4629/4677
f 4629/4677 4725/4774 4726/4775
f 4629/4677 4726/4775 4630/4678
f 4630/4678 4726/4775 4727/4776
f 4630/4678 4727/4776 4631/4679
f 4631/4679 4727/4776 4728/4777
f 4631/4679 4728/4777 4632/4680
f 4632/4680 4728/4777 4729/4778
f 4632/4680 4729/4778 4633/4681
f 4633/4681 4729/4778 4730/4779
f 4633/4681 4730/4779 4634/4682
f 4634/4682 4730/4779 4731/4780
f 4634/4682 4731/4780 4635/4683
f 4635/4683 4731/4780 4732/4781
f 4635/4683 4732/4781 4636/4684
f 4636/4684 4732/4781 4733/4782
f 4636/4684 4733/4782 4637/4685
f 4637/4685 4733/4782 4734/4783
f 4637/4685 4734/4783 4638/4686
f 4638/4686 4734/4783 4735/4784
f 4638/4686 4735/4784 4639/4687
f 4639/4687 4735/4784 4736/4785
f 4639/4687 4736/4785 4640/4688
f 4640/4688 4736/4785 4737/4786
f 4640/4688 4737/4786 4641/4689
f 4641/4689 4737/4786 4738/4787
f 4641/4689 4738/4787 4642/4690
f 4642/4690 4738/4787 4739/4788
f 4642/4690 4739/4788 4643/4691
f 4643/4691 4739/4788 4740/4789
f 4643/4691 4740/4789 4644/4692
f 4644/4692 4740/4789 4741/4790
f 4644/4692 4741/4790 4645/4693
f 4645/4693 4741/4790 4742/4791
f 4645/4693 4742/4791 4646/4694
f 4646/4694 4742/4791 4743/4792
f 4646/4694 4743/4792 4647/4695
f 4647/4695 4743/4792 4744/4793
f 4647/4695 4744/4793 4648/4696
f 4648/4696 4744/4793 4745/4794
f 4648/4696 4745/4794 4649/4697
f 4649/4697 4745/4794 4746/4795
f 4649/4697 4746/4795 4650/4698
f 4650/4698 4746/4795 4747/4796
f 4650/4698 4747/4796 4651/4699
f 4651/4699 4747/4796 4748/4797
f 4651/4699 4748/4797 4652/4700
f 4652/4700 4748/4797 4749/4798
f 4652/4700 4749/4798 4653/4701
f 4653/4701 4749/4798 4750/4799
f 4653/4701 4750/4799 4654/4702
f 4654/4702 4750/4799 4751/4800
f 4654/4702 4751/4800 4655/4703
f 4655/4703 4751/4800 4752/4801
f 4655/4703 4752/4801 4656/4704
f 4656/4704 4752/4801 4753/4802
f 4656/4704 4753/4802 4657/4705
f 4657/4705 4753/4802 4754/4803
f 4657/4705 4754/4803 4658/4706
f 4658/4706 4754/4803 4755/4804
f 4658/4706 4755/4804 4659/4707
f 4659/4707 4755/4804 4756/4805
f 4659/4707 4756/4805 4660/4708
f 4660/4708 4756/4805 4757/4806
f 4660/4708 4757/4806 4661/4709
f 4661/4709 4757/4806 4758/4807
f 4661/4709 4758/4807 4662/4710
f 4662/4710 4758/4807 4759/4808
f 4662/4710 4759/4808 4663/4711
f 4663/4711 4759/4808 4760/4809
f 4663/4711 4760/4809 4664/4712
f 4664/4712 4760/4809 4761/4810
f 4664/4712 4761/4810 4665/4713
f 4665/4713 4761/4810 4762/4811
f 4665/4713 4762/4811 4666/4714
f 4666/4714 4762/4811 4763/4812
f 4666/4714 4763/4812 4667/4715
f 4667/4715 4763/4812 4764/4813
f 4667/4715 4764/4813 4668/4716
f 4668/4716 4764/4813 4765/4814
f 4668/4716 4765/4814 4669/4717
f 4669/4717 4765/4814 4766/4815
f 4669/4717 4766/4815 4670/4718
f 4670/4718 4766/4815 4767/4816
f 4670/4718 4767/4816 4671/4719
f 4671/4719 4767/4816 4768/4817
f 4671/4719 4768/4817 4672/4720
f 4672/4720 4768/4817 4769/4818
f 4672/4720 4769/4818 4673/4721
f 4673/4721 4769/4818 4770/4819
f 4673/4721 4770/4819 4674/4722
f 4674/4722 4770/4819 4771/4820
f 4674/4722 4771/4820 4675/4723
f 4675/4723 4771/4820 4772/4821
f 4675/4723 4772/4821 4676/4724
f 4676/4724 4772/4821 4773/4822
f 4676/4724 4773/4822 4677/4725
f 4677/4725 4773/4822 4774/4823
f 4677/4725 4774/4823 4678/4726
f 4678/4726 4774/4823 4775/4824
f 4678/4726 4775/4824 4679/4727
f 4679/4727 4775/4824 4776/4825
f 4679/4727 4776/4825 4680/4728
f 4680/4728 4776/4825 4777/4826
f 4680/4728 4777/4826 4681/4729
f 4681/4729 4777/4826 4778/4827
f 4681/4729 4778/4827 4682/4730
f 4682/4730 4778/4827 4779/4828
f 4682/4730 4779/4828 4683/4731
f 4683/4731 4779/4828 4780/4829
f 4683/4731 4780/4829 4684/4732
f 4684/4732 4780/4829 4781/4830
f 4684/4732 4781/4830 4685/4733
f 4685/4733 4781/4830 4782/4831
f 4685/4733 4782/4831 4686/4734
f 4686/4734 4782/4831 4783/4832
f 4686/4734 4783/4832 4687/4735
f 4687/4735 4783/4832 4784/4833
f 4687/4735 4784/4833 4688/4736
f 4688/4736 4784/4833 4785/4834
f 4688/4736 4785/4834 4689/4737
f 4689/4737 4785/4834 4786/4835
f 4689/4737 4786/4835 4690/4738
f 4690/4738 4786/4835 4787/4836
f 4690/4738 4787/4836 4691/4739
f 4691/4739 4787/4836 4788/4837
f 4691/4739 4788/4837 4692/4740
f 4692/4740 4788/4837 4789/4838
f 4692/4740 4789/4838 4693/4741
f 4693/4741 4789/4838 4790/4839
f 4693/4741 4790/4839 4694/4742
f 4694/4742 4790/4839 4791/4840
f 4694/4742 4791/4840 4695/4743
f 4695/4743 4791/4840 4792/4841
f 4695/4743 4792/4841 4696/4744
f 4696/4744 4792/4841 4793/4842
f 4696/4744 4793/4842 4697/4745
f 4697/4745 4793/4842 4794/4843
f 4697/4745 4794/4843 4698/4746
f 4698/4746 4794/4843 4795/4844
f 4698/4746 4795/4844 4699/4747
f 4699/4747 4795/4844 4796/4845
f 4699/4747 4796/4845 4700/4748
f 4700/4748 4796/4845 4797/4846
f 4700/4748 4797/4846 4701/4749
f 4701/4749 4797/4846 4798/4847
f 4701/4749 4798/4847 4702/4750
f 4702/4750 4798/4847 4799/4848
f 4702/4750 4799/4848 4703/4751
f 4703/4751 4799/4848 4800/4849
f 4703/4751 4800/4849 4704/4752
f 4704/4752 4800/4849 4705/4850
f 4704/4752 4705/4850 4609/4753
f 4705/4754 4801/4851 4802/4852
f 4705/4754 4802/4852 4706/4755
f 4706/4755 4802/4852 4803/4853
f 4706/4755 4803/4853 4707/4756
f 4707/4756 4803/4853 4804/4854
f 4707/4756 4804/4854 4708/4757
f 4708/4757 4804/4854 4805/4855
f 4708/4757 4805/4855 4709/4758
f 4709/4758 4805/4855 4806/4856
f 4709/4758 4806/4856 4710/4759
f 4710/4759 4806/4856 4807/4857
f 4710/4759 4807/4857 4711/4760
f 4711/4760 4807/4857 4808/4858
f 4711/4760 4808/4858 4712/4761
f 4712/4761 4808/4858 4809/4859
f 4712/4761 4809/4859 4713/4762
f 4713/4762 4809/4859 4810/4860
f 4713/4762 4810/4860 4714/4763
f 4714/4763 4810/4860 4811/4861
f 4714/4763 4811/4861 4715/4764
f 4715/4764 4811/4861 4812/4862
f 4715/4764 4812/4862 4716/4765
f 4716/4765 4812/4862 4813/4863
f 4716/4765 4813/4863 4717/4766
f 4717/4766 4813/4863 4814/4864
f 4717/4766 4814/4864 4718/4767
f 4718/4767 4814/4864 4815/4865
f 4718/4767 4815/4865 4719/4768
f 4719/4768 4815/4865 4816/4866
f 4719/4768 4816/4866 4720/4769
f 4720/4769 4816/4866 4817/4867
f 4720/4769 4817/4867 4721/4770
f 4721/4770 4817/4867 4818/4868
f 4721/4770 4818/4868 4722/4771
f 4722/4771 4818/4868 4819/4869
f 4722/4771 4819/4869 4723/4772
f 4723/4772 4819/4869 4820/4870
f 4723/4772 4820/4870 4724/4773
f 4724/4773 4820/4870 4821/4871
f 4724/4773 4821/4871 4725/4774
f 4725/4774 4821/4871 4822/4872
f 4725/4774 4822/4872 4726/4775
f 4726/4775 4822/4872 4823/4873
f 4726/4775 4823/4873 4727/4776
f 4727/4776 4823/4873 4824/4874
f 4727/4776 4824/4874 4728/4777
f 4728/4777 4824/4874 4825/4875
f 4728/4777 4825/4875 4729/4778
f 4729/4778 4825/4875 4826/4876
f 4729/4778 4826/4876 4730/4779
f 4730/4779 4826/4876 4827/4877
f 4730/4779 4827/4877 4731/4780
f 4731/4780 4827/4877 4828/4878
f 4731/4780 4828/4878 4732/4781
f 4732/4781 4828/4878 4829/4879
f 4732/4781 4829/4879 4733/4782
f 4733/4782 4829/4879 4830/4880
f 4733/4782 4830/4880 4734/4783
f 4734/4783 4830/4880 4831/4881
f 4734/4783 4831/4881 4735/4784
f 4735/4784 4831/4881 4832/4882
f 4735/4784 4832/4882 4736/4785
f 4736/4785 4832/4882 4833/4883
f 4736/4785 4833/4883 4737/4786
f 4737/4786 4833/4883 4834/4884
f 4737/4786 4834/4884 4738/4787
f 4738/4787 4834/4884 4835/4885
f 4738/4787 4835/4885 4739/4788
f 4739/4788 4835/4885 4836/4886
f 4739/4788 4836/4886 4740/4789
f 4740/4789 4836/4886 4837/4887
f 4740/4789 4837/4887 4741/4790
f 4741/4790 4837/4887 4838/4888
f 4741/4790 4838/4888 4742/4791
f 4742/4791 4838/4888 4839/4889
f 4742/4791 4839/4889 4743/4792
f 4743/4792 4839/4889 4840/4890
f 4743/4792 4840/4890 4744/4793
f 4744/4793 4840/4890 4841/4891
f 4744/4793 4841/4891 4745/4794
f 4745/4794 4841/4891 4842/4892
f 4745/4794 4842/4892 4746/4795
f 4746/4795 4842/4892 4843/4893
f 4746/4795 4843/4893 4747/4796
f 4747/4796 4843/4893 4844/4894
f 4747/4796 4844/4894 4748/4797
f 4748/4797 4844/4894 4845/4895
f 4748/4797 4845/4895 4749/4798
f 4749/4798 4845/4895 4846/4896
f 4749/4798 4846/4896 4750/4799
f 4750/4799 4846/4896 4847/4897
f 4750/4799 4847/4897 4751/4800
f 4751/4800 4847/4897 4848/4898
f 4751/4800 4848/4898 4752/4801
f 4752/4801 4848/4898 4849/4899
f 4752/4801 4849/4899 4753/4802
f 4753/4802 4849/4899 4850/4900
f 4753/4802 4850/4900 4754/4803
f 4754/4803 4850/4900 4851/4901
f 4754/4803 4851/4901 4755/4804
f 4755/4804 4851/4901 4852/4902
f 4755/4804 4852/4902 4756/4805
f 4756/4805 4852/4902 4853/4903
f 4756/4805 4853/4903 4757/4806
f 4757/4806 4853/4903 4854/4904
f 4757/4806 4854/4904 4758/4807
f 4758/4807 4854/4904 4855/4905
f 4758/4807 4855/4905 4759/4808
f 4759/4808 4855/4905 4856/4906
f 4759/4808 4856/4906 4760/4809
f 4760/4809 4856/4906 4857/4907
f 4760/4809 4857/4907 4761/4810
f 4761/4810 4857/4907 4858/4908
f 4761/4810 4858/4908 4762/4811
f 4762/4811 4858/4908 4859/4909
f 4762/4811 4859/4909 4763/4812
f 4763/4812 4859/4909 4860/4910
f 4763/4812 4860/4910 4764/4813
f 4764/4813 4860/4910 4861/4911
f 4764/4813 4861/4911 4765/4814
f 4765/4814 4861/4911 4862/4912
f 4765/4814 4862/4912 4766/4815
f 4766/4815 4862/4912 4863/4913
f 4766/4815 4863/4913 4767/4816
f 4767/4816 4863/4913 4864/4914
f 4767/4816 4864/4914 4768/4817
f 4768/4817 4864/4914 4865/4915
f 4768/4817 4865/4915 4769/4818
f 4769/4818 4865/4915 4866/4916
f 4769/4818 4866/4916 4770/4819
f 4770/4819 4866/4916 4867/4917
f 4770/4819 4867/4917 4771/4820
f 4771/4820 4867/4917 4868/4918
f 4771/4820 4868/4918 4772/4821
f 4772/4821 4868/4918 4869/4919
f 4772/4821 4869/4919 4773/4822
f 4773/4822 4869/4919 4870/4920
f 4773/4822 4870/4920 4774/4823
f 4774/4823 4870/4920 4871/4921
f 4774/4823 4871/4921 4775/4824
f 4775/4824 4871/4921 4872/4922
f 4775/4824 4872/4922 4776/4825
f 4776/4825 4872/4922 4873/4923
f 4776/4825 4873/4923 4777/4826
f 4777/4826 4873/4923 4874/4924
f 4777/4826 4874/4924 4778/4827
f 4778/4827 4874/4924 4875/4925
f 4778/4827 4875/4925 4779/4828
f 4779/4828 4875/4925 4876/4926
f 4779/4828 4876/4926 4780/4829
f 4780/4829 4876/4926 4877/4927
f 4780/4829 4877/4927 4781/4830
f 4781/4830 4877/4927 4878/4928
f 4781/4830 4878/4928 4782/4831
f 4782/4831 4878/4928 4879/4929
f 4782/4831 4879/4929 4783/4832
f 4783/4832 4879/4929 4880/4930
f 4783/4832 4880/4930 4784/4833
f 4784/4833 4880/4930 4881/4931
f 4784/4833 4881/4931 4785/4834
f 4785/4834 4881/4931 4882/4932
f 4785/4834 4882/4932 4786/4835
f 4786/4835 4882/4932 4883/4933
f 4786/4835 4883/4933 4787/4836
f 4787/4836 4883/4933 4884/4934
f 4787/4836 4884/4934 4788/4837
f 4788/4837 4884/4934 4885/4935
f 4788/4837 4885/4935 4789/4838
f 4789/4838 4885/4935 4886/4936
f 4789/4838 4886/4936 4790/4839
f 4790/4839 4886/4936 4887/4937
f 4790/4839 4887/4937 4791/4840
f 4791/4840 4887/4937 4888/4938
f 4791/4840 4888/4938 4792/4841
f 4792/4841 4888/4938 4889/4939
f 4792/4841 4889/4939 4793/4842
f 4793/4842 4889/4939 4890/4940
f 4793/4842 4890/4940 4794/4843
f 4794/4843 4890/4940 4891/4941
f 4794/4843 4891/4941 4795/4844
f 4795/4844 4891/4941 4892/4942
f 4795/4844 4892/4942 4796/4845
f 4796/4845 4892/4942 4893/4943
f 4796/4845 4893/4943 4797/4846
f 4797/4846 4893/4943 4894/4944
f 4797/4846 4894/4944 4798/4847
f 4798/4847 4894/4944 4895/4945
f 4798/4847 4895/4945 4799/4848
f 4799/4848 4895/4945 4896/4946
f 4799/4848 4896/4946 4800/4849
f 4800/4849 4896/4946 4801/4947
f 4800/4849 4801/4947 4705/4850
f 4801/4851 4897/4948 4898/4949
f 4801/4851 4898/4949 4802/4852
f 4802/4852 4898/4949 4899/4950
f 4802/4852 4899/4950 4803/4853
f 4803/4853 4899/4950 4900/4951
f 4803/4853 4900/4951 4804/4854
f 4804/4854 4900/4951 4901/4952
f 4804/4854 4901/4952 4805/4855
f 4805/4855 4901/4952 4902/4953
f 4805/4855 4902/4953 4806/4856
f 4806/4856 4902/4953 4903/4954
f 4806/4856 4903/4954 4807/4857
f 4807/4857 4903/4954 4904/4955
f 4807/4857 4904/4955 4808/4858
f 4808/4858 4904/4955 4905/4956
f 4808/4858 4905/4956 4809/4859
f 4809/4859 4905/4956 4906/4957
f 4809/4859 4906/4957 4810/4860
f 4810/4860 4906/4957 4907/4958
f 4810/4860 4907/4958 4811/4861
f 4811/4861 4907/4958 4908/4959
f 4811/4861 4908/4959 4812/4862
f 4812/4862 4908/4959 4909/4960
f 4812/4862 4909/4960 4813/4863
f 4813/4863 4909/4960 4910/4961
f 4813/4863 4910/4961 4814/4864
f 4814/4864 4910/4961 4911/4962
f 4814/4864 4911/4962 4815/4865
f 4815/4865 4911/4962 4912/4963
f 4815/4865 4912/4963 4816/4866
f 4816/4866 4912/4963 4913/4964
f 4816/4866 4913/4964 4817/4867
f 4817/4867 4913/4964 4914/4965
f 4817/4867 4914/4965 4818/4868
f 4818/4868 4914/4965 4915/4966
f 4818/4868 4915/4966 4819/4869
f 4819/4869 4915/4966 4916/4967
f 4819/4869 4916/4967 4820/4870
f 4820/4870 4916/4967 4917/4968
f 4820/4870 4917/4968 4821/4871
f 4821/4871 4917/4968 4918/4969
f 4821/4871 4918/4969 4822/4872
f 4822/4872 4918/4969 4919/4970
f 4822/4872 4919/4970 4823/4873
f 4823/4873 4919/4970 4920/4971
f 4823/4873 4920/4971 4824/4874
f 4824/4874 4920/4971 4921/4972
f 4824/4874 4921/4972 4825/4875
f 4825/4875 4921/4972 4922/4973
f 4825/4875 4922/4973 4826/4876
f 4826/4876 4922/4973 4923/4974
f 4826/4876 4923/4974 4827/4877
f 4827/4877 4923/4974 4924/4975
f 4827/4877 4924/4975 4828/4878
f 4828/4878 4924/4975 4925/4976
f 4828/4878 4925/4976 4829/4879
f 4829/4879 4925/4976 4926/4977
f 4829/4879 4926/4977 4830/4880
f 4830/4880 4926/4977 4927/4978
f 4830/4880 4927/4978 4831/4881
f 4831/4881 4927/4978 4928/4979
f 4831/4881 4928/4979 4832/4882
f 4832/4882 4928/4979 4929/4980
f 4832/4882 4929/4980 4833/4883
f 4833/4883 4929/4980 4930/4981
f 4833/4883 4930/4981 4834/4884
f 4834/4884 4930/4981 4931/4982
f 4834/4884 4931/4982 4835/4885
f 4835/4885 4931/4982 4932/4983
f 4835/4885 4932/4983 4836/4886
f 4836/4886 4932/4983 4933/4984
f 4836/4886 4933/4984 4837/4887
f 4837/4887 4933/4984 4934/4985
f 4837/4887 4934/4985 4838/4888
f 4838/4888 4934/4985 4935/4986
f 4838/4888 4935/4986 4839/4889
f 4839/4889 4935/4986 4936/4987
f 4839/4889 4936/4987 4840/4890
f 4840/4890 4936/4987 4937/4988
f 4840/4890 4937/4988 4841/4891
f 4841/4891 4937/4988 4938/4989
f 4841/4891 4938/4989 4842/4892
f 4842/4892 4938/4989 4939/4990
f 4842/4892 4939/4990 4843/4893
f 4843/4893 4939/4990 4940/4991
f 4843/4893 4940/4991 4844/4894
f 4844/4894 4940/4991 4941/4992
f 4844/4894 4941/4992 4845/4895
f 4845/4895 4941/4992 4942/4993
f 4845/4895 4942/4993 4846/4896
f 4846/4896 4942/4993 4943/4994
f 4846/4896 4943/4994 4847/4897
f 4847/4897 4943/4994 4944/4995
f 4847/4897 4944/4995 4848/4898
f 4848/4898 4944/4995 4945/4996
f 4848/4898 4945/4996 4849/4899
f 4849/4899 4945/4996 4946/4997
f 4849/4899 4946/4997 4850/4900
f 4850/4900 4946/4997 4947/4998
f 4850/4900 4947/4998 4851/4901
f 4851/4901 4947/4998 4948/4999
f 4851/4901 4948/4999 4852/4902
f 4852/4902 4948/4999 4949/5000
f 4852/4902 4949/5000 4853/4903
f 4853/4903 4949/5000 4950/5001
f 4853/4903 4950/5001 4854/4904
f 4854/4904 4950/5001 4951/5002
f 4854/4904 4951/5002 4855/4905
f 4855/4905 4951/5002 4952/5003
f 4855/4905 4952/5003 4856/4906
f 4856/4906 4952/5003 4953/5004
f 4856/4906 4953/5004 4857/4907
f 4857/4907 4953/5004 4954/5005
f 4857/4907 4954/5005 4858/4908
f 4858/4908 4954/5005 4955/5006
f 4858/4908 4955/5006 4859/4909
f 4859/4909 4955/5006 4956/5007
f 4859/4909 4956/5007 4860/4910
f 4860/4910 4956/5007 4957/5008
f 4860/4910 4957/5008 4861/4911
f 4861/4911 4957/5008 4958/5009
f 4861/4911 4958/5009 4862/4912
f 4862/4912 4958/5009 4959/5010
f 4862/4912 4959/5010 4863/4913
f 4863/4913 4959/5010 4960/5011
f 4863/4913 4960/5011 4864/4914
f 4864/4914 4960/5011 4961/5012
f 4864/4914 4961/5012 4865/4915
f 4865/4915 4961/5012 4962/5013
f 4865/4915 4962/5013 4866/4916
f 4866/4916 4962/5013 4963/5014
f 4866/4916 4963/5014 4867/4917
f 4867/4917 4963/5014 4964/5015
f 4867/4917 4964/5015 4868/4918
f 4868/4918 4964/5015 4965/5016
f 4868/4918 4965/5016 4869/4919
f 4869/4919 4965/5016 4966/5017
f 4869/4919 4966/5017 4870/4920
f 4870/4920 4966/5017 4967/5018
f 4870/4920 4967/5018 4871/4921
f 4871/4921 4967/5018 4968/5019
f 4871/4921 4968/5019 4872/4922
f 4872/4922 4968/5019 4969/5020
f 4872/4922 4969/5020 4873/4923
f 4873/4923 4969/5020 4970/5021
f 4873/4923 4970/5021 4874/4924
f 4874/4924 4970/5021 4971/5022
f 4874/4924 4971/5022 4875/4925
f 4875/4925 4971/5022 4972/5023
f 4875/4925 4972/5023 4876/4926
f 4876/4926 4972/5023 4973/5024
f 4876/4926 4973/5024 4877/4927
f 4877/4927 4973/5024 4974/5025
f 4877/4927 4974/5025 4878/4928
f 4878/4928 4974/5025 4975/5026
f 4878/4928 4975/5026 4879/4929
f 4879/4929 4975/5026 4976/5027
f 4879/4929 4976/5027 4880/4930
f 4880/4930 4976/5027 4977/5028
f 4880/4930 4977/5028 4881/4931
f 4881/4931 4977/5028 4978/5029
f 4881/4931 4978/5029 4882/4932
f 4882/4932 4978/5029 4979/5030
f 4882/4932 4979/5030 4883/4933
f 4883/4933 4979/5030 4980/5031
f 4883/4933 4980/5031 4884/4934
f 4884/4934 4980/5031 4981/5032
f 4884/4934 4981/5032 4885/4935
f 4885/4935 4981/5032 4982/5033
f 4885/4935 4982/5033 4886/4936
f 4886/4936 4982/5033 4983/5034
f 4886/4936 4983/5034 4887/4937
f 4887/4937 4983/5034 4984/5035
f 4887/4937 4984/5035 4888/4938
f 4888/4938 4984/5035 4985/5036
f 4888/4938 4985/5036 4889/4939
f 4889/4939 4985/5036 4986/5037
f 4889/4939 4986/5037 4890/4940
f 4890/4940 4986/5037 4987/5038
f 4890/4940 4987/5038 4891/4941
f 4891/4941 4987/5038 4988/5039
f 4891/4941 4988/5039 4892/4942
f 4892/4942 4988/5039 4989/5040
f 4892/4942 4989/5040 4893/4943
f 4893/4943 4989/5040 4990/5041
f 4893/4943 4990/5041 4894/4944
f 4894/4944 4990/5041 4991/5042
f 4894/4944 4991/5042 4895/4945
f 4895/4945 4991/5042 4992/5043
f 4895/4945 4992/5043 4896/4946
f 4896/4946 4992/5043 4897/5044
f 4896/4946 4897/5044 4801/4947
f 4897/4948 4993/5045 4994/5046
f 4897/4948 4994/5046 4898/4949
f 4898/4949 4994/5046 4995/5047
f 4898/4949 4995/5047 4899/4950
f 4899/4950 4995/5047 4996/5048
f 4899/4950 4996/5048 4900/4951
f 4900/4951 4996/5048 4997/5049
f 4900/4951 4997/5049 4901/4952
f 4901/4952 4997/5049 4998/5050
f 4901/4952 4998/5050 4902/4953
f 4902/4953 4998/5050 4999/5051
f 4902/4953 4999/5051 4903/4954
f 4903/4954 4999/5051 5000/5052
f 4903/4954 5000/5052 4904/4955
f 4904/4955 5000/5052 5001/5053
f 4904/4955 5001/5053 4905/4956
f 4905/4956 5001/5053 5002/5054
f 4905/4956 5002/5054 4906/4957
f 4906/4957 5002/5054 5003/5055
f 4906/4957 5003/5055 4907/4958
f 4907/4958 5003/5055 5004/5056
f 4907/4958 5004/5056 4908/4959
f 4908/4959 5004/5056 5005/5057
f 4908/4959 5005/5057 4909/4960
f 4909/4960 5005/5057 5006/5058
f 4909/4960 5006/5058 4910/4961
f 4910/4961 5006/5058 5007/5059
f 4910/4961 5007/5059 4911/4962
f 4911/4962 5007/5059 5008/5060
f 4911/4962 5008/5060 4912/4963
f 4912/4963 5008/5060 5009/5061
f 4912/4963 5009/5061 4913/4964
f 4913/4964 5009/5061 5010/5062
f 4913/4964 5010/5062 4914/4965
f 4914/4965 5010/5062 5011/5063
f 4914/4965 5011/5063 4915/4966
f 4915/4966 5011/5063 5012/5064
f 4915/4966 5012/5064 4916/4967
f 4916/4967 5012/5064 5013/5065
f 4916/4967 5013/5065 4917/4968
f 4917/4968 5013/5065 5014/5066
f 4917/4968 5014/5066 4918/4969
f 4918/4969 5014/5066 5015/5067
f 4918/4969 5015/5067 4919/4970
f 4919/4970 5015/5067 5016/5068
f 4919/4970 5016/5068 4920/4971
f 4920/4971 5016/5068 5017/5069
f 4920/4971 5017/5069 4921/4972
f 4921/4972 5017/5069 5018/5070
f 4921/4972 5018/5070 4922/4973
f 4922/4973 5018/5070 5019/5071
f 4922/4973 5019/5071 4923/4974
f 4923/4974 5019/5071 5020/5072
f 4923/4974 5020/5072 4924/4975
f 4924/4975 5020/5072 5021/5073
f 4924/4975 5021/5073 4925/4976
f 4925/4976 5021/5073 5022/5074
f 4925/4976 5022/5074 4926/4977
f 4926/4977 5022/5074 5023/5075
f 4926/4977 5023/5075 4927/4978
f 4927/4978 5023/5075 5024/5076
f 4927/4978 5024/5076 4928/4979
f 4928/4979 5024/5076 5025/5077
f 4928/4979 5025/5077 4929/4980
f 4929/4980 5025/5077 5026/5078
f 4929/4980 5026/5078 4930/4981
f 4930/4981 5026/5078 5027/5079
f 4930/4981 5027/5079 4931/4982
f 4931/4982 5027/5079 5028/5080
f 4931/4982 5028/5080 4932/4983
f 4932/4983 5028/5080 5029/5081
f 4932/4983 5029/5081 4933/4984
f 4933/4984 5029/5081 5030/5082
f 4933/4984 5030/5082 4934/4985
f 4934/4985 5030/5082 5031/5083
f 4934/4985 5031/5083 4935/4986
f 4935/4986 5031/5083 5032/5084
f 4935/4986 5032/5084 4936/4987
f 4936/4987 5032/5084 5033/5085
f 4936/4987 5033/5085 4937/4988
f 4937/4988 5033/5085 5034/5086
f 4937/4988 5034/5086 4938/4989
f 4938/4989 5034/5086 5035/5087
f 4938/4989 5035/5087 4939/4990
f 4939/4990 5035/5087 5036/5088
f 4939/4990 5036/5088 4940/4991
f 4940/4991 5036/5088 5037/5089
f 4940/4991 5037/5089 4941/4992
f 4941/4992 5037/5089 5038/5090
f 4941/4992 5038/5090 4942/4993
f 4942/4993 5038/5090 5039/5091
f 4942/4993 5039/5091 4943/4994
f 4943/4994 5039/5091 5040/5092
f 4943/4994 5040/5092 4944/4995
f 4944/4995 5040/5092 5041/5093
f 4944/4995 5041/5093 4945/4996
f 4945/4996 5041/5093 5042/5094
f 4945/4996 5042/5094 4946/4997
f 4946/4997 5042/5094 5043/5095
f 4946/4997 5043/5095 4947/4998
f 4947/4998 5043/5095 5044/5096
f 4947/4998 5044/5096 4948/4999
f 4948/4999 5044/5096 5045/5097
f 4948/4999 5045/5097 4949/5000
f 4949/5000 5045/5097 5046/5098
f 4949/5000 5046/5098 4950/5001
f 4950/5001 5046/5098 5047/5099
f 4950/5001 5047/5099 4951/5002
f 4951/5002 5047/5099 5048/5100
f 4951/5002 5048/5100 4952/5003
f 4952/5003 5048/5100 5049/5101
f 4952/5003 5049/5101 4953/5004
f 4953/5004 5049/5101 5050/5102
f 4953/5004 5050/5102 4954/5005
f 4954/5005 5050/5102 5051/5103
f 4954/5005 5051/5103 4955/5006
f 4955/5006 5051/5103 5052/5104
f 4955/5006 5052/5104 4956/5007
f 4956/5007 5052/5104 5053/5105
f 4956/5007 5053/5105 4957/5008
f 4957/5008 5053/5105 5054/5106
f 4957/5008 5054/5106 4958/5009
f 4958/5009 5054/5106 5055/5107
f 4958/5009 5055/5107 4959/5010
f 4959/5010 5055/5107 5056/5108
f 4959/5010 5056/5108 4960/5011
f 4960/5011 5056/5108 5057/5109
f 4960/5011 5057/5109 4961/5012
f 4961/5012 5057/5109 5058/5110
f 4961/5012 5058/5110 4962/5013
f 4962/5013 5058/5110 5059/5111
f 4962/5013 5059/5111 4963/5014
f 4963/5014 5059/5111 5060/5112
f 4963/5014 5060/5112 4964/5015
f 4964/5015 5060/5112 5061/5113
f 4964/5015 5061/5113 4965/5016
f 4965/5016 5061/5113 5062/5114
f 4965/5016 5062/5114 4966/5017
f 4966/5017 5062/5114 5063/5115
f 4966/5017 5063/5115 4967/5018
f 4967/5018 5063/5115 5064/5116
f 4967/5018 5064/5116 4968/5019
f 4968/5019 5064/5116 5065/5117
f 4968/5019 5065/5117 4969/5020
f 4969/5020 5065/5117 5066/5118
f 4969/5020 5066/5118 4970/5021
f 4970/5021 5066/5118 5067/5119
f 4970/5021 5067/5119 4971/5022
f 4971/5022 5067/5119 5068/5120
f 4971/5022 5068/5120 4972/5023
f 4972/5023 5068/5120 5069/5121
f 4972/5023 5069/5121 4973/5024
f 4973/5024 5069/5121 5070/5122
f 4973/5024 5070/5122 4974/5025
f 4974/5025 5070/5122 5071/5123
f 4974/5025 5071/5123 4975/5026
f 4975/5026 5071/5123 5072/5124
f 4975/5026 5072/5124 4976/5027
f 4976/5027 5072/5124 5073/5125
f 4976/5027 5073/5125 4977/5028
f 4977/5028 5073/5125 5074/5126
f 4977/5028 5074/5126 4978/5029
f 4978/5029 5074/5126 5075/5127
f 4978/5029 5075/5127 4979/5030
f 4979/5030 5075/5127 5076/5128
f 4979/5030 5076/5128 4980/5031
f 4980/5031 5076/5128 5077/5129
f 4980/5031 5077/5129 4981/5032
f 4981/5032 5077/5129 5078/5130
f 4981/5032 5078/5130 4982/5033
f 4982/5033 5078/5130 5079/5131
f 4982/5033 5079/5131 4983/5034
f 4983/5034 5079/5131 5080/5132
f 4983/5034 5080/5132 4984/5035
f 4984/5035 5080/5132 5081/5133
f 4984/5035 5081/5133 4985/5036
f 4985/5036 5081/5133 5082/5134
f 4985/5036 5082/5134 4986/5037
f 4986/5037 5082/5134 5083/5135
f 4986/5037 5083/5135 4987/5038
f 4987/5038 5083/5135 5084/5136
f 4987/5038 5084/5136 4988/5039
f 4988/5039 5084/5136 5085/5137
f 4988/5039 5085/5137 4989/5040
f 4989/5040 5085/5137 5086/5138
f 4989/5040 5086/5138 4990/5041
f 4990/5041 5086/5138 5087/5139
f 4990/5041 5087/5139 4991/5042
f 4991/5042 5087/5139 5088/5140
f 4991/5042 5088/5140 4992/5043
f 4992/5043 5088/5140 4993/5141
f 4992/5043 4993/5141 4897/5044
f 4993/5045 5089/5142 5090/5143
f 4993/5045 5090/5143 4994/5046
f 4994/5046 5090/5143 5091/5144
f 4994/5046 5091/5144 4995/5047
f 4995/5047 5091/5144 5092/5145
f 4995/5047 5092/5145 4996/5048
f 4996/5048 5092/5145 5093/5146
f 4996/5048 5093/5146 4997/5049
f 4997/5049 5093/5146 5094/5147
f 4997/5049 5094/5147 4998/5050
f 4998/5050 5094/5147 5095/5148
f 4998/5050 5095/5148 4999/5051
f 4999/5051 5095/5148 5096/5149
f 4999/5051 5096/5149 5000/5052
f 5000/5052 5096/5149 5097/5150
f 5000/5052 5097/5150 5001/5053
f 5001/5053 5097/5150 5098/5151
f 5001/5053 5098/5151 5002/5054
f 5002/5054 5098/5151 5099/5152
f 5002/5054 5099/5152 5003/5055
f 5003/5055 5099/5152 5100/5153
f 5003/5055 5100/5153 5004/5056
f 5004/5056 5100/5153 5101/5154
f 5004/5056 5101/5154 5005/5057
f 5005/5057 5101/5154 5102/5155
f 5005/5057 5102/5155 5006/5058
f 5006/5058 5102/5155 5103/5156
f 5006/5058 5103/5156 5007/5059
f 5007/5059 5103/5156 5104/5157
f 5007/5059 5104/5157 5008/5060
f 5008/5060 5104/5157 5105/5158
f 5008/5060 5105/5158 5009/5061
f 5009/5061 5105/5158 5106/5159
f 5009/5061 5106/5159 5010/5062
f 5010/5062 5106/5159 5107/5160
f 5010/5062 5107/5160 5011/5063
f 5011/5063 5107/5160 5108/5161
f 5011/5063 5108/5161 5012/5064
f 5012/5064 5108/5161 5109/5162
f 5012/5064 5109/5162 5013/5065
f 5013/5065 5109/5162 5110/5163
f 5013/5065 5110/5163 5014/5066
f 5014/5066 5110/5163 5111/5164
f 5014/5066 5111/5164 5015/5067
f 5015/5067 5111/5164 5112/5165
f 5015/5067 5112/5165 5016/5068
f 5016/5068 5112/5165 5113/5166
f 5016/5068 5113/5166 5017/5069
f 5017/5069 5113/5166 5114/5167
f 5017/5069 5114/5167 5018/5070
f 5018/5070 5114/5167 5115/5168
f 5018/5070 5115/5168 5019/5071
f 5019/5071 5115/5168 5116/5169
f 5019/5071 5116/5169 5020/5072
f 5020/5072 5116/5169 5117/5170
f 5020/5072 5117/5170 5021/5073
f 5021/5073 5117/5170 5118/5171
f 5021/5073 5118/5171 5022/5074
f 5022/5074 5118/5171 5119/5172
f 5022/5074 5119/5172 5023/5075
f 5023/5075 5119/5172 5120/5173
f 5023/5075 5120/5173 5024/5076
f 5024/5076 5120/5173 5121/5174
f 5024/5076 5121/5174 5025/5077
f 5025/5077 5121/5174 5122/5175
f 5025/5077 5122/5175 5026/5078
f 5026/5078 5122/5175 5123/5176
f 5026/5078 5123/5176 5027/5079
f 5027/5079 5123/5176 5124/5177
f 5027/5079 5124/5177 5028/5080
f 5028/5080 5124/5177 5125/5178
f 5028/5080 5125/5178 5029/5081
f 5029/5081 5125/5178 5126/5179
f 5029/5081 5126/5179 5030/5082
f 5030/5082 5126/5179 5127/5180
f 5030/5082 5127/5180 5031/5083
f 5031/5083 5127/5180 5128/5181
f 5031/5083 5128/5181 5032/5084
f 5032/5084 5128/5181 5129/5182
f 5032/5084 5129/5182 5033/5085
f 5033/5085 5129/5182 5130/5183
f 5033/5085 5130/5183 5034/5086
f 5034/5086 5130/5183 5131/5184
f 5034/5086 5131/5184 5035/5087
f 5035/5087 5131/5184 5132/5185
f 5035/5087 5132/5185 5036/5088
f 5036/5088 5132/5185 5133/5186
f 5036/5088 5133/5186 5037/5089
f 5037/5089 5133/5186 5134/5187
f 5037/5089 5134/5187 5038/5090
f 5038/5090 5134/5187 5135/5188
f 5038/5090 5135/5188 5039/5091
f 5039/5091 5135/5188 5136/5189
f 5039/5091 5136/5189 5040/5092
f 5040/5092 5136/5189 5137/5190
f 5040/5092 5137/5190 5041/5093
f 5041/5093 5137/5190 5138/5191
f 5041/5093 5138/5191 5042/5094
f 5042/5094 5138/5191 5139/5192
f 5042/5094 5139/5192 5043/5095
f 5043/5095 5139/5192 5140/5193
f 5043/5095 5140/5193 5044/5096
f 5044/5096 5140/5193 5141/5194
f 5044/5096 5141/5194 5045/5097
f 5045/5097 5141/5194 5142/5195
f 5045/5097 5142/5195 5046/5098
f 5046/5098 5142/5195 5143/5196
f 5046/5098 5143/5196 5047/5099
f 5047/5099 5143/5196 5144/5197
f 5047/5099 5144/5197 5048/5100
f 5048/5100 5144/5197 5145/5198
f 5048/5100 5145/5198 5049/5101
f 5049/5101 5145/5198 5146/5199
f 5049/5101 5146/5199 5050/5102
f 5050/5102 5146/5199 5147/5200
f 5050/5102 5147/5200 5051/5103
f 5051/5103 5147/5200 5148/5201
f 5051/5103 5148/5201 5052/5104
f 5052/5104 5148/5201 5149/5202
f 5052/5104 5149/5202 5053/5105
f 5053/5105 5149/5202 5150/5203
f 5053/5105 5150/5203 5054/5106
f 5054/5106 5150/5203 5151/5204
f 5054/5106 5151/5204 5055/5107
f 5055/5107 5151/5204 5152/5205
f 5055/5107 5152/5205 5056/5108
f 5056/5108 5152/5205 5153/5206
f 5056/5108 5153/5206 5057/5109
f 5057/5109 5153/5206 5154/5207
f 5057/5109 5154/5207 5058/5110
f 5058/5110 5154/5207 5155/5208
f 5058/5110 5155/5208 5059/5111
f 5059/5111 5155/5208 5156/5209
f 5059/5111 5156/5209 5060/5112
f 5060/5112 5156/5209 5157/5210
f 5060/5112 5157/5210 5061/5113
f 5061/5113 5157/5210 5158/5211
f 5061/5113 5158/5211 5062/5114
f 5062/5114 5158/5211 5159/5212
f 5062/5114 5159/5212 5063/5115
f 5063/5115 5159/5212 5160/5213
f 5063/5115 5160/5213 5064/5116
f 5064/5116 5160/5213 5161/5214
f 5064/5116 5161/5214 5065/5117
f 5065/5117 5161/5214 5162/5215
f 5065/5117 5162/5215 5066/5118
f 5066/5118 5162/5215 5163/5216
f 5066/5118 5163/5216 5067/5119
f 5067/5119 5163/5216 5164/5217
f 5067/5119 5164/5217 5068/5120
f 5068/5120 5164/5217 5165/5218
f 5068/5120 5165/5218 5069/5121
f 5069/5121 5165/5218 5166/5219
f 5069/5121 5166/5219 5070/5122
f 5070/5122 5166/5219 5167/5220
f 5070/5122 5167/5220 5071/5123
f 5071/5123 5167/5220 5168/5221
f 5071/5123 5168/5221 5072/5124
f 5072/5124 5168/5221 5169/5222
f 5072/5124 5169/5222 5073/5125
f 5073/5125 5169/5222 5170/5223
f 5073/5125 5170/5223 5074/5126
f 5074/5126 5170/5223 5171/5224
f 5074/5126 5171/5224 5075/5127
f 5075/5127 5171/5224 5172/5225
f 5075/5127 5172/5225 5076/5128
f 5076/5128 5172/5225 5173/5226
f 5076/5128 5173/5226 5077/5129
f 5077/5129 5173/5226 5174/5227
f 5077/5129 5174/5227 5078/5130
f 5078/5130 5174/5227 5175/5228
f 5078/5130 5175/5228 5079/5131
f 5079/5131 5175/5228 5176/5229
f 5079/5131 5176/5229 5080/5132
f 5080/5132 5176/5229 5177/5230
f 5080/5132 5177/5230 5081/5133
f 5081/5133 5177/5230 5178/5231
f 5081/5133 5178/5231 5082/5134
f 5082/5134 5178/5231 5179/5232
f 5082/5134 5179/5232 5083/5135
f 5083/5135 5179/5232 5180/5233
f 5083/5135 5180/5233 5084/5136
f 5084/5136 5180/5233 5181/5234
f 5084/5136 5181/5234 5085/5137
f 5085/5137 5181/5234 5182/5235
f 5085/5137 5182/5235 5086/5138
f 5086/5138 5182/5235 5183/5236
f 5086/5138 5183/5236 5087/5139
f 5087/5139 5183/5236 5184/5237
f 5087/5139 5184/5237 5088/5140
f 5088/5140 5184/5237 5089/5238
f 5088/5140 5089/5238 4993/5141
f 5089/5142 5185/5239 5186/5240
f 5089/5142 5186/5240 5090/5143
f 5090/5143 5186/5240 5187/5241
f 5090/5143 5187/5241 5091/5144
f 5091/5144 5187/5241 5188/5242
f 5091/5144 5188/5242 5092/5145
f 5092/5145 5188/5242 5189/5243
f 5092/5145 5189/5243 5093/5146
f 5093/5146 5189/5243 5190/5244
f 5093/5146 5190/5244 5094/5147
f 5094/5147 5190/5244 5191/5245
f 5094/5147 5191/5245 5095/5148
f 5095/5148 5191/5245 5192/5246
f 5095/5148 5192/5246 5096/5149
f 5096/5149 5192/5246 5193/5247
f 5096/5149 5193/5247 5097/5150
f 5097/5150 5193/5247 5194/5248
f 5097/5150 5194/5248 5098/5151
f 5098/5151 5194/5248 5195/5249
f 5098/5151 5195/5249 5099/5152
f 5099/5152 5195/5249 5196/5250
f 5099/5152 5196/5250 5100/5153
f 5100/5153 5196/5250 5197/5251
f 5100/5153 5197/5251 5101/5154
f 5101/5154 5197/5251 5198/5252
f 5101/5154 5198/5252 5102/5155
f 5102/5155 5198/5252 5199/5253
f 5102/5155 5199/5253 5103/5156
f 5103/5156 5199/5253 5200/5254
f 5103/5156 5200/5254 5104/5157
f 5104/5157 5200/5254 5201/5255
f 5104/5157 5201/5255 5105/5158
f 5105/5158 5201/5255 5202/5256
f 5105/5158 5202/5256 5106/5159
f 5106/5159 5202/5256 5203/5257
f 5106/5159 5203/5257 5107/5160
f 5107/5160 5203/5257 5204/5258
f 5107/5160 5204/5258 5108/5161
f 5108/5161 5204/5258 5205/5259
f 5108/5161 5205/5259 5109/5162
f 5109/5162 5205/5259 5206/5260
f 5109/5162 5206/5260 5110/5163
f 5110/5163 5206/5260 5207/5261
f 5110/5163 5207/5261 5111/5164
f 5111/5164 5207/5261 5208/5262
f 5111/5164 5208/5262 5112/5165
f 5112/5165 5208/5262 5209/5263
f 5112/5165 5209/5263 5113/5166
f 5113/5166 5209/5263 5210/5264
f 5113/5166 5210/5264 5114/5167
f 5114/5167 5210/5264 5211/5265
f 5114/5167 5211/5265 5115/5168
f 5115/5168 5211/5265 5212/5266
f 5115/5168 5212/5266 5116/5169
f 5116/5169 5212/5266 5213/5267
f 5116/5169 5213/5267 5117/5170
f 5117/5170 5213/5267 5214/5268
f 5117/5170 5214/5268 5118/5171
f 5118/5171 5214/5268 5215/5269
f 5118/5171 5215/5269 5119/5172
f 5119/5172 5215/5269 5216/5270
f 5119/5172 5216/5270 5120/5173
f 5120/5173 5216/5270 5217/5271
f 5120/5173 5217/5271 5121/5174
f 5121/5174 5217/5271 5218/5272
f 5121/5174 5218/5272 5122/5175
f 5122/5175 5218/5272 5219/5273
f 5122/5175 5219/5273 5123/5176
f 5123/5176 5219/5273 5220/5274
f 5123/5176 5220/5274 5124/5177
f 5124/5177 5220/5274 5221/5275
f 5124/5177 5221/5275 5125/5178
f 5125/5178 5221/5275 5222/5276
f 5125/5178 5222/5276 5126/5179
f 5126/5179 5222/5276 5223/5277
f 5126/5179 5223/5277 5127/5180
f 5127/5180 5223/5277 5224/5278
f 5127/5180 5224/5278 5128/5181
f 5128/5181 5224/5278 5225/5279
f 5128/5181 5225/5279 5129/5182
f 5129/5182 5225/5279 5226/5280
f 5129/5182 5226/5280 5130/5183
f 5130/5183 5226/5280 5227/5281
f 5130/5183 5227/5281 5131/5184
f 5131/5184 5227/5281 5228/5282
f 5131/5184 5228/5282 5132/5185
f 5132/5185 5228/5282 5229/5283
f 5132/5185 5229/5283 5133/5186
f 5133/5186 5229/5283 5230/5284
f 5133/5186 5230/5284 5134/5187
f 5134/5187 5230/5284 5231/5285
f 5134/5187 5231/5285 5135/5188
f 5135/5188 5231/5285 5232/5286
f 5135/5188 5232/5286 5136/5189
f 5136/5189 5232/5286 5233/5287
f 5136/5189 5233/5287 5137/5190
f 5137/5190 5233/5287 5234/5288
f 5137/5190 5234/5288 5138/5191
f 5138/5191 5234/5288 5235/5289
f 5138/5191 5235/5289 5139/5192
f 5139/5192 5235/5289 5236/5290
f 5139/5192 5236/5290 5140/5193
f 5140/5193 5236/5290 5237/5291
f 5140/5193 5237/5291 5141/5194
f 5141/5194 5237/5291 5238/5292
f 5141/5194 5238/5292 5142/5195
f 5142/5195 5238/5292 5239/5293
f 5142/5195 5239/5293 5143/5196
f 5143/5196 5239/5293 5240/5294
f 5143/5196 5240/5294 5144/5197
f 5144/5197 5240/5294 5241/5295
f 5144/5197 5241/5295 5145/5198
f 5145/5198 5241/5295 5242/5296
f 5145/5198 5242/5296 5146/5199
f 5146/5199 5242/5296 5243/5297
f 5146/5199 5243/5297 5147/5200
f 5147/5200 5243/5297 5244/5298
f 5147/5200 5244/5298 5148/5201
f 5148/5201 5244/5298 5245/5299
f 5148/5201 5245/5299 5149/5202
f 5149/5202 5245/5299 5246/5300
f 5149/5202 5246/5300 5150/5203
f 5150/5203 5246/5300 5247/5301
f 5150/5203 5247/5301 5151/5204
f 5151/5204 5247/5301 5248/5302
f 5151/5204 5248/5302 5152/5205
f 5152/5205 5248/5302 5249/5303
f 5152/5205 5249/5303 5153/5206
f 5153/5206 5249/5303 5250/5304
f 5153/5206 5250/5304 5154/5207
f 5154/5207 5250/5304 5251/5305
f 5154/5207 5251/5305 5155/5208
f 5155/5208 5251/5305 5252/5306
f 5155/5208 5252/5306 5156/5209
f 5156/5209 5252/5306 5253/5307
f 5156/5209 5253/5307 5157/5210
f 5157/5210 5253/5307 5254/5308
f 5157/5210 5254/5308 5158/5211
f 5158/5211 5254/5308 5255/5309
f 5158/5211 5255/5309 5159/5212
f 5159/5212 5255/5309 5256/5310
f 5159/5212 5256/5310 5160/5213
f 5160/5213 5256/5310 5257/5311
f 5160/5213 5257/5311 5161/5214
f 5161/5214 5257/5311 5258/5312
f 5161/5214 5258/5312 5162/5215
f 5162/5215 5258/5312 5259/5313
f 5162/5215 5259/5313 5163/5216
f 5163/5216 5259/5313 5260/5314
f 5163/5216 5260/5314 5164/5217
f 5164/5217 5260/5314 5261/5315
f 5164/5217 5261/5315 5165/5218
f 5165/5218 5261/5315 5262/5316
f 5165/5218 5262/5316 5166/5219
f 5166/5219 5262/5316 5263/5317
f 5166/5219 5263/5317 5167/5220
f 5167/5220 5263/5317 5264/5318
f 5167/5220 5264/5318 5168/5221
f 5168/5221 5264/5318 5265/5319
f 5168/5221 5265/5319 5169/5222
f 5169/5222 5265/5319 5266/5320
f 5169/5222 5266/5320 5170/5223
f 5170/5223 5266/5320 5267/5321
f 5170/5223 5267/5321 5171/5224
f 5171/5224 5267/5321 5268/5322
f 5171/5224 5268/5322 5172/5225
f 5172/5225 5268/5322 5269/5323
f 5172/5225 5269/5323 5173/5226
f 5173/5226 5269/5323 5270/5324
f 5173/5226 5270/5324 5174/5227
f 5174/5227 5270/5324 5271/5325
f 5174/5227 5271/5325 5175/5228
f 5175/5228 5271/5325 5272/5326
f 5175/5228 5272/5326 5176/5229
f 5176/5229 5272/5326 5273/5327
f 5176/5229 5273/5327 5177/5230
f 5177/5230 5273/5327 5274/5328
f 5177/5230 5274/5328 5178/5231
f 5178/5231 5274/5328 5275/5329
f 5178/5231 5275/5329 5179/5232
f 5179/5232 5275/5329 5276/5330
f 5179/5232 5276/5330 5180/5233
f 5180/5233 5276/5330 5277/5331
f 5180/5233 5277/5331 5181/5234
f 5181/5234 5277/5331 5278/5332
f 5181/5234 5278/5332 5182/5235
f 5182/5235 5278/5332 5279/5333
f 5182/5235 5279/5333 5183/5236
f 5183/5236 5279/5333 5280/5334
f 5183/5236 5280/5334 5184/5237
f 5184/5237 5280/5334 5185/5335
f 5184/5237 5185/5335 5089/5238
f 5185/5239 5281/5336 5282/5337
f 5185/5239 5282/5337 5186/5240
f 5186/5240 5282/5337 5283/5338
f 5186/5240 5283/5338 5187/5241
f 5187/5241 5283/5338 5284/5339
f 5187/5241 5284/5339 5188/5242
f 5188/5242 5284/5339 5285/5340
f 5188/5242 5285/5340 5189/5243
f 5189/5243 5285/5340 5286/5341
f 5189/5243 5286/5341 5190/5244
f 5190/5244 5286/5341 5287/5342
f 5190/5244 5287/5342 5191/5245
f 5191/5245 5287/5342 5288/5343
f 5191/5245 5288/5343 5192/5246
f 5192/5246 5288/5343 5289/5344
f 5192/5246 5289/5344 5193/5247
f 5193/5247 5289/5344 5290/5345
f 5193/5247 5290/5345 5194/5248
f 5194/5248 5290/5345 5291/5346
f 5194/5248 5291/5346 5195/5249
f 5195/5249 5291/5346 5292/5347
f 5195/5249 5292/5347 5196/5250
f 5196/5250 5292/5347 5293/5348
f 5196/5250 5293/5348 5197/5251
f 5197/5251 5293/5348 5294/5349
f 5197/5251 5294/5349 5198/5252
f 5198/5252 5294/5349 5295/5350
f 5198/5252 5295/5350 5199/5253
f 5199/5253 5295/5350 5296/5351
f 5199/5253 5296/5351 5200/5254
f 5200/5254 5296/5351 5297/5352
f 5200/5254 5297/5352 5201/5255
f 5201/5255 5297/5352 5298/5353
f 5201/5255 5298/5353 5202/5256
f 5202/5256 5298/5353 5299/5354
f 5202/5256 5299/5354 5203/5257
f 5203/5257 5299/5354 5300/5355
f 5203/5257 5300/5355 5204/5258
f 5204/5258 5300/5355 5301/5356
f 5204/5258 5301/5356 5205/5259
f 5205/5259 5301/5356 5302/5357
f 5205/5259 5302/5357 5206/5260
f 5206/5260 5302/5357 5303/5358
f 5206/5260 5303/5358 5207/5261
f 5207/5261 5303/5358 5304/5359
f 5207/5261 5304/5359 5208/5262
f 5208/5262 5304/5359 5305/5360
f 5208/5262 5305/5360 5209/5263
f 5209/5263 5305/5360 5306/5361
f 5209/5263 5306/5361 5210/5264
f 5210/5264 5306/5361 5307/5362
f 5210/5264 5307/5362 5211/5265
f 5211/5265 5307/5362 5308/5363
f 5211/5265 5308/5363 5212/5266
f 5212/5266 5308/5363 5309/5364
f 5212/5266 5309/5364 5213/5267
f 5213/5267 5309/5364 5310/5365
f 5213/5267 5310/5365 5214/5268
f 5214/5268 5310/5365 5311/5366
f 5214/5268 5311/5366 5215/5269
f 5215/5269 5311/5366 5312/5367
f 5215/5269 5312/5367 5216/5270
f 5216/5270 5312/5367 5313/5368
f 5216/5270 5313/5368 5217/5271
f 5217/5271 5313/5368 5314/5369
f 5217/5271 5314/5369 5218/5272
f 5218/5272 5314/5369 5315/5370
f 5218/5272 5315/5370 5219/5273
f 5219/5273 5315/5370 5316/5371
f 5219/5273 5316/5371 5220/5274
f 5220/5274 5316/5371 5317/5372
f 5220/5274 5317/5372 5221/5275
f 5221/5275 5317/5372 5318/5373
f 5221/5275 5318/5373 5222/5276
f 5222/5276 5318/5373 5319/5374
f 5222/5276 5319/5374 5223/5277
f 5223/5277 5319/5374 5320/5375
f 5223/5277 5320/5375 5224/5278
f 5224/5278 5320/5375 5321/5376
f 5224/5278 5321/5376 5225/5279
f 5225/5279 5321/5376 5322/5377
f 5225/5279 5322/5377 5226/5280
f 5226/5280 5322/5377 5323/5378
f 5226/5280 5323/5378 5227/5281
f 5227/5281 5323/5378 5324/5379
f 5227/5281 5324/5379 5228/5282
f 5228/5282 5324/5379 5325/5380
f 5228/5282 5325/5380 5229/5283
f 5229/5283 5325/5380 5326/5381
f 5229/5283 5326/5381 5230/5284
f 5230/5284 5326/5381 5327/5382
f 5230/5284 5327/5382 5231/5285
f 5231/5285 5327/5382 5328/5383
f 5231/5285 5328/5383 5232/5286
f 5232/5286 5328/5383 5329/5384
f 5232/5286 5329/5384 5233/5287
f 5233/5287 5329/5384 5330/5385
f 5233/5287 5330/5385 5234/5288
f 5234/5288 5330/5385 5331/5386
f 5234/5288 5331/5386 5235/5289
f 5235/5289 5331/5386 5332/5387
f 5235/5289 5332/5387 5236/5290
f 5236/5290 5332/5387 5333/5388
f 5236/5290 5333/5388 5237/5291
f 5237/5291 5333/5388 5334/5389
f 5237/5291 5334/5389 5238/5292
f 5238/5292 5334/5389 5335/5390
f 5238/5292 5335/5390 5239/5293
f 5239/5293 5335/5390 5336/5391
f 5239/5293 5336/5391 5240/5294
f 5240/5294 5336/5391 5337/5392
f 5240/5294 5337/5392 5241/5295
f 5241/5295 5337/5392 5338/5393
f 5241/5295 5338/5393 5242/5296
f 5242/5296 5338/5393 5339/5394
f 5242/5296 5339/5394 5243/5297
f 5243/5297 5339/5394 5340/5395
f 5243/5297 5340/5395 5244/5298
f 5244/5298 5340/5395 5341/5396
f 5244/5298 5341/5396 5245/5299
f 5245/5299 5341/5396 5342/5397
f 5245/5299 5342/5397 5246/5300
f 5246/5300 5342/5397 5343/5398
f 5246/5300 5343/5398 5247/5301
f 5247/5301 5343/5398 5344/5399
f 5247/5301 5344/5399 5248/5302
f 5248/5302 5344/5399 5345/5400
f 5248/5302 5345/5400 5249/5303
f 5249/5303 5345/5400 5346/5401
f 5249/5303 5346/5401 5250/5304
f 5250/5304 5346/5401 5347/5402
f 5250/5304 5347/5402 5251/5305
f 5251/5305 5347/5402 5348/5403
f 5251/5305 5348/5403 5252/5306
f 5252/5306 5348/5403 5349/5404
f 5252/5306 5349/5404 5253/5307
f 5253/5307 5349/5404 5350/5405
f 5253/5307 5350/5405 5254/5308
f 5254/5308 5350/5405 5351/5406
f 5254/5308 5351/5406 5255/5309
f 5255/5309 5351/5406 5352/5407
f 5255/5309 5352/5407 5256/5310
f 5256/5310 5352/5407 5353/5408
f 5256/5310 5353/5408 5257/5311
f 5257/5311 5353/5408 5354/5409
f 5257/5311 5354/5409 5258/5312
f 5258/5312 5354/5409 5355/5410
f 5258/5312 5355/5410 5259/5313
f 5259/5313 5355/5410 5356/5411
f 5259/5313 5356/5411 5260/5314
f 5260/5314 5356/5411 5357/5412
f 5260/5314 5357/5412 5261/5315
f 5261/5315 5357/5412 5358/5413
f 5261/5315 5358/5413 5262/5316
f 5262/5316 5358/5413 5359/5414
f 5262/5316 5359/5414 5263/5317
f 5263/5317 5359/5414 5360/5415
f 5263/5317 5360/5415 5264/5318
f 5264/5318 5360/5415 5361/5416
f 5264/5318 5361/5416 5265/5319
f 5265/5319 5361/5416 5362/5417
f 5265/5319 5362/5417 5266/5320
f 5266/5320 5362/5417 5363/5418
f 5266/5320 5363/5418 5267/5321
f 5267/5321 5363/5418 5364/5419
f 5267/5321 5364/5419 5268/5322
f 5268/5322 5364/5419 5365/5420
f 5268/5322 5365/5420 5269/5323
f 5269/5323 5365/5420 5366/5421
f 5269/5323 5366/5421 5270/5324
f 5270/5324 5366/5421 5367/5422
f 5270/5324 5367/5422 5271/5325
f 5271/5325 5367/5422 5368/5423
f 5271/5325 5368/5423 5272/5326
f 5272/5326 5368/5423 5369/5424
f 5272/5326 5369/5424 5273/5327
f 5273/5327 5369/5424 5370/5425
f 5273/5327 5370/5425 5274/5328
f 5274/5328 5370/5425 5371/5426
f 5274/5328 5371/5426 5275/5329
f 5275/5329 5371/5426 5372/5427
f 5275/5329 5372/5427 5276/5330
f 5276/5330 5372/5427 5373/5428
f 5276/5330 5373/5428 5277/5331
f 5277/5331 5373/5428 5374/5429
f 5277/5331 5374/5429 5278/5332
f 5278/5332 5374/5429 5375/5430
f 5278/5332 5375/5430 5279/5333
f 5279/5333 5375/5430 5376/5431
f 5279/5333 5376/5431 5280/5334
f 5280/5334 5376/5431 5281/5432
f 5280/5334 5281/5432 5185/5335
f 5281/5336 5377/5433 5378/5434
f 5281/5336 5378/5434 5282/5337
f 5282/5337 5378/5434 5379/5435
f 5282/5337 5379/5435 5283/5338
f 5283/5338 5379/5435 5380/5436
f 5283/5338 5380/5436 5284/5339
f 5284/5339 5380/5436 5381/5437
f 5284/5339 5381/5437 5285/5340
f 5285/5340 5381/5437 5382/5438
f 5285/5340 5382/5438 5286/5341
f 5286/5341 5382/5438 5383/5439
f 5286/5341 5383/5439 5287/5342
f 5287/5342 5383/5439 5384/5440
f 5287/5342 5384/5440 5288/5343
f 5288/5343 5384/5440 5385/5441
f 5288/5343 5385/5441 5289/5344
f 5289/5344 5385/5441 5386/5442
f 5289/5344 5386/5442 5290/5345
f 5290/5345 5386/5442 5387/5443
f 5290/5345 5387/5443 5291/5346
f 5291/5346 5387/5443 5388/5444
f 5291/5346 5388/5444 5292/5347
f 5292/5347 5388/5444 5389/5445
f 5292/5347 5389/5445 5293/5348
f 5293/5348 5389/5445 5390/5446
f 5293/5348 5390/5446 5294/5349
f 5294/5349 5390/5446 5391/5447
f 5294/5349 5391/5447 5295/5350
f 5295/5350 5391/5447 5392/5448
f 5295/5350 5392/5448 5296/5351
f 5296/5351 5392/5448 5393/5449
f 5296/5351 5393/5449 5297/5352
f 5297/5352 5393/5449 5394/5450
f 5297/5352 5394/5450 5298/5353
f 5298/5353 5394/5450 5395/5451
f 5298/5353 5395/5451 5299/5354
f 5299/5354 5395/5451 5396/5452
f 5299/5354 5396/5452 5300/5355
f 5300/5355 5396/5452 5397/5453
f 5300/5355 5397/5453 5301/5356
f 5301/5356 5397/5453 5398/5454
f 5301/5356 5398/5454 5302/5357
f 5302/5357 5398/5454 5399/5455
f 5302/5357 5399/5455 5303/5358
f 5303/5358 5399/5455 5400/5456
f 5303/5358 5400/5456 5304/5359
f 5304/5359 5400/5456 5401/5457
f 5304/5359 5401/5457 5305/5360
f 5305/5360 5401/5457 5402/5458
f 5305/5360 5402/5458 5306/5361
f 5306/5361 5402/5458 5403/5459
f 5306/5361 5403/5459 5307/5362
f 5307/5362 5403/5459 5404/5460
f 5307/5362 5404/5460 5308/5363
f 5308/5363 5404/5460 5405/5461
f 5308/5363 5405/5461 5309/5364
f 5309/5364 5405/5461 5406/5462
f 5309/5364 5406/5462 5310/5365
f 5310/5365 5406/5462 5407/5463
f 5310/5365 5407/5463 5311/5366
f 5311/5366 5407/5463 5408/5464
f 5311/5366 5408/5464 5312/5367
f 5312/5367 5408/5464 5409/5465
f 5312/5367 5409/5465 5313/5368
f 5313/5368 5409/5465 5410/5466
f 5313/5368 5410/5466 5314/5369
f 5314/5369 5410/5466 5411/5467
f 5314/5369 5411/5467 5315/5370
f 5315/5370 5411/5467 5412/5468
f 5315/5370 5412/5468 5316/5371
f 5316/5371 5412/5468 5413/5469
f 5316/5371 5413/5469 5317/5372
f 5317/5372 5413/5469 5414/5470
f 5317/5372 5414/5470 5318/5373
f 5318/5373 5414/5470 5415/5471
f 5318/5373 5415/5471 5319/5374
f 5319/5374 5415/5471 5416/5472
f 5319/5374 5416/5472 5320/5375
f 5320/5375 5416/5472 5417/5473
f 5320/5375 5417/5473 5321/5376
f 5321/5376 5417/5473 5418/5474
f 5321/5376 5418/5474 5322/5377
f 5322/5377 5418/5474 5419/5475
f 5322/5377 5419/5475 5323/5378
f 5323/5378 5419/5475 5420/5476
f 5323/5378 5420/5476 5324/5379
f 5324/5379 5420/5476 5421/5477
f 5324/5379 5421/5477 5325/5380
f 5325/5380 5421/5477 5422/5478
f 5325/5380 5422/5478 5326/5381
f 5326/5381 5422/5478 5423/5479
f 5326/5381 5423/5479 5327/5382
f 5327/5382 5423/5479 5424/5480
f 5327/5382 5424/5480 5328/5383
f 5328/5383 5424/5480 5425/5481
f 5328/5383 5425/5481 5329/5384
f 5329/5384 5425/5481 5426/5482
f 5329/5384 5426/5482 5330/5385
f 5330/5385 5426/5482 5427/5483
f 5330/5385 5427/5483 5331/5386
f 5331/5386 5427/5483 5428/5484
f 5331/5386 5428/5484 5332/5387
f 5332/5387 5428/5484 5429/5485
f 5332/5387 5429/5485 5333/5388
f 5333/5388 5429/5485 5430/5486
f 5333/5388 5430/5486 5334/5389
f 5334/5389 5430/5486 5431/5487
f 5334/5389 5431/5487 5335/5390
f 5335/5390 5431/5487 5432/5488
f 5335/5390 5432/5488 5336/5391
f 5336/5391 5432/5488 5433/5489
f 5336/5391 5433/5489 5337/5392
f 5337/5392 5433/5489 5434/5490
f 5337/5392 5434/5490 5338/5393
f 5338/5393 5434/5490 5435/5491
f 5338/5393 5435/5491 5339/5394
f 5339/5394 5435/5491 5436/5492
f 5339/5394 5436/5492 5340/5395
f 5340/5395 5436/5492 5437/5493
f 5340/5395 5437/5493 5341/5396
f 5341/5396 5437/5493 5438/5494
f 5341/5396 5438/5494 5342/5397
f 5342/5397 5438/5494 5439/5495
f 5342/5397 5439/5495 5343/5398
f 5343/5398 5439/5495 5440/5496
f 5343/5398 5440/5496 5344/5399
f 5344/5399 5440/5496 5441/5497
f 5344/5399 5441/5497 5345/5400
f 5345/5400 5441/5497 5442/5498
f 5345/5400 5442/5498 5346/5401
f 5346/5401 5442/5498 5443/5499
f 5346/5401 5443/5499 5347/5402
f 5347/5402 5443/5499 5444/5500
f 5347/5402 5444/5500 5348/5403
f 5348/5403 5444/5500 5445/5501
f 5348/5403 5445/5501 5349/5404
f 5349/5404 5445/5501 5446/5502
f 5349/5404 5446/5502 5350/5405
f 5350/5405 5446/5502 5447/5503
f 5350/5405 5447/5503 5351/5406
f 5351/5406 5447/5503 5448/5504
f 5351/5406 5448/5504 5352/5407
f 5352/5407 5448/5504 5449/5505
f 5352/5407 5449/5505 5353/5408
f 5353/5408 5449/5505 5450/5506
f 5353/5408 5450/5506 5354/5409
f 5354/5409 5450/5506 5451/5507
f 5354/5409 5451/5507 5355/5410
f 5355/5410 5451/5507 5452/5508
f 5355/5410 5452/5508 5356/5411
f 5356/5411 5452/5508 5453/5509
f 5356/5411 5453/5509 5357/5412
f 5357/5412 5453/5509 5454/5510
f 5357/5412 5454/5510 5358/5413
f 5358/5413 5454/5510 5455/5511
f 5358/5413 5455/5511 5359/5414
f 5359/5414 5455/5511 5456/5512
f 5359/5414 5456/5512 5360/5415
f 5360/5415 5456/5512 5457/5513
f 5360/5415 5457/5513 5361/5416
f 5361/5416 5457/5513 5458/5514
f 5361/5416 5458/5514 5362/5417
f 5362/5417 5458/5514 5459/5515
f 5362/5417 5459/5515 5363/5418
f 5363/5418 5459/5515 5460/5516
f 5363/5418 5460/5516 5364/5419
f 5364/5419 5460/5516 5461/5517
f 5364/5419 5461/5517 5365/5420
f 5365/5420 5461/5517 5462/5518
f 5365/5420 5462/5518 5366/5421
f 5366/5421 5462/5518 5463/5519
f 5366/5421 5463/5519 5367/5422
f 5367/5422 5463/5519 5464/5520
f 5367/5422 5464/5520 5368/5423
f 5368/5423 5464/5520 5465/5521
f 5368/5423 5465/5521 5369/5424
f 5369/5424 5465/5521 5466/5522
f 5369/5424 5466/5522 5370/5425
f 5370/5425 5466/5522 5467/5523
f 5370/5425 5467/5523 5371/5426
f 5371/5426 5467/5523 5468/5524
f 5371/5426 5468/5524 5372/5427
f 5372/5427 5468/5524 5469/5525
f 5372/5427 5469/5525 5373/5428
f 5373/5428 5469/5525 5470/5526
f 5373/5428 5470/5526 5374/5429
f 5374/5429 5470/5526 5471/5527
f 5374/5429 5471/5527 5375/5430
f 5375/5430 5471/5527 5472/5528
f 5375/5430 5472/5528 5376/5431
f 5376/5431 5472/5528 5377/5529
f 5376/5431 5377/5529 5281/5432
f 5377/5433 5473/5530 5474/5531
f 5377/5433 5474/5531 5378/5434
f 5378/5434 5474/5531 5475/5532
f 5378/5434 5475/5532 5379/5435
f 5379/5435 5475/5532 5476/5533
f 5379/5435 5476/5533 5380/5436
f 5380/5436 5476/5533 5477/5534
f 5380/5436 5477/5534 5381/5437
f 5381/5437 5477/5534 5478/5535
f 5381/5437 5478/5535 5382/5438
f 5382/5438 5478/5535 5479/5536
f 5382/5438 5479/5536 5383/5439
f 5383/5439 5479/5536 5480/5537
f 5383/5439 5480/5537 5384/5440
f 5384/5440 5480/5537 5481/5538
f 5384/5440 5481/5538 5385/5441
f 5385/5441 5481/5538 5482/5539
f 5385/5441 5482/5539 5386/5442
f 5386/5442 5482/5539 5483/5540
f 5386/5442 5483/5540 5387/5443
f 5387/5443 5483/5540 5484/5541
f 5387/5443 5484/5541 5388/5444
f 5388/5444 5484/5541 5485/5542
f 5388/5444 5485/5542 5389/5445
f 5389/5445 5485/5542 5486/5543
f 5389/5445 5486/5543 5390/5446
f 5390/5446 5486/5543 5487/5544
f 5390/5446 5487/5544 5391/5447
f 5391/5447 5487/5544 5488/5545
f 5391/5447 5488/5545 5392/5448
f 5392/5448 5488/5545 5489/5546
f 5392/5448 5489/5546 5393/5449
f 5393/5449 5489/5546 5490/5547
f 5393/5449 5490/5547 5394/5450
f 5394/5450 5490/5547 5491/5548
f 5394/5450 5491/5548 5395/5451
f 5395/5451 5491/5548 5492/5549
f 5395/5451 5492/5549 5396/5452
f 5396/5452 5492/5549 5493/5550
f 5396/5452 5493/5550 5397/5453
f 5397/5453 5493/5550 5494/5551
f 5397/5453 5494/5551 5398/5454
f 5398/5454 5494/5551 5495/5552
f 5398/5454 5495/5552 5399/5455
f 5399/5455 5495/5552 5496/5553
f 5399/5455 5496/5553 5400/5456
f 5400/5456 5496/5553 5497/5554
f 5400/5456 5497/5554 5401/5457
f 5401/5457 5497/5554 5498/5555
f 5401/5457 5498/5555 5402/5458
f 5402/5458 5498/5555 5499/5556
f 5402/5458 5499/5556 5403/5459
f 5403/5459 5499/5556 5500/5557
f 5403/5459 5500/5557 5404/5460
f 5404/5460 5500/5557 5501/5558
f 5404/5460 5501/5558 5405/5461
f 5405/5461 5501/5558 5502/5559
f 5405/5461 5502/5559 5406/5462
f 5406/5462 5502/5559 5503/5560
f 5406/5462 5503/5560 5407/5463
f 5407/5463 5503/5560 5504/5561
f 5407/5463 5504/5561 5408/5464
f 5408/5464 5504/5561 5505/5562
f 5408/5464 5505/5562 5409/5465
f 5409/5465 5505/5562 5506/5563
f 5409/5465 5506/5563 5410/5466
f 5410/5466 5506/5563 5507/5564
f 5410/5466 5507/5564 5411/5467
f 5411/5467 5507/5564 5508/5565
f 5411/5467 5508/5565 5412/5468
f 5412/5468 5508/5565 5509/5566
f 5412/5468 5509/5566 5413/5469
f 5413/5469 5509/5566 5510/5567
f 5413/5469 5510/5567 5414/5470
f 5414/5470 5510/5567 5511/5568
f 5414/5470 5511/5568 5415/5471
f 5415/5471 5511/5568 5512/5569
f 5415/5471 5512/5569 5416/5472
f 5416/5472 5512/5569 5513/5570
f 5416/5472 5513/5570 5417/5473
f 5417/5473 5513/5570 5514/5571
f 5417/5473 5514/5571 5418/5474
f 5418/5474 5514/5571 5515/5572
f 5418/5474 5515/5572 5419/5475
f 5419/5475 5515/5572 5516/5573
f 5419/5475 5516/5573 5420/5476
f 5420/5476 5516/5573 5517/5574
f 5420/5476 5517/5574 5421/5477
f 5421/5477 5517/5574 5518/5575
f 5421/5477 5518/5575 5422/5478
f 5422/5478 5518/5575 5519/5576
f 5422/5478 5519/5576 5423/5479
f 5423/5479 5519/5576 5520/5577
f 5423/5479 5520/5577 5424/5480
f 5424/5480 5520/5577 5521/5578
f 5424/5480 5521/5578 5425/5481
f 5425/5481 5521/5578 5522/5579
f 5425/5481 5522/5579 5426/5482
f 5426/5482 5522/5579 5523/5580
f 5426/5482 5523/5580 5427/5483
f 5427/5483 5523/5580 5524/5581
f 5427/5483 5524/5581 5428/5484
f 5428/5484 5524/5581 5525/5582
f 5428/5484 5525/5582 5429/5485
f 5429/5485 5525/5582 5526/5583
f 5429/5485 5526/5583 5430/5486
f 5430/5486 5526/5583 5527/5584
f 5430/5486 5527/5584 5431/5487
f 5431/5487 5527/5584 5528/5585
f 5431/5487 5528/5585 5432/5488
f 5432/5488 5528/5585 5529/5586
f 5432/5488 5529/5586 5433/5489
f 5433/5489 5529/5586 5530/5587
f 5433/5489 5530/5587 5434/5490
f 5434/5490 5530/5587 5531/5588
f 5434/5490 5531/5588 5435/5491
f 5435/5491 5531/5588 5532/5589
f 5435/5491 5532/5589 5436/5492
f 5436/5492 5532/5589 5533/5590
f 5436/5492 5533/5590 5437/5493
f 5437/5493 5533/5590 5534/5591
f 5437/5493 5534/5591 5438/5494
f 5438/5494 5534/5591 5535/5592
f 5438/5494 5535/5592 5439/5495
f 5439/5495 5535/5592 5536/5593
f 5439/5495 5536/5593 5440/5496
f 5440/5496 5536/5593 5537/5594
f 5440/5496 5537/5594 5441/5497
f 5441/5497 5537/5594 5538/5595
f 5441/5497 5538/5595 5442/5498
f 5442/5498 5538/5595 5539/5596
f 5442/5498 5539/5596 5443/5499
f 5443/5499 5539/5596 5540/5597
f 5443/5499 5540/5597 5444/5500
f 5444/5500 5540/5597 5541/5598
f 5444/5500 5541/5598 5445/5501
f 5445/5501 5541/5598 5542/5599
f 5445/5501 5542/5599 5446/5502
f 5446/5502 5542/5599 5543/5600
f 5446/5502 5543/5600 5447/5503
f 5447/5503 5543/5600 5544/5601
f 5447/5503 5544/5601 5448/5504
f 5448/5504 5544/5601 5545/5602
f 5448/5504 5545/5602 5449/5505
f 5449/5505 5545/5602 5546/5603
f 5449/5505 5546/5603 5450/5506
f 5450/5506 5546/5603 5547/5604
f 5450/5506 5547/5604 5451/5507
f 5451/5507 5547/5604 5548/5605
f 5451/5507 5548/5605 5452/5508
f 5452/5508 5548/5605 5549/5606
f 5452/5508 5549/5606 5453/5509
f 5453/5509 5549/5606 5550/5607
f 5453/5509 5550/5607 5454/5510
f 5454/5510 5550/5607 5551/5608
f 5454/5510 5551/5608 5455/5511
f 5455/5511 5551/5608 5552/5609
f 5455/5511 5552/5609 5456/5512
f 5456/5512 5552/5609 5553/5610
f 5456/5512 5553/5610 5457/5513
f 5457/5513 5553/5610 5554/5611
f 5457/5513 5554/5611 5458/5514
f 5458/5514 5554/5611 5555/5612
f 5458/5514 5555/5612 5459/5515
f 5459/5515 5555/5612 5556/5613
f 5459/5515 5556/5613 5460/5516
f 5460/5516 5556/5613 5557/5614
f 5460/5516 5557/5614 5461/5517
f 5461/5517 5557/5614 5558/5615
f 5461/5517 5558/5615 5462/5518
f 5462/5518 5558/5615 5559/5616
f 5462/5518 5559/5616 5463/5519
f 5463/5519 5559/5616 5560/5617
f 5463/5519 5560/5617 5464/5520
f 5464/5520 5560/5617 5561/5618
f 5464/5520 5561/5618 5465/5521
f 5465/5521 5561/5618 5562/5619
f 5465/5521 5562/5619 5466/5522
f 5466/5522 5562/5619 5563/5620
f 5466/5522 5563/5620 5467/5523
f 5467/5523 5563/5620 5564/5621
f 5467/5523 5564/5621 5468/5524
f 5468/5524 5564/5621 5565/5622
f 5468/5524 5565/5622 5469/5525
f 5469/5525 5565/5622 5566/5623
f 5469/5525 5566/5623 5470/5526
f 5470/5526 5566/5623 5567/5624
f 5470/5526 5567/5624 5471/5527
f 5471/5527 5567/5624 5568/5625
f 5471/5527 5568/5625 5472/5528
f 5472/5528 5568/5625 5473/5626
f 5472/5528 5473/5626 5377/5529
f 5473/5530 5569/5627 5570/5628
f 5473/5530 5570/5628 5474/5531
f 5474/5531 5570/5628 5571/5629
f 5474/5531 5571/5629 5475/5532
f 5475/5532 5571/5629 5572/5630
f 5475/5532 5572/5630 5476/5533
f 5476/5533 5572/5630 5573/5631
f 5476/5533 5573/5631 5477/5534
f 5477/5534 5573/5631 5574/5632
f 5477/5534 5574/5632 5478/5535
f 5478/5535 5574/5632 5575/5633
f 5478/5535 5575/5633 5479/5536
f 5479/5536 5575/5633 5576/5634
f 5479/5536 5576/5634 5480/5537
f 5480/5537 5576/5634 5577/5635
f 5480/5537 5577/5635 5481/5538
f 5481/5538 5577/5635 5578/5636
f 5481/5538 5578/5636 5482/5539
f 5482/5539 5578/5636 5579/5637
f 5482/5539 5579/5637 5483/5540
f 5483/5540 5579/5637 5580/5638
f 5483/5540 5580/5638 5484/5541
f 5484/5541 5580/5638 5581/5639
f 5484/5541 5581/5639 5485/5542
f 5485/5542 5581/5639 5582/5640
f 5485/5542 5582/5640 5486/5543
f 5486/5543 5582/5640 5583/5641
f 5486/5543 5583/5641 5487/5544
f 5487/5544 5583/5641 5584/5642
f 5487/5544 5584/5642 5488/5545
f 5488/5545 5584/5642 5585/5643
f 5488/5545 5585/5643 5489/5546
f 5489/5546 5585/5643 5586/5644
f 5489/5546 5586/5644 5490/5547
f 5490/5547 5586/5644 5587/5645
f 5490/5547 5587/5645 5491/5548
f 5491/5548 5587/5645 5588/5646
f 5491/5548 5588/5646 5492/5549
f 5492/5549 5588/5646 5589/5647
f 5492/5549 5589/5647 5493/5550
f 5493/5550 5589/5647 5590/5648
f 5493/5550 5590/5648 5494/5551
f 5494/5551 5590/5648 5591/5649
f 5494/5551 5591/5649 5495/5552
f 5495/5552 5591/5649 5592/5650
f 5495/5552 5592/5650 5496/5553
f 5496/5553 5592/5650 5593/5651
f 5496/5553 5593/5651 5497/5554
f 5497/5554 5593/5651 5594/5652
f 5497/5554 5594/5652 5498/5555
f 5498/5555 5594/5652 5595/5653
f 5498/5555 5595/5653 5499/5556
f 5499/5556 5595/5653 5596/5654
f 5499/5556 5596/5654 5500/5557
f 5500/5557 5596/5654 5597/5655
f 5500/5557 5597/5655 5501/5558
f 5501/5558 5597/5655 5598/5656
f 5501/5558 5598/5656 5502/5559
f 5502/5559 5598/5656 5599/5657
f 5502/5559 5599/5657 5503/5560
f 5503/5560 5599/5657 5600/5658
f 5503/5560 5600/5658 5504/5561
f 5504/5561 5600/5658 5601/5659
f 5504/5561 5601/5659 5505/5562
f 5505/5562 5601/5659 5602/5660
f 5505/5562 5602/5660 5506/5563
f 5506/5563 5602/5660 5603/5661
f 5506/5563 5603/5661 5507/5564
f 5507/5564 5603/5661 5604/5662
f 5507/5564 5604/5662 5508/5565
f 5508/5565 5604/5662 5605/5663
f 5508/5565 5605/5663 5509/5566
f 5509/5566 5605/5663 5606/5664
f 5509/5566 5606/5664 5510/5567
f 5510/5567 5606/5664 5607/5665
f 5510/5567 5607/5665 5511/5568
f 5511/5568 5607/5665 5608/5666
f 5511/5568 5608/5666 5512/5569
f 5512/5569 5608/5666 5609/5667
f 5512/5569 5609/5667 5513/5570
f 5513/5570 5609/5667 5610/5668
f 5513/5570 5610/5668 5514/5571
f 5514/5571 5610/5668 5611/5669
f 5514/5571 5611/5669 5515/5572
f 5515/5572 5611/5669 5612/5670
f 5515/5572 5612/5670 5516/5573
f 5516/5573 5612/5670 5613/5671
f 5516/5573 5613/5671 5517/5574
f 5517/5574 5613/5671 5614/5672
f 5517/5574 5614/5672 5518/5575
f 5518/5575 5614/5672 5615/5673
f 5518/5575 5615/5673 5519/5576
f 5519/5576 5615/5673 5616/5674
f 5519/5576 5616/5674 5520/5577
f 5520/5577 5616/5674 5617/5675
f 5520/5577 5617/5675 5521/5578
f 5521/5578 5617/5675 5618/5676
f 5521/5578 5618/5676 5522/5579
f 5522/5579 5618/5676 5619/5677
f 5522/5579 5619/5677 5523/5580
f 5523/5580 5619/5677 5620/5678
f 5523/5580 5620/5678 5524/5581
f 5524/5581 5620/5678 5621/5679
f 5524/5581 5621/5679 5525/5582
f 5525/5582 5621/5679 5622/5680
f 5525/5582 5622/5680 5526/5583
f 5526/5583 5622/5680 5623/5681
f 5526/5583 5623/5681 5527/5584
f 5527/5584 5623/5681 5624/5682
f 5527/5584 5624/5682 5528/5585
f 5528/5585 5624/5682 5625/5683
f 5528/5585 5625/5683 5529/5586
f 5529/5586 5625/5683 5626/5684
f 5529/5586 5626/5684 5530/5587
f 5530/5587 5626/5684 5627/5685
f 5530/5587 5627/5685 5531/5588
f 5531/5588 5627/5685 5628/5686
f 5531/5588 5628/5686 5532/5589
f 5532/5589 5628/5686 5629/5687
f 5532/5589 5629/5687 5533/5590
f 5533/5590 5629/5687 5630/5688
f 5533/5590 5630/5688 5534/5591
f 5534/5591 5630/5688 5631/5689
f 5534/5591 5631/5689 5535/5592
f 5535/5592 5631/5689 5632/5690
f 5535/5592 5632/5690 5536/5593
f 5536/5593 5632/5690 5633/5691
f 5536/5593 5633/5691 5537/5594
f 5537/5594 5633/5691 5634/5692
f 5537/5594 5634/5692 5538/5595
f 5538/5595 5634/5692 5635/5693
f 5538/5595 5635/5693 5539/5596
f 5539/5596 5635/5693 5636/5694
f 5539/5596 5636/5694 5540/5597
f 5540/5597 5636/5694 5637/5695
f 5540/5597 5637/5695 5541/5598
f 5541/5598 5637/5695 5638/5696
f 5541/5598 5638/5696 5542/5599
f 5542/5599 5638/5696 5639/5697
f 5542/5599 5639/5697 5543/5600
f 5543/5600 5639/5697 5640/5698
f 5543/5600 5640/5698 5544/5601
f 5544/5601 5640/5698 5641/5699
f 5544/5601 5641/5699 5545/5602
f 5545/5602 5641/5699 5642/5700
f 5545/5602 5642/5700 5546/5603
f 5546/5603 5642/5700 5643/5701
f 5546/5603 5643/5701 5547/5604
f 5547/5604 5643/5701 5644/5702
f 5547/5604 5644/5702 5548/5605
f 5548/5605 5644/5702 5645/5703
f 5548/5605 5645/5703 5549/5606
f 5549/5606 5645/5703 5646/5704
f 5549/5606 5646/5704 5550/5607
f 5550/5607 5646/5704 5647/5705
f 5550/5607 5647/5705 5551/5608
f 5551/5608 5647/5705 5648/5706
f 5551/5608 5648/5706 5552/5609
f 5552/5609 5648/5706 5649/5707
f 5552/5609 5649/5707 5553/5610
f 5553/5610 5649/5707 5650/5708
f 5553/5610 5650/5708 5554/5611
f 5554/5611 5650/5708 5651/5709
f 5554/5611 5651/5709 5555/5612
f 5555/5612 5651/5709 5652/5710
f 5555/5612 5652/5710 5556/5613
f 5556/5613 5652/5710 5653/5711
f 5556/5613 5653/5711 5557/5614
f 5557/5614 5653/5711 5654/5712
f 5557/5614 5654/5712 5558/5615
f 5558/5615 5654/5712 5655/5713
f 5558/5615 5655/5713 5559/5616
f 5559/5616 5655/5713 5656/5714
f 5559/5616 5656/5714 5560/5617
f 5560/5617 5656/5714 5657/5715
f 5560/5617 5657/5715 5561/5618
f 5561/5618 5657/5715 5658/5716
f 5561/5618 5658/5716 5562/5619
f 5562/5619 5658/5716 5659/5717
f 5562/5619 5659/5717 5563/5620
f 5563/5620 5659/5717 5660/5718
f 5563/5620 5660/5718 5564/5621
f 5564/5621 5660/5718 5661/5719
f 5564/5621 5661/5719 5565/5622
f 5565/5622 5661/5719 5662/5720
f 5565/5622 5662/5720 5566/5623
f 5566/5623 5662/5720 5663/5721
f 5566/5623 5663/5721 5567/5624
f 5567/5624 5663/5721 5664/5722
f 5567/5624 5664/5722 5568/5625
f 5568/5625 5664/5722 5569/5723
f 5568/5625 5569/5723 5473/5626
f 5569/5627 5665/5724 5666/5725
f 5569/5627 5666/5725 5570/5628
f 5570/5628 5666/5725 5667/5726
f 5570/5628 5667/5726 5571/5629
f 5571/5629 5667/5726 5668/5727
f 5571/5629 5668/5727 5572/5630
f 5572/5630 5668/5727 5669/5728
f 5572/5630 5669/5728 5573/5631
f 5573/5631 5669/5728 5670/5729
f 5573/5631 5670/5729 5574/5632
f 5574/5632 5670/5729 5671/5730
f 5574/5632 5671/5730 5575/5633
f 5575/5633 5671/5730 5672/5731
f 5575/5633 5672/5731 5576/5634
f 5576/5634 5672/5731 5673/5732
f 5576/5634 5673/5732 5577/5635
f 5577/5635 5673/5732 5674/5733
f 5577/5635 5674/5733 5578/5636
f 5578/5636 5674/5733 5675/5734
f 5578/5636 5675/5734 5579/5637
f 5579/5637 5675/5734 5676/5735
f 5579/5637 5676/5735 5580/5638
f 5580/5638 5676/5735 5677/5736
f 5580/5638 5677/5736 5581/5639
f 5581/5639 5677/5736 5678/5737
f 5581/5639 5678/5737 5582/5640
f 5582/5640 5678/5737 5679/5738
f 5582/5640 5679/5738 5583/5641
f 5583/5641 5679/5738 5680/5739
f 5583/5641 5680/5739 5584/5642
f 5584/5642 5680/5739 5681/5740
f 5584/5642 5681/5740 5585/5643
f 5585/5643 5681/5740 5682/5741
f 5585/5643 5682/5741 5586/5644
f 5586/5644 5682/5741 5683/5742
f 5586/5644 5683/5742 5587/5645
f 5587/5645 5683/5742 5684/5743
f 5587/5645 5684/5743 5588/5646
f 5588/5646 5684/5743 5685/5744
f 5588/5646 5685/5744 5589/5647
f 5589/5647 5685/5744 5686/5745
f 5589/5647 5686/5745 5590/5648
f 5590/5648 5686/5745 5687/5746
f 5590/5648 5687/5746 5591/5649
f 5591/5649 5687/5746 5688/5747
f 5591/5649 5688/5747 5592/5650
f 5592/5650 5688/5747 5689/5748
f 5592/5650 5689/5748 5593/5651
f 5593/5651 5689/5748 5690/5749
f 5593/5651 5690/5749 5594/5652
f 5594/5652 5690/5749 5691/5750
f 5594/5652 5691/5750 5595/5653
f 5595/5653 5691/5750 5692/5751
f 5595/5653 5692/5751 5596/5654
f 5596/5654 5692/5751 5693/5752
f 5596/5654 5693/5752 5597/5655
f 5597/5655 5693/5752 5694/5753
f 5597/5655 5694/5753 5598/5656
f 5598/5656 5694/5753 5695/5754
f 5598/5656 5695/5754 5599/5657
f 5599/5657 5695/5754 5696/5755
f 5599/5657 5696/5755 5600/5658
f 5600/5658 5696/5755 5697/5756
f 5600/5658 5697/5756 5601/5659
f 5601/5659 5697/5756 5698/5757
f 5601/5659 5698/5757 5602/5660
f 5602/5660 5698/5757 5699/5758
f 5602/5660 5699/5758 5603/5661
f 5603/5661 5699/5758 5700/5759
f 5603/5661 5700/5759 5604/5662
f 5604/5662 5700/5759 5701/5760
f 5604/5662 5701/5760 5605/5663
f 5605/5663 5701/5760 5702/5761
f 5605/5663 5702/5761 5606/5664
f 5606/5664 5702/5761 5703/5762
f 5606/5664 5703/5762 5607/5665
f 5607/5665 5703/5762 5704/5763
f 5607/5665 5704/5763 5608/5666
f 5608/5666 5704/5763 5705/5764
f 5608/5666 5705/5764 5609/5667
f 5609/5667 5705/5764 5706/5765
f 5609/5667 5706/5765 5610/5668
f 5610/5668 5706/5765 5707/5766
f 5610/5668 5707/5766 5611/5669
f 5611/5669 5707/5766 5708/5767
f 5611/5669 5708/5767 5612/5670
f 5612/5670 5708/5767 5709/5768
f 5612/5670 5709/5768 5613/5671
f 5613/5671 5709/5768 5710/5769
f 5613/5671 5710/5769 5614/5672
f 5614/5672 5710/5769 5711/5770
f 5614/5672 5711/5770 5615/5673
f 5615/5673 5711/5770 5712/5771
f 5615/5673 5712/5771 5616/5674
f 5616/5674 5712/5771 5713/5772
f 5616/5674 5713/5772 5617/5675
f 5617/5675 5713/5772 5714/5773
f 5617/5675 5714/5773 5618/5676
f 5618/5676 5714/5773 5715/5774
f 5618/5676 5715/5774 5619/5677
f 5619/5677 5715/5774 5716/5775
f 5619/5677 5716/5775 5620/5678
f 5620/5678 5716/5775 5717/5776
f 5620/5678 5717/5776 5621/5679
f 5621/5679 5717/5776 5718/5777
f 5621/5679 5718/5777 5622/5680
f 5622/5680 5718/5777 5719/5778
f 5622/5680 5719/5778 5623/5681
f 5623/5681 5719/5778 5720/5779
f 5623/5681 5720/5779 5624/5682
f 5624/5682 5720/5779 5721/5780
f 5624/5682 5721/5780 5625/5683
f 5625/5683 5721/5780 5722/5781
f 5625/5683 5722/5781 5626/5684
f 5626/5684 5722/5781 5723/5782
f 5626/5684 5723/5782 5627/5685
f 5627/5685 5723/5782 5724/5783
f 5627/5685 5724/5783 5628/5686
f 5628/5686 5724/5783 5725/5784
f 5628/5686 5725/5784 5629/5687
f 5629/5687 5725/5784 5726/5785
f 5629/5687 5726/5785 5630/5688
f 5630/5688 5726/5785 5727/5786
f 5630/5688 5727/5786 5631/5689
f 5631/5689 5727/5786 5728/5787
f 5631/5689 5728/5787 5632/5690
f 5632/5690 5728/5787 5729/5788
f 5632/5690 5729/5788 5633/5691
f 5633/5691 5729/5788 5730/5789
f 5633/5691 5730/5789 5634/5692
f 5634/5692 5730/5789 5731/5790
f 5634/5692 5731/5790 5635/5693
f 5635/5693 5731/5790 5732/5791
f 5635/5693 5732/5791 5636/5694
f 5636/5694 5732/5791 5733/5792
f 5636/5694 5733/5792 5637/5695
f 5637/5695 5733/5792 5734/5793
f 5637/5695 5734/5793 5638/5696
f 5638/5696 5734/5793 5735/5794
f 5638/5696 5735/5794 5639/5697
f 5639/5697 5735/5794 5736/5795
f 5639/5697 5736/5795 5640/5698
f 5640/5698 5736/5795 5737/5796
f 5640/5698 5737/5796 5641/5699
f 5641/5699 5737/5796 5738/5797
f 5641/5699 5738/5797 5642/5700
f 5642/5700 5738/5797 5739/5798
f 5642/5700 5739/5798 5643/5701
f 5643/5701 5739/5798 5740/5799
f 5643/5701 5740/5799 5644/5702
f 5644/5702 5740/5799 5741/5800
f 5644/5702 5741/5800 5645/5703
f 5645/5703 5741/5800 5742/5801
f 5645/5703 5742/5801 5646/5704
f 5646/5704 5742/5801 5743/5802
f 5646/5704 5743/5802 5647/5705
f 5647/5705 5743/5802 5744/5803
f 5647/5705 5744/5803 5648/5706
f 5648/5706 5744/5803 5745/5804
f 5648/5706 5745/5804 5649/5707
f 5649/5707 5745/5804 5746/5805
f 5649/5707 5746/5805 5650/5708
f 5650/5708 5746/5805 5747/5806
f 5650/5708 5747/5806 5651/5709
f 5651/5709 5747/5806 5748/5807
f 5651/5709 5748/5807 5652/5710
f 5652/5710 5748/5807 5749/5808
f 5652/5710 5749/5808 5653/5711
f 5653/5711 5749/5808 5750/5809
f 5653/5711 5750/5809 5654/5712
f 5654/5712 5750/5809 5751/5810
f 5654/5712 5751/5810 5655/5713
f 5655/5713 5751/5810 5752/5811
f 5655/5713 5752/5811 5656/5714
f 5656/5714 5752/5811 5753/5812
f 5656/5714 5753/5812 5657/5715
f 5657/5715 5753/5812 5754/5813
f 5657/5715 5754/5813 5658/5716
f 5658/5716 5754/5813 5755/5814
f 5658/5716 5755/5814 5659/5717
f 5659/5717 5755/5814 5756/5815
f 5659/5717 5756/5815 5660/5718
f 5660/5718 5756/5815 5757/5816
f 5660/5718 5757/5816 5661/5719
f 5661/5719 5757/5816 5758/5817
f 5661/5719 5758/5817 5662/5720
f 5662/5720 5758/5817 5759/5818
f 5662/5720 5759/5818 5663/5721
f 5663/5721 5759/5818 5760/5819
f 5663/5721 5760/5819 5664/5722
f 5664/5722 5760/5819 5665/5820
f 5664/5722 5665/5820 5569/5723
f 5665/5724 5761/5821 5762/5822
f 5665/5724 5762/5822 5666/5725
f 5666/5725 5762/5822 5763/5823
f 5666/5725 5763/5823 5667/5726
f 5667/5726 5763/5823 5764/5824
f 5667/5726 5764/5824 5668/5727
f 5668/5727 5764/5824 5765/5825
f 5668/5727 5765/5825 5669/5728
f 5669/5728 5765/5825 5766/5826
f 5669/5728 5766/5826 5670/5729
f 5670/5729 5766/5826 5767/5827
f 5670/5729 5767/5827 5671/5730
f 5671/5730 5767/5827 5768/5828
f 5671/5730 5768/5828 5672/5731
f 5672/5731 5768/5828 5769/5829
f 5672/5731 5769/5829 5673/5732
f 5673/5732 5769/5829 5770/5830
f 5673/5732 5770/5830 5674/5733
f 5674/5733 5770/5830 5771/5831
f 5674/5733 5771/5831 5675/5734
f 5675/5734 5771/5831 5772/5832
f 5675/5734 5772/5832 5676/5735
f 5676/5735 5772/5832 5773/5833
f 5676/5735 5773/5833 5677/5736
f 5677/5736 5773/5833 5774/5834
f 5677/5736 5774/5834 5678/5737
f 5678/5737 5774/5834 5775/5835
f 5678/5737 5775/5835 5679/5738
f 5679/5738 5775/5835 5776/5836
f 5679/5738 5776/5836 5680/5739
f 5680/5739 5776/5836 5777/5837
f 5680/5739 5777/5837 5681/5740
f 5681/5740 5777/5837 5778/5838
f 5681/5740 5778/5838 5682/5741
f 5682/5741 5778/5838 5779/5839
f 5682/5741 5779/5839 5683/5742
f 5683/5742 5779/5839 5780/5840
f 5683/5742 5780/5840 5684/5743
f 5684/5743 5780/5840 5781/5841
f 5684/5743 5781/5841 5685/5744
f 5685/5744 5781/5841 5782/5842
f 5685/5744 5782/5842 5686/5745
f 5686/5745 5782/5842 5783/5843
f 5686/5745 5783/5843 5687/5746
f 5687/5746 5783/5843 5784/5844
f 5687/5746 5784/5844 5688/5747
f 5688/5747 5784/5844 5785/5845
f 5688/5747 5785/5845 5689/5748
f 5689/5748 5785/5845 5786/5846
f 5689/5748 5786/5846 5690/5749
f 5690/5749 5786/5846 5787/5847
f 5690/5749 5787/5847 5691/5750
f 5691/5750 5787/5847 5788/5848
f 5691/5750 5788/5848 5692/5751
f 5692/5751 5788/5848 5789/5849
f 5692/5751 5789/5849 5693/5752
f 5693/5752 5789/5849 5790/5850
f 5693/5752 5790/5850 5694/5753
f 5694/5753 5790/5850 5791/5851
f 5694/5753 5791/5851 5695/5754
f 5695/5754 5791/5851 5792/5852
f 5695/5754 5792/5852 5696/5755
f 5696/5755 5792/5852 5793/5853
f 5696/5755 5793/5853 5697/5756
f 5697/5756 5793/5853 5794/5854
f 5697/5756 5794/5854 5698/5757
f 5698/5757 5794/5854 5795/5855
f 5698/5757 5795/5855 5699/5758
f 5699/5758 5795/5855 5796/5856
f 5699/5758 5796/5856 5700/5759
f 5700/5759 5796/5856 5797/5857
f 5700/5759 5797/5857 5701/5760
f 5701/5760 5797/5857 5798/5858
f 5701/5760 5798/5858 5702/5761
f 5702/5761 5798/5858 5799/5859
f 5702/5761 5799/5859 5703/5762
f 5703/5762 5799/5859 5800/5860
f 5703/5762 5800/5860 5704/5763
f 5704/5763 5800/5860 5801/5861
f 5704/5763 5801/5861 5705/5764
f 5705/5764 5801/5861 5802/5862
f 5705/5764 5802/5862 5706/5765
f 5706/5765 5802/5862 5803/5863
f 5706/5765 5803/5863 5707/5766
f 5707/5766 5803/5863 5804/5864
f 5707/5766 5804/5864 5708/5767
f 5708/5767 5804/5864 5805/5865
f 5708/5767 5805/5865 5709/5768
f 5709/5768 5805/5865 5806/5866
f 5709/5768 5806/5866 5710/5769
f 5710/5769 5806/5866 5807/5867
f 5710/5769 5807/5867 5711/5770
f 5711/5770 5807/5867 5808/5868
f 5711/5770 5808/5868 5712/5771
f 5712/5771 5808/5868 5809/5869
f 5712/5771 5809/5869 5713/5772
f 5713/5772 5809/5869 5810/5870
f 5713/5772 5810/5870 5714/5773
f 5714/5773 5810/5870 5811/5871
f 5714/5773 5811/5871 5715/5774
f 5715/5774 5811/5871 5812/5872
f 5715/5774 5812/5872 5716/5775
f 5716/5775 5812/5872 5813/5873
f 5716/5775 5813/5873 5717/5776
f 5717/5776 5813/5873 5814/5874
f 5717/5776 5814/5874 5718/5777
f 5718/5777 5814/5874 5815/5875
f 5718/5777 5815/5875 5719/5778
f 5719/5778 5815/5875 5816/5876
f 5719/5778 5816/5876 5720/5779
f 5720/5779 5816/5876 5817/5877
f 5720/5779 5817/5877 5721/5780
f 5721/5780 5817/5877 5818/5878
f 5721/5780 5818/5878 5722/5781
f 5722/5781 5818/5878 5819/5879
f 5722/5781 5819/5879 5723/5782
f 5723/5782 5819/5879 5820/5880
f 5723/5782 5820/5880 5724/5783
f 5724/5783 5820/5880 5821/5881
f 5724/5783 5821/5881 5725/5784
f 5725/5784 5821/5881 5822/5882
f 5725/5784 5822/5882 5726/5785
f 5726/5785 5822/5882 5823/5883
f 5726/5785 5823/5883 5727/5786
f 5727/5786 5823/5883 5824/5884
f 5727/5786 5824/5884 5728/5787
f 5728/5787 5824/5884 5825/5885
f 5728/5787 5825/5885 5729/5788
f 5729/5788 5825/5885 5826/5886
f 5729/5788 5826/5886 5730/5789
f 5730/5789 5826/5886 5827/5887
f 5730/5789 5827/5887 5731/5790
f 5731/5790 5827/5887 5828/5888
f 5731/5790 5828/5888 5732/5791
f 5732/5791 5828/5888 5829/5889
f 5732/5791 5829/5889 5733/5792
f 5733/5792 5829/5889 5830/5890
f 5733/5792 5830/5890 5734/5793
f 5734/5793 5830/5890 5831/5891
f 5734/5793 5831/5891 5735/5794
f 5735/5794 5831/5891 5832/5892
f 5735/5794 5832/5892 5736/5795
f 5736/5795 5832/5892 5833/5893
f 5736/5795 5833/5893 5737/5796
f 5737/5796 5833/5893 5834/5894
f 5737/5796 5834/5894 5738/5797
f 5738/5797 5834/5894 5835/5895
f 5738/5797 5835/5895 5739/5798
f 5739/5798 5835/5895 5836/5896
f 5739/5798 5836/5896 5740/5799
f 5740/5799 5836/5896 5837/5897
f 5740/5799 5837/5897 5741/5800
f 5741/5800 5837/5897 5838/5898
f 5741/5800 5838/5898 5742/5801
f 5742/5801 5838/5898 5839/5899
f 5742/5801 5839/5899 5743/5802
f 5743/5802 5839/5899 5840/5900
f 5743/5802 5840/5900 5744/5803
f 5744/5803 5840/5900 5841/5901
f 5744/5803 5841/5901 5745/5804
f 5745/5804 5841/5901 5842/5902
f 5745/5804 5842/5902 5746/5805
f 5746/5805 5842/5902 5843/5903
f 5746/5805 5843/5903 5747/5806
f 5747/5806 5843/5903 5844/5904
f 5747/5806 5844/5904 5748/5807
f 5748/5807 5844/5904 5845/5905
f 5748/5807 5845/5905 5749/5808
f 5749/5808 5845/5905 5846/5906
f 5749/5808 5846/5906 5750/5809
f 5750/5809 5846/5906 5847/5907
f 5750/5809 5847/5907 5751/5810
f 5751/5810 5847/5907 5848/5908
f 5751/5810 5848/5908 5752/5811
f 5752/5811 5848/5908 5849/5909
f 5752/5811 5849/5909 5753/5812
f 5753/5812 5849/5909 5850/5910
f 5753/5812 5850/5910 5754/5813
f 5754/5813 5850/5910 5851/5911
f 5754/5813 5851/5911 5755/5814
f 5755/5814 5851/5911 5852/5912
f 5755/5814 5852/5912 5756/5815
f 5756/5815 5852/5912 5853/5913
f 5756/5815 5853/5913 5757/5816
f 5757/5816 5853/5913 5854/5914
f 5757/5816 5854/5914 5758/5817
f 5758/5817 5854/5914 5855/5915
f 5758/5817 5855/5915 5759/5818
f 5759/5818 5855/5915 5856/5916
f 5759/5818 5856/5916 5760/5819
f 5760/5819 5856/5916 5761/5917
f 5760/5819 5761/5917 5665/5820
f 5761/5821 5857/5918 5858/5919
f 5761/5821 5858/5919 5762/5822
f 5762/5822 5858/5919 5859/5920
f 5762/5822 5859/5920 5763/5823
f 5763/5823 5859/5920 5860/5921
f 5763/5823 5860/5921 5764/5824
f 5764/5824 5860/5921 5861/5922
f 5764/5824 5861/5922 5765/5825
f 5765/5825 5861/5922 5862/5923
f 5765/5825 5862/5923 5766/5826
f 5766/5826 5862/5923 5863/5924
f 5766/5826 5863/5924 5767/5827
f 5767/5827 5863/5924 5864/5925
f 5767/5827 5864/5925 5768/5828
f 5768/5828 5864/5925 5865/5926
f 5768/5828 5865/5926 5769/5829
f 5769/5829 5865/5926 5866/5927
f 5769/5829 5866/5927 5770/5830
f 5770/5830 5866/5927 5867/5928
f 5770/5830 5867/5928 5771/5831
f 5771/5831 5867/5928 5868/5929
f 5771/5831 5868/5929 5772/5832
f 5772/5832 5868/5929 5869/5930
f 5772/5832 5869/5930 5773/5833
f 5773/5833 5869/5930 5870/5931
f 5773/5833 5870/5931 5774/5834
f 5774/5834 5870/5931 5871/5932
f 5774/5834 5871/5932 5775/5835
f 5775/5835 5871/5932 5872/5933
f 5775/5835 5872/5933 5776/5836
f 5776/5836 5872/5933 5873/5934
f 5776/5836 5873/5934 5777/5837
f 5777/5837 5873/5934 5874/5935
f 5777/5837 5874/5935 5778/5838
f 5778/5838 5874/5935 5875/5936
f 5778/5838 5875/5936 5779/5839
f 5779/5839 5875/5936 5876/5937
f 5779/5839 5876/5937 5780/5840
f 5780/5840 5876/5937 5877/5938
f 5780/5840 5877/5938 5781/5841
f 5781/5841 5877/5938 5878/5939
f 5781/5841 5878/5939 5782/5842
f 5782/5842 5878/5939 5879/5940
f 5782/5842 5879/5940 5783/5843
f 5783/5843 5879/5940 5880/5941
f 5783/5843 5880/5941 5784/5844
f 5784/5844 5880/5941 5881/5942
f 5784/5844 5881/5942 5785/5845
f 5785/5845 5881/5942 5882/5943
f 5785/5845 5882/5943 5786/5846
f 5786/5846 5882/5943 5883/5944
f 5786/5846 5883/5944 5787/5847
f 5787/5847 5883/5944 5884/5945
f 5787/5847 5884/5945 5788/5848
f 5788/5848 5884/5945 5885/5946
f 5788/5848 5885/5946 5789/5849
f 5789/5849 5885/5946 5886/5947
f 5789/5849 5886/5947 5790/5850
f 5790/5850 5886/5947 5887/5948
f 5790/5850 5887/5948 5791/5851
f 5791/5851 5887/5948 5888/5949
f 5791/5851 5888/5949 5792/5852
f 5792/5852 5888/5949 5889/5950
f 5792/5852 5889/5950 5793/5853
f 5793/5853 5889/5950 5890/5951
f 5793/5853 5890/5951 5794/5854
f 5794/5854 5890/5951 5891/5952
f 5794/5854 5891/5952 5795/5855
f 5795/5855 5891/5952 5892/5953
f 5795/5855 5892/5953 5796/5856
f 5796/5856 5892/5953 5893/5954
f 5796/5856 5893/5954 5797/5857
f 5797/5857 5893/5954 5894/5955
f 5797/5857 5894/5955 5798/5858
f 5798/5858 5894/5955 5895/5956
f 5798/5858 5895/5956 5799/5859
f 5799/5859 5895/5956 5896/5957
f 5799/5859 5896/5957 5800/5860
f 5800/5860 5896/5957 5897/5958
f 5800/5860 5897/5958 5801/5861
f 5801/5861 5897/5958 5898/5959
f 5801/5861 5898/5959 5802/5862
f 5802/5862 5898/5959 5899/5960
f 5802/5862 5899/5960 5803/5863
f 5803/5863 5899/5960 5900/5961
f 5803/5863 5900/5961 5804/5864
f 5804/5864 5900/5961 5901/5962
f 5804/5864 5901/5962 5805/5865
f 5805/5865 5901/5962 5902/5963
f 5805/5865 5902/5963 5806/5866
f 5806/5866 5902/5963 5903/5964
f 5806/5866 5903/5964 5807/5867
f 5807/5867 5903/5964 5904/5965
f 5807/5867 5904/5965 5808/5868
f 5808/5868 5904/5965 5905/5966
f 5808/5868 5905/5966 5809/5869
f 5809/5869 5905/5966 5906/5967
f 5809/5869 5906/5967 5810/5870
f 5810/5870 5906/5967 5907/5968
f 5810/5870 5907/5968 5811/5871
f 5811/5871 5907/5968 5908/5969
f 5811/5871 5908/5969 5812/5872
f 5812/5872 5908/5969 5909/5970
f 5812/5872 5909/5970 5813/5873
f 5813/5873 5909/5970 5910/5971
f 5813/5873 5910/5971 5814/5874
f 5814/5874 5910/5971 5911/5972
f 5814/5874 5911/5972 5815/5875
f 5815/5875 5911/5972 5912/5973
f 5815/5875 5912/5973 5816/5876
f 5816/5876 5912/5973 5913/5974
f 5816/5876 5913/5974 5817/5877
f 5817/5877 5913/5974 5914/5975
f 5817/5877 5914/5975 5818/5878
f 5818/5878 5914/5975 5915/5976
f 5818/5878 5915/5976 5819/5879
f 5819/5879 5915/5976 5916/5977
f 5819/5879 5916/5977 5820/5880
f 5820/5880 5916/5977 5917/5978
f 5820/5880 5917/5978 5821/5881
f 5821/5881 5917/5978 5918/5979
f 5821/5881 5918/5979 5822/5882
f 5822/5882 5918/5979 5919/5980
f 5822/5882 5919/5980 5823/5883
f 5823/5883 5919/5980 5920/5981
f 5823/5883 5920/5981 5824/5884
f 5824/5884 5920/5981 5921/5982
f 5824/5884 5921/5982 5825/5885
f 5825/5885 5921/5982 5922/5983
f 5825/5885 5922/5983 5826/5886
f 5826/5886 5922/5983 5923/5984
f 5826/5886 5923/5984 5827/5887
f 5827/5887 5923/5984 5924/5985
f 5827/5887 5924/5985 5828/5888
f 5828/5888 5924/5985 5925/5986
f 5828/5888 5925/5986 5829/5889
f 5829/5889 5925/5986 5926/5987
f 5829/5889 5926/5987 5830/5890
f 5830/5890 5926/5987 5927/5988
f 5830/5890 5927/5988 5831/5891
f 5831/5891 5927/5988 5928/5989
f 5831/5891 5928/5989 5832/5892
f 5832/5892 5928/5989 5929/5990
f 5832/5892 5929/5990 5833/5893
f 5833/5893 5929/5990 5930/5991
f 5833/5893 5930/5991 5834/5894
f 5834/5894 5930/5991 5931/5992
f 5834/5894 5931/5992 5835/5895
f 5835/5895 5931/5992 5932/5993
f 5835/5895 5932/5993 5836/5896
f 5836/5896 5932/5993 5933/5994
f 5836/5896 5933/5994 5837/5897
f 5837/5897 5933/5994 5934/5995
f 5837/5897 5934/5995 5838/5898
f 5838/5898 5934/5995 5935/5996
f 5838/5898 5935/5996 5839/5899
f 5839/5899 5935/5996 5936/5997
f 5839/5899 5936/5997 5840/5900
f 5840/5900 5936/5997 5937/5998
f 5840/5900 5937/5998 5841/5901
f 5841/5901 5937/5998 5938/5999
f 5841/5901 5938/5999 5842/5902
f 5842/5902 5938/5999 5939/6000
f 5842/5902 5939/6000 5843/5903
f 5843/5903 5939/6000 5940/6001
f 5843/5903 5940/6001 5844/5904
f 5844/5904 5940/6001 5941/6002
f 5844/5904 5941/6002 5845/5905
f 5845/5905 5941/6002 5942/6003
f 5845/5905 5942/6003 5846/5906
f 5846/5906 5942/6003 5943/6004
f 5846/5906 5943/6004 5847/5907
f 5847/5907 5943/6004 5944/6005
f 5847/5907 5944/6005 5848/5908
f 5848/5908 5944/6005 5945/6006
f 5848/5908 5945/6006 5849/5909
f 5849/5909 5945/6006 5946/6007
f 5849/5909 5946/6007 5850/5910
f 5850/5910 5946/6007 5947/6008
f 5850/5910 5947/6008 5851/5911
f 5851/5911 5947/6008 5948/6009
f 5851/5911 5948/6009 5852/5912
f 5852/5912 5948/6009 5949/6010
f 5852/5912 5949/6010 5853/5913
f 5853/5913 5949/6010 5950/6011
f 5853/5913 5950/6011 5854/5914
f 5854/5914 5950/6011 5951/6012
f 5854/5914 5951/6012 5855/5915
f 5855/5915 5951/6012 5952/6013
f 5855/5915 5952/6013 5856/5916
f 5856/5916 5952/6013 5857/6014
f 5856/5916 5857/6014 5761/5917
f 5857/5918 5953/6015 5954/6016
f 5857/5918 5954/6016 5858/5919
f 5858/5919 5954/6016 5955/6017
f 5858/5919 5955/6017 5859/5920
f 5859/5920 5955/6017 5956/6018
f 5859/5920 5956/6018 5860/5921
f 5860/5921 5956/6018 5957/6019
f 5860/5921 5957/6019 5861/5922
f 5861/5922 5957/6019 5958/6020
f 5861/5922 5958/6020 5862/5923
f 5862/5923 5958/6020 5959/6021
f 5862/5923 5959/6021 5863/5924
f 5863/5924 5959/6021 5960/6022
f 5863/5924 5960/6022 5864/5925
f 5864/5925 5960/6022 5961/6023
f 5864/5925 5961/6023 5865/5926
f 5865/5926 5961/6023 5962/6024
f 5865/5926 5962/6024 5866/5927
f 5866/5927 5962/6024 5963/6025
f 5866/5927 5963/6025 5867/5928
f 5867/5928 5963/6025 5964/6026
f 5867/5928 5964/6026 5868/5929
f 5868/5929 5964/6026 5965/6027
f 5868/5929 5965/6027 5869/5930
f 5869/5930 5965/6027 5966/6028
f 5869/5930 5966/6028 5870/5931
f 5870/5931 5966/6028 5967/6029
f 5870/5931 5967/6029 5871/5932
f 5871/5932 5967/6029 5968/6030
f 5871/5932 5968/6030 5872/5933
f 5872/5933 5968/6030 5969/6031
f 5872/5933 5969/6031 5873/5934
f 5873/5934 5969/6031 5970/6032
f 5873/5934 5970/6032 5874/5935
f 5874/5935 5970/6032 5971/6033
f 5874/5935 5971/6033 5875/5936
f 5875/5936 5971/6033 5972/6034
f 5875/5936 5972/6034 5876/5937
f 5876/5937 5972/6034 5973/6035
f 5876/5937 5973/6035 5877/5938
f 5877/5938 5973/6035 5974/6036
f 5877/5938 5974/6036 5878/5939
f 5878/5939 5974/6036 5975/6037
f 5878/5939 5975/6037 5879/5940
f 5879/5940 5975/6037 5976/6038
f 5879/5940 5976/6038 5880/5941
f 5880/5941 5976/6038 5977/6039
f 5880/5941 5977/6039 5881/5942
f 5881/5942 5977/6039 5978/6040
f 5881/5942 5978/6040 5882/5943
f 5882/5943 5978/6040 5979/6041
f 5882/5943 5979/6041 5883/5944
f 5883/5944 5979/6041 5980/6042
f 5883/5944 5980/6042 5884/5945
f 5884/5945 5980/6042 5981/6043
f 5884/5945 5981/6043 5885/5946
f 5885/5946 5981/6043 5982/6044
f 5885/5946 5982/6044 5886/5947
f 5886/5947 5982/6044 5983/6045
f 5886/5947 5983/6045 5887/5948
f 5887/5948 5983/6045 5984/6046
f 5887/5948 5984/6046 5888/5949
f 5888/5949 5984/6046 5985/6047
f 5888/5949 5985/6047 5889/5950
f 5889/5950 5985/6047 5986/6048
f 5889/5950 5986/6048 5890/5951
f 5890/5951 5986/6048 5987/6049
f 5890/5951 5987/6049 5891/5952
f 5891/5952 5987/6049 5988/6050
f 5891/5952 5988/6050 5892/5953
f 5892/5953 5988/6050 5989/6051
f 5892/5953 5989/6051 5893/5954
f 5893/5954 5989/6051 5990/6052
f 5893/5954 5990/6052 5894/5955
f 5894/5955 5990/6052 5991/6053
f 5894/5955 5991/6053 5895/5956
f 5895/5956 5991/6053 5992/6054
f 5895/5956 5992/6054 5896/5957
f 5896/5957 5992/6054 5993/6055
f 5896/5957 5993/6055 5897/5958
f 5897/5958 5993/6055 5994/6056
f 5897/5958 5994/6056 5898/5959
f 5898/5959 5994/6056 5995/6057
f 5898/5959 5995/6057 5899/5960
f 5899/5960 5995/6057 5996/6058
f 5899/5960 5996/6058 5900/5961
f 5900/5961 5996/6058 5997/6059
f 5900/5961 5997/6059 5901/5962
f 5901/5962 5997/6059 5998/6060
f 5901/5962 5998/6060 5902/5963
f 5902/5963 5998/6060 5999/6061
f 5902/5963 5999/6061 5903/5964
f 5903/5964 5999/6061 6000/6062
f 5903/5964 6000/6062 5904/5965
f 5904/5965 6000/6062 6001/6063
f 5904/5965 6001/6063 5905/5966
f 5905/5966 6001/6063 6002/6064
f 5905/5966 6002/6064 5906/5967
f 5906/5967 6002/6064 6003/6065
f 5906/5967 6003/6065 5907/5968
f 5907/5968 6003/6065 6004/6066
f 5907/5968 6004/6066 5908/5969
f 5908/5969 6004/6066 6005/6067
f 5908/5969 6005/6067 5909/5970
f 5909/5970 6005/6067 6006/6068
f 5909/5970 6006/6068 5910/5971
f 5910/5971 6006/6068 6007/6069
f 5910/5971 6007/6069 5911/5972
f 5911/5972 6007/6069 6008/6070
f 5911/5972 6008/6070 5912/5973
f 5912/5973 6008/6070 6009/6071
f 5912/5973 6009/6071 5913/5974
f 5913/5974 6009/6071 6010/6072
f 5913/5974 6010/6072 5914/5975
f 5914/5975 6010/6072 6011/6073
f 5914/5975 6011/6073 5915/5976
f 5915/5976 6011/6073 6012/6074
f 5915/5976 6012/6074 5916/5977
f 5916/5977 6012/6074 6013/6075
f 5916/5977 6013/6075 5917/5978
f 5917/5978 6013/6075 6014/6076
f 5917/5978 6014/6076 5918/5979
f 5918/5979 6014/6076 6015/6077
f 5918/5979 6015/6077 5919/5980
f 5919/5980 6015/6077 6016/6078
f 5919/5980 6016/6078 5920/5981
f 5920/5981 6016/6078 6017/6079
f 5920/5981 6017/6079 5921/5982
f 5921/5982 6017/6079 6018/6080
f 5921/5982 6018/6080 5922/5983
f 5922/5983 6018/6080 6019/6081
f 5922/5983 6019/6081 5923/5984
f 5923/5984 6019/6081 6020/6082
f 5923/5984 6020/6082 5924/5985
f 5924/5985 6020/6082 6021/6083
f 5924/5985 6021/6083 5925/5986
f 5925/5986 6021/6083 6022/6084
f 5925/5986 6022/6084 5926/5987
f 5926/5987 6022/6084 6023/6085
f 5926/5987 6023/6085 5927/5988
f 5927/5988 6023/6085 6024/6086
f 5927/5988 6024/6086 5928/5989
f 5928/5989 6024/6086 6025/6087
f 5928/5989 6025/6087 5929/5990
f 5929/5990 6025/6087 6026/6088
f 5929/5990 6026/6088 5930/5991
f 5930/5991 6026/6088 6027/6089
f 5930/5991 6027/6089 5931/5992
f 5931/5992 6027/6089 6028/6090
f 5931/5992 6028/6090 5932/5993
f 5932/5993 6028/6090 6029/6091
f 5932/5993 6029/6091 5933/5994
f 5933/5994 6029/6091 6030/6092
f 5933/5994 6030/6092 5934/5995
f 5934/5995 6030/6092 6031/6093
f 5934/5995 6031/6093 5935/5996
f 5935/5996 6031/6093 6032/6094
f 5935/5996 6032/6094 5936/5997
f 5936/5997 6032/6094 6033/6095
f 5936/5997 6033/6095 5937/5998
f 5937/5998 6033/6095 6034/6096
f 5937/5998 6034/6096 5938/5999
f 5938/5999 6034/6096 6035/6097
f 5938/5999 6035/6097 5939/6000
f 5939/6000 6035/6097 6036/6098
f 5939/6000 6036/6098 5940/6001
f 5940/6001 6036/6098 6037/6099
f 5940/6001 6037/6099 5941/6002
f 5941/6002 6037/6099 6038/6100
f 5941/6002 6038/6100 5942/6003
f 5942/6003 6038/6100 6039/6101
f 5942/6003 6039/6101 5943/6004
f 5943/6004 6039/6101 6040/6102
f 5943/6004 6040/6102 5944/6005
f 5944/6005 6040/6102 6041/6103
f 5944/6005 6041/6103 5945/6006
f 5945/6006 6041/6103 6042/6104
f 5945/6006 6042/6104 5946/6007
f 5946/6007 6042/6104 6043/6105
f 5946/6007 6043/6105 5947/6008
f 5947/6008 6043/6105 6044/6106
f 5947/6008 6044/6106 5948/6009
f 5948/6009 6044/6106 6045/6107
f 5948/6009 6045/6107 5949/6010
f 5949/6010 6045/6107 6046/6108
f 5949/6010 6046/6108 5950/6011
f 5950/6011 6046/6108 6047/6109
f 5950/6011 6047/6109 5951/6012
f 5951/6012 6047/6109 6048/6110
f 5951/6012 6048/6110 5952/6013
f 5952/6013 6048/6110 5953/6111
f 5952/6013 5953/6111 5857/6014
f 5953/6015 6049/6112 6050/6113
f 5953/6015 6050/6113 5954/6016
f 5954/6016 6050/6113 6051/6114
f 5954/6016 6051/6114 5955/6017
f 5955/6017 6051/6114 6052/6115
f 5955/6017 6052/6115 5956/6018
f 5956/6018 6052/6115 6053/6116
f 5956/6018 6053/6116 5957/6019
f 5957/6019 6053/6116 6054/6117
f 5957/6019 6054/6117 5958/6020
f 5958/6020 6054/6117 6055/6118
f 5958/6020 6055/6118 5959/6021
f 5959/6021 6055/6118 6056/6119
f 5959/6021 6056/6119 5960/6022
f 5960/6022 6056/6119 6057/6120
f 5960/6022 6057/6120 5961/6023
f 5961/6023 6057/6120 6058/6121
f 5961/6023 6058/6121 5962/6024
f 5962/6024 6058/6121 6059/6122
f 5962/6024 6059/6122 5963/6025
f 5963/6025 6059/6122 6060/6123
f 5963/6025 6060/6123 5964/6026
f 5964/6026 6060/6123 6061/6124
f 5964/6026 6061/6124 5965/6027
f 5965/6027 6061/6124 6062/6125
f 5965/6027 6062/6125 5966/6028
f 5966/6028 6062/6125 6063/6126
f 5966/6028 6063/6126 5967/6029
f 5967/6029 6063/6126 6064/6127
f 5967/6029 6064/6127 5968/6030
f 5968/6030 6064/6127 6065/6128
f 5968/6030 6065/6128 5969/6031
f 5969/6031 6065/6128 6066/6129
f 5969/6031 6066/6129 5970/6032
f 5970/6032 6066/6129 6067/6130
f 5970/6032 6067/6130 5971/6033
f 5971/6033 6067/6130 6068/6131
f 5971/6033 6068/6131 5972/6034
f 5972/6034 6068/6131 6069/6132
f 5972/6034 6069/6132 5973/6035
f 5973/6035 6069/6132 6070/6133
f 5973/6035 6070/6133 5974/6036
f 5974/6036 6070/6133 6071/6134
f 5974/6036 6071/6134 5975/6037
f 5975/6037 6071/6134 6072/6135
f 5975/6037 6072/6135 5976/6038
f 5976/6038 6072/6135 6073/6136
f 5976/6038 6073/6136 5977/6039
f 5977/6039 6073/6136 6074/6137
f 5977/6039 6074/6137 5978/6040
f 5978/6040 6074/6137 6075/6138
f 5978/6040 6075/6138 5979/6041
f 5979/6041 6075/6138 6076/6139
f 5979/6041 6076/6139 5980/6042
f 5980/6042 6076/6139 6077/6140
f 5980/6042 6077/6140 5981/6043
f 5981/6043 6077/6140 6078/6141
f 5981/6043 6078/6141 5982/6044
f 5982/6044 6078/6141 6079/6142
f 5982/6044 6079/6142 5983/6045
f 5983/6045 6079/6142 6080/6143
f 5983/6045 6080/6143 5984/6046
f 5984/6046 6080/6143 6081/6144
f 5984/6046 6081/6144 5985/6047
f 5985/6047 6081/6144 6082/6145
f 5985/6047 6082/6145 5986/6048
f 5986/6048 6082/6145 6083/6146
f 5986/6048 6083/6146 5987/6049
f 5987/6049 6083/6146 6084/6147
f 5987/6049 6084/6147 5988/6050
f 5988/6050 6084/6147 6085/6148
f 5988/6050 6085/6148 5989/6051
f 5989/6051 6085/6148 6086/6149
f 5989/6051 6086/6149 5990/6052
f 5990/6052 6086/6149 6087/6150
f 5990/6052 6087/6150 5991/6053
f 5991/6053 6087/6150 6088/6151
f 5991/6053 6088/6151 5992/6054
f 5992/6054 6088/6151 6089/6152
f 5992/6054 6089/6152 5993/6055
f 5993/6055 6089/6152 6090/6153
f 5993/6055 6090/6153 5994/6056
f 5994/6056 6090/6153 6091/6154
f 5994/6056 6091/6154 5995/6057
f 5995/6057 6091/6154 6092/6155
f 5995/6057 6092/6155 5996/6058
f 5996/6058 6092/6155 6093/6156
f 5996/6058 6093/6156 5997/6059
f 5997/6059 6093/6156 6094/6157
f 5997/6059 6094/6157 5998/6060
f 5998/6060 6094/6157 6095/6158
f 5998/6060 6095/6158 5999/6061
f 5999/6061 6095/6158 6096/6159
f 5999/6061 6096/6159 6000/6062
f 6000/6062 6096/6159 6097/6160
f 6000/6062 6097/6160 6001/6063
f 6001/6063 6097/6160 6098/6161
f 6001/6063 6098/6161 6002/6064
f 6002/6064 6098/6161 6099/6162
f 6002/6064 6099/6162 6003/6065
f 6003/6065 6099/6162 6100/6163
f 6003/6065 6100/6163 6004/6066
f 6004/6066 6100/6163 6101/6164
f 6004/6066 6101/6164 6005/6067
f 6005/6067 6101/6164 6102/6165
f 6005/6067 6102/6165 6006/6068
f 6006/6068 6102/6165 6103/6166
f 6006/6068 6103/6166 6007/6069
f 6007/6069 6103/6166 6104/6167
f 6007/6069 6104/6167 6008/6070
f 6008/6070 6104/6167 6105/6168
f 6008/6070 6105/6168 6009/6071
f 6009/6071 6105/6168 6106/6169
f 6009/6071 6106/6169 6010/6072
f 6010/6072 6106/6169 6107/6170
f 6010/6072 6107/6170 6011/6073
f 6011/6073 6107/6170 6108/6171
f 6011/6073 6108/6171 6012/6074
f 6012/6074 6108/6171 6109/6172
f 6012/6074 6109/6172 6013/6075
f 6013/6075 6109/6172 6110/6173
f 6013/6075 6110/6173 6014/6076
f 6014/6076 6110/6173 6111/6174
f 6014/6076 6111/6174 6015/6077
f 6015/6077 6111/6174 6112/6175
f 6015/6077 6112/6175 6016/6078
f 6016/6078 6112/6175 6113/6176
f 6016/6078 6113/6176 6017/6079
f 6017/6079 6113/6176 6114/6177
f 6017/6079 6114/6177 6018/6080
f 6018/6080 6114/6177 6115/6178
f 6018/6080 6115/6178 6019/6081
f 6019/6081 6115/6178 6116/6179
f 6019/6081 6116/6179 6020/6082
f 6020/6082 6116/6179 6117/6180
f 6020/6082 6117/6180 6021/6083
f 6021/6083 6117/6180 6118/6181
f 6021/6083 6118/6181 6022/6084
f 6022/6084 6118/6181 6119/6182
f 6022/6084 6119/6182 6023/6085
f 6023/6085 6119/6182 6120/6183
f 6023/6085 6120/6183 6024/6086
f 6024/6086 6120/6183 6121/6184
f 6024/6086 6121/6184 6025/6087
f 6025/6087 6121/6184 6122/6185
f 6025/6087 6122/6185 6026/6088
f 6026/6088 6122/6185 6123/6186
f 6026/6088 6123/6186 6027/6089
f 6027/6089 6123/6186 6124/6187
f 6027/6089 6124/6187 6028/6090
f 6028/6090 6124/6187 6125/6188
f 6028/6090 6125/6188 6029/6091
f 6029/6091 6125/6188 6126/6189
f 6029/6091 6126/6189 6030/6092
f 6030/6092 6126/6189 6127/6190
f 6030/6092 6127/6190 6031/6093
f 6031/6093 6127/6190 6128/6191
f 6031/6093 6128/6191 6032/6094
f 6032/6094 6128/6191 6129/6192
f 6032/6094 6129/6192 6033/6095
f 6033/6095 6129/6192 6130/6193
f 6033/6095 6130/6193 6034/6096
f 6034/6096 6130/6193 6131/6194
f 6034/6096 6131/6194 6035/6097
f 6035/6097 6131/6194 6132/6195
f 6035/6097 6132/6195 6036/6098
f 6036/6098 6132/6195 6133/6196
f 6036/6098 6133/6196 6037/6099
f 6037/6099 6133/6196 6134/6197
f 6037/6099 6134/6197 6038/6100
f 6038/6100 6134/6197 6135/6198
f 6038/6100 6135/6198 6039/6101
f 6039/6101 6135/6198 6136/6199
f 6039/6101 6136/6199 6040/6102
f 6040/6102 6136/6199 6137/6200
f 6040/6102 6137/6200 6041/6103
f 6041/6103 6137/6200 6138/6201
f 6041/6103 6138/6201 6042/6104
f 6042/6104 6138/6201 6139/6202
f 6042/6104 6139/6202 6043/6105
f 6043/6105 6139/6202 6140/6203
f 6043/6105 6140/6203 6044/6106
f 6044/6106 6140/6203 6141/6204
f 6044/6106 6141/6204 6045/6107
f 6045/6107 6141/6204 6142/6205
f 6045/6107 6142/6205 6046/6108
f 6046/6108 6142/6205 6143/6206
f 6046/6108 6143/6206 6047/6109
f 6047/6109 6143/6206 6144/6207
f 6047/6109 6144/6207 6048/6110
f 6048/6110 6144/6207 6049/6208
f 6048/6110 6049/6208 5953/6111
f 6049/6112 6145/6209 6146/6210
f 6049/6112 6146/6210 6050/6113
f 6050/6113 6146/6210 6147/6211
f 6050/6113 6147/6211 6051/6114
f 6051/6114 6147/6211 6148/6212
f 6051/6114 6148/6212 6052/6115
f 6052/6115 6148/6212 6149/6213
f 6052/6115 6149/6213 6053/6116
f 6053/6116 6149/6213 6150/6214
f 6053/6116 6150/6214 6054/6117
f 6054/6117 6150/6214 6151/6215
f 6054/6117 6151/6215 6055/6118
f 6055/6118 6151/6215 6152/6216
f 6055/6118 6152/6216 6056/6119
f 6056/6119 6152/6216 6153/6217
f 6056/6119 6153/6217 6057/6120
f 6057/6120 6153/6217 6154/6218
f 6057/6120 6154/6218 6058/6121
f 6058/6121 6154/6218 6155/6219
f 6058/6121 6155/6219 6059/6122
f 6059/6122 6155/6219 6156/6220
f 6059/6122 6156/6220 6060/6123
f 6060/6123 6156/6220 6157/6221
f 6060/6123 6157/6221 6061/6124
f 6061/6124 6157/6221 6158/6222
f 6061/6124 6158/6222 6062/6125
f 6062/6125 6158/6222 6159/6223
f 6062/6125 6159/6223 6063/6126
f 6063/6126 6159/6223 6160/6224
f 6063/6126 6160/6224 6064/6127
f 6064/6127 6160/6224 6161/6225
f 6064/6127 6161/6225 6065/6128
f 6065/6128 6161/6225 6162/6226
f 6065/6128 6162/6226 6066/6129
f 6066/6129 6162/6226 6163/6227
f 6066/6129 6163/6227 6067/6130
f 6067/6130 6163/6227 6164/6228
f 6067/6130 6164/6228 6068/6131
f 6068/6131 6164/6228 6165/6229
f 6068/6131 6165/6229 6069/6132
f 6069/6132 6165/6229 6166/6230
f 6069/6132 6166/6230 6070/6133
f 6070/6133 6166/6230 6167/6231
f 6070/6133 6167/6231 6071/6134
f 6071/6134 6167/6231 6168/6232
f 6071/6134 6168/6232 6072/6135
f 6072/6135 6168/6232 6169/6233
f 6072/6135 6169/6233 6073/6136
f 6073/6136 6169/6233 6170/6234
f 6073/6136 6170/6234 6074/6137
f 6074/6137 6170/6234 6171/6235
f 6074/6137 6171/6235 6075/6138
f 6075/6138 6171/6235 6172/6236
f 6075/6138 6172/6236 6076/6139
f 6076/6139 6172/6236 6173/6237
f 6076/6139 6173/6237 6077/6140
f 6077/6140 6173/6237 6174/6238
f 6077/6140 6174/6238 6078/6141
f 6078/6141 6174/6238 6175/6239
f 6078/6141 6175/6239 6079/6142
f 6079/6142 6175/6239 6176/6240
f 6079/6142 6176/6240 6080/6143
f 6080/6143 6176/6240 6177/6241
f 6080/6143 6177/6241 6081/6144
f 6081/6144 6177/6241 6178/6242
f 6081/6144 6178/6242 6082/6145
f 6082/6145 6178/6242 6179/6243
f 6082/6145 6179/6243 6083/6146
f 6083/6146 6179/6243 6180/6244
f 6083/6146 6180/6244 6084/6147
f 6084/6147 6180/6244 6181/6245
f 6084/6147 6181/6245 6085/6148
f 6085/6148 6181/6245 6182/6246
f 6085/6148 6182/6246 6086/6149
f 6086/6149 6182/6246 6183/6247
f 6086/6149 6183/6247 6087/6150
f 6087/6150 6183/6247 6184/6248
f 6087/6150 6184/6248 6088/6151
f 6088/6151 6184/6248 6185/6249
f 6088/6151 6185/6249 6089/6152
f 6089/6152 6185/6249 6186/6250
f 6089/6152 6186/6250 6090/6153
f 6090/6153 6186/6250 6187/6251
f 6090/6153 6187/6251 6091/6154
f 6091/6154 6187/6251 6188/6252
f 6091/6154 6188/6252 6092/6155
f 6092/6155 6188/6252 6189/6253
f 6092/6155 6189/6253 6093/6156
f 6093/6156 6189/6253 6190/6254
f 6093/6156 6190/6254 6094/6157
f 6094/6157 6190/6254 6191/6255
f 6094/6157 6191/6255 6095/6158
f 6095/6158 6191/6255 6192/6256
f 6095/6158 6192/6256 6096/6159
f 6096/6159 6192/6256 6193/6257
f 6096/6159 6193/6257 6097/6160
f 6097/6160 6193/6257 6194/6258
f 6097/6160 6194/6258 6098/6161
f 6098/6161 6194/6258 6195/6259
f 6098/6161 6195/6259 6099/6162
f 6099/6162 6195/6259 6196/6260
f 6099/6162 6196/6260 6100/6163
f 6100/6163 6196/6260 6197/6261
f 6100/6163 6197/6261 6101/6164
f 6101/6164 6197/6261 6198/6262
f 6101/6164 6198/6262 6102/6165
f 6102/6165 6198/6262 6199/6263
f 6102/6165 6199/6263 6103/6166
f 6103/6166 6199/6263 6200/6264
f 6103/6166 6200/6264 6104/6167
f 6104/6167 6200/6264 6201/6265
f 6104/6167 6201/6265 6105/6168
f 6105/6168 6201/6265 6202/6266
f 6105/6168 6202/6266 6106/6169
f 6106/6169 6202/6266 6203/6267
f 6106/6169 6203/6267 6107/6170
f 6107/6170 6203/6267 6204/6268
f 6107/6170 6204/6268 6108/6171
f 6108/6171 6204/6268 6205/6269
f 6108/6171 6205/6269 6109/6172
f 6109/6172 6205/6269 6206/6270
f 6109/6172 6206/6270 6110/6173
f 6110/6173 6206/6270 6207/6271
f 6110/6173 6207/6271 6111/6174
f 6111/6174 6207/6271 6208/6272
f 6111/6174 6208/6272 6112/6175
f 6112/6175 6208/6272 6209/6273
f 6112/6175 6209/6273 6113/6176
f 6113/6176 6209/6273 6210/6274
f 6113/6176 6210/6274 6114/6177
f 6114/6177 6210/6274 6211/6275
f 6114/6177 6211/6275 6115/6178
f 6115/6178 6211/6275 6212/6276
f 6115/6178 6212/6276 6116/6179
f 6116/6179 6212/6276 6213/6277
f 6116/6179 6213/6277 6117/6180
f 6117/6180 6213/6277 6214/6278
f 6117/6180 6214/6278 6118/6181
f 6118/6181 6214/6278 6215/6279
f 6118/6181 6215/6279 6119/6182
f 6119/6182 6215/6279 6216/6280
f 6119/6182 6216/6280 6120/6183
f 6120/6183 6216/6280 6217/6281
f 6120/6183 6217/6281 6121/6184
f 6121/6184 6217/6281 6218/6282
f 6121/6184 6218/6282 6122/6185
f 6122/6185 6218/6282 6219/6283
f 6122/6185 6219/6283 6123/6186
f 6123/6186 6219/6283 6220/6284
f 6123/6186 6220/6284 6124/6187
f 6124/6187 6220/6284 6221/6285
f 6124/6187 6221/6285 6125/6188
f 6125/6188 6221/6285 6222/6286
f 6125/6188 6222/6286 6126/6189
f 6126/6189 6222/6286 6223/6287
f 6126/6189 6223/6287 6127/6190
f 6127/6190 6223/6287 6224/6288
f 6127/6190 6224/6288 6128/6191
f 6128/6191 6224/6288 6225/6289
f 6128/6191 6225/6289 6129/6192
f 6129/6192 6225/6289 6226/6290
f 6129/6192 6226/6290 6130/6193
f 6130/6193 6226/6290 6227/6291
f 6130/6193 6227/6291 6131/6194
f 6131/6194 6227/6291 6228/6292
f 6131/6194 6228/6292 6132/6195
f 6132/6195 6228/6292 6229/6293
f 6132/6195 6229/6293 6133/6196
f 6133/6196 6229/6293 6230/6294
f 6133/6196 6230/6294 6134/6197
f 6134/6197 6230/6294 6231/6295
f 6134/6197 6231/6295 6135/6198
f 6135/6198 6231/6295 6232/6296
f 6135/6198 6232/6296 6136/6199
f 6136/6199 6232/6296 6233/6297
f 6136/6199 6233/6297 6137/6200
f 6137/6200 6233/6297 6234/6298
f 6137/6200 6234/6298 6138/6201
f 6138/6201 6234/6298 6235/6299
f 6138/6201 6235/6299 6139/6202
f 6139/6202 6235/6299 6236/6300
f 6139/6202 6236/6300 6140/6203
f 6140/6203 6236/6300 6237/6301
f 6140/6203 6237/6301 6141/6204
f 6141/6204 6237/6301 6238/6302
f 6141/6204 6238/6302 6142/6205
f 6142/6205 6238/6302 6239/6303
f 6142/6205 6239/6303 6143/6206
f 6143/6206 6239/6303 6240/6304
f 6143/6206 6240/6304 6144/6207
f 6144/6207 6240/6304 6145/6305
f 6144/6207 6145/6305 6049/6208
