# Beveled gear / 倒角齿轮
v 0.45 -0.1 0
v 0.4497590643643646 -0.1 0.014723587269799263
v 0.44903651545737155 -0.1 0.02943140815356438
v 0.4478331270024886 -0.1 0.04410771314830227
v 0.4461501876182147 -0.1 0.05873678649902321
v 0.44398949943819555 -0.1 0.07330296302756494
v 0.4413533761814537 -0.1 0.08779064490725771
v 0.4382446406748001 -0.1 0.10218431836546796
v 0.43466662183008076 -0.1 0.11646857029613433
v 0.430623151079494 -0.1 0.13062810476450806
v 0.42611855827279754 -0.1 0.14464775938642271
v 0.4211576670407966 -0.1 0.1585125215645551
v 0.415745789630079 -0.1 0.1722075445642904
v 0.40988872121452913 -0.1 0.1857181634119776
v 0.4035927336897097 -0.1 0.1990299105985506
v 0.39686456895675976 -0.1 0.21212853157169895
v 0.38971143170299744 -0.1 0.22499999999999998
v 0.38214098168696053 -0.1 0.2376305327926656
v 0.37416132553614534 -0.1 0.250006604858821
v 0.3657810080662269 -0.1 0.26211496359051095
v 0.3570090031310558 -0.1 0.2739426430539243
v 0.34785470401323165 -0.1 0.28547697787364046
v 0.33832791336553986 -0.1 0.296705616795031
v 0.3284388327140261 -0.1 0.3076165359102921
v 0.3181980515339464 -0.1 0.31819805153394637
v 0.3076165359102921 -0.1 0.3284388327140261
v 0.29670561679503105 -0.1 0.3383279133655398
v 0.28547697787364046 -0.1 0.3478547040132316
v 0.2739426430539243 -0.1 0.3570090031310558
v 0.262114963590511 -0.1 0.3657810080662268
v 0.25000660485882104 -0.1 0.37416132553614534
v 0.23763053279266566 -0.1 0.38214098168696053
v 0.22500000000000006 -0.1 0.3897114317029974
v 0.21212853157169903 -0.1 0.39686456895675976
v 0.19902991059855057 -0.1 0.40359273368970977
v 0.18571816341197764 -0.1 0.40988872121452913
v 0.17220754456429044 -0.1 0.415745789630079
v 0.15851252156455511 -0.1 0.42115766704079655
v 0.14464775938642277 -0.1 0.42611855827279754
v 0.13062810476450806 -0.1 0.430623151079494
v 0.11646857029613433 -0.1 0.43466662183008076
v 0.10218431836546796 -0.1 0.4382446406748001
v 0.08779064490725776 -0.1 0.4413533761814537
v 0.07330296302756498 -0.1 0.44398949943819555
v 0.05873678649902327 -0.1 0.4461501876182147
v 0.04410771314830235 -0.1 0.44783312700248856
v 0.029431408153564372 -0.1 0.44903651545737155
v 0.014723587269799275 -0.1 0.4497590643643646
v 2.7554552980815448e-17 -0.1 0.45
v -0.014723587269799217 -0.1 0.4497590643643646
v -0.029431408153564417 -0.1 0.44903651545737155
v -0.044107713148302294 -0.1 0.4478331270024886
v -0.05873678649902312 -0.1 0.44615018761821473
v -0.07330296302756492 -0.1 0.44398949943819555
v -0.08779064490725769 -0.1 0.4413533761814537
v -0.1021843183654679 -0.1 0.4382446406748001
v -0.11646857029613439 -0.1 0.43466662183008076
v -0.13062810476450798 -0.1 0.430623151079494
v -0.14464775938642263 -0.1 0.42611855827279754
v -0.1585125215645551 -0.1 0.4211576670407966
v -0.17220754456429038 -0.1 0.415745789630079
v -0.18571816341197758 -0.1 0.4098887212145292
v -0.19902991059855052 -0.1 0.40359273368970977
v -0.21212853157169898 -0.1 0.39686456895675976
v -0.2249999999999999 -0.1 0.38971143170299744
v -0.2376305327926656 -0.1 0.38214098168696053
v -0.25000660485882087 -0.1 0.3741613255361454
v -0.26211496359051095 -0.1 0.3657810080662269
v -0.2739426430539243 -0.1 0.3570090031310558
v -0.2854769778736404 -0.1 0.3478547040132317
v -0.296705616795031 -0.1 0.33832791336553986
v -0.30761653591029214 -0.1 0.32843883271402596
v -0.31819805153394637 -0.1 0.3181980515339464
v -0.3284388327140259 -0.1 0.3076165359102922
v -0.3383279133655398 -0.1 0.29670561679503105
v -0.34785470401323165 -0.1 0.28547697787364046
v -0.35700900313105577 -0.1 0.2739426430539244
v -0.3657810080662268 -0.1 0.26211496359051095
v -0.3741613255361454 -0.1 0.250006604858821
v -0.3821409816869605 -0.1 0.23763053279266566
v -0.38971143170299744 -0.1 0.22499999999999998
v -0.39686456895675976 -0.1 0.21212853157169903
v -0.4035927336897097 -0.1 0.1990299105985506
v -0.4098887212145292 -0.1 0.18571816341197758
v -0.415745789630079 -0.1 0.17220754456429047
v -0.4211576670407965 -0.1 0.15851252156455523
v -0.42611855827279754 -0.1 0.1446477593864228
v -0.430623151079494 -0.1 0.1306281047645081
v -0.4346666218300807 -0.1 0.11646857029613446
v -0.4382446406748001 -0.1 0.10218431836546799
v -0.4413533761814537 -0.1 0.08779064490725788
v -0.44398949943819555 -0.1 0.073302963027565
v -0.4461501876182147 -0.1 0.05873678649902321
v -0.44783312700248856 -0.1 0.04410771314830237
v -0.44903651545737155 -0.1 0.029431408153564403
v -0.4497590643643646 -0.1 0.014723587269799202
v -0.45 -0.1 5.5109105961630896e-17
v -0.4497590643643646 -0.1 -0.014723587269799294
v -0.44903651545737155 -0.1 -0.029431408153564292
v -0.4478331270024886 -0.1 -0.044107713148302266
v -0.4461501876182147 -0.1 -0.058736786499023294
v -0.4439894994381956 -0.1 -0.0733029630275647
v -0.4413533761814537 -0.1 -0.08779064490725777
v -0.4382446406748001 -0.1 -0.10218431836546807
v -0.4346666218300808 -0.1 -0.11646857029613417
v -0.430623151079494 -0.1 -0.13062810476450795
v -0.42611855827279754 -0.1 -0.1446477593864227
v -0.4211576670407966 -0.1 -0.15851252156455495
v -0.4157457896300791 -0.1 -0.17220754456429035
v -0.40988872121452913 -0.1 -0.18571816341197767
v -0.40359273368970977 -0.1 -0.1990299105985505
v -0.39686456895675976 -0.1 -0.21212853157169895
v -0.3897114317029974 -0.1 -0.22500000000000006
v -0.38214098168696065 -0.1 -0.2376305327926654
v -0.37416132553614545 -0.1 -0.25000660485882087
v -0.36578100806622676 -0.1 -0.26211496359051106
v -0.35700900313105594 -0.1 -0.27394264305392413
v -0.3478547040132317 -0.1 -0.2854769778736404
v -0.33832791336553986 -0.1 -0.296705616795031
v -0.32843883271402613 -0.1 -0.307616535910292
v -0.3181980515339465 -0.1 -0.31819805153394637
v -0.3076165359102921 -0.1 -0.3284388327140261
v -0.2967056167950311 -0.1 -0.3383279133655398
v -0.2854769778736407 -0.1 -0.3478547040132315
v -0.2739426430539244 -0.1 -0.3570090031310557
v -0.262114963590511 -0.1 -0.3657810080662268
v -0.250006604858821 -0.1 -0.37416132553614534
v -0.2376305327926655 -0.1 -0.38214098168696053
v -0.2250000000000002 -0.1 -0.3897114317029973
v -0.21212853157169906 -0.1 -0.39686456895675976
v -0.1990299105985506 -0.1 -0.4035927336897097
v -0.18571816341197794 -0.1 -0.40988872121452896
v -0.17220754456429066 -0.1 -0.41574578963007897
v -0.1585125215645549 -0.1 -0.42115766704079666
v -0.14464775938642283 -0.1 -0.42611855827279754
v -0.1306281047645081 -0.1 -0.430623151079494
v -0.11646857029613429 -0.1 -0.43466662183008076
v -0.10218431836546821 -0.1 -0.43824464067480007
v -0.0877906449072579 -0.1 -0.44135337618145365
v -0.07330296302756503 -0.1 -0.44398949943819555
v -0.05873678649902323 -0.1 -0.4461501876182147
v -0.044107713148302204 -0.1 -0.4478331270024886
v -0.02943140815356423 -0.1 -0.44903651545737155
v -0.01472358726979943 -0.1 -0.4497590643643646
v -8.266365894244634e-17 -0.1 -0.45
v 0.014723587269799264 -0.1 -0.4497590643643646
v 0.029431408153564067 -0.1 -0.4490365154573716
v 0.044107713148302044 -0.1 -0.4478331270024886
v 0.05873678649902307 -0.1 -0.44615018761821473
v 0.07330296302756487 -0.1 -0.44398949943819555
v 0.08779064490725774 -0.1 -0.4413533761814537
v 0.10218431836546804 -0.1 -0.4382446406748001
v 0.11646857029613414 -0.1 -0.4346666218300808
v 0.13062810476450792 -0.1 -0.430623151079494
v 0.14464775938642266 -0.1 -0.42611855827279754
v 0.15851252156455473 -0.1 -0.4211576670407967
v 0.1722075445642905 -0.1 -0.41574578963007897
v 0.1857181634119778 -0.1 -0.4098887212145291
v 0.19902991059855046 -0.1 -0.4035927336897098
v 0.21212853157169892 -0.1 -0.39686456895675976
v 0.22500000000000006 -0.1 -0.3897114317029974
v 0.23763053279266536 -0.1 -0.38214098168696065
v 0.2500066048588208 -0.1 -0.37416132553614545
v 0.2621149635905109 -0.1 -0.36578100806622693
v 0.27394264305392424 -0.1 -0.3570090031310558
v 0.2854769778736405 -0.1 -0.3478547040132316
v 0.2967056167950311 -0.1 -0.33832791336553975
v 0.307616535910292 -0.1 -0.3284388327140262
v 0.3181980515339463 -0.1 -0.3181980515339465
v 0.328438832714026 -0.1 -0.30761653591029214
v 0.33832791336553963 -0.1 -0.2967056167950312
v 0.34785470401323143 -0.1 -0.2854769778736407
v 0.3570090031310557 -0.1 -0.2739426430539244
v 0.3657810080662268 -0.1 -0.262114963590511
v 0.37416132553614534 -0.1 -0.250006604858821
v 0.38214098168696053 -0.1 -0.23763053279266555
v 0.38971143170299727 -0.1 -0.2250000000000002
v 0.3968645689567597 -0.1 -0.21212853157169906
v 0.4035927336897097 -0.1 -0.19902991059855063
v 0.40988872121452896 -0.1 -0.18571816341197797
v 0.41574578963007897 -0.1 -0.1722075445642907
v 0.42115766704079666 -0.1 -0.15851252156455492
v 0.42611855827279754 -0.1 -0.14464775938642285
v 0.430623151079494 -0.1 -0.13062810476450812
v 0.43466662183008076 -0.1 -0.1164685702961343
v 0.43824464067480007 -0.1 -0.10218431836546824
v 0.44135337618145365 -0.1 -0.08779064490725792
v 0.44398949943819555 -0.1 -0.07330296302756506
v 0.4461501876182147 -0.1 -0.05873678649902326
v 0.4478331270024886 -0.1 -0.04410771314830223
v 0.44903651545737155 -0.1 -0.02943140815356426
v 0.4497590643643646 -0.1 -0.014723587269799459
v 0.475 -0.13 0
v 0.4747456790512737 -0.13 0.015541564340343664
v 0.47398298853833665 -0.13 0.031066486384317953
v 0.4727127451692935 -0.13 0.046558141656541284
v 0.4709363091525599 -0.13 0.06199994130452449
v 0.4686555827403175 -0.13 0.07737534986242965
v 0.46587300819153443 -0.13 0.09266790295766092
v 0.46259156515673344 -0.13 0.10786122494132727
v 0.45881476748730743 -0.13 0.12293904642369735
v 0.45454665947279915 -0.13 0.13788522169586961
v 0.44979181151017517 -0.13 0.15268374601900175
v 0.44455531520972974 -0.13 0.1673187727625859
v 0.4388427779428612 -0.13 0.18177463037341765
v 0.43266031683755846 -0.13 0.19603583915708744
v 0.4260145522280269 -0.13 0.2100871278540256
v 0.41891260056546864 -0.13 0.22391344999234886
v 0.4113620667976084 -0.13 0.23749999999999996
v 0.40337103622512493 -0.13 0.25083222905892477
v 0.39494806584370895 -0.13 0.26389586068431103
v 0.38610217518101725 -0.13 0.276676906012206
v 0.3768428366383367 -0.13 0.2891616787791423
v 0.3671799653473001 -0.13 0.3013368099777316
v 0.35712390855251425 -0.13 0.3131892621725327
v 0.34668543453147194 -0.13 0.3247063434608638
v 0.3358757210636101 -0.13 0.33587572106361
v 0.3247063434608638 -0.13 0.34668543453147194
v 0.31318926217253273 -0.13 0.3571239085525142
v 0.3013368099777316 -0.13 0.3671799653473
v 0.2891616787791423 -0.13 0.3768428366383367
v 0.27667690601220607 -0.13 0.3861021751810172
v 0.2638958606843111 -0.13 0.39494806584370895
v 0.2508322290589248 -0.13 0.40337103622512493
v 0.23750000000000004 -0.13 0.41136206679760834
v 0.22391344999234894 -0.13 0.4189126005654686
v 0.21008712785402558 -0.13 0.426014552228027
v 0.19603583915708747 -0.13 0.43266031683755846
v 0.18177463037341765 -0.13 0.4388427779428612
v 0.16731877276258594 -0.13 0.4445553152097297
v 0.1526837460190018 -0.13 0.4497918115101751
v 0.13788522169586961 -0.13 0.4545466594727992
v 0.12293904642369735 -0.13 0.45881476748730743
v 0.10786122494132727 -0.13 0.46259156515673344
v 0.09266790295766095 -0.13 0.46587300819153443
v 0.07737534986242968 -0.13 0.4686555827403175
v 0.06199994130452456 -0.13 0.4709363091525599
v 0.04655814165654136 -0.13 0.47271274516929346
v 0.031066486384317946 -0.13 0.47398298853833665
v 0.015541564340343678 -0.13 0.4747456790512737
v 2.9085361479749636e-17 -0.13 0.475
v -0.015541564340343619 -0.13 0.4747456790512737
v -0.03106648638431799 -0.13 0.47398298853833665
v -0.046558141656541305 -0.13 0.4727127451692935
v -0.0619999413045244 -0.13 0.47093630915255996
v -0.07737534986242964 -0.13 0.4686555827403175
v -0.09266790295766089 -0.13 0.46587300819153443
v -0.10786122494132723 -0.13 0.46259156515673344
v -0.12293904642369739 -0.13 0.45881476748730743
v -0.13788522169586953 -0.13 0.4545466594727992
v -0.15268374601900164 -0.13 0.44979181151017517
v -0.1673187727625859 -0.13 0.44455531520972974
v -0.18177463037341762 -0.13 0.4388427779428612
v -0.19603583915708744 -0.13 0.4326603168375585
v -0.21008712785402553 -0.13 0.426014552228027
v -0.22391344999234888 -0.13 0.41891260056546864
v -0.23749999999999988 -0.13 0.4113620667976084
v -0.25083222905892477 -0.13 0.40337103622512493
v -0.2638958606843109 -0.13 0.394948065843709
v -0.27667690601220596 -0.13 0.38610217518101725
v -0.2891616787791423 -0.13 0.3768428366383367
v -0.30133680997773155 -0.13 0.36717996534730013
v -0.3131892621725327 -0.13 0.35712390855251425
v -0.32470634346086386 -0.13 0.3466854345314718
v -0.33587572106361 -0.13 0.3358757210636101
v -0.34668543453147177 -0.13 0.32470634346086397
v -0.3571239085525142 -0.13 0.31318926217253273
v -0.3671799653473001 -0.13 0.3013368099777316
v -0.3768428366383366 -0.13 0.2891616787791424
v -0.3861021751810172 -0.13 0.276676906012206
v -0.394948065843709 -0.13 0.26389586068431103
v -0.4033710362251249 -0.13 0.2508322290589248
v -0.4113620667976084 -0.13 0.23749999999999996
v -0.4189126005654686 -0.13 0.22391344999234897
v -0.4260145522280269 -0.13 0.2100871278540256
v -0.4326603168375585 -0.13 0.19603583915708744
v -0.4388427779428612 -0.13 0.18177463037341768
v -0.44455531520972963 -0.13 0.16731877276258605
v -0.4497918115101751 -0.13 0.15268374601900184
v -0.45454665947279915 -0.13 0.13788522169586961
v -0.4588147674873074 -0.13 0.12293904642369748
v -0.46259156515673344 -0.13 0.1078612249413273
v -0.46587300819153443 -0.13 0.09266790295766109
v -0.4686555827403175 -0.13 0.07737534986242972
v -0.4709363091525599 -0.13 0.06199994130452449
v -0.47271274516929346 -0.13 0.04655814165654139
v -0.47398298853833665 -0.13 0.031066486384317978
v -0.4747456790512737 -0.13 0.015541564340343601
v -0.475 -0.13 5.817072295949927e-17
v -0.4747456790512737 -0.13 -0.015541564340343697
v -0.47398298853833665 -0.13 -0.03106648638431786
v -0.4727127451692935 -0.13 -0.04655814165654128
v -0.4709363091525599 -0.13 -0.06199994130452459
v -0.46865558274031754 -0.13 -0.0773753498624294
v -0.46587300819153443 -0.13 -0.09266790295766096
v -0.46259156515673344 -0.13 -0.1078612249413274
v -0.4588147674873075 -0.13 -0.12293904642369716
v -0.4545466594727992 -0.13 -0.1378852216958695
v -0.44979181151017517 -0.13 -0.15268374601900173
v -0.44455531520972974 -0.13 -0.16731877276258578
v -0.43884277794286125 -0.13 -0.1817746303734176
v -0.43266031683755846 -0.13 -0.1960358391570875
v -0.426014552228027 -0.13 -0.2100871278540255
v -0.41891260056546864 -0.13 -0.22391344999234886
v -0.41136206679760834 -0.13 -0.23750000000000004
v -0.4033710362251251 -0.13 -0.25083222905892455
v -0.39494806584370906 -0.13 -0.2638958606843109
v -0.38610217518101714 -0.13 -0.2766769060122061
v -0.3768428366383368 -0.13 -0.2891616787791421
v -0.36717996534730013 -0.13 -0.3013368099777315
v -0.35712390855251425 -0.13 -0.3131892621725327
v -0.346685434531472 -0.13 -0.32470634346086374
v -0.33587572106361013 -0.13 -0.33587572106361
v -0.3247063434608638 -0.13 -0.34668543453147194
v -0.3131892621725328 -0.13 -0.3571239085525142
v -0.3013368099777318 -0.13 -0.3671799653472999
v -0.2891616787791424 -0.13 -0.37684283663833656
v -0.27667690601220607 -0.13 -0.3861021751810172
v -0.26389586068431103 -0.13 -0.39494806584370895
v -0.25083222905892466 -0.13 -0.403371036225125
v -0.2375000000000002 -0.13 -0.4113620667976083
v -0.223913449992349 -0.13 -0.4189126005654686
v -0.21008712785402564 -0.13 -0.4260145522280269
v -0.19603583915708783 -0.13 -0.43266031683755835
v -0.1817746303734179 -0.13 -0.4388427779428611
v -0.16731877276258572 -0.13 -0.44455531520972974
v -0.15268374601900186 -0.13 -0.4497918115101751
v -0.13788522169586964 -0.13 -0.45454665947279915
v -0.1229390464236973 -0.13 -0.45881476748730743
v -0.10786122494132754 -0.13 -0.4625915651567334
v -0.09266790295766111 -0.13 -0.4658730081915344
v -0.07737534986242975 -0.13 -0.4686555827403175
v -0.06199994130452452 -0.13 -0.4709363091525599
v -0.046558141656541215 -0.13 -0.4727127451692935
v -0.031066486384317794 -0.13 -0.47398298853833665
v -0.015541564340343842 -0.13 -0.4747456790512737
v -8.72560844392489e-17 -0.13 -0.475
v 0.015541564340343667 -0.13 -0.4747456790512737
v 0.031066486384317624 -0.13 -0.4739829885383367
v 0.04655814165654104 -0.13 -0.4727127451692935
v 0.061999941304524346 -0.13 -0.47093630915255996
v 0.07737534986242958 -0.13 -0.4686555827403175
v 0.09266790295766093 -0.13 -0.46587300819153443
v 0.10786122494132737 -0.13 -0.46259156515673344
v 0.12293904642369713 -0.13 -0.4588147674873075
v 0.13788522169586948 -0.13 -0.4545466594727992
v 0.1526837460190017 -0.13 -0.44979181151017517
v 0.16731877276258553 -0.13 -0.4445553152097298
v 0.18177463037341773 -0.13 -0.43884277794286114
v 0.19603583915708767 -0.13 -0.4326603168375584
v 0.21008712785402547 -0.13 -0.42601455222802703
v 0.22391344999234886 -0.13 -0.41891260056546864
v 0.23750000000000004 -0.13 -0.41136206679760834
v 0.2508322290589245 -0.13 -0.4033710362251251
v 0.26389586068431087 -0.13 -0.39494806584370906
v 0.2766769060122059 -0.13 -0.38610217518101725
v 0.28916167877914223 -0.13 -0.3768428366383367
v 0.30133680997773166 -0.13 -0.3671799653473
v 0.3131892621725328 -0.13 -0.35712390855251414
v 0.32470634346086374 -0.13 -0.34668543453147205
v 0.33587572106360997 -0.13 -0.33587572106361013
v 0.3466854345314719 -0.13 -0.32470634346086386
v 0.357123908552514 -0.13 -0.31318926217253296
v 0.36717996534729985 -0.13 -0.3013368099777318
v 0.37684283663833656 -0.13 -0.2891616787791424
v 0.3861021751810172 -0.13 -0.27667690601220607
v 0.39494806584370895 -0.13 -0.26389586068431103
v 0.403371036225125 -0.13 -0.2508322290589247
v 0.41136206679760823 -0.13 -0.2375000000000002
v 0.41891260056546853 -0.13 -0.223913449992349
v 0.4260145522280269 -0.13 -0.21008712785402567
v 0.43266031683755835 -0.13 -0.19603583915708786
v 0.4388427779428611 -0.13 -0.18177463037341793
v 0.44455531520972974 -0.13 -0.16731877276258575
v 0.4497918115101751 -0.13 -0.15268374601900186
v 0.45454665947279915 -0.13 -0.13788522169586967
v 0.45881476748730743 -0.13 -0.12293904642369732
v 0.4625915651567334 -0.13 -0.10786122494132756
v 0.4658730081915344 -0.13 -0.09266790295766114
v 0.4686555827403175 -0.13 -0.07737534986242978
v 0.4709363091525599 -0.13 -0.06199994130452455
v 0.4727127451692935 -0.13 -0.046558141656541235
v 0.47398298853833665 -0.13 -0.03106648638431783
v 0.4747456790512737 -0.13 -0.015541564340343872
v 0.5 -0.16 0
v 0.49973229373818284 -0.16 0.01635954141088807
v 0.49892946161930174 -0.16 0.03270156461507153
v 0.49759236333609846 -0.16 0.0490085701647803
v 0.4957224306869052 -0.16 0.06526309611002579
v 0.4933216660424395 -0.16 0.08144773669729437
v 0.4903926402016152 -0.16 0.09754516100806412
v 0.4869384896386668 -0.16 0.11353813151718661
v 0.48296291314453416 -0.16 0.12940952255126037
v 0.4784701678661044 -0.16 0.14514233862723117
v 0.47346506474755284 -0.16 0.1607197326515808
v 0.4679529633786629 -0.16 0.17612502396061674
v 0.46193976625564337 -0.16 0.1913417161825449
v 0.4554319124605879 -0.16 0.20635351490219733
v 0.44843637076634413 -0.16 0.22114434510950065
v 0.4409606321741775 -0.16 0.23569836841299882
v 0.43301270189221935 -0.16 0.24999999999999997
v 0.42460109076328945 -0.16 0.264033925325184
v 0.4157348061512726 -0.16 0.2777851165098011
v 0.4064233422958076 -0.16 0.2912388484339011
v 0.3966766701456176 -0.16 0.30438071450436033
v 0.3865052266813685 -0.16 0.31719664208182274
v 0.3759199037394887 -0.16 0.3296729075500344
v 0.36493203634891785 -0.16 0.3417961510114356
v 0.3535533905932738 -0.16 0.35355339059327373
v 0.3417961510114356 -0.16 0.36493203634891785
v 0.3296729075500345 -0.16 0.37591990373948864
v 0.31719664208182274 -0.16 0.38650522668136844
v 0.30438071450436033 -0.16 0.3966766701456176
v 0.29123884843390113 -0.16 0.40642334229580757
v 0.27778511650980114 -0.16 0.4157348061512726
v 0.26403392532518405 -0.16 0.42460109076328945
v 0.25000000000000006 -0.16 0.4330127018922193
v 0.2356983684129989 -0.16 0.44096063217417747
v 0.22114434510950062 -0.16 0.4484363707663442
v 0.20635351490219736 -0.16 0.4554319124605879
v 0.19134171618254492 -0.16 0.46193976625564337
v 0.1761250239606168 -0.16 0.4679529633786628
v 0.16071973265158085 -0.16 0.4734650647475528
v 0.14514233862723117 -0.16 0.47847016786610447
v 0.12940952255126037 -0.16 0.48296291314453416
v 0.11353813151718661 -0.16 0.4869384896386668
v 0.09754516100806417 -0.16 0.4903926402016152
v 0.08144773669729441 -0.16 0.4933216660424395
v 0.06526309611002586 -0.16 0.4957224306869052
v 0.049008570164780385 -0.16 0.4975923633360984
v 0.032701564615071524 -0.16 0.49892946161930174
v 0.016359541410888082 -0.16 0.49973229373818284
v 3.061616997868383e-17 -0.16 0.5
v -0.01635954141088802 -0.16 0.49973229373818284
v -0.03270156461507157 -0.16 0.49892946161930174
v -0.04900857016478032 -0.16 0.49759236333609846
v -0.06526309611002569 -0.16 0.49572243068690525
v -0.08144773669729435 -0.16 0.4933216660424395
v -0.0975451610080641 -0.16 0.4903926402016152
v -0.11353813151718656 -0.16 0.4869384896386668
v -0.12940952255126043 -0.16 0.48296291314453416
v -0.14514233862723108 -0.16 0.47847016786610447
v -0.16071973265158068 -0.16 0.47346506474755284
v -0.17612502396061674 -0.16 0.4679529633786629
v -0.19134171618254486 -0.16 0.46193976625564337
v -0.2063535149021973 -0.16 0.45543191246058795
v -0.22114434510950057 -0.16 0.4484363707663442
v -0.23569836841299885 -0.16 0.4409606321741775
v -0.2499999999999999 -0.16 0.43301270189221935
v -0.264033925325184 -0.16 0.42460109076328945
v -0.277785116509801 -0.16 0.4157348061512727
v -0.291238848433901 -0.16 0.4064233422958076
v -0.30438071450436033 -0.16 0.3966766701456176
v -0.3171966420818227 -0.16 0.38650522668136855
v -0.3296729075500344 -0.16 0.3759199037394887
v -0.3417961510114357 -0.16 0.36493203634891774
v -0.35355339059327373 -0.16 0.3535533905932738
v -0.3649320363489177 -0.16 0.3417961510114358
v -0.37591990373948864 -0.16 0.3296729075500345
v -0.3865052266813685 -0.16 0.31719664208182274
v -0.3966766701456175 -0.16 0.30438071450436044
v -0.40642334229580757 -0.16 0.2912388484339011
v -0.4157348061512727 -0.16 0.2777851165098011
v -0.4246010907632894 -0.16 0.26403392532518405
v -0.43301270189221935 -0.16 0.24999999999999997
v -0.44096063217417747 -0.16 0.23569836841299893
v -0.44843637076634413 -0.16 0.22114434510950065
v -0.45543191246058795 -0.16 0.2063535149021973
v -0.46193976625564337 -0.16 0.19134171618254495
v -0.46795296337866277 -0.16 0.1761250239606169
v -0.4734650647475528 -0.16 0.16071973265158088
v -0.4784701678661044 -0.16 0.1451423386272312
v -0.4829629131445341 -0.16 0.1294095225512605
v -0.4869384896386668 -0.16 0.11353813151718664
v -0.4903926402016152 -0.16 0.0975451610080643
v -0.4933216660424395 -0.16 0.08144773669729445
v -0.4957224306869052 -0.16 0.06526309611002579
v -0.4975923633360984 -0.16 0.04900857016478041
v -0.49892946161930174 -0.16 0.03270156461507156
v -0.49973229373818284 -0.16 0.016359541410888002
v -0.5 -0.16 6.123233995736766e-17
v -0.49973229373818284 -0.16 -0.016359541410888103
v -0.49892946161930174 -0.16 -0.032701564615071434
v -0.49759236333609846 -0.16 -0.049008570164780295
v -0.4957224306869052 -0.16 -0.06526309611002588
v -0.49332166604243954 -0.16 -0.0814477366972941
v -0.4903926402016152 -0.16 -0.09754516100806418
v -0.4869384896386668 -0.16 -0.11353813151718674
v -0.4829629131445342 -0.16 -0.12940952255126018
v -0.47847016786610447 -0.16 -0.14514233862723105
v -0.47346506474755284 -0.16 -0.16071973265158077
v -0.4679529633786629 -0.16 -0.1761250239606166
v -0.4619397662556434 -0.16 -0.19134171618254484
v -0.4554319124605879 -0.16 -0.2063535149021974
v -0.4484363707663442 -0.16 -0.22114434510950054
v -0.4409606321741775 -0.16 -0.23569836841299882
v -0.4330127018922193 -0.16 -0.25000000000000006
v -0.4246010907632896 -0.16 -0.26403392532518377
v -0.41573480615127273 -0.16 -0.277785116509801
v -0.4064233422958075 -0.16 -0.2912388484339012
v -0.3966766701456177 -0.16 -0.30438071450436016
v -0.38650522668136855 -0.16 -0.31719664208182263
v -0.3759199037394887 -0.16 -0.3296729075500344
v -0.3649320363489179 -0.16 -0.3417961510114355
v -0.35355339059327384 -0.16 -0.35355339059327373
v -0.3417961510114356 -0.16 -0.36493203634891785
v -0.32967290755003453 -0.16 -0.37591990373948864
v -0.31719664208182297 -0.16 -0.38650522668136833
v -0.30438071450436044 -0.16 -0.39667667014561747
v -0.29123884843390113 -0.16 -0.40642334229580757
v -0.2777851165098011 -0.16 -0.4157348061512726
v -0.2640339253251839 -0.16 -0.4246010907632895
v -0.2500000000000002 -0.16 -0.43301270189221924
v -0.23569836841299896 -0.16 -0.44096063217417747
v -0.22114434510950068 -0.16 -0.44843637076634413
v -0.20635351490219772 -0.16 -0.45543191246058773
v -0.19134171618254517 -0.16 -0.46193976625564326
v -0.17612502396061655 -0.16 -0.46795296337866293
v -0.1607197326515809 -0.16 -0.4734650647475528
v -0.14514233862723122 -0.16 -0.4784701678661044
v -0.12940952255126031 -0.16 -0.48296291314453416
v -0.11353813151718689 -0.16 -0.48693848963866676
v -0.09754516100806433 -0.16 -0.49039264020161516
v -0.08144773669729448 -0.16 -0.4933216660424395
v -0.06526309611002581 -0.16 -0.4957224306869052
v -0.049008570164780225 -0.16 -0.49759236333609846
v -0.032701564615071364 -0.16 -0.49892946161930174
v -0.016359541410888256 -0.16 -0.49973229373818284
v -9.184850993605148e-17 -0.16 -0.5
v 0.016359541410888072 -0.16 -0.49973229373818284
v 0.032701564615071184 -0.16 -0.4989294616193018
v 0.049008570164780045 -0.16 -0.49759236333609846
v 0.06526309611002563 -0.16 -0.49572243068690525
v 0.0814477366972943 -0.16 -0.4933216660424395
v 0.09754516100806415 -0.16 -0.4903926402016152
v 0.11353813151718671 -0.16 -0.4869384896386668
v 0.12940952255126015 -0.16 -0.4829629131445342
v 0.14514233862723103 -0.16 -0.47847016786610447
v 0.16071973265158074 -0.16 -0.47346506474755284
v 0.17612502396061636 -0.16 -0.467952963378663
v 0.191341716182545 -0.16 -0.4619397662556433
v 0.20635351490219755 -0.16 -0.45543191246058784
v 0.2211443451095005 -0.16 -0.44843637076634424
v 0.2356983684129988 -0.16 -0.4409606321741775
v 0.25000000000000006 -0.16 -0.4330127018922193
v 0.2640339253251837 -0.16 -0.4246010907632896
v 0.2777851165098009 -0.16 -0.41573480615127273
v 0.29123884843390097 -0.16 -0.4064233422958077
v 0.3043807145043603 -0.16 -0.3966766701456176
v 0.3171966420818228 -0.16 -0.38650522668136844
v 0.32967290755003453 -0.16 -0.3759199037394886
v 0.3417961510114355 -0.16 -0.36493203634891797
v 0.3535533905932737 -0.16 -0.35355339059327384
v 0.3649320363489178 -0.16 -0.3417961510114357
v 0.37591990373948847 -0.16 -0.3296729075500347
v 0.3865052266813683 -0.16 -0.31719664208182297
v 0.39667667014561747 -0.16 -0.30438071450436044
v 0.40642334229580757 -0.16 -0.29123884843390113
v 0.4157348061512726 -0.16 -0.2777851165098011
v 0.4246010907632895 -0.16 -0.26403392532518394
v 0.4330127018922192 -0.16 -0.2500000000000002
v 0.4409606321741774 -0.16 -0.23569836841299896
v 0.44843637076634413 -0.16 -0.2211443451095007
v 0.45543191246058773 -0.16 -0.20635351490219775
v 0.46193976625564326 -0.16 -0.1913417161825452
v 0.46795296337866293 -0.16 -0.17612502396061658
v 0.4734650647475528 -0.16 -0.16071973265158093
v 0.4784701678661044 -0.16 -0.14514233862723125
v 0.48296291314453416 -0.16 -0.12940952255126034
v 0.48693848963866676 -0.16 -0.11353813151718692
v 0.49039264020161516 -0.16 -0.09754516100806436
v 0.4933216660424395 -0.16 -0.0814477366972945
v 0.4957224306869052 -0.16 -0.06526309611002584
v 0.49759236333609846 -0.16 -0.04900857016478025
v 0.49892946161930174 -0.16 -0.0327015646150714
v 0.49973229373818284 -0.16 -0.016359541410888287
v 0.9432857142857143 -0.16 0
v 0.9061574292026793 -0.16 0.029664522732628894
v 0.868137263217585 -0.16 0.05690072243022446
v 0.8658107122048113 -0.16 0.08527491208671772
v 0.8625570293952151 -0.16 0.11355778723144487
v 0.8583796989138447 -0.16 0.1417190618532922
v 0.8532831939508104 -0.16 0.16972858015403158
v 0.8829586069976569 -0.16 0.2058770719068071
v 0.9111440329981025 -0.16 0.24414030783027776
v 0.8676031201034948 -0.16 0.2631845291707779
v 0.8238292126607419 -0.16 0.27965233481375057
v 0.8142381562788734 -0.16 0.30645754169147316
v 0.8037751932848195 -0.16 0.3329345861576281
v 0.7924515276814229 -0.16 0.35905511592982337
v 0.7802792851334388 -0.16 0.38479116049053114
v 0.7995876148838336 -0.16 0.427388484323742
v 0.8169093915983784 -0.16 0.4716428571428571
v 0.7699230921512047 -0.16 0.4787689448789372
v 0.7233785627032143 -0.16 0.4833461027270539
v 0.7071766155947052 -0.16 0.5067555962749879
v 0.6902174060533746 -0.16 0.529622443237587
v 0.6725190944255812 -0.16 0.5519221572223716
v 0.6541006325067104 -0.16 0.5736308591370599
v 0.6617260481966879 -0.16 0.619774077826879
v 0.6670037251678248 -0.16 0.6670037251678247
v 0.6197740778268789 -0.16 0.6617260481966877
v 0.57363085913706 -0.16 0.6541006325067102
v 0.5519221572223716 -0.16 0.6725190944255811
v 0.529622443237587 -0.16 0.6902174060533746
v 0.506755596274988 -0.16 0.7071766155947051
v 0.483346102727054 -0.16 0.7233785627032143
v 0.47876894487893723 -0.16 0.7699230921512046
v 0.47164285714285725 -0.16 0.8169093915983783
v 0.42738848432374227 -0.16 0.7995876148838338
v 0.3847911604905311 -0.16 0.7802792851334389
v 0.3590551159298234 -0.16 0.7924515276814229
v 0.33293458615762817 -0.16 0.8037751932848195
v 0.3064575416914732 -0.16 0.8142381562788733
v 0.2796523348137507 -0.16 0.8238292126607418
v 0.26318452917077795 -0.16 0.867603120103495
v 0.24414030783027776 -0.16 0.9111440329981025
v 0.20587707190680704 -0.16 0.8829586069976566
v 0.16972858015403164 -0.16 0.8532831939508104
v 0.14171906185329228 -0.16 0.8583796989138447
v 0.113557787231445 -0.16 0.8625570293952151
v 0.08527491208671786 -0.16 0.8658107122048112
v 0.056900722430224454 -0.16 0.868137263217585
v 0.02966452273262892 -0.16 0.9061574292026793
v 5.775959153407124e-17 -0.16 0.9432857142857143
v -0.029664522732628814 -0.16 0.9061574292026795
v -0.05690072243022454 -0.16 0.868137263217585
v -0.08527491208671777 -0.16 0.8658107122048113
v -0.1135577872314447 -0.16 0.8625570293952152
v -0.14171906185329217 -0.16 0.8583796989138447
v -0.16972858015403153 -0.16 0.8532831939508104
v -0.2058770719068069 -0.16 0.8829586069976565
v -0.24414030783027788 -0.16 0.9111440329981025
v -0.26318452917077784 -0.16 0.8676031201034953
v -0.2796523348137504 -0.16 0.8238292126607419
v -0.30645754169147316 -0.16 0.8142381562788734
v -0.33293458615762805 -0.16 0.8037751932848195
v -0.3590551159298233 -0.16 0.792451527681423
v -0.38479116049053097 -0.16 0.7802792851334389
v -0.4273884843237421 -0.16 0.7995876148838337
v -0.4716428571428569 -0.16 0.8169093915983784
v -0.4787689448789374 -0.16 0.769923092151205
v -0.4833461027270537 -0.16 0.7233785627032144
v -0.5067555962749878 -0.16 0.7071766155947052
v -0.529622443237587 -0.16 0.6902174060533746
v -0.5519221572223715 -0.16 0.6725190944255813
v -0.5736308591370599 -0.16 0.6541006325067104
v -0.6197740778268794 -0.16 0.661726048196688
v -0.6670037251678247 -0.16 0.6670037251678248
v -0.661726048196688 -0.16 0.6197740778268798
v -0.6541006325067102 -0.16 0.57363085913706
v -0.6725190944255812 -0.16 0.5519221572223716
v -0.6902174060533744 -0.16 0.5296224432375871
v -0.7071766155947051 -0.16 0.5067555962749879
v -0.7233785627032144 -0.16 0.4833461027270539
v -0.7699230921512047 -0.16 0.47876894487893734
v -0.8169093915983784 -0.16 0.4716428571428571
v -0.7995876148838339 -0.16 0.4273884843237424
v -0.7802792851334388 -0.16 0.38479116049053114
v -0.792451527681423 -0.16 0.3590551159298233
v -0.8037751932848195 -0.16 0.3329345861576282
v -0.8142381562788732 -0.16 0.30645754169147343
v -0.8238292126607418 -0.16 0.27965233481375074
v -0.8676031201034943 -0.16 0.2631845291707778
v -0.9111440329981024 -0.16 0.24414030783027804
v -0.8829586069976567 -0.16 0.2058770719068071
v -0.8532831939508104 -0.16 0.1697285801540319
v -0.8583796989138447 -0.16 0.14171906185329233
v -0.8625570293952151 -0.16 0.11355778723144487
v -0.8658107122048112 -0.16 0.08527491208671792
v -0.868137263217585 -0.16 0.05690072243022451
v -0.9061574292026792 -0.16 0.029664522732628772
v -0.9432857142857143 -0.16 1.1551918306814248e-16
v -0.9061574292026796 -0.16 -0.02966452273262897
v -0.868137263217585 -0.16 -0.056900722430224294
v -0.8658107122048113 -0.16 -0.08527491208671771
v -0.8625570293952151 -0.16 -0.11355778723144504
v -0.8583796989138448 -0.16 -0.14171906185329175
v -0.8532831939508104 -0.16 -0.16972858015403167
v -0.8829586069976574 -0.16 -0.20587707190680743
v -0.9111440329981026 -0.16 -0.2441403078302774
v -0.8676031201034948 -0.16 -0.26318452917077767
v -0.8238292126607419 -0.16 -0.2796523348137505
v -0.8142381562788734 -0.16 -0.3064575416914729
v -0.8037751932848195 -0.16 -0.332934586157628
v -0.7924515276814229 -0.16 -0.3590551159298235
v -0.7802792851334389 -0.16 -0.3847911604905309
v -0.7995876148838336 -0.16 -0.427388484323742
v -0.8169093915983783 -0.16 -0.47164285714285725
v -0.7699230921512062 -0.16 -0.47876894487893756
v -0.7233785627032145 -0.16 -0.4833461027270537
v -0.707176615594705 -0.16 -0.5067555962749881
v -0.6902174060533748 -0.16 -0.5296224432375867
v -0.6725190944255813 -0.16 -0.5519221572223714
v -0.6541006325067104 -0.16 -0.5736308591370599
v -0.6617260481966875 -0.16 -0.6197740778268783
v -0.6670037251678249 -0.16 -0.6670037251678247
v -0.6197740778268789 -0.16 -0.6617260481966877
v -0.5736308591370601 -0.16 -0.6541006325067102
v -0.5519221572223719 -0.16 -0.6725190944255809
v -0.5296224432375871 -0.16 -0.6902174060533744
v -0.506755596274988 -0.16 -0.7071766155947051
v -0.4833461027270539 -0.16 -0.7233785627032143
v -0.47876894487893695 -0.16 -0.7699230921512048
v -0.4716428571428576 -0.16 -0.8169093915983782
v -0.4273884843237425 -0.16 -0.799587614883834
v -0.3847911604905312 -0.16 -0.7802792851334388
v -0.35905511592982403 -0.16 -0.7924515276814227
v -0.3329345861576286 -0.16 -0.8037751932848193
v -0.3064575416914728 -0.16 -0.8142381562788735
v -0.2796523348137508 -0.16 -0.8238292126607418
v -0.2631845291707781 -0.16 -0.8676031201034952
v -0.24414030783027768 -0.16 -0.9111440329981025
v -0.20587707190680785 -0.16 -0.8829586069976577
v -0.16972858015403194 -0.16 -0.8532831939508104
v -0.1417190618532924 -0.16 -0.8583796989138447
v -0.11355778723144491 -0.16 -0.8625570293952151
v -0.08527491208671759 -0.16 -0.8658107122048113
v -0.056900722430224177 -0.16 -0.868137263217585
v -0.029664522732629196 -0.16 -0.906157429202678
v -1.732787746022137e-16 -0.16 -0.9432857142857143
v 0.029664522732628883 -0.16 -0.9061574292026787
v 0.05690072243022386 -0.16 -0.8681372632175851
v 0.08527491208671728 -0.16 -0.8658107122048113
v 0.1135577872314446 -0.16 -0.8625570293952152
v 0.14171906185329208 -0.16 -0.8583796989138447
v 0.1697285801540316 -0.16 -0.8532831939508104
v 0.20587707190680737 -0.16 -0.8829586069976573
v 0.24414030783027735 -0.16 -0.9111440329981026
v 0.26318452917077795 -0.16 -0.8676031201034958
v 0.27965233481375046 -0.16 -0.8238292126607419
v 0.30645754169147243 -0.16 -0.8142381562788736
v 0.3329345861576283 -0.16 -0.8037751932848194
v 0.35905511592982375 -0.16 -0.7924515276814228
v 0.3847911604905309 -0.16 -0.780279285133439
v 0.4273884843237419 -0.16 -0.7995876148838335
v 0.47164285714285725 -0.16 -0.8169093915983783
v 0.478768944878937 -0.16 -0.7699230921512055
v 0.4833461027270536 -0.16 -0.7233785627032145
v 0.5067555962749877 -0.16 -0.7071766155947053
v 0.5296224432375869 -0.16 -0.6902174060533746
v 0.5519221572223717 -0.16 -0.6725190944255811
v 0.5736308591370601 -0.16 -0.6541006325067101
v 0.6197740778268775 -0.16 -0.6617260481966867
v 0.6670037251678246 -0.16 -0.6670037251678249
v 0.6617260481966877 -0.16 -0.6197740778268791
v 0.6541006325067099 -0.16 -0.5736308591370604
v 0.6725190944255808 -0.16 -0.5519221572223719
v 0.6902174060533744 -0.16 -0.5296224432375871
v 0.7071766155947051 -0.16 -0.506755596274988
v 0.7233785627032143 -0.16 -0.4833461027270539
v 0.7699230921512055 -0.16 -0.47876894487893756
v 0.816909391598378 -0.16 -0.4716428571428576
v 0.7995876148838331 -0.16 -0.42738848432374205
v 0.7802792851334388 -0.16 -0.38479116049053125
v 0.7924515276814227 -0.16 -0.3590551159298241
v 0.8037751932848193 -0.16 -0.33293458615762866
v 0.8142381562788735 -0.16 -0.3064575416914728
v 0.8238292126607418 -0.16 -0.27965233481375085
v 0.867603120103494 -0.16 -0.26318452917077784
v 0.9111440329981025 -0.16 -0.24414030783027774
v 0.8829586069976578 -0.16 -0.20587707190680793
v 0.8532831939508104 -0.16 -0.16972858015403197
v 0.8583796989138447 -0.16 -0.14171906185329244
v 0.8625570293952151 -0.16 -0.11355778723144497
v 0.8658107122048113 -0.16 -0.08527491208671764
v 0.868137263217585 -0.16 -0.05690072243022423
v 0.906157429202679 -0.16 -0.029664522732629282
v 1.4137142857142857 -0.16 0
v 1.3261467269257836 -0.16 0.043413548749808115
v 1.2373450648158684 -0.16 0.0810998802453774
v 1.2340290610735243 -0.16 0.12154125400865515
v 1.2293916281035249 -0.16 0.16185247835286395
v 1.2234377317852498 -0.16 0.20199038700929003
v 1.2161737477000056 -0.16 0.24191199929999901
v 1.292195626218268 -0.16 0.3012977615804655
v 1.3655431395652313 -0.16 0.3658961814763636
v 1.2697231197543937 -0.16 0.38516629747706377
v 1.174193360573931 -0.16 0.39858493697592035
v 1.1605233491790838 -0.16 0.4367900594223295
v 1.1456106203139955 -0.16 0.4745274561327113
v 1.129471142902258 -0.16 0.5117567169574494
v 1.1121221995005335 -0.16 0.5484379758715616
v 1.170183529038217 -0.16 0.6254761273771235
v 1.2243124851215437 -0.16 0.7068571428571427
v 1.1267699802884092 -0.16 0.7006705995486596
v 1.0310223192551562 -0.16 0.6889070889443067
v 1.0079298888936028 -0.16 0.7222723441160747
v 0.9837581419611316 -0.16 0.7548641719708136
v 0.9585329621697939 -0.16 0.7866476723629204
v 0.9322813612739319 -0.16 0.8175888107240854
v 0.9684253581739285 -0.16 0.9070293287412042
v 0.9996469580888678 -0.16 0.9996469580888676
v 0.9070293287412039 -0.16 0.9684253581739282
v 0.8175888107240855 -0.16 0.9322813612739318
v 0.7866476723629204 -0.16 0.9585329621697938
v 0.7548641719708136 -0.16 0.9837581419611316
v 0.7222723441160748 -0.16 1.0079298888936028
v 0.6889070889443069 -0.16 1.0310223192551562
v 0.7006705995486596 -0.16 1.126769980288409
v 0.706857142857143 -0.16 1.2243124851215434
v 0.6254761273771242 -0.16 1.1701835290382177
v 0.5484379758715615 -0.16 1.1121221995005335
v 0.5117567169574494 -0.16 1.129471142902258
v 0.4745274561327114 -0.16 1.1456106203139955
v 0.4367900594223297 -0.16 1.1605233491790838
v 0.3985849369759205 -0.16 1.174193360573931
v 0.3851662974770638 -0.16 1.2697231197543941
v 0.3658961814763636 -0.16 1.3655431395652313
v 0.3012977615804654 -0.16 1.2921956262182672
v 0.24191199929999913 -0.16 1.2161737477000056
v 0.20199038700929015 -0.16 1.2234377317852498
v 0.16185247835286412 -0.16 1.2293916281035249
v 0.12154125400865536 -0.16 1.234029061073524
v 0.08109988024537738 -0.16 1.2373450648158684
v 0.04341354874980815 -0.16 1.3261467269257836
v 8.656503374544434e-17 -0.16 1.4137142857142857
v -0.043413548749808004 -0.16 1.3261467269257843
v -0.0810998802453775 -0.16 1.2373450648158684
v -0.1215412540086552 -0.16 1.2340290610735243
v -0.1618524783528637 -0.16 1.229391628103525
v -0.20199038700929 -0.16 1.2234377317852498
v -0.24191199929999896 -0.16 1.2161737477000056
v -0.3012977615804651 -0.16 1.2921956262182668
v -0.36589618147636377 -0.16 1.3655431395652313
v -0.3851662974770637 -0.16 1.2697231197543946
v -0.39858493697592007 -0.16 1.174193360573931
v -0.4367900594223295 -0.16 1.1605233491790838
v -0.47452745613271125 -0.16 1.1456106203139955
v -0.5117567169574493 -0.16 1.1294711429022581
v -0.5484379758715614 -0.16 1.1121221995005335
v -0.6254761273771239 -0.16 1.1701835290382174
v -0.7068571428571425 -0.16 1.2243124851215437
v -0.7006705995486601 -0.16 1.12676998028841
v -0.6889070889443064 -0.16 1.0310223192551562
v -0.7222723441160745 -0.16 1.0079298888936028
v -0.7548641719708136 -0.16 0.9837581419611316
v -0.7866476723629202 -0.16 0.958532962169794
v -0.8175888107240854 -0.16 0.9322813612739319
v -0.907029328741205 -0.16 0.9684253581739288
v -0.9996469580888676 -0.16 0.9996469580888678
v -0.9684253581739294 -0.16 0.9070293287412059
v -0.9322813612739318 -0.16 0.8175888107240855
v -0.9585329621697939 -0.16 0.7866476723629204
v -0.9837581419611314 -0.16 0.7548641719708139
v -1.0079298888936028 -0.16 0.7222723441160747
v -1.0310223192551562 -0.16 0.6889070889443067
v -1.1267699802884092 -0.16 0.7006705995486598
v -1.2243124851215437 -0.16 0.7068571428571427
v -1.170183529038218 -0.16 0.6254761273771244
v -1.1121221995005335 -0.16 0.5484379758715616
v -1.1294711429022581 -0.16 0.5117567169574493
v -1.1456106203139955 -0.16 0.47452745613271147
v -1.1605233491790836 -0.16 0.43679005942232996
v -1.174193360573931 -0.16 0.39858493697592057
v -1.2697231197543926 -0.16 0.38516629747706344
v -1.3655431395652313 -0.16 0.365896181476364
v -1.2921956262182674 -0.16 0.3012977615804655
v -1.2161737477000056 -0.16 0.2419119992999995
v -1.2234377317852498 -0.16 0.20199038700929023
v -1.2293916281035249 -0.16 0.16185247835286395
v -1.234029061073524 -0.16 0.12154125400865542
v -1.2373450648158684 -0.16 0.08109988024537747
v -1.3261467269257834 -0.16 0.04341354874980793
v -1.4137142857142857 -0.16 1.7313006749088868e-16
v -1.3261467269257845 -0.16 -0.04341354874980823
v -1.2373450648158684 -0.16 -0.08109988024537715
v -1.2340290610735243 -0.16 -0.12154125400865513
v -1.2293916281035249 -0.16 -0.1618524783528642
v -1.22343773178525 -0.16 -0.20199038700928937
v -1.2161737477000056 -0.16 -0.24191199929999915
v -1.292195626218269 -0.16 -0.3012977615804661
v -1.3655431395652315 -0.16 -0.36589618147636305
v -1.2697231197543937 -0.16 -0.3851662974770634
v -1.174193360573931 -0.16 -0.3985849369759203
v -1.1605233491790838 -0.16 -0.4367900594223292
v -1.1456106203139957 -0.16 -0.4745274561327112
v -1.129471142902258 -0.16 -0.5117567169574495
v -1.1121221995005335 -0.16 -0.5484379758715613
v -1.1701835290382172 -0.16 -0.6254761273771237
v -1.2243124851215434 -0.16 -0.706857142857143
v -1.1267699802884126 -0.16 -0.700670599548661
v -1.0310223192551564 -0.16 -0.6889070889443064
v -1.0079298888936026 -0.16 -0.722272344116075
v -0.9837581419611319 -0.16 -0.7548641719708132
v -0.958532962169794 -0.16 -0.7866476723629201
v -0.9322813612739319 -0.16 -0.8175888107240854
v -0.9684253581739274 -0.16 -0.9070293287412027
v -0.9996469580888679 -0.16 -0.9996469580888676
v -0.9070293287412039 -0.16 -0.9684253581739282
v -0.8175888107240856 -0.16 -0.9322813612739318
v -0.786647672362921 -0.16 -0.9585329621697934
v -0.7548641719708139 -0.16 -0.9837581419611313
v -0.7222723441160748 -0.16 -1.0079298888936028
v -0.6889070889443067 -0.16 -1.0310223192551562
v -0.7006705995486593 -0.16 -1.1267699802884092
v -0.7068571428571435 -0.16 -1.2243124851215432
v -0.6254761273771247 -0.16 -1.1701835290382183
v -0.5484379758715617 -0.16 -1.1121221995005335
v -0.5117567169574504 -0.16 -1.1294711429022575
v -0.474527456132712 -0.16 -1.1456106203139953
v -0.43679005942232907 -0.16 -1.160523349179084
v -0.3985849369759206 -0.16 -1.174193360573931
v -0.38516629747706416 -0.16 -1.2697231197543946
v -0.36589618147636344 -0.16 -1.3655431395652313
v -0.3012977615804668 -0.16 -1.2921956262182699
v -0.24191199929999954 -0.16 -1.2161737477000056
v -0.2019903870092903 -0.16 -1.2234377317852498
v -0.161852478352864 -0.16 -1.2293916281035249
v -0.12154125400865495 -0.16 -1.2340290610735243
v -0.08109988024537698 -0.16 -1.2373450648158684
v -0.04341354874980852 -0.16 -1.3261467269257807
v -2.59695101236333e-16 -0.16 -1.4137142857142857
v 0.04341354874980808 -0.16 -1.3261467269257823
v 0.08109988024537654 -0.16 -1.2373450648158684
v 0.12154125400865451 -0.16 -1.2340290610735243
v 0.16185247835286357 -0.16 -1.229391628103525
v 0.20199038700928987 -0.16 -1.2234377317852498
v 0.2419119992999991 -0.16 -1.2161737477000056
v 0.301297761580466 -0.16 -1.2921956262182688
v 0.365896181476363 -0.16 -1.3655431395652315
v 0.3851662974770641 -0.16 -1.2697231197543963
v 0.39858493697592023 -0.16 -1.174193360573931
v 0.43679005942232857 -0.16 -1.1605233491790843
v 0.4745274561327116 -0.16 -1.1456106203139955
v 0.51175671695745 -0.16 -1.129471142902258
v 0.5484379758715613 -0.16 -1.1121221995005337
v 0.6254761273771235 -0.16 -1.170183529038217
v 0.706857142857143 -0.16 -1.2243124851215434
v 0.7006705995486596 -0.16 -1.1267699802884108
v 0.6889070889443063 -0.16 -1.0310223192551564
v 0.7222723441160744 -0.16 -1.007929888893603
v 0.7548641719708135 -0.16 -0.9837581419611316
v 0.7866476723629205 -0.16 -0.9585329621697938
v 0.8175888107240856 -0.16 -0.9322813612739317
v 0.9070293287412009 -0.16 -0.9684253581739256
v 0.9996469580888675 -0.16 -0.9996469580888679
v 0.9684253581739283 -0.16 -0.9070293287412042
v 0.9322813612739314 -0.16 -0.8175888107240861
v 0.9585329621697933 -0.16 -0.786647672362921
v 0.9837581419611313 -0.16 -0.7548641719708139
v 1.0079298888936028 -0.16 -0.7222723441160748
v 1.0310223192551562 -0.16 -0.6889070889443067
v 1.1267699802884112 -0.16 -0.7006705995486606
v 1.2243124851215432 -0.16 -0.7068571428571435
v 1.170183529038216 -0.16 -0.6254761273771237
v 1.1121221995005335 -0.16 -0.5484379758715617
v 1.1294711429022575 -0.16 -0.5117567169574504
v 1.1456106203139953 -0.16 -0.4745274561327121
v 1.160523349179084 -0.16 -0.4367900594223291
v 1.174193360573931 -0.16 -0.39858493697592073
v 1.2697231197543921 -0.16 -0.3851662974770635
v 1.3655431395652313 -0.16 -0.36589618147636355
v 1.2921956262182703 -0.16 -0.30129776158046695
v 1.2161737477000056 -0.16 -0.2419119992999996
v 1.2234377317852498 -0.16 -0.20199038700929037
v 1.2293916281035249 -0.16 -0.1618524783528641
v 1.2340290610735243 -0.16 -0.12154125400865502
v 1.2373450648158684 -0.16 -0.08109988024537707
v 1.326146726925783 -0.16 -0.04341354874980867
v 1.451857142857143 -0.13 0
v 1.3601999132276568 -0.13 0.04452833464309291
v 1.2672808325130265 -0.13 0.0830619741222817
v 1.26388460287369 -0.13 0.12448176821854197
v 1.2591349739447393 -0.13 0.1657682641194655
v 1.2530370317477963 -0.13 0.2068772512111277
v 1.2455973061121026 -0.13 0.2477647089604829
v 1.3253770061550743 -0.13 0.3090345742567081
v 1.4023863103679717 -0.13 0.37576827933955975
v 1.3023274440504125 -0.13 0.39505671112351937
v 1.2026012644587842 -0.13 0.4082281209350152
v 1.1886005269818036 -0.13 0.44735756085996653
v 1.1733270062893342 -0.13 0.486007959103664
v 1.1567970576498934 -0.13 0.5241379278515812
v 1.139028381746514 -0.13 0.5617066365781317
v 1.2002318464020862 -0.13 0.6415372876246952
v 1.2573451683801788 -0.13 0.7259285714285714
v 1.1557035117589936 -0.13 0.7186626256029616
v 1.0559664076242326 -0.13 0.7055741959348948
v 1.0323152894313514 -0.13 0.7397466750221088
v 1.0075587421698686 -0.13 0.7731270148410753
v 0.981723275770676 -0.13 0.8056794708878298
v 0.9548365554983013 -0.13 0.8373691851770875
v 0.9932928697937049 -0.13 0.930320295031555
v 1.0266180310284119 -0.13 1.0266180310284119
v 0.9303202950315548 -0.13 0.9932928697937046
v 0.8373691851770876 -0.13 0.9548365554983012
v 0.8056794708878298 -0.13 0.9817232757706759
v 0.7731270148410753 -0.13 1.0075587421698686
v 0.7397466750221089 -0.13 1.0323152894313512
v 0.7055741959348949 -0.13 1.0559664076242326
v 0.7186626256029615 -0.13 1.155703511758993
v 0.7259285714285716 -0.13 1.2573451683801786
v 0.6415372876246958 -0.13 1.200231846402087
v 0.5617066365781316 -0.13 1.1390283817465143
v 0.5241379278515813 -0.13 1.1567970576498934
v 0.4860079591036641 -0.13 1.1733270062893342
v 0.4473575608599667 -0.13 1.1886005269818036
v 0.40822812093501537 -0.13 1.202601264458784
v 0.3950567111235194 -0.13 1.302327444050413
v 0.37576827933955975 -0.13 1.4023863103679717
v 0.30903457425670794 -0.13 1.3253770061550736
v 0.24776470896048297 -0.13 1.2455973061121026
v 0.2068772512111278 -0.13 1.2530370317477963
v 0.16576826411946569 -0.13 1.2591349739447393
v 0.12448176821854218 -0.13 1.2638846028736899
v 0.08306197412228167 -0.13 1.2672808325130265
v 0.04452833464309296 -0.13 1.360199913227657
v 8.890061014096109e-17 -0.13 1.451857142857143
v -0.044528334643092804 -0.13 1.3601999132276574
v -0.08306197412228179 -0.13 1.2672808325130265
v -0.12448176821854202 -0.13 1.26388460287369
v -0.16576826411946524 -0.13 1.2591349739447393
v -0.20687725121112766 -0.13 1.2530370317477963
v -0.2477647089604828 -0.13 1.2455973061121026
v -0.30903457425670766 -0.13 1.3253770061550731
v -0.3757682793395599 -0.13 1.4023863103679717
v -0.39505671112351937 -0.13 1.3023274440504136
v -0.4082281209350149 -0.13 1.2026012644587842
v -0.44735756085996653 -0.13 1.1886005269818036
v -0.48600795910366396 -0.13 1.1733270062893342
v -0.5241379278515812 -0.13 1.1567970576498934
v -0.5617066365781315 -0.13 1.1390283817465143
v -0.6415372876246954 -0.13 1.2002318464020867
v -0.7259285714285711 -0.13 1.2573451683801788
v -0.718662625602962 -0.13 1.1557035117589942
v -0.7055741959348945 -0.13 1.0559664076242326
v -0.7397466750221086 -0.13 1.0323152894313514
v -0.7731270148410753 -0.13 1.0075587421698686
v -0.8056794708878297 -0.13 0.9817232757706761
v -0.8373691851770875 -0.13 0.9548365554983013
v -0.9303202950315558 -0.13 0.9932928697937052
v -1.0266180310284119 -0.13 1.0266180310284119
v -0.9932928697937058 -0.13 0.9303202950315567
v -0.9548365554983012 -0.13 0.8373691851770876
v -0.981723275770676 -0.13 0.8056794708878298
v -1.0075587421698686 -0.13 0.7731270148410755
v -1.0323152894313512 -0.13 0.7397466750221088
v -1.0559664076242326 -0.13 0.7055741959348948
v -1.1557035117589933 -0.13 0.7186626256029617
v -1.2573451683801788 -0.13 0.7259285714285714
v -1.2002318464020871 -0.13 0.641537287624696
v -1.139028381746514 -0.13 0.5617066365781317
v -1.1567970576498934 -0.13 0.5241379278515812
v -1.1733270062893342 -0.13 0.4860079591036642
v -1.1886005269818034 -0.13 0.447357560859967
v -1.202601264458784 -0.13 0.4082281209350154
v -1.3023274440504113 -0.13 0.39505671112351903
v -1.4023863103679715 -0.13 0.3757682793395602
v -1.3253770061550738 -0.13 0.30903457425670805
v -1.2455973061121026 -0.13 0.24776470896048333
v -1.2530370317477963 -0.13 0.2068772512111279
v -1.2591349739447393 -0.13 0.1657682641194655
v -1.2638846028736899 -0.13 0.12448176821854225
v -1.2672808325130265 -0.13 0.08306197412228176
v -1.3601999132276568 -0.13 0.044528334643092735
v -1.451857142857143 -0.13 1.7780122028192218e-16
v -1.3601999132276577 -0.13 -0.04452833464309303
v -1.2672808325130265 -0.13 -0.08306197412228145
v -1.26388460287369 -0.13 -0.12448176821854195
v -1.2591349739447393 -0.13 -0.16576826411946574
v -1.2530370317477963 -0.13 -0.20687725121112702
v -1.2455973061121026 -0.13 -0.24776470896048303
v -1.3253770061550754 -0.13 -0.30903457425670866
v -1.402386310367972 -0.13 -0.3757682793395592
v -1.3023274440504125 -0.13 -0.395056711123519
v -1.2026012644587842 -0.13 -0.40822812093501515
v -1.1886005269818036 -0.13 -0.4473575608599662
v -1.1733270062893344 -0.13 -0.4860079591036639
v -1.1567970576498934 -0.13 -0.5241379278515814
v -1.1390283817465143 -0.13 -0.5617066365781314
v -1.2002318464020862 -0.13 -0.6415372876246952
v -1.2573451683801786 -0.13 -0.7259285714285716
v -1.1557035117589969 -0.13 -0.7186626256029628
v -1.0559664076242328 -0.13 -0.7055741959348945
v -1.0323152894313512 -0.13 -0.739746675022109
v -1.0075587421698688 -0.13 -0.7731270148410748
v -0.9817232757706761 -0.13 -0.8056794708878295
v -0.9548365554983013 -0.13 -0.8373691851770875
v -0.9932928697937036 -0.13 -0.9303202950315533
v -1.026618031028412 -0.13 -1.0266180310284119
v -0.9303202950315546 -0.13 -0.9932928697937045
v -0.8373691851770877 -0.13 -0.9548365554983012
v -0.8056794708878303 -0.13 -0.9817232757706755
v -0.7731270148410755 -0.13 -1.0075587421698684
v -0.7397466750221089 -0.13 -1.0323152894313512
v -0.7055741959348948 -0.13 -1.0559664076242326
v -0.7186626256029611 -0.13 -1.1557035117589933
v -0.7259285714285721 -0.13 -1.2573451683801784
v -0.6415372876246962 -0.13 -1.2002318464020871
v -0.5617066365781317 -0.13 -1.139028381746514
v -0.5241379278515822 -0.13 -1.156797057649893
v -0.48600795910366473 -0.13 -1.173327006289334
v -0.44735756085996603 -0.13 -1.1886005269818039
v -0.4082281209350155 -0.13 -1.202601264458784
v -0.3950567111235198 -0.13 -1.3023274440504136
v -0.37576827933955964 -0.13 -1.4023863103679717
v -0.3090345742567094 -0.13 -1.3253770061550765
v -0.24776470896048342 -0.13 -1.2455973061121026
v -0.206877251211128 -0.13 -1.2530370317477963
v -0.16576826411946557 -0.13 -1.2591349739447393
v -0.12448176821854177 -0.13 -1.26388460287369
v -0.08306197412228127 -0.13 -1.2672808325130265
v -0.044528334643093324 -0.13 -1.3601999132276539
v -2.6670183042288323e-16 -0.13 -1.451857142857143
v 0.04452833464309288 -0.13 -1.3601999132276554
v 0.08306197412228081 -0.13 -1.2672808325130265
v 0.12448176821854132 -0.13 -1.26388460287369
v 0.1657682641194651 -0.13 -1.2591349739447393
v 0.20687725121112752 -0.13 -1.2530370317477963
v 0.24776470896048294 -0.13 -1.2455973061121026
v 0.30903457425670855 -0.13 -1.3253770061550751
v 0.37576827933955914 -0.13 -1.402386310367972
v 0.39505671112351975 -0.13 -1.3023274440504153
v 0.4082281209350151 -0.13 -1.2026012644587842
v 0.44735756085996553 -0.13 -1.188600526981804
v 0.4860079591036643 -0.13 -1.173327006289334
v 0.5241379278515818 -0.13 -1.1567970576498932
v 0.5617066365781314 -0.13 -1.1390283817465143
v 0.641537287624695 -0.13 -1.200231846402086
v 0.7259285714285716 -0.13 -1.2573451683801786
v 0.7186626256029615 -0.13 -1.155703511758995
v 0.7055741959348943 -0.13 -1.0559664076242328
v 0.7397466750221084 -0.13 -1.0323152894313514
v 0.7731270148410752 -0.13 -1.0075587421698686
v 0.8056794708878299 -0.13 -0.9817232757706759
v 0.8373691851770877 -0.13 -0.954836555498301
v 0.9303202950315514 -0.13 -0.9932928697937017
v 1.0266180310284116 -0.13 -1.026618031028412
v 0.9932928697937045 -0.13 -0.9303202950315549
v 0.9548365554983007 -0.13 -0.8373691851770881
v 0.9817232757706754 -0.13 -0.8056794708878303
v 1.0075587421698684 -0.13 -0.7731270148410755
v 1.0323152894313512 -0.13 -0.7397466750221089
v 1.0559664076242326 -0.13 -0.7055741959348948
v 1.1557035117589953 -0.13 -0.7186626256029625
v 1.2573451683801782 -0.13 -0.7259285714285721
v 1.2002318464020851 -0.13 -0.6415372876246951
v 1.139028381746514 -0.13 -0.5617066365781318
v 1.156797057649893 -0.13 -0.5241379278515823
v 1.173327006289334 -0.13 -0.4860079591036648
v 1.1886005269818039 -0.13 -0.44735756085996614
v 1.202601264458784 -0.13 -0.4082281209350156
v 1.302327444050411 -0.13 -0.3950567111235191
v 1.4023863103679717 -0.13 -0.3757682793395597
v 1.3253770061550767 -0.13 -0.30903457425670955
v 1.2455973061121026 -0.13 -0.24776470896048347
v 1.2530370317477963 -0.13 -0.20687725121112804
v 1.2591349739447393 -0.13 -0.16576826411946563
v 1.26388460287369 -0.13 -0.12448176821854184
v 1.2672808325130265 -0.13 -0.08306197412228135
v 1.360199913227656 -0.13 -0.044528334643093484
v 1.4900000000000002 -0.1 0
v 1.3942530995295301 -0.1 0.04564312053637771
v 1.2972166002101846 -0.1 0.08502406799918598
v 1.2937401446738561 -0.1 0.1274222824284288
v 1.2888783197859535 -0.1 0.16968404988606706
v 1.2826363317103426 -0.1 0.21176411541296536
v 1.2750208645241996 -0.1 0.2536174186209667
v 1.3585583860918806 -0.1 0.3167713869329507
v 1.439229481170712 -0.1 0.38564037720275596
v 1.3349317683464312 -0.1 0.40494712476997496
v 1.2310091683436375 -0.1 0.41787130489411006
v 1.2166777047845234 -0.1 0.45792506229760355
v 1.2010433922646728 -0.1 0.4974884620746167
v 1.1841229723975286 -0.1 0.5365191387457131
v 1.1659345639924947 -0.1 0.5749752972847018
v 1.230280163765955 -0.1 0.6575984478722666
v 1.2903778516388138 -0.1 0.745
v 1.1846370432295776 -0.1 0.7366546516572634
v 1.080910495993309 -0.1 0.7222413029254828
v 1.0567006899690998 -0.1 0.7572210059281428
v 1.0313593423786058 -0.1 0.7913898577113369
v 1.0049135893715582 -0.1 0.8247112694127392
v 0.9773917497226706 -0.1 0.8571495596300895
v 1.0181603814134812 -0.1 0.9536112613219057
v 1.0535891039679561 -0.1 1.053589103967956
v 0.9536112613219054 -0.1 1.0181603814134808
v 0.8571495596300897 -0.1 0.9773917497226705
v 0.8247112694127392 -0.1 1.004913589371558
v 0.7913898577113369 -0.1 1.0313593423786058
v 0.757221005928143 -0.1 1.0567006899690996
v 0.722241302925483 -0.1 1.080910495993309
v 0.7366546516572634 -0.1 1.1846370432295774
v 0.7450000000000002 -0.1 1.2903778516388138
v 0.6575984478722673 -0.1 1.2302801637659557
v 0.5749752972847016 -0.1 1.165934563992495
v 0.5365191387457131 -0.1 1.1841229723975286
v 0.49748846207461683 -0.1 1.2010433922646728
v 0.4579250622976037 -0.1 1.2166777047845234
v 0.41787130489411023 -0.1 1.2310091683436373
v 0.4049471247699751 -0.1 1.334931768346432
v 0.38564037720275596 -0.1 1.439229481170712
v 0.31677138693295054 -0.1 1.35855838609188
v 0.2536174186209668 -0.1 1.2750208645241996
v 0.21176411541296547 -0.1 1.2826363317103426
v 0.16968404988606722 -0.1 1.2888783197859535
v 0.127422282428429 -0.1 1.293740144673856
v 0.08502406799918596 -0.1 1.2972166002101846
v 0.04564312053637776 -0.1 1.3942530995295304
v 9.123618653647782e-17 -0.1 1.4900000000000002
v -0.045643120536377604 -0.1 1.394253099529531
v -0.08502406799918609 -0.1 1.2972166002101846
v -0.12742228242842885 -0.1 1.2937401446738561
v -0.1696840498860668 -0.1 1.2888783197859537
v -0.21176411541296533 -0.1 1.2826363317103426
v -0.25361741862096665 -0.1 1.2750208645241996
v -0.31677138693295026 -0.1 1.3585583860918793
v -0.3856403772027561 -0.1 1.439229481170712
v -0.40494712476997496 -0.1 1.3349317683464323
v -0.4178713048941098 -0.1 1.2310091683436375
v -0.45792506229760355 -0.1 1.2166777047845234
v -0.49748846207461667 -0.1 1.2010433922646728
v -0.536519138745713 -0.1 1.1841229723975286
v -0.5749752972847015 -0.1 1.165934563992495
v -0.657598447872267 -0.1 1.2302801637659555
v -0.7449999999999998 -0.1 1.2903778516388138
v -0.7366546516572638 -0.1 1.1846370432295783
v -0.7222413029254826 -0.1 1.080910495993309
v -0.7572210059281427 -0.1 1.0567006899690998
v -0.7913898577113369 -0.1 1.0313593423786058
v -0.824711269412739 -0.1 1.0049135893715582
v -0.8571495596300895 -0.1 0.9773917497226706
v -0.9536112613219067 -0.1 1.0181603814134816
v -1.053589103967956 -0.1 1.0535891039679561
v -1.018160381413482 -0.1 0.9536112613219074
v -0.9773917497226705 -0.1 0.8571495596300897
v -1.0049135893715582 -0.1 0.8247112694127392
v -1.0313593423786056 -0.1 0.7913898577113372
v -1.0567006899690996 -0.1 0.7572210059281428
v -1.080910495993309 -0.1 0.7222413029254828
v -1.1846370432295774 -0.1 0.7366546516572635
v -1.2903778516388138 -0.1 0.745
v -1.2302801637659562 -0.1 0.6575984478722675
v -1.1659345639924947 -0.1 0.5749752972847018
v -1.1841229723975286 -0.1 0.536519138745713
v -1.2010433922646728 -0.1 0.4974884620746169
v -1.2166777047845232 -0.1 0.457925062297604
v -1.2310091683436373 -0.1 0.4178713048941103
v -1.3349317683464301 -0.1 0.40494712476997463
v -1.4392294811707118 -0.1 0.38564037720275635
v -1.3585583860918802 -0.1 0.3167713869329507
v -1.2750208645241996 -0.1 0.2536174186209672
v -1.2826363317103426 -0.1 0.21176411541296558
v -1.2888783197859535 -0.1 0.16968404988606706
v -1.293740144673856 -0.1 0.12742228242842907
v -1.2972166002101846 -0.1 0.08502406799918606
v -1.3942530995295301 -0.1 0.04564312053637753
v -1.4900000000000002 -0.1 1.8247237307295564e-16
v -1.3942530995295312 -0.1 -0.04564312053637785
v -1.2972166002101846 -0.1 -0.08502406799918573
v -1.2937401446738561 -0.1 -0.12742228242842876
v -1.2888783197859535 -0.1 -0.1696840498860673
v -1.2826363317103429 -0.1 -0.21176411541296467
v -1.2750208645241996 -0.1 -0.2536174186209669
v -1.3585583860918817 -0.1 -0.3167713869329513
v -1.4392294811707123 -0.1 -0.3856403772027554
v -1.3349317683464312 -0.1 -0.4049471247699746
v -1.2310091683436375 -0.1 -0.41787130489411
v -1.2166777047845234 -0.1 -0.4579250622976032
v -1.201043392264673 -0.1 -0.4974884620746166
v -1.1841229723975286 -0.1 -0.5365191387457132
v -1.165934563992495 -0.1 -0.5749752972847014
v -1.2302801637659553 -0.1 -0.6575984478722667
v -1.2903778516388138 -0.1 -0.7450000000000002
v -1.1846370432295814 -0.1 -0.7366546516572648
v -1.0809104959933091 -0.1 -0.7222413029254826
v -1.0567006899690996 -0.1 -0.7572210059281431
v -1.031359342378606 -0.1 -0.7913898577113364
v -1.0049135893715582 -0.1 -0.8247112694127389
v -0.9773917497226706 -0.1 -0.8571495596300895
v -1.0181603814134799 -0.1 -0.953611261321904
v -1.0535891039679561 -0.1 -1.053589103967956
v -0.9536112613219054 -0.1 -1.0181603814134808
v -0.8571495596300898 -0.1 -0.9773917497226705
v -0.8247112694127398 -0.1 -1.0049135893715577
v -0.7913898577113372 -0.1 -1.0313593423786054
v -0.757221005928143 -0.1 -1.0567006899690996
v -0.7222413029254828 -0.1 -1.080910495993309
v -0.736654651657263 -0.1 -1.1846370432295776
v -0.7450000000000008 -0.1 -1.2903778516388136
v -0.6575984478722677 -0.1 -1.2302801637659564
v -0.5749752972847018 -0.1 -1.1659345639924947
v -0.5365191387457141 -0.1 -1.1841229723975282
v -0.49748846207461744 -0.1 -1.2010433922646726
v -0.45792506229760305 -0.1 -1.2166777047845236
v -0.41787130489411034 -0.1 -1.2310091683436373
v -0.4049471247699754 -0.1 -1.3349317683464323
v -0.3856403772027558 -0.1 -1.439229481170712
v -0.31677138693295204 -0.1 -1.3585583860918828
v -0.25361741862096726 -0.1 -1.2750208645241994
v -0.21176411541296566 -0.1 -1.2826363317103426
v -0.1696840498860671 -0.1 -1.2888783197859535
v -0.1274222824284286 -0.1 -1.2937401446738561
v -0.08502406799918555 -0.1 -1.2972166002101846
v -0.04564312053637814 -0.1 -1.3942530995295273
v -2.7370855960943346e-16 -0.1 -1.4900000000000002
v 0.04564312053637768 -0.1 -1.3942530995295288
v 0.08502406799918508 -0.1 -1.2972166002101848
v 0.12742228242842812 -0.1 -1.2937401446738561
v 0.16968404988606667 -0.1 -1.2888783197859537
v 0.2117641154129652 -0.1 -1.2826363317103426
v 0.2536174186209668 -0.1 -1.2750208645241996
v 0.3167713869329512 -0.1 -1.3585583860918815
v 0.3856403772027553 -0.1 -1.4392294811707123
v 0.4049471247699754 -0.1 -1.3349317683464343
v 0.41787130489410995 -0.1 -1.2310091683436375
v 0.45792506229760255 -0.1 -1.2166777047845239
v 0.497488462074617 -0.1 -1.2010433922646726
v 0.5365191387457137 -0.1 -1.1841229723975284
v 0.5749752972847013 -0.1 -1.165934563992495
v 0.6575984478722664 -0.1 -1.2302801637659548
v 0.7450000000000002 -0.1 -1.2903778516388138
v 0.7366546516572634 -0.1 -1.1846370432295794
v 0.7222413029254824 -0.1 -1.0809104959933091
v 0.7572210059281426 -0.1 -1.0567006899691
v 0.7913898577113367 -0.1 -1.0313593423786058
v 0.8247112694127393 -0.1 -1.004913589371558
v 0.8571495596300898 -0.1 -0.9773917497226704
v 0.9536112613219021 -0.1 -1.0181603814134779
v 1.0535891039679557 -0.1 -1.0535891039679561
v 1.0181603814134808 -0.1 -0.9536112613219057
v 0.9773917497226701 -0.1 -0.8571495596300902
v 1.0049135893715575 -0.1 -0.8247112694127398
v 1.0313593423786054 -0.1 -0.7913898577113372
v 1.0567006899690996 -0.1 -0.757221005928143
v 1.080910495993309 -0.1 -0.7222413029254828
v 1.1846370432295796 -0.1 -0.7366546516572644
v 1.2903778516388134 -0.1 -0.7450000000000008
v 1.230280163765954 -0.1 -0.6575984478722666
v 1.1659345639924947 -0.1 -0.5749752972847019
v 1.1841229723975282 -0.1 -0.5365191387457142
v 1.2010433922646726 -0.1 -0.49748846207461755
v 1.2166777047845236 -0.1 -0.4579250622976031
v 1.2310091683436373 -0.1 -0.41787130489411045
v 1.3349317683464297 -0.1 -0.4049471247699747
v 1.439229481170712 -0.1 -0.3856403772027559
v 1.358558386091883 -0.1 -0.31677138693295215
v 1.2750208645241994 -0.1 -0.25361741862096737
v 1.2826363317103426 -0.1 -0.21176411541296572
v 1.2888783197859535 -0.1 -0.1696840498860672
v 1.2937401446738561 -0.1 -0.12742228242842865
v 1.2972166002101846 -0.1 -0.08502406799918565
v 1.3942530995295297 -0.1 -0.045643120536378305
v 1.4900000000000002 0 0
v 1.3942530995295301 0 0.04564312053637771
v 1.2972166002101846 0 0.08502406799918598
v 1.2937401446738561 0 0.1274222824284288
v 1.2888783197859535 0 0.16968404988606706
v 1.2826363317103426 0 0.21176411541296536
v 1.2750208645241996 0 0.2536174186209667
v 1.3585583860918806 0 0.3167713869329507
v 1.439229481170712 0 0.38564037720275596
v 1.3349317683464312 0 0.40494712476997496
v 1.2310091683436375 0 0.41787130489411006
v 1.2166777047845234 0 0.45792506229760355
v 1.2010433922646728 0 0.4974884620746167
v 1.1841229723975286 0 0.5365191387457131
v 1.1659345639924947 0 0.5749752972847018
v 1.230280163765955 0 0.6575984478722666
v 1.2903778516388138 0 0.745
v 1.1846370432295776 0 0.7366546516572634
v 1.080910495993309 0 0.7222413029254828
v 1.0567006899690998 0 0.7572210059281428
v 1.0313593423786058 0 0.7913898577113369
v 1.0049135893715582 0 0.8247112694127392
v 0.9773917497226706 0 0.8571495596300895
v 1.0181603814134812 0 0.9536112613219057
v 1.0535891039679561 0 1.053589103967956
v 0.9536112613219054 0 1.0181603814134808
v 0.8571495596300897 0 0.9773917497226705
v 0.8247112694127392 0 1.004913589371558
v 0.7913898577113369 0 1.0313593423786058
v 0.757221005928143 0 1.0567006899690996
v 0.722241302925483 0 1.080910495993309
v 0.7366546516572634 0 1.1846370432295774
v 0.7450000000000002 0 1.2903778516388138
v 0.6575984478722673 0 1.2302801637659557
v 0.5749752972847016 0 1.165934563992495
v 0.5365191387457131 0 1.1841229723975286
v 0.49748846207461683 0 1.2010433922646728
v 0.4579250622976037 0 1.2166777047845234
v 0.41787130489411023 0 1.2310091683436373
v 0.4049471247699751 0 1.334931768346432
v 0.38564037720275596 0 1.439229481170712
v 0.31677138693295054 0 1.35855838609188
v 0.2536174186209668 0 1.2750208645241996
v 0.21176411541296547 0 1.2826363317103426
v 0.16968404988606722 0 1.2888783197859535
v 0.127422282428429 0 1.293740144673856
v 0.08502406799918596 0 1.2972166002101846
v 0.04564312053637776 0 1.3942530995295304
v 9.123618653647782e-17 0 1.4900000000000002
v -0.045643120536377604 0 1.394253099529531
v -0.08502406799918609 0 1.2972166002101846
v -0.12742228242842885 0 1.2937401446738561
v -0.1696840498860668 0 1.2888783197859537
v -0.21176411541296533 0 1.2826363317103426
v -0.25361741862096665 0 1.2750208645241996
v -0.31677138693295026 0 1.3585583860918793
v -0.3856403772027561 0 1.439229481170712
v -0.40494712476997496 0 1.3349317683464323
v -0.4178713048941098 0 1.2310091683436375
v -0.45792506229760355 0 1.2166777047845234
v -0.49748846207461667 0 1.2010433922646728
v -0.536519138745713 0 1.1841229723975286
v -0.5749752972847015 0 1.165934563992495
v -0.657598447872267 0 1.2302801637659555
v -0.7449999999999998 0 1.2903778516388138
v -0.7366546516572638 0 1.1846370432295783
v -0.7222413029254826 0 1.080910495993309
v -0.7572210059281427 0 1.0567006899690998
v -0.7913898577113369 0 1.0313593423786058
v -0.824711269412739 0 1.0049135893715582
v -0.8571495596300895 0 0.9773917497226706
v -0.9536112613219067 0 1.0181603814134816
v -1.053589103967956 0 1.0535891039679561
v -1.018160381413482 0 0.9536112613219074
v -0.9773917497226705 0 0.8571495596300897
v -1.0049135893715582 0 0.8247112694127392
v -1.0313593423786056 0 0.7913898577113372
v -1.0567006899690996 0 0.7572210059281428
v -1.080910495993309 0 0.7222413029254828
v -1.1846370432295774 0 0.7366546516572635
v -1.2903778516388138 0 0.745
v -1.2302801637659562 0 0.6575984478722675
v -1.1659345639924947 0 0.5749752972847018
v -1.1841229723975286 0 0.536519138745713
v -1.2010433922646728 0 0.4974884620746169
v -1.2166777047845232 0 0.457925062297604
v -1.2310091683436373 0 0.4178713048941103
v -1.3349317683464301 0 0.40494712476997463
v -1.4392294811707118 0 0.38564037720275635
v -1.3585583860918802 0 0.3167713869329507
v -1.2750208645241996 0 0.2536174186209672
v -1.2826363317103426 0 0.21176411541296558
v -1.2888783197859535 0 0.16968404988606706
v -1.293740144673856 0 0.12742228242842907
v -1.2972166002101846 0 0.08502406799918606
v -1.3942530995295301 0 0.04564312053637753
v -1.4900000000000002 0 1.8247237307295564e-16
v -1.3942530995295312 0 -0.04564312053637785
v -1.2972166002101846 0 -0.08502406799918573
v -1.2937401446738561 0 -0.12742228242842876
v -1.2888783197859535 0 -0.1696840498860673
v -1.2826363317103429 0 -0.21176411541296467
v -1.2750208645241996 0 -0.2536174186209669
v -1.3585583860918817 0 -0.3167713869329513
v -1.4392294811707123 0 -0.3856403772027554
v -1.3349317683464312 0 -0.4049471247699746
v -1.2310091683436375 0 -0.41787130489411
v -1.2166777047845234 0 -0.4579250622976032
v -1.201043392264673 0 -0.4974884620746166
v -1.1841229723975286 0 -0.5365191387457132
v -1.165934563992495 0 -0.5749752972847014
v -1.2302801637659553 0 -0.6575984478722667
v -1.2903778516388138 0 -0.7450000000000002
v -1.1846370432295814 0 -0.7366546516572648
v -1.0809104959933091 0 -0.7222413029254826
v -1.0567006899690996 0 -0.7572210059281431
v -1.031359342378606 0 -0.7913898577113364
v -1.0049135893715582 0 -0.8247112694127389
v -0.9773917497226706 0 -0.8571495596300895
v -1.0181603814134799 0 -0.953611261321904
v -1.0535891039679561 0 -1.053589103967956
v -0.9536112613219054 0 -1.0181603814134808
v -0.8571495596300898 0 -0.9773917497226705
v -0.8247112694127398 0 -1.0049135893715577
v -0.7913898577113372 0 -1.0313593423786054
v -0.757221005928143 0 -1.0567006899690996
v -0.7222413029254828 0 -1.080910495993309
v -0.736654651657263 0 -1.1846370432295776
v -0.7450000000000008 0 -1.2903778516388136
v -0.6575984478722677 0 -1.2302801637659564
v -0.5749752972847018 0 -1.1659345639924947
v -0.5365191387457141 0 -1.1841229723975282
v -0.49748846207461744 0 -1.2010433922646726
v -0.45792506229760305 0 -1.2166777047845236
v -0.41787130489411034 0 -1.2310091683436373
v -0.4049471247699754 0 -1.3349317683464323
v -0.3856403772027558 0 -1.439229481170712
v -0.31677138693295204 0 -1.3585583860918828
v -0.25361741862096726 0 -1.2750208645241994
v -0.21176411541296566 0 -1.2826363317103426
v -0.1696840498860671 0 -1.2888783197859535
v -0.1274222824284286 0 -1.2937401446738561
v -0.08502406799918555 0 -1.2972166002101846
v -0.04564312053637814 0 -1.3942530995295273
v -2.7370855960943346e-16 0 -1.4900000000000002
v 0.04564312053637768 0 -1.3942530995295288
v 0.08502406799918508 0 -1.2972166002101848
v 0.12742228242842812 0 -1.2937401446738561
v 0.16968404988606667 0 -1.2888783197859537
v 0.2117641154129652 0 -1.2826363317103426
v 0.2536174186209668 0 -1.2750208645241996
v 0.3167713869329512 0 -1.3585583860918815
v 0.3856403772027553 0 -1.4392294811707123
v 0.4049471247699754 0 -1.3349317683464343
v 0.41787130489410995 0 -1.2310091683436375
v 0.45792506229760255 0 -1.2166777047845239
v 0.497488462074617 0 -1.2010433922646726
v 0.5365191387457137 0 -1.1841229723975284
v 0.5749752972847013 0 -1.165934563992495
v 0.6575984478722664 0 -1.2302801637659548
v 0.7450000000000002 0 -1.2903778516388138
v 0.7366546516572634 0 -1.1846370432295794
v 0.7222413029254824 0 -1.0809104959933091
v 0.7572210059281426 0 -1.0567006899691
v 0.7913898577113367 0 -1.0313593423786058
v 0.8247112694127393 0 -1.004913589371558
v 0.8571495596300898 0 -0.9773917497226704
v 0.9536112613219021 0 -1.0181603814134779
v 1.0535891039679557 0 -1.0535891039679561
v 1.0181603814134808 0 -0.9536112613219057
v 0.9773917497226701 0 -0.8571495596300902
v 1.0049135893715575 0 -0.8247112694127398
v 1.0313593423786054 0 -0.7913898577113372
v 1.0567006899690996 0 -0.757221005928143
v 1.080910495993309 0 -0.7222413029254828
v 1.1846370432295796 0 -0.7366546516572644
v 1.2903778516388134 0 -0.7450000000000008
v 1.230280163765954 0 -0.6575984478722666
v 1.1659345639924947 0 -0.5749752972847019
v 1.1841229723975282 0 -0.5365191387457142
v 1.2010433922646726 0 -0.49748846207461755
v 1.2166777047845236 0 -0.4579250622976031
v 1.2310091683436373 0 -0.41787130489411045
v 1.3349317683464297 0 -0.4049471247699747
v 1.439229481170712 0 -0.3856403772027559
v 1.358558386091883 0 -0.31677138693295215
v 1.2750208645241994 0 -0.25361741862096737
v 1.2826363317103426 0 -0.21176411541296572
v 1.2888783197859535 0 -0.1696840498860672
v 1.2937401446738561 0 -0.12742228242842865
v 1.2972166002101846 0 -0.08502406799918565
v 1.3942530995295297 0 -0.045643120536378305
v 1.4900000000000002 0.1 0
v 1.3942530995295301 0.1 0.04564312053637771
v 1.2972166002101846 0.1 0.08502406799918598
v 1.2937401446738561 0.1 0.1274222824284288
v 1.2888783197859535 0.1 0.16968404988606706
v 1.2826363317103426 0.1 0.21176411541296536
v 1.2750208645241996 0.1 0.2536174186209667
v 1.3585583860918806 0.1 0.3167713869329507
v 1.439229481170712 0.1 0.38564037720275596
v 1.3349317683464312 0.1 0.40494712476997496
v 1.2310091683436375 0.1 0.41787130489411006
v 1.2166777047845234 0.1 0.45792506229760355
v 1.2010433922646728 0.1 0.4974884620746167
v 1.1841229723975286 0.1 0.5365191387457131
v 1.1659345639924947 0.1 0.5749752972847018
v 1.230280163765955 0.1 0.6575984478722666
v 1.2903778516388138 0.1 0.745
v 1.1846370432295776 0.1 0.7366546516572634
v 1.080910495993309 0.1 0.7222413029254828
v 1.0567006899690998 0.1 0.7572210059281428
v 1.0313593423786058 0.1 0.7913898577113369
v 1.0049135893715582 0.1 0.8247112694127392
v 0.9773917497226706 0.1 0.8571495596300895
v 1.0181603814134812 0.1 0.9536112613219057
v 1.0535891039679561 0.1 1.053589103967956
v 0.9536112613219054 0.1 1.0181603814134808
v 0.8571495596300897 0.1 0.9773917497226705
v 0.8247112694127392 0.1 1.004913589371558
v 0.7913898577113369 0.1 1.0313593423786058
v 0.757221005928143 0.1 1.0567006899690996
v 0.722241302925483 0.1 1.080910495993309
v 0.7366546516572634 0.1 1.1846370432295774
v 0.7450000000000002 0.1 1.2903778516388138
v 0.6575984478722673 0.1 1.2302801637659557
v 0.5749752972847016 0.1 1.165934563992495
v 0.5365191387457131 0.1 1.1841229723975286
v 0.49748846207461683 0.1 1.2010433922646728
v 0.4579250622976037 0.1 1.2166777047845234
v 0.41787130489411023 0.1 1.2310091683436373
v 0.4049471247699751 0.1 1.334931768346432
v 0.38564037720275596 0.1 1.439229481170712
v 0.31677138693295054 0.1 1.35855838609188
v 0.2536174186209668 0.1 1.2750208645241996
v 0.21176411541296547 0.1 1.2826363317103426
v 0.16968404988606722 0.1 1.2888783197859535
v 0.127422282428429 0.1 1.293740144673856
v 0.08502406799918596 0.1 1.2972166002101846
v 0.04564312053637776 0.1 1.3942530995295304
v 9.123618653647782e-17 0.1 1.4900000000000002
v -0.045643120536377604 0.1 1.394253099529531
v -0.08502406799918609 0.1 1.2972166002101846
v -0.12742228242842885 0.1 1.2937401446738561
v -0.1696840498860668 0.1 1.2888783197859537
v -0.21176411541296533 0.1 1.2826363317103426
v -0.25361741862096665 0.1 1.2750208645241996
v -0.31677138693295026 0.1 1.3585583860918793
v -0.3856403772027561 0.1 1.439229481170712
v -0.40494712476997496 0.1 1.3349317683464323
v -0.4178713048941098 0.1 1.2310091683436375
v -0.45792506229760355 0.1 1.2166777047845234
v -0.49748846207461667 0.1 1.2010433922646728
v -0.536519138745713 0.1 1.1841229723975286
v -0.5749752972847015 0.1 1.165934563992495
v -0.657598447872267 0.1 1.2302801637659555
v -0.7449999999999998 0.1 1.2903778516388138
v -0.7366546516572638 0.1 1.1846370432295783
v -0.7222413029254826 0.1 1.080910495993309
v -0.7572210059281427 0.1 1.0567006899690998
v -0.7913898577113369 0.1 1.0313593423786058
v -0.824711269412739 0.1 1.0049135893715582
v -0.8571495596300895 0.1 0.9773917497226706
v -0.9536112613219067 0.1 1.0181603814134816
v -1.053589103967956 0.1 1.0535891039679561
v -1.018160381413482 0.1 0.9536112613219074
v -0.9773917497226705 0.1 0.8571495596300897
v -1.0049135893715582 0.1 0.8247112694127392
v -1.0313593423786056 0.1 0.7913898577113372
v -1.0567006899690996 0.1 0.7572210059281428
v -1.080910495993309 0.1 0.7222413029254828
v -1.1846370432295774 0.1 0.7366546516572635
v -1.2903778516388138 0.1 0.745
v -1.2302801637659562 0.1 0.6575984478722675
v -1.1659345639924947 0.1 0.5749752972847018
v -1.1841229723975286 0.1 0.536519138745713
v -1.2010433922646728 0.1 0.4974884620746169
v -1.2166777047845232 0.1 0.457925062297604
v -1.2310091683436373 0.1 0.4178713048941103
v -1.3349317683464301 0.1 0.40494712476997463
v -1.4392294811707118 0.1 0.38564037720275635
v -1.3585583860918802 0.1 0.3167713869329507
v -1.2750208645241996 0.1 0.2536174186209672
v -1.2826363317103426 0.1 0.21176411541296558
v -1.2888783197859535 0.1 0.16968404988606706
v -1.293740144673856 0.1 0.12742228242842907
v -1.2972166002101846 0.1 0.08502406799918606
v -1.3942530995295301 0.1 0.04564312053637753
v -1.4900000000000002 0.1 1.8247237307295564e-16
v -1.3942530995295312 0.1 -0.04564312053637785
v -1.2972166002101846 0.1 -0.08502406799918573
v -1.2937401446738561 0.1 -0.12742228242842876
v -1.2888783197859535 0.1 -0.1696840498860673
v -1.2826363317103429 0.1 -0.21176411541296467
v -1.2750208645241996 0.1 -0.2536174186209669
v -1.3585583860918817 0.1 -0.3167713869329513
v -1.4392294811707123 0.1 -0.3856403772027554
v -1.3349317683464312 0.1 -0.4049471247699746
v -1.2310091683436375 0.1 -0.41787130489411
v -1.2166777047845234 0.1 -0.4579250622976032
v -1.201043392264673 0.1 -0.4974884620746166
v -1.1841229723975286 0.1 -0.5365191387457132
v -1.165934563992495 0.1 -0.5749752972847014
v -1.2302801637659553 0.1 -0.6575984478722667
v -1.2903778516388138 0.1 -0.7450000000000002
v -1.1846370432295814 0.1 -0.7366546516572648
v -1.0809104959933091 0.1 -0.7222413029254826
v -1.0567006899690996 0.1 -0.7572210059281431
v -1.031359342378606 0.1 -0.7913898577113364
v -1.0049135893715582 0.1 -0.8247112694127389
v -0.9773917497226706 0.1 -0.8571495596300895
v -1.0181603814134799 0.1 -0.953611261321904
v -1.0535891039679561 0.1 -1.053589103967956
v -0.9536112613219054 0.1 -1.0181603814134808
v -0.8571495596300898 0.1 -0.9773917497226705
v -0.8247112694127398 0.1 -1.0049135893715577
v -0.7913898577113372 0.1 -1.0313593423786054
v -0.757221005928143 0.1 -1.0567006899690996
v -0.7222413029254828 0.1 -1.080910495993309
v -0.736654651657263 0.1 -1.1846370432295776
v -0.7450000000000008 0.1 -1.2903778516388136
v -0.6575984478722677 0.1 -1.2302801637659564
v -0.5749752972847018 0.1 -1.1659345639924947
v -0.5365191387457141 0.1 -1.1841229723975282
v -0.49748846207461744 0.1 -1.2010433922646726
v -0.45792506229760305 0.1 -1.2166777047845236
v -0.41787130489411034 0.1 -1.2310091683436373
v -0.4049471247699754 0.1 -1.3349317683464323
v -0.3856403772027558 0.1 -1.439229481170712
v -0.31677138693295204 0.1 -1.3585583860918828
v -0.25361741862096726 0.1 -1.2750208645241994
v -0.21176411541296566 0.1 -1.2826363317103426
v -0.1696840498860671 0.1 -1.2888783197859535
v -0.1274222824284286 0.1 -1.2937401446738561
v -0.08502406799918555 0.1 -1.2972166002101846
v -0.04564312053637814 0.1 -1.3942530995295273
v -2.7370855960943346e-16 0.1 -1.4900000000000002
v 0.04564312053637768 0.1 -1.3942530995295288
v 0.08502406799918508 0.1 -1.2972166002101848
v 0.12742228242842812 0.1 -1.2937401446738561
v 0.16968404988606667 0.1 -1.2888783197859537
v 0.2117641154129652 0.1 -1.2826363317103426
v 0.2536174186209668 0.1 -1.2750208645241996
v 0.3167713869329512 0.1 -1.3585583860918815
v 0.3856403772027553 0.1 -1.4392294811707123
v 0.4049471247699754 0.1 -1.3349317683464343
v 0.41787130489410995 0.1 -1.2310091683436375
v 0.45792506229760255 0.1 -1.2166777047845239
v 0.497488462074617 0.1 -1.2010433922646726
v 0.5365191387457137 0.1 -1.1841229723975284
v 0.5749752972847013 0.1 -1.165934563992495
v 0.6575984478722664 0.1 -1.2302801637659548
v 0.7450000000000002 0.1 -1.2903778516388138
v 0.7366546516572634 0.1 -1.1846370432295794
v 0.7222413029254824 0.1 -1.0809104959933091
v 0.7572210059281426 0.1 -1.0567006899691
v 0.7913898577113367 0.1 -1.0313593423786058
v 0.8247112694127393 0.1 -1.004913589371558
v 0.8571495596300898 0.1 -0.9773917497226704
v 0.9536112613219021 0.1 -1.0181603814134779
v 1.0535891039679557 0.1 -1.0535891039679561
v 1.0181603814134808 0.1 -0.9536112613219057
v 0.9773917497226701 0.1 -0.8571495596300902
v 1.0049135893715575 0.1 -0.8247112694127398
v 1.0313593423786054 0.1 -0.7913898577113372
v 1.0567006899690996 0.1 -0.757221005928143
v 1.080910495993309 0.1 -0.7222413029254828
v 1.1846370432295796 0.1 -0.7366546516572644
v 1.2903778516388134 0.1 -0.7450000000000008
v 1.230280163765954 0.1 -0.6575984478722666
v 1.1659345639924947 0.1 -0.5749752972847019
v 1.1841229723975282 0.1 -0.5365191387457142
v 1.2010433922646726 0.1 -0.49748846207461755
v 1.2166777047845236 0.1 -0.4579250622976031
v 1.2310091683436373 0.1 -0.41787130489411045
v 1.3349317683464297 0.1 -0.4049471247699747
v 1.439229481170712 0.1 -0.3856403772027559
v 1.358558386091883 0.1 -0.31677138693295215
v 1.2750208645241994 0.1 -0.25361741862096737
v 1.2826363317103426 0.1 -0.21176411541296572
v 1.2888783197859535 0.1 -0.1696840498860672
v 1.2937401446738561 0.1 -0.12742228242842865
v 1.2972166002101846 0.1 -0.08502406799918565
v 1.3942530995295297 0.1 -0.045643120536378305
v 1.451857142857143 0.13 0
v 1.3601999132276568 0.13 0.04452833464309291
v 1.2672808325130265 0.13 0.0830619741222817
v 1.26388460287369 0.13 0.12448176821854197
v 1.2591349739447393 0.13 0.1657682641194655
v 1.2530370317477963 0.13 0.2068772512111277
v 1.2455973061121026 0.13 0.2477647089604829
v 1.3253770061550743 0.13 0.3090345742567081
v 1.4023863103679717 0.13 0.37576827933955975
v 1.3023274440504125 0.13 0.39505671112351937
v 1.2026012644587842 0.13 0.4082281209350152
v 1.1886005269818036 0.13 0.44735756085996653
v 1.1733270062893342 0.13 0.486007959103664
v 1.1567970576498934 0.13 0.5241379278515812
v 1.139028381746514 0.13 0.5617066365781317
v 1.2002318464020862 0.13 0.6415372876246952
v 1.2573451683801788 0.13 0.7259285714285714
v 1.1557035117589936 0.13 0.7186626256029616
v 1.0559664076242326 0.13 0.7055741959348948
v 1.0323152894313514 0.13 0.7397466750221088
v 1.0075587421698686 0.13 0.7731270148410753
v 0.981723275770676 0.13 0.8056794708878298
v 0.9548365554983013 0.13 0.8373691851770875
v 0.9932928697937049 0.13 0.930320295031555
v 1.0266180310284119 0.13 1.0266180310284119
v 0.9303202950315548 0.13 0.9932928697937046
v 0.8373691851770876 0.13 0.9548365554983012
v 0.8056794708878298 0.13 0.9817232757706759
v 0.7731270148410753 0.13 1.0075587421698686
v 0.7397466750221089 0.13 1.0323152894313512
v 0.7055741959348949 0.13 1.0559664076242326
v 0.7186626256029615 0.13 1.155703511758993
v 0.7259285714285716 0.13 1.2573451683801786
v 0.6415372876246958 0.13 1.200231846402087
v 0.5617066365781316 0.13 1.1390283817465143
v 0.5241379278515813 0.13 1.1567970576498934
v 0.4860079591036641 0.13 1.1733270062893342
v 0.4473575608599667 0.13 1.1886005269818036
v 0.40822812093501537 0.13 1.202601264458784
v 0.3950567111235194 0.13 1.302327444050413
v 0.37576827933955975 0.13 1.4023863103679717
v 0.30903457425670794 0.13 1.3253770061550736
v 0.24776470896048297 0.13 1.2455973061121026
v 0.2068772512111278 0.13 1.2530370317477963
v 0.16576826411946569 0.13 1.2591349739447393
v 0.12448176821854218 0.13 1.2638846028736899
v 0.08306197412228167 0.13 1.2672808325130265
v 0.04452833464309296 0.13 1.360199913227657
v 8.890061014096109e-17 0.13 1.451857142857143
v -0.044528334643092804 0.13 1.3601999132276574
v -0.08306197412228179 0.13 1.2672808325130265
v -0.12448176821854202 0.13 1.26388460287369
v -0.16576826411946524 0.13 1.2591349739447393
v -0.20687725121112766 0.13 1.2530370317477963
v -0.2477647089604828 0.13 1.2455973061121026
v -0.30903457425670766 0.13 1.3253770061550731
v -0.3757682793395599 0.13 1.4023863103679717
v -0.39505671112351937 0.13 1.3023274440504136
v -0.4082281209350149 0.13 1.2026012644587842
v -0.44735756085996653 0.13 1.1886005269818036
v -0.48600795910366396 0.13 1.1733270062893342
v -0.5241379278515812 0.13 1.1567970576498934
v -0.5617066365781315 0.13 1.1390283817465143
v -0.6415372876246954 0.13 1.2002318464020867
v -0.7259285714285711 0.13 1.2573451683801788
v -0.718662625602962 0.13 1.1557035117589942
v -0.7055741959348945 0.13 1.0559664076242326
v -0.7397466750221086 0.13 1.0323152894313514
v -0.7731270148410753 0.13 1.0075587421698686
v -0.8056794708878297 0.13 0.9817232757706761
v -0.8373691851770875 0.13 0.9548365554983013
v -0.9303202950315558 0.13 0.9932928697937052
v -1.0266180310284119 0.13 1.0266180310284119
v -0.9932928697937058 0.13 0.9303202950315567
v -0.9548365554983012 0.13 0.8373691851770876
v -0.981723275770676 0.13 0.8056794708878298
v -1.0075587421698686 0.13 0.7731270148410755
v -1.0323152894313512 0.13 0.7397466750221088
v -1.0559664076242326 0.13 0.7055741959348948
v -1.1557035117589933 0.13 0.7186626256029617
v -1.2573451683801788 0.13 0.7259285714285714
v -1.2002318464020871 0.13 0.641537287624696
v -1.139028381746514 0.13 0.5617066365781317
v -1.1567970576498934 0.13 0.5241379278515812
v -1.1733270062893342 0.13 0.4860079591036642
v -1.1886005269818034 0.13 0.447357560859967
v -1.202601264458784 0.13 0.4082281209350154
v -1.3023274440504113 0.13 0.39505671112351903
v -1.4023863103679715 0.13 0.3757682793395602
v -1.3253770061550738 0.13 0.30903457425670805
v -1.2455973061121026 0.13 0.24776470896048333
v -1.2530370317477963 0.13 0.2068772512111279
v -1.2591349739447393 0.13 0.1657682641194655
v -1.2638846028736899 0.13 0.12448176821854225
v -1.2672808325130265 0.13 0.08306197412228176
v -1.3601999132276568 0.13 0.044528334643092735
v -1.451857142857143 0.13 1.7780122028192218e-16
v -1.3601999132276577 0.13 -0.04452833464309303
v -1.2672808325130265 0.13 -0.08306197412228145
v -1.26388460287369 0.13 -0.12448176821854195
v -1.2591349739447393 0.13 -0.16576826411946574
v -1.2530370317477963 0.13 -0.20687725121112702
v -1.2455973061121026 0.13 -0.24776470896048303
v -1.3253770061550754 0.13 -0.30903457425670866
v -1.402386310367972 0.13 -0.3757682793395592
v -1.3023274440504125 0.13 -0.395056711123519
v -1.2026012644587842 0.13 -0.40822812093501515
v -1.1886005269818036 0.13 -0.4473575608599662
v -1.1733270062893344 0.13 -0.4860079591036639
v -1.1567970576498934 0.13 -0.5241379278515814
v -1.1390283817465143 0.13 -0.5617066365781314
v -1.2002318464020862 0.13 -0.6415372876246952
v -1.2573451683801786 0.13 -0.7259285714285716
v -1.1557035117589969 0.13 -0.7186626256029628
v -1.0559664076242328 0.13 -0.7055741959348945
v -1.0323152894313512 0.13 -0.739746675022109
v -1.0075587421698688 0.13 -0.7731270148410748
v -0.9817232757706761 0.13 -0.8056794708878295
v -0.9548365554983013 0.13 -0.8373691851770875
v -0.9932928697937036 0.13 -0.9303202950315533
v -1.026618031028412 0.13 -1.0266180310284119
v -0.9303202950315546 0.13 -0.9932928697937045
v -0.8373691851770877 0.13 -0.9548365554983012
v -0.8056794708878303 0.13 -0.9817232757706755
v -0.7731270148410755 0.13 -1.0075587421698684
v -0.7397466750221089 0.13 -1.0323152894313512
v -0.7055741959348948 0.13 -1.0559664076242326
v -0.7186626256029611 0.13 -1.1557035117589933
v -0.7259285714285721 0.13 -1.2573451683801784
v -0.6415372876246962 0.13 -1.2002318464020871
v -0.5617066365781317 0.13 -1.139028381746514
v -0.5241379278515822 0.13 -1.156797057649893
v -0.48600795910366473 0.13 -1.173327006289334
v -0.44735756085996603 0.13 -1.1886005269818039
v -0.4082281209350155 0.13 -1.202601264458784
v -0.3950567111235198 0.13 -1.3023274440504136
v -0.37576827933955964 0.13 -1.4023863103679717
v -0.3090345742567094 0.13 -1.3253770061550765
v -0.24776470896048342 0.13 -1.2455973061121026
v -0.206877251211128 0.13 -1.2530370317477963
v -0.16576826411946557 0.13 -1.2591349739447393
v -0.12448176821854177 0.13 -1.26388460287369
v -0.08306197412228127 0.13 -1.2672808325130265
v -0.044528334643093324 0.13 -1.3601999132276539
v -2.6670183042288323e-16 0.13 -1.451857142857143
v 0.04452833464309288 0.13 -1.3601999132276554
v 0.08306197412228081 0.13 -1.2672808325130265
v 0.12448176821854132 0.13 -1.26388460287369
v 0.1657682641194651 0.13 -1.2591349739447393
v 0.20687725121112752 0.13 -1.2530370317477963
v 0.24776470896048294 0.13 -1.2455973061121026
v 0.30903457425670855 0.13 -1.3253770061550751
v 0.37576827933955914 0.13 -1.402386310367972
v 0.39505671112351975 0.13 -1.3023274440504153
v 0.4082281209350151 0.13 -1.2026012644587842
v 0.44735756085996553 0.13 -1.188600526981804
v 0.4860079591036643 0.13 -1.173327006289334
v 0.5241379278515818 0.13 -1.1567970576498932
v 0.5617066365781314 0.13 -1.1390283817465143
v 0.641537287624695 0.13 -1.200231846402086
v 0.7259285714285716 0.13 -1.2573451683801786
v 0.7186626256029615 0.13 -1.155703511758995
v 0.7055741959348943 0.13 -1.0559664076242328
v 0.7397466750221084 0.13 -1.0323152894313514
v 0.7731270148410752 0.13 -1.0075587421698686
v 0.8056794708878299 0.13 -0.9817232757706759
v 0.8373691851770877 0.13 -0.954836555498301
v 0.9303202950315514 0.13 -0.9932928697937017
v 1.0266180310284116 0.13 -1.026618031028412
v 0.9932928697937045 0.13 -0.9303202950315549
v 0.9548365554983007 0.13 -0.8373691851770881
v 0.9817232757706754 0.13 -0.8056794708878303
v 1.0075587421698684 0.13 -0.7731270148410755
v 1.0323152894313512 0.13 -0.7397466750221089
v 1.0559664076242326 0.13 -0.7055741959348948
v 1.1557035117589953 0.13 -0.7186626256029625
v 1.2573451683801782 0.13 -0.7259285714285721
v 1.2002318464020851 0.13 -0.6415372876246951
v 1.139028381746514 0.13 -0.5617066365781318
v 1.156797057649893 0.13 -0.5241379278515823
v 1.173327006289334 0.13 -0.4860079591036648
v 1.1886005269818039 0.13 -0.44735756085996614
v 1.202601264458784 0.13 -0.4082281209350156
v 1.302327444050411 0.13 -0.3950567111235191
v 1.4023863103679717 0.13 -0.3757682793395597
v 1.3253770061550767 0.13 -0.30903457425670955
v 1.2455973061121026 0.13 -0.24776470896048347
v 1.2530370317477963 0.13 -0.20687725121112804
v 1.2591349739447393 0.13 -0.16576826411946563
v 1.26388460287369 0.13 -0.12448176821854184
v 1.2672808325130265 0.13 -0.08306197412228135
v 1.360199913227656 0.13 -0.044528334643093484
v 1.4137142857142857 0.16 0
v 1.3261467269257836 0.16 0.043413548749808115
v 1.2373450648158684 0.16 0.0810998802453774
v 1.2340290610735243 0.16 0.12154125400865515
v 1.2293916281035249 0.16 0.16185247835286395
v 1.2234377317852498 0.16 0.20199038700929003
v 1.2161737477000056 0.16 0.24191199929999901
v 1.292195626218268 0.16 0.3012977615804655
v 1.3655431395652313 0.16 0.3658961814763636
v 1.2697231197543937 0.16 0.38516629747706377
v 1.174193360573931 0.16 0.39858493697592035
v 1.1605233491790838 0.16 0.4367900594223295
v 1.1456106203139955 0.16 0.4745274561327113
v 1.129471142902258 0.16 0.5117567169574494
v 1.1121221995005335 0.16 0.5484379758715616
v 1.170183529038217 0.16 0.6254761273771235
v 1.2243124851215437 0.16 0.7068571428571427
v 1.1267699802884092 0.16 0.7006705995486596
v 1.0310223192551562 0.16 0.6889070889443067
v 1.0079298888936028 0.16 0.7222723441160747
v 0.9837581419611316 0.16 0.7548641719708136
v 0.9585329621697939 0.16 0.7866476723629204
v 0.9322813612739319 0.16 0.8175888107240854
v 0.9684253581739285 0.16 0.9070293287412042
v 0.9996469580888678 0.16 0.9996469580888676
v 0.9070293287412039 0.16 0.9684253581739282
v 0.8175888107240855 0.16 0.9322813612739318
v 0.7866476723629204 0.16 0.9585329621697938
v 0.7548641719708136 0.16 0.9837581419611316
v 0.7222723441160748 0.16 1.0079298888936028
v 0.6889070889443069 0.16 1.0310223192551562
v 0.7006705995486596 0.16 1.126769980288409
v 0.706857142857143 0.16 1.2243124851215434
v 0.6254761273771242 0.16 1.1701835290382177
v 0.5484379758715615 0.16 1.1121221995005335
v 0.5117567169574494 0.16 1.129471142902258
v 0.4745274561327114 0.16 1.1456106203139955
v 0.4367900594223297 0.16 1.1605233491790838
v 0.3985849369759205 0.16 1.174193360573931
v 0.3851662974770638 0.16 1.2697231197543941
v 0.3658961814763636 0.16 1.3655431395652313
v 0.3012977615804654 0.16 1.2921956262182672
v 0.24191199929999913 0.16 1.2161737477000056
v 0.20199038700929015 0.16 1.2234377317852498
v 0.16185247835286412 0.16 1.2293916281035249
v 0.12154125400865536 0.16 1.234029061073524
v 0.08109988024537738 0.16 1.2373450648158684
v 0.04341354874980815 0.16 1.3261467269257836
v 8.656503374544434e-17 0.16 1.4137142857142857
v -0.043413548749808004 0.16 1.3261467269257843
v -0.0810998802453775 0.16 1.2373450648158684
v -0.1215412540086552 0.16 1.2340290610735243
v -0.1618524783528637 0.16 1.229391628103525
v -0.20199038700929 0.16 1.2234377317852498
v -0.24191199929999896 0.16 1.2161737477000056
v -0.3012977615804651 0.16 1.2921956262182668
v -0.36589618147636377 0.16 1.3655431395652313
v -0.3851662974770637 0.16 1.2697231197543946
v -0.39858493697592007 0.16 1.174193360573931
v -0.4367900594223295 0.16 1.1605233491790838
v -0.47452745613271125 0.16 1.1456106203139955
v -0.5117567169574493 0.16 1.1294711429022581
v -0.5484379758715614 0.16 1.1121221995005335
v -0.6254761273771239 0.16 1.1701835290382174
v -0.7068571428571425 0.16 1.2243124851215437
v -0.7006705995486601 0.16 1.12676998028841
v -0.6889070889443064 0.16 1.0310223192551562
v -0.7222723441160745 0.16 1.0079298888936028
v -0.7548641719708136 0.16 0.9837581419611316
v -0.7866476723629202 0.16 0.958532962169794
v -0.8175888107240854 0.16 0.9322813612739319
v -0.907029328741205 0.16 0.9684253581739288
v -0.9996469580888676 0.16 0.9996469580888678
v -0.9684253581739294 0.16 0.9070293287412059
v -0.9322813612739318 0.16 0.8175888107240855
v -0.9585329621697939 0.16 0.7866476723629204
v -0.9837581419611314 0.16 0.7548641719708139
v -1.0079298888936028 0.16 0.7222723441160747
v -1.0310223192551562 0.16 0.6889070889443067
v -1.1267699802884092 0.16 0.7006705995486598
v -1.2243124851215437 0.16 0.7068571428571427
v -1.170183529038218 0.16 0.6254761273771244
v -1.1121221995005335 0.16 0.5484379758715616
v -1.1294711429022581 0.16 0.5117567169574493
v -1.1456106203139955 0.16 0.47452745613271147
v -1.1605233491790836 0.16 0.43679005942232996
v -1.174193360573931 0.16 0.39858493697592057
v -1.2697231197543926 0.16 0.38516629747706344
v -1.3655431395652313 0.16 0.365896181476364
v -1.2921956262182674 0.16 0.3012977615804655
v -1.2161737477000056 0.16 0.2419119992999995
v -1.2234377317852498 0.16 0.20199038700929023
v -1.2293916281035249 0.16 0.16185247835286395
v -1.234029061073524 0.16 0.12154125400865542
v -1.2373450648158684 0.16 0.08109988024537747
v -1.3261467269257834 0.16 0.04341354874980793
v -1.4137142857142857 0.16 1.7313006749088868e-16
v -1.3261467269257845 0.16 -0.04341354874980823
v -1.2373450648158684 0.16 -0.08109988024537715
v -1.2340290610735243 0.16 -0.12154125400865513
v -1.2293916281035249 0.16 -0.1618524783528642
v -1.22343773178525 0.16 -0.20199038700928937
v -1.2161737477000056 0.16 -0.24191199929999915
v -1.292195626218269 0.16 -0.3012977615804661
v -1.3655431395652315 0.16 -0.36589618147636305
v -1.2697231197543937 0.16 -0.3851662974770634
v -1.174193360573931 0.16 -0.3985849369759203
v -1.1605233491790838 0.16 -0.4367900594223292
v -1.1456106203139957 0.16 -0.4745274561327112
v -1.129471142902258 0.16 -0.5117567169574495
v -1.1121221995005335 0.16 -0.5484379758715613
v -1.1701835290382172 0.16 -0.6254761273771237
v -1.2243124851215434 0.16 -0.706857142857143
v -1.1267699802884126 0.16 -0.700670599548661
v -1.0310223192551564 0.16 -0.6889070889443064
v -1.0079298888936026 0.16 -0.722272344116075
v -0.9837581419611319 0.16 -0.7548641719708132
v -0.958532962169794 0.16 -0.7866476723629201
v -0.9322813612739319 0.16 -0.8175888107240854
v -0.9684253581739274 0.16 -0.9070293287412027
v -0.9996469580888679 0.16 -0.9996469580888676
v -0.9070293287412039 0.16 -0.9684253581739282
v -0.8175888107240856 0.16 -0.9322813612739318
v -0.786647672362921 0.16 -0.9585329621697934
v -0.7548641719708139 0.16 -0.9837581419611313
v -0.7222723441160748 0.16 -1.0079298888936028
v -0.6889070889443067 0.16 -1.0310223192551562
v -0.7006705995486593 0.16 -1.1267699802884092
v -0.7068571428571435 0.16 -1.2243124851215432
v -0.6254761273771247 0.16 -1.1701835290382183
v -0.5484379758715617 0.16 -1.1121221995005335
v -0.5117567169574504 0.16 -1.1294711429022575
v -0.474527456132712 0.16 -1.1456106203139953
v -0.43679005942232907 0.16 -1.160523349179084
v -0.3985849369759206 0.16 -1.174193360573931
v -0.38516629747706416 0.16 -1.2697231197543946
v -0.36589618147636344 0.16 -1.3655431395652313
v -0.3012977615804668 0.16 -1.2921956262182699
v -0.24191199929999954 0.16 -1.2161737477000056
v -0.2019903870092903 0.16 -1.2234377317852498
v -0.161852478352864 0.16 -1.2293916281035249
v -0.12154125400865495 0.16 -1.2340290610735243
v -0.08109988024537698 0.16 -1.2373450648158684
v -0.04341354874980852 0.16 -1.3261467269257807
v -2.59695101236333e-16 0.16 -1.4137142857142857
v 0.04341354874980808 0.16 -1.3261467269257823
v 0.08109988024537654 0.16 -1.2373450648158684
v 0.12154125400865451 0.16 -1.2340290610735243
v 0.16185247835286357 0.16 -1.229391628103525
v 0.20199038700928987 0.16 -1.2234377317852498
v 0.2419119992999991 0.16 -1.2161737477000056
v 0.301297761580466 0.16 -1.2921956262182688
v 0.365896181476363 0.16 -1.3655431395652315
v 0.3851662974770641 0.16 -1.2697231197543963
v 0.39858493697592023 0.16 -1.174193360573931
v 0.43679005942232857 0.16 -1.1605233491790843
v 0.4745274561327116 0.16 -1.1456106203139955
v 0.51175671695745 0.16 -1.129471142902258
v 0.5484379758715613 0.16 -1.1121221995005337
v 0.6254761273771235 0.16 -1.170183529038217
v 0.706857142857143 0.16 -1.2243124851215434
v 0.7006705995486596 0.16 -1.1267699802884108
v 0.6889070889443063 0.16 -1.0310223192551564
v 0.7222723441160744 0.16 -1.007929888893603
v 0.7548641719708135 0.16 -0.9837581419611316
v 0.7866476723629205 0.16 -0.9585329621697938
v 0.8175888107240856 0.16 -0.9322813612739317
v 0.9070293287412009 0.16 -0.9684253581739256
v 0.9996469580888675 0.16 -0.9996469580888679
v 0.9684253581739283 0.16 -0.9070293287412042
v 0.9322813612739314 0.16 -0.8175888107240861
v 0.9585329621697933 0.16 -0.786647672362921
v 0.9837581419611313 0.16 -0.7548641719708139
v 1.0079298888936028 0.16 -0.7222723441160748
v 1.0310223192551562 0.16 -0.6889070889443067
v 1.1267699802884112 0.16 -0.7006705995486606
v 1.2243124851215432 0.16 -0.7068571428571435
v 1.170183529038216 0.16 -0.6254761273771237
v 1.1121221995005335 0.16 -0.5484379758715617
v 1.1294711429022575 0.16 -0.5117567169574504
v 1.1456106203139953 0.16 -0.4745274561327121
v 1.160523349179084 0.16 -0.4367900594223291
v 1.174193360573931 0.16 -0.39858493697592073
v 1.2697231197543921 0.16 -0.3851662974770635
v 1.3655431395652313 0.16 -0.36589618147636355
v 1.2921956262182703 0.16 -0.30129776158046695
v 1.2161737477000056 0.16 -0.2419119992999996
v 1.2234377317852498 0.16 -0.20199038700929037
v 1.2293916281035249 0.16 -0.1618524783528641
v 1.2340290610735243 0.16 -0.12154125400865502
v 1.2373450648158684 0.16 -0.08109988024537707
v 1.326146726925783 0.16 -0.04341354874980867
v 0.9432857142857143 0.16 0
v 0.9061574292026793 0.16 0.029664522732628894
v 0.868137263217585 0.16 0.05690072243022446
v 0.8658107122048113 0.16 0.08527491208671772
v 0.8625570293952151 0.16 0.11355778723144487
v 0.8583796989138447 0.16 0.1417190618532922
v 0.8532831939508104 0.16 0.16972858015403158
v 0.8829586069976569 0.16 0.2058770719068071
v 0.9111440329981025 0.16 0.24414030783027776
v 0.8676031201034948 0.16 0.2631845291707779
v 0.8238292126607419 0.16 0.27965233481375057
v 0.8142381562788734 0.16 0.30645754169147316
v 0.8037751932848195 0.16 0.3329345861576281
v 0.7924515276814229 0.16 0.35905511592982337
v 0.7802792851334388 0.16 0.38479116049053114
v 0.7995876148838336 0.16 0.427388484323742
v 0.8169093915983784 0.16 0.4716428571428571
v 0.7699230921512047 0.16 0.4787689448789372
v 0.7233785627032143 0.16 0.4833461027270539
v 0.7071766155947052 0.16 0.5067555962749879
v 0.6902174060533746 0.16 0.529622443237587
v 0.6725190944255812 0.16 0.5519221572223716
v 0.6541006325067104 0.16 0.5736308591370599
v 0.6617260481966879 0.16 0.619774077826879
v 0.6670037251678248 0.16 0.6670037251678247
v 0.6197740778268789 0.16 0.6617260481966877
v 0.57363085913706 0.16 0.6541006325067102
v 0.5519221572223716 0.16 0.6725190944255811
v 0.529622443237587 0.16 0.6902174060533746
v 0.506755596274988 0.16 0.7071766155947051
v 0.483346102727054 0.16 0.7233785627032143
v 0.47876894487893723 0.16 0.7699230921512046
v 0.47164285714285725 0.16 0.8169093915983783
v 0.42738848432374227 0.16 0.7995876148838338
v 0.3847911604905311 0.16 0.7802792851334389
v 0.3590551159298234 0.16 0.7924515276814229
v 0.33293458615762817 0.16 0.8037751932848195
v 0.3064575416914732 0.16 0.8142381562788733
v 0.2796523348137507 0.16 0.8238292126607418
v 0.26318452917077795 0.16 0.867603120103495
v 0.24414030783027776 0.16 0.9111440329981025
v 0.20587707190680704 0.16 0.8829586069976566
v 0.16972858015403164 0.16 0.8532831939508104
v 0.14171906185329228 0.16 0.8583796989138447
v 0.113557787231445 0.16 0.8625570293952151
v 0.08527491208671786 0.16 0.8658107122048112
v 0.056900722430224454 0.16 0.868137263217585
v 0.02966452273262892 0.16 0.9061574292026793
v 5.775959153407124e-17 0.16 0.9432857142857143
v -0.029664522732628814 0.16 0.9061574292026795
v -0.05690072243022454 0.16 0.868137263217585
v -0.08527491208671777 0.16 0.8658107122048113
v -0.1135577872314447 0.16 0.8625570293952152
v -0.14171906185329217 0.16 0.8583796989138447
v -0.16972858015403153 0.16 0.8532831939508104
v -0.2058770719068069 0.16 0.8829586069976565
v -0.24414030783027788 0.16 0.9111440329981025
v -0.26318452917077784 0.16 0.8676031201034953
v -0.2796523348137504 0.16 0.8238292126607419
v -0.30645754169147316 0.16 0.8142381562788734
v -0.33293458615762805 0.16 0.8037751932848195
v -0.3590551159298233 0.16 0.792451527681423
v -0.38479116049053097 0.16 0.7802792851334389
v -0.4273884843237421 0.16 0.7995876148838337
v -0.4716428571428569 0.16 0.8169093915983784
v -0.4787689448789374 0.16 0.769923092151205
v -0.4833461027270537 0.16 0.7233785627032144
v -0.5067555962749878 0.16 0.7071766155947052
v -0.529622443237587 0.16 0.6902174060533746
v -0.5519221572223715 0.16 0.6725190944255813
v -0.5736308591370599 0.16 0.6541006325067104
v -0.6197740778268794 0.16 0.661726048196688
v -0.6670037251678247 0.16 0.6670037251678248
v -0.661726048196688 0.16 0.6197740778268798
v -0.6541006325067102 0.16 0.57363085913706
v -0.6725190944255812 0.16 0.5519221572223716
v -0.6902174060533744 0.16 0.5296224432375871
v -0.7071766155947051 0.16 0.5067555962749879
v -0.7233785627032144 0.16 0.4833461027270539
v -0.7699230921512047 0.16 0.47876894487893734
v -0.8169093915983784 0.16 0.4716428571428571
v -0.7995876148838339 0.16 0.4273884843237424
v -0.7802792851334388 0.16 0.38479116049053114
v -0.792451527681423 0.16 0.3590551159298233
v -0.8037751932848195 0.16 0.3329345861576282
v -0.8142381562788732 0.16 0.30645754169147343
v -0.8238292126607418 0.16 0.27965233481375074
v -0.8676031201034943 0.16 0.2631845291707778
v -0.9111440329981024 0.16 0.24414030783027804
v -0.8829586069976567 0.16 0.2058770719068071
v -0.8532831939508104 0.16 0.1697285801540319
v -0.8583796989138447 0.16 0.14171906185329233
v -0.8625570293952151 0.16 0.11355778723144487
v -0.8658107122048112 0.16 0.08527491208671792
v -0.868137263217585 0.16 0.05690072243022451
v -0.9061574292026792 0.16 0.029664522732628772
v -0.9432857142857143 0.16 1.1551918306814248e-16
v -0.9061574292026796 0.16 -0.02966452273262897
v -0.868137263217585 0.16 -0.056900722430224294
v -0.8658107122048113 0.16 -0.08527491208671771
v -0.8625570293952151 0.16 -0.11355778723144504
v -0.8583796989138448 0.16 -0.14171906185329175
v -0.8532831939508104 0.16 -0.16972858015403167
v -0.8829586069976574 0.16 -0.20587707190680743
v -0.9111440329981026 0.16 -0.2441403078302774
v -0.8676031201034948 0.16 -0.26318452917077767
v -0.8238292126607419 0.16 -0.2796523348137505
v -0.8142381562788734 0.16 -0.3064575416914729
v -0.8037751932848195 0.16 -0.332934586157628
v -0.7924515276814229 0.16 -0.3590551159298235
v -0.7802792851334389 0.16 -0.3847911604905309
v -0.7995876148838336 0.16 -0.427388484323742
v -0.8169093915983783 0.16 -0.47164285714285725
v -0.7699230921512062 0.16 -0.47876894487893756
v -0.7233785627032145 0.16 -0.4833461027270537
v -0.707176615594705 0.16 -0.5067555962749881
v -0.6902174060533748 0.16 -0.5296224432375867
v -0.6725190944255813 0.16 -0.5519221572223714
v -0.6541006325067104 0.16 -0.5736308591370599
v -0.6617260481966875 0.16 -0.6197740778268783
v -0.6670037251678249 0.16 -0.6670037251678247
v -0.6197740778268789 0.16 -0.6617260481966877
v -0.5736308591370601 0.16 -0.6541006325067102
v -0.5519221572223719 0.16 -0.6725190944255809
v -0.5296224432375871 0.16 -0.6902174060533744
v -0.506755596274988 0.16 -0.7071766155947051
v -0.4833461027270539 0.16 -0.7233785627032143
v -0.47876894487893695 0.16 -0.7699230921512048
v -0.4716428571428576 0.16 -0.8169093915983782
v -0.4273884843237425 0.16 -0.799587614883834
v -0.3847911604905312 0.16 -0.7802792851334388
v -0.35905511592982403 0.16 -0.7924515276814227
v -0.3329345861576286 0.16 -0.8037751932848193
v -0.3064575416914728 0.16 -0.8142381562788735
v -0.2796523348137508 0.16 -0.8238292126607418
v -0.2631845291707781 0.16 -0.8676031201034952
v -0.24414030783027768 0.16 -0.9111440329981025
v -0.20587707190680785 0.16 -0.8829586069976577
v -0.16972858015403194 0.16 -0.8532831939508104
v -0.1417190618532924 0.16 -0.8583796989138447
v -0.11355778723144491 0.16 -0.8625570293952151
v -0.08527491208671759 0.16 -0.8658107122048113
v -0.056900722430224177 0.16 -0.868137263217585
v -0.029664522732629196 0.16 -0.906157429202678
v -1.732787746022137e-16 0.16 -0.9432857142857143
v 0.029664522732628883 0.16 -0.9061574292026787
v 0.05690072243022386 0.16 -0.8681372632175851
v 0.08527491208671728 0.16 -0.8658107122048113
v 0.1135577872314446 0.16 -0.8625570293952152
v 0.14171906185329208 0.16 -0.8583796989138447
v 0.1697285801540316 0.16 -0.8532831939508104
v 0.20587707190680737 0.16 -0.8829586069976573
v 0.24414030783027735 0.16 -0.9111440329981026
v 0.26318452917077795 0.16 -0.8676031201034958
v 0.27965233481375046 0.16 -0.8238292126607419
v 0.30645754169147243 0.16 -0.8142381562788736
v 0.3329345861576283 0.16 -0.8037751932848194
v 0.35905511592982375 0.16 -0.7924515276814228
v 0.3847911604905309 0.16 -0.780279285133439
v 0.4273884843237419 0.16 -0.7995876148838335
v 0.47164285714285725 0.16 -0.8169093915983783
v 0.478768944878937 0.16 -0.7699230921512055
v 0.4833461027270536 0.16 -0.7233785627032145
v 0.5067555962749877 0.16 -0.7071766155947053
v 0.5296224432375869 0.16 -0.6902174060533746
v 0.5519221572223717 0.16 -0.6725190944255811
v 0.5736308591370601 0.16 -0.6541006325067101
v 0.6197740778268775 0.16 -0.6617260481966867
v 0.6670037251678246 0.16 -0.6670037251678249
v 0.6617260481966877 0.16 -0.6197740778268791
v 0.6541006325067099 0.16 -0.5736308591370604
v 0.6725190944255808 0.16 -0.5519221572223719
v 0.6902174060533744 0.16 -0.5296224432375871
v 0.7071766155947051 0.16 -0.506755596274988
v 0.7233785627032143 0.16 -0.4833461027270539
v 0.7699230921512055 0.16 -0.47876894487893756
v 0.816909391598378 0.16 -0.4716428571428576
v 0.7995876148838331 0.16 -0.42738848432374205
v 0.7802792851334388 0.16 -0.38479116049053125
v 0.7924515276814227 0.16 -0.3590551159298241
v 0.8037751932848193 0.16 -0.33293458615762866
v 0.8142381562788735 0.16 -0.3064575416914728
v 0.8238292126607418 0.16 -0.27965233481375085
v 0.867603120103494 0.16 -0.26318452917077784
v 0.9111440329981025 0.16 -0.24414030783027774
v 0.8829586069976578 0.16 -0.20587707190680793
v 0.8532831939508104 0.16 -0.16972858015403197
v 0.8583796989138447 0.16 -0.14171906185329244
v 0.8625570293952151 0.16 -0.11355778723144497
v 0.8658107122048113 0.16 -0.08527491208671764
v 0.868137263217585 0.16 -0.05690072243022423
v 0.906157429202679 0.16 -0.029664522732629282
v 0.5 0.16 0
v 0.49973229373818284 0.16 0.01635954141088807
v 0.49892946161930174 0.16 0.03270156461507153
v 0.49759236333609846 0.16 0.0490085701647803
v 0.4957224306869052 0.16 0.06526309611002579
v 0.4933216660424395 0.16 0.08144773669729437
v 0.4903926402016152 0.16 0.09754516100806412
v 0.4869384896386668 0.16 0.11353813151718661
v 0.48296291314453416 0.16 0.12940952255126037
v 0.4784701678661044 0.16 0.14514233862723117
v 0.47346506474755284 0.16 0.1607197326515808
v 0.4679529633786629 0.16 0.17612502396061674
v 0.46193976625564337 0.16 0.1913417161825449
v 0.4554319124605879 0.16 0.20635351490219733
v 0.44843637076634413 0.16 0.22114434510950065
v 0.4409606321741775 0.16 0.23569836841299882
v 0.43301270189221935 0.16 0.24999999999999997
v 0.42460109076328945 0.16 0.264033925325184
v 0.4157348061512726 0.16 0.2777851165098011
v 0.4064233422958076 0.16 0.2912388484339011
v 0.3966766701456176 0.16 0.30438071450436033
v 0.3865052266813685 0.16 0.31719664208182274
v 0.3759199037394887 0.16 0.3296729075500344
v 0.36493203634891785 0.16 0.3417961510114356
v 0.3535533905932738 0.16 0.35355339059327373
v 0.3417961510114356 0.16 0.36493203634891785
v 0.3296729075500345 0.16 0.37591990373948864
v 0.31719664208182274 0.16 0.38650522668136844
v 0.30438071450436033 0.16 0.3966766701456176
v 0.29123884843390113 0.16 0.40642334229580757
v 0.27778511650980114 0.16 0.4157348061512726
v 0.26403392532518405 0.16 0.42460109076328945
v 0.25000000000000006 0.16 0.4330127018922193
v 0.2356983684129989 0.16 0.44096063217417747
v 0.22114434510950062 0.16 0.4484363707663442
v 0.20635351490219736 0.16 0.4554319124605879
v 0.19134171618254492 0.16 0.46193976625564337
v 0.1761250239606168 0.16 0.4679529633786628
v 0.16071973265158085 0.16 0.4734650647475528
v 0.14514233862723117 0.16 0.47847016786610447
v 0.12940952255126037 0.16 0.48296291314453416
v 0.11353813151718661 0.16 0.4869384896386668
v 0.09754516100806417 0.16 0.4903926402016152
v 0.08144773669729441 0.16 0.4933216660424395
v 0.06526309611002586 0.16 0.4957224306869052
v 0.049008570164780385 0.16 0.4975923633360984
v 0.032701564615071524 0.16 0.49892946161930174
v 0.016359541410888082 0.16 0.49973229373818284
v 3.061616997868383e-17 0.16 0.5
v -0.01635954141088802 0.16 0.49973229373818284
v -0.03270156461507157 0.16 0.49892946161930174
v -0.04900857016478032 0.16 0.49759236333609846
v -0.06526309611002569 0.16 0.49572243068690525
v -0.08144773669729435 0.16 0.4933216660424395
v -0.0975451610080641 0.16 0.4903926402016152
v -0.11353813151718656 0.16 0.4869384896386668
v -0.12940952255126043 0.16 0.48296291314453416
v -0.14514233862723108 0.16 0.47847016786610447
v -0.16071973265158068 0.16 0.47346506474755284
v -0.17612502396061674 0.16 0.4679529633786629
v -0.19134171618254486 0.16 0.46193976625564337
v -0.2063535149021973 0.16 0.45543191246058795
v -0.22114434510950057 0.16 0.4484363707663442
v -0.23569836841299885 0.16 0.4409606321741775
v -0.2499999999999999 0.16 0.43301270189221935
v -0.264033925325184 0.16 0.42460109076328945
v -0.277785116509801 0.16 0.4157348061512727
v -0.291238848433901 0.16 0.4064233422958076
v -0.30438071450436033 0.16 0.3966766701456176
v -0.3171966420818227 0.16 0.38650522668136855
v -0.3296729075500344 0.16 0.3759199037394887
v -0.3417961510114357 0.16 0.36493203634891774
v -0.35355339059327373 0.16 0.3535533905932738
v -0.3649320363489177 0.16 0.3417961510114358
v -0.37591990373948864 0.16 0.3296729075500345
v -0.3865052266813685 0.16 0.31719664208182274
v -0.3966766701456175 0.16 0.30438071450436044
v -0.40642334229580757 0.16 0.2912388484339011
v -0.4157348061512727 0.16 0.2777851165098011
v -0.4246010907632894 0.16 0.26403392532518405
v -0.43301270189221935 0.16 0.24999999999999997
v -0.44096063217417747 0.16 0.23569836841299893
v -0.44843637076634413 0.16 0.22114434510950065
v -0.45543191246058795 0.16 0.2063535149021973
v -0.46193976625564337 0.16 0.19134171618254495
v -0.46795296337866277 0.16 0.1761250239606169
v -0.4734650647475528 0.16 0.16071973265158088
v -0.4784701678661044 0.16 0.1451423386272312
v -0.4829629131445341 0.16 0.1294095225512605
v -0.4869384896386668 0.16 0.11353813151718664
v -0.4903926402016152 0.16 0.0975451610080643
v -0.4933216660424395 0.16 0.08144773669729445
v -0.4957224306869052 0.16 0.06526309611002579
v -0.4975923633360984 0.16 0.04900857016478041
v -0.49892946161930174 0.16 0.03270156461507156
v -0.49973229373818284 0.16 0.016359541410888002
v -0.5 0.16 6.123233995736766e-17
v -0.49973229373818284 0.16 -0.016359541410888103
v -0.49892946161930174 0.16 -0.032701564615071434
v -0.49759236333609846 0.16 -0.049008570164780295
v -0.4957224306869052 0.16 -0.06526309611002588
v -0.49332166604243954 0.16 -0.0814477366972941
v -0.4903926402016152 0.16 -0.09754516100806418
v -0.4869384896386668 0.16 -0.11353813151718674
v -0.4829629131445342 0.16 -0.12940952255126018
v -0.47847016786610447 0.16 -0.14514233862723105
v -0.47346506474755284 0.16 -0.16071973265158077
v -0.4679529633786629 0.16 -0.1761250239606166
v -0.4619397662556434 0.16 -0.19134171618254484
v -0.4554319124605879 0.16 -0.2063535149021974
v -0.4484363707663442 0.16 -0.22114434510950054
v -0.4409606321741775 0.16 -0.23569836841299882
v -0.4330127018922193 0.16 -0.25000000000000006
v -0.4246010907632896 0.16 -0.26403392532518377
v -0.41573480615127273 0.16 -0.277785116509801
v -0.4064233422958075 0.16 -0.2912388484339012
v -0.3966766701456177 0.16 -0.30438071450436016
v -0.38650522668136855 0.16 -0.31719664208182263
v -0.3759199037394887 0.16 -0.3296729075500344
v -0.3649320363489179 0.16 -0.3417961510114355
v -0.35355339059327384 0.16 -0.35355339059327373
v -0.3417961510114356 0.16 -0.36493203634891785
v -0.32967290755003453 0.16 -0.37591990373948864
v -0.31719664208182297 0.16 -0.38650522668136833
v -0.30438071450436044 0.16 -0.39667667014561747
v -0.29123884843390113 0.16 -0.40642334229580757
v -0.2777851165098011 0.16 -0.4157348061512726
v -0.2640339253251839 0.16 -0.4246010907632895
v -0.2500000000000002 0.16 -0.43301270189221924
v -0.23569836841299896 0.16 -0.44096063217417747
v -0.22114434510950068 0.16 -0.44843637076634413
v -0.20635351490219772 0.16 -0.45543191246058773
v -0.19134171618254517 0.16 -0.46193976625564326
v -0.17612502396061655 0.16 -0.46795296337866293
v -0.1607197326515809 0.16 -0.4734650647475528
v -0.14514233862723122 0.16 -0.4784701678661044
v -0.12940952255126031 0.16 -0.48296291314453416
v -0.11353813151718689 0.16 -0.48693848963866676
v -0.09754516100806433 0.16 -0.49039264020161516
v -0.08144773669729448 0.16 -0.4933216660424395
v -0.06526309611002581 0.16 -0.4957224306869052
v -0.049008570164780225 0.16 -0.49759236333609846
v -0.032701564615071364 0.16 -0.49892946161930174
v -0.016359541410888256 0.16 -0.49973229373818284
v -9.184850993605148e-17 0.16 -0.5
v 0.016359541410888072 0.16 -0.49973229373818284
v 0.032701564615071184 0.16 -0.4989294616193018
v 0.049008570164780045 0.16 -0.49759236333609846
v 0.06526309611002563 0.16 -0.49572243068690525
v 0.0814477366972943 0.16 -0.4933216660424395
v 0.09754516100806415 0.16 -0.4903926402016152
v 0.11353813151718671 0.16 -0.4869384896386668
v 0.12940952255126015 0.16 -0.4829629131445342
v 0.14514233862723103 0.16 -0.47847016786610447
v 0.16071973265158074 0.16 -0.47346506474755284
v 0.17612502396061636 0.16 -0.467952963378663
v 0.191341716182545 0.16 -0.4619397662556433
v 0.20635351490219755 0.16 -0.45543191246058784
v 0.2211443451095005 0.16 -0.44843637076634424
v 0.2356983684129988 0.16 -0.4409606321741775
v 0.25000000000000006 0.16 -0.4330127018922193
v 0.2640339253251837 0.16 -0.4246010907632896
v 0.2777851165098009 0.16 -0.41573480615127273
v 0.29123884843390097 0.16 -0.4064233422958077
v 0.3043807145043603 0.16 -0.3966766701456176
v 0.3171966420818228 0.16 -0.38650522668136844
v 0.32967290755003453 0.16 -0.3759199037394886
v 0.3417961510114355 0.16 -0.36493203634891797
v 0.3535533905932737 0.16 -0.35355339059327384
v 0.3649320363489178 0.16 -0.3417961510114357
v 0.37591990373948847 0.16 -0.3296729075500347
v 0.3865052266813683 0.16 -0.31719664208182297
v 0.39667667014561747 0.16 -0.30438071450436044
v 0.40642334229580757 0.16 -0.29123884843390113
v 0.4157348061512726 0.16 -0.2777851165098011
v 0.4246010907632895 0.16 -0.26403392532518394
v 0.4330127018922192 0.16 -0.2500000000000002
v 0.4409606321741774 0.16 -0.23569836841299896
v 0.44843637076634413 0.16 -0.2211443451095007
v 0.45543191246058773 0.16 -0.20635351490219775
v 0.46193976625564326 0.16 -0.1913417161825452
v 0.46795296337866293 0.16 -0.17612502396061658
v 0.4734650647475528 0.16 -0.16071973265158093
v 0.4784701678661044 0.16 -0.14514233862723125
v 0.48296291314453416 0.16 -0.12940952255126034
v 0.48693848963866676 0.16 -0.11353813151718692
v 0.49039264020161516 0.16 -0.09754516100806436
v 0.4933216660424395 0.16 -0.0814477366972945
v 0.4957224306869052 0.16 -0.06526309611002584
v 0.49759236333609846 0.16 -0.04900857016478025
v 0.49892946161930174 0.16 -0.0327015646150714
v 0.49973229373818284 0.16 -0.016359541410888287
v 0.475 0.13 0
v 0.4747456790512737 0.13 0.015541564340343664
v 0.47398298853833665 0.13 0.031066486384317953
v 0.4727127451692935 0.13 0.046558141656541284
v 0.4709363091525599 0.13 0.06199994130452449
v 0.4686555827403175 0.13 0.07737534986242965
v 0.46587300819153443 0.13 0.09266790295766092
v 0.46259156515673344 0.13 0.10786122494132727
v 0.45881476748730743 0.13 0.12293904642369735
v 0.45454665947279915 0.13 0.13788522169586961
v 0.44979181151017517 0.13 0.15268374601900175
v 0.44455531520972974 0.13 0.1673187727625859
v 0.4388427779428612 0.13 0.18177463037341765
v 0.43266031683755846 0.13 0.19603583915708744
v 0.4260145522280269 0.13 0.2100871278540256
v 0.41891260056546864 0.13 0.22391344999234886
v 0.4113620667976084 0.13 0.23749999999999996
v 0.40337103622512493 0.13 0.25083222905892477
v 0.39494806584370895 0.13 0.26389586068431103
v 0.38610217518101725 0.13 0.276676906012206
v 0.3768428366383367 0.13 0.2891616787791423
v 0.3671799653473001 0.13 0.3013368099777316
v 0.35712390855251425 0.13 0.3131892621725327
v 0.34668543453147194 0.13 0.3247063434608638
v 0.3358757210636101 0.13 0.33587572106361
v 0.3247063434608638 0.13 0.34668543453147194
v 0.31318926217253273 0.13 0.3571239085525142
v 0.3013368099777316 0.13 0.3671799653473
v 0.2891616787791423 0.13 0.3768428366383367
v 0.27667690601220607 0.13 0.3861021751810172
v 0.2638958606843111 0.13 0.39494806584370895
v 0.2508322290589248 0.13 0.40337103622512493
v 0.23750000000000004 0.13 0.41136206679760834
v 0.22391344999234894 0.13 0.4189126005654686
v 0.21008712785402558 0.13 0.426014552228027
v 0.19603583915708747 0.13 0.43266031683755846
v 0.18177463037341765 0.13 0.4388427779428612
v 0.16731877276258594 0.13 0.4445553152097297
v 0.1526837460190018 0.13 0.4497918115101751
v 0.13788522169586961 0.13 0.4545466594727992
v 0.12293904642369735 0.13 0.45881476748730743
v 0.10786122494132727 0.13 0.46259156515673344
v 0.09266790295766095 0.13 0.46587300819153443
v 0.07737534986242968 0.13 0.4686555827403175
v 0.06199994130452456 0.13 0.4709363091525599
v 0.04655814165654136 0.13 0.47271274516929346
v 0.031066486384317946 0.13 0.47398298853833665
v 0.015541564340343678 0.13 0.4747456790512737
v 2.9085361479749636e-17 0.13 0.475
v -0.015541564340343619 0.13 0.4747456790512737
v -0.03106648638431799 0.13 0.47398298853833665
v -0.046558141656541305 0.13 0.4727127451692935
v -0.0619999413045244 0.13 0.47093630915255996
v -0.07737534986242964 0.13 0.4686555827403175
v -0.09266790295766089 0.13 0.46587300819153443
v -0.10786122494132723 0.13 0.46259156515673344
v -0.12293904642369739 0.13 0.45881476748730743
v -0.13788522169586953 0.13 0.4545466594727992
v -0.15268374601900164 0.13 0.44979181151017517
v -0.1673187727625859 0.13 0.44455531520972974
v -0.18177463037341762 0.13 0.4388427779428612
v -0.19603583915708744 0.13 0.4326603168375585
v -0.21008712785402553 0.13 0.426014552228027
v -0.22391344999234888 0.13 0.41891260056546864
v -0.23749999999999988 0.13 0.4113620667976084
v -0.25083222905892477 0.13 0.40337103622512493
v -0.2638958606843109 0.13 0.394948065843709
v -0.27667690601220596 0.13 0.38610217518101725
v -0.2891616787791423 0.13 0.3768428366383367
v -0.30133680997773155 0.13 0.36717996534730013
v -0.3131892621725327 0.13 0.35712390855251425
v -0.32470634346086386 0.13 0.3466854345314718
v -0.33587572106361 0.13 0.3358757210636101
v -0.34668543453147177 0.13 0.32470634346086397
v -0.3571239085525142 0.13 0.31318926217253273
v -0.3671799653473001 0.13 0.3013368099777316
v -0.3768428366383366 0.13 0.2891616787791424
v -0.3861021751810172 0.13 0.276676906012206
v -0.394948065843709 0.13 0.26389586068431103
v -0.4033710362251249 0.13 0.2508322290589248
v -0.4113620667976084 0.13 0.23749999999999996
v -0.4189126005654686 0.13 0.22391344999234897
v -0.4260145522280269 0.13 0.2100871278540256
v -0.4326603168375585 0.13 0.19603583915708744
v -0.4388427779428612 0.13 0.18177463037341768
v -0.44455531520972963 0.13 0.16731877276258605
v -0.4497918115101751 0.13 0.15268374601900184
v -0.45454665947279915 0.13 0.13788522169586961
v -0.4588147674873074 0.13 0.12293904642369748
v -0.46259156515673344 0.13 0.1078612249413273
v -0.46587300819153443 0.13 0.09266790295766109
v -0.4686555827403175 0.13 0.07737534986242972
v -0.4709363091525599 0.13 0.06199994130452449
v -0.47271274516929346 0.13 0.04655814165654139
v -0.47398298853833665 0.13 0.031066486384317978
v -0.4747456790512737 0.13 0.015541564340343601
v -0.475 0.13 5.817072295949927e-17
v -0.4747456790512737 0.13 -0.015541564340343697
v -0.47398298853833665 0.13 -0.03106648638431786
v -0.4727127451692935 0.13 -0.04655814165654128
v -0.4709363091525599 0.13 -0.06199994130452459
v -0.46865558274031754 0.13 -0.0773753498624294
v -0.46587300819153443 0.13 -0.09266790295766096
v -0.46259156515673344 0.13 -0.1078612249413274
v -0.4588147674873075 0.13 -0.12293904642369716
v -0.4545466594727992 0.13 -0.1378852216958695
v -0.44979181151017517 0.13 -0.15268374601900173
v -0.44455531520972974 0.13 -0.16731877276258578
v -0.43884277794286125 0.13 -0.1817746303734176
v -0.43266031683755846 0.13 -0.1960358391570875
v -0.426014552228027 0.13 -0.2100871278540255
v -0.41891260056546864 0.13 -0.22391344999234886
v -0.41136206679760834 0.13 -0.23750000000000004
v -0.4033710362251251 0.13 -0.25083222905892455
v -0.39494806584370906 0.13 -0.2638958606843109
v -0.38610217518101714 0.13 -0.2766769060122061
v -0.3768428366383368 0.13 -0.2891616787791421
v -0.36717996534730013 0.13 -0.3013368099777315
v -0.35712390855251425 0.13 -0.3131892621725327
v -0.346685434531472 0.13 -0.32470634346086374
v -0.33587572106361013 0.13 -0.33587572106361
v -0.3247063434608638 0.13 -0.34668543453147194
v -0.3131892621725328 0.13 -0.3571239085525142
v -0.3013368099777318 0.13 -0.3671799653472999
v -0.2891616787791424 0.13 -0.37684283663833656
v -0.27667690601220607 0.13 -0.3861021751810172
v -0.26389586068431103 0.13 -0.39494806584370895
v -0.25083222905892466 0.13 -0.403371036225125
v -0.2375000000000002 0.13 -0.4113620667976083
v -0.223913449992349 0.13 -0.4189126005654686
v -0.21008712785402564 0.13 -0.4260145522280269
v -0.19603583915708783 0.13 -0.43266031683755835
v -0.1817746303734179 0.13 -0.4388427779428611
v -0.16731877276258572 0.13 -0.44455531520972974
v -0.15268374601900186 0.13 -0.4497918115101751
v -0.13788522169586964 0.13 -0.45454665947279915
v -0.1229390464236973 0.13 -0.45881476748730743
v -0.10786122494132754 0.13 -0.4625915651567334
v -0.09266790295766111 0.13 -0.4658730081915344
v -0.07737534986242975 0.13 -0.4686555827403175
v -0.06199994130452452 0.13 -0.4709363091525599
v -0.046558141656541215 0.13 -0.4727127451692935
v -0.031066486384317794 0.13 -0.47398298853833665
v -0.015541564340343842 0.13 -0.4747456790512737
v -8.72560844392489e-17 0.13 -0.475
v 0.015541564340343667 0.13 -0.4747456790512737
v 0.031066486384317624 0.13 -0.4739829885383367
v 0.04655814165654104 0.13 -0.4727127451692935
v 0.061999941304524346 0.13 -0.47093630915255996
v 0.07737534986242958 0.13 -0.4686555827403175
v 0.09266790295766093 0.13 -0.46587300819153443
v 0.10786122494132737 0.13 -0.46259156515673344
v 0.12293904642369713 0.13 -0.4588147674873075
v 0.13788522169586948 0.13 -0.4545466594727992
v 0.1526837460190017 0.13 -0.44979181151017517
v 0.16731877276258553 0.13 -0.4445553152097298
v 0.18177463037341773 0.13 -0.43884277794286114
v 0.19603583915708767 0.13 -0.4326603168375584
v 0.21008712785402547 0.13 -0.42601455222802703
v 0.22391344999234886 0.13 -0.41891260056546864
v 0.23750000000000004 0.13 -0.41136206679760834
v 0.2508322290589245 0.13 -0.4033710362251251
v 0.26389586068431087 0.13 -0.39494806584370906
v 0.2766769060122059 0.13 -0.38610217518101725
v 0.28916167877914223 0.13 -0.3768428366383367
v 0.30133680997773166 0.13 -0.3671799653473
v 0.3131892621725328 0.13 -0.35712390855251414
v 0.32470634346086374 0.13 -0.34668543453147205
v 0.33587572106360997 0.13 -0.33587572106361013
v 0.3466854345314719 0.13 -0.32470634346086386
v 0.357123908552514 0.13 -0.31318926217253296
v 0.36717996534729985 0.13 -0.3013368099777318
v 0.37684283663833656 0.13 -0.2891616787791424
v 0.3861021751810172 0.13 -0.27667690601220607
v 0.39494806584370895 0.13 -0.26389586068431103
v 0.403371036225125 0.13 -0.2508322290589247
v 0.41136206679760823 0.13 -0.2375000000000002
v 0.41891260056546853 0.13 -0.223913449992349
v 0.4260145522280269 0.13 -0.21008712785402567
v 0.43266031683755835 0.13 -0.19603583915708786
v 0.4388427779428611 0.13 -0.18177463037341793
v 0.44455531520972974 0.13 -0.16731877276258575
v 0.4497918115101751 0.13 -0.15268374601900186
v 0.45454665947279915 0.13 -0.13788522169586967
v 0.45881476748730743 0.13 -0.12293904642369732
v 0.4625915651567334 0.13 -0.10786122494132756
v 0.4658730081915344 0.13 -0.09266790295766114
v 0.4686555827403175 0.13 -0.07737534986242978
v 0.4709363091525599 0.13 -0.06199994130452455
v 0.4727127451692935 0.13 -0.046558141656541235
v 0.47398298853833665 0.13 -0.03106648638431783
v 0.4747456790512737 0.13 -0.015541564340343872
v 0.45 0.1 0
v 0.4497590643643646 0.1 0.014723587269799263
v 0.44903651545737155 0.1 0.02943140815356438
v 0.4478331270024886 0.1 0.04410771314830227
v 0.4461501876182147 0.1 0.05873678649902321
v 0.44398949943819555 0.1 0.07330296302756494
v 0.4413533761814537 0.1 0.08779064490725771
v 0.4382446406748001 0.1 0.10218431836546796
v 0.43466662183008076 0.1 0.11646857029613433
v 0.430623151079494 0.1 0.13062810476450806
v 0.42611855827279754 0.1 0.14464775938642271
v 0.4211576670407966 0.1 0.1585125215645551
v 0.415745789630079 0.1 0.1722075445642904
v 0.40988872121452913 0.1 0.1857181634119776
v 0.4035927336897097 0.1 0.1990299105985506
v 0.39686456895675976 0.1 0.21212853157169895
v 0.38971143170299744 0.1 0.22499999999999998
v 0.38214098168696053 0.1 0.2376305327926656
v 0.37416132553614534 0.1 0.250006604858821
v 0.3657810080662269 0.1 0.26211496359051095
v 0.3570090031310558 0.1 0.2739426430539243
v 0.34785470401323165 0.1 0.28547697787364046
v 0.33832791336553986 0.1 0.296705616795031
v 0.3284388327140261 0.1 0.3076165359102921
v 0.3181980515339464 0.1 0.31819805153394637
v 0.3076165359102921 0.1 0.3284388327140261
v 0.29670561679503105 0.1 0.3383279133655398
v 0.28547697787364046 0.1 0.3478547040132316
v 0.2739426430539243 0.1 0.3570090031310558
v 0.262114963590511 0.1 0.3657810080662268
v 0.25000660485882104 0.1 0.37416132553614534
v 0.23763053279266566 0.1 0.38214098168696053
v 0.22500000000000006 0.1 0.3897114317029974
v 0.21212853157169903 0.1 0.39686456895675976
v 0.19902991059855057 0.1 0.40359273368970977
v 0.18571816341197764 0.1 0.40988872121452913
v 0.17220754456429044 0.1 0.415745789630079
v 0.15851252156455511 0.1 0.42115766704079655
v 0.14464775938642277 0.1 0.42611855827279754
v 0.13062810476450806 0.1 0.430623151079494
v 0.11646857029613433 0.1 0.43466662183008076
v 0.10218431836546796 0.1 0.4382446406748001
v 0.08779064490725776 0.1 0.4413533761814537
v 0.07330296302756498 0.1 0.44398949943819555
v 0.05873678649902327 0.1 0.4461501876182147
v 0.04410771314830235 0.1 0.44783312700248856
v 0.029431408153564372 0.1 0.44903651545737155
v 0.014723587269799275 0.1 0.4497590643643646
v 2.7554552980815448e-17 0.1 0.45
v -0.014723587269799217 0.1 0.4497590643643646
v -0.029431408153564417 0.1 0.44903651545737155
v -0.044107713148302294 0.1 0.4478331270024886
v -0.05873678649902312 0.1 0.44615018761821473
v -0.07330296302756492 0.1 0.44398949943819555
v -0.08779064490725769 0.1 0.4413533761814537
v -0.1021843183654679 0.1 0.4382446406748001
v -0.11646857029613439 0.1 0.43466662183008076
v -0.13062810476450798 0.1 0.430623151079494
v -0.14464775938642263 0.1 0.42611855827279754
v -0.1585125215645551 0.1 0.4211576670407966
v -0.17220754456429038 0.1 0.415745789630079
v -0.18571816341197758 0.1 0.4098887212145292
v -0.19902991059855052 0.1 0.40359273368970977
v -0.21212853157169898 0.1 0.39686456895675976
v -0.2249999999999999 0.1 0.38971143170299744
v -0.2376305327926656 0.1 0.38214098168696053
v -0.25000660485882087 0.1 0.3741613255361454
v -0.26211496359051095 0.1 0.3657810080662269
v -0.2739426430539243 0.1 0.3570090031310558
v -0.2854769778736404 0.1 0.3478547040132317
v -0.296705616795031 0.1 0.33832791336553986
v -0.30761653591029214 0.1 0.32843883271402596
v -0.31819805153394637 0.1 0.3181980515339464
v -0.3284388327140259 0.1 0.3076165359102922
v -0.3383279133655398 0.1 0.29670561679503105
v -0.34785470401323165 0.1 0.28547697787364046
v -0.35700900313105577 0.1 0.2739426430539244
v -0.3657810080662268 0.1 0.26211496359051095
v -0.3741613255361454 0.1 0.250006604858821
v -0.3821409816869605 0.1 0.23763053279266566
v -0.38971143170299744 0.1 0.22499999999999998
v -0.39686456895675976 0.1 0.21212853157169903
v -0.4035927336897097 0.1 0.1990299105985506
v -0.4098887212145292 0.1 0.18571816341197758
v -0.415745789630079 0.1 0.17220754456429047
v -0.4211576670407965 0.1 0.15851252156455523
v -0.42611855827279754 0.1 0.1446477593864228
v -0.430623151079494 0.1 0.1306281047645081
v -0.4346666218300807 0.1 0.11646857029613446
v -0.4382446406748001 0.1 0.10218431836546799
v -0.4413533761814537 0.1 0.08779064490725788
v -0.44398949943819555 0.1 0.073302963027565
v -0.4461501876182147 0.1 0.05873678649902321
v -0.44783312700248856 0.1 0.04410771314830237
v -0.44903651545737155 0.1 0.029431408153564403
v -0.4497590643643646 0.1 0.014723587269799202
v -0.45 0.1 5.5109105961630896e-17
v -0.4497590643643646 0.1 -0.014723587269799294
v -0.44903651545737155 0.1 -0.029431408153564292
v -0.4478331270024886 0.1 -0.044107713148302266
v -0.4461501876182147 0.1 -0.058736786499023294
v -0.4439894994381956 0.1 -0.0733029630275647
v -0.4413533761814537 0.1 -0.08779064490725777
v -0.4382446406748001 0.1 -0.10218431836546807
v -0.4346666218300808 0.1 -0.11646857029613417
v -0.430623151079494 0.1 -0.13062810476450795
v -0.42611855827279754 0.1 -0.1446477593864227
v -0.4211576670407966 0.1 -0.15851252156455495
v -0.4157457896300791 0.1 -0.17220754456429035
v -0.40988872121452913 0.1 -0.18571816341197767
v -0.40359273368970977 0.1 -0.1990299105985505
v -0.39686456895675976 0.1 -0.21212853157169895
v -0.3897114317029974 0.1 -0.22500000000000006
v -0.38214098168696065 0.1 -0.2376305327926654
v -0.37416132553614545 0.1 -0.25000660485882087
v -0.36578100806622676 0.1 -0.26211496359051106
v -0.35700900313105594 0.1 -0.27394264305392413
v -0.3478547040132317 0.1 -0.2854769778736404
v -0.33832791336553986 0.1 -0.296705616795031
v -0.32843883271402613 0.1 -0.307616535910292
v -0.3181980515339465 0.1 -0.31819805153394637
v -0.3076165359102921 0.1 -0.3284388327140261
v -0.2967056167950311 0.1 -0.3383279133655398
v -0.2854769778736407 0.1 -0.3478547040132315
v -0.2739426430539244 0.1 -0.3570090031310557
v -0.262114963590511 0.1 -0.3657810080662268
v -0.250006604858821 0.1 -0.37416132553614534
v -0.2376305327926655 0.1 -0.38214098168696053
v -0.2250000000000002 0.1 -0.3897114317029973
v -0.21212853157169906 0.1 -0.39686456895675976
v -0.1990299105985506 0.1 -0.4035927336897097
v -0.18571816341197794 0.1 -0.40988872121452896
v -0.17220754456429066 0.1 -0.41574578963007897
v -0.1585125215645549 0.1 -0.42115766704079666
v -0.14464775938642283 0.1 -0.42611855827279754
v -0.1306281047645081 0.1 -0.430623151079494
v -0.11646857029613429 0.1 -0.43466662183008076
v -0.10218431836546821 0.1 -0.43824464067480007
v -0.0877906449072579 0.1 -0.44135337618145365
v -0.07330296302756503 0.1 -0.44398949943819555
v -0.05873678649902323 0.1 -0.4461501876182147
v -0.044107713148302204 0.1 -0.4478331270024886
v -0.02943140815356423 0.1 -0.44903651545737155
v -0.01472358726979943 0.1 -0.4497590643643646
v -8.266365894244634e-17 0.1 -0.45
v 0.014723587269799264 0.1 -0.4497590643643646
v 0.029431408153564067 0.1 -0.4490365154573716
v 0.044107713148302044 0.1 -0.4478331270024886
v 0.05873678649902307 0.1 -0.44615018761821473
v 0.07330296302756487 0.1 -0.44398949943819555
v 0.08779064490725774 0.1 -0.4413533761814537
v 0.10218431836546804 0.1 -0.4382446406748001
v 0.11646857029613414 0.1 -0.4346666218300808
v 0.13062810476450792 0.1 -0.430623151079494
v 0.14464775938642266 0.1 -0.42611855827279754
v 0.15851252156455473 0.1 -0.4211576670407967
v 0.1722075445642905 0.1 -0.41574578963007897
v 0.1857181634119778 0.1 -0.4098887212145291
v 0.19902991059855046 0.1 -0.4035927336897098
v 0.21212853157169892 0.1 -0.39686456895675976
v 0.22500000000000006 0.1 -0.3897114317029974
v 0.23763053279266536 0.1 -0.38214098168696065
v 0.2500066048588208 0.1 -0.37416132553614545
v 0.2621149635905109 0.1 -0.36578100806622693
v 0.27394264305392424 0.1 -0.3570090031310558
v 0.2854769778736405 0.1 -0.3478547040132316
v 0.2967056167950311 0.1 -0.33832791336553975
v 0.307616535910292 0.1 -0.3284388327140262
v 0.3181980515339463 0.1 -0.3181980515339465
v 0.328438832714026 0.1 -0.30761653591029214
v 0.33832791336553963 0.1 -0.2967056167950312
v 0.34785470401323143 0.1 -0.2854769778736407
v 0.3570090031310557 0.1 -0.2739426430539244
v 0.3657810080662268 0.1 -0.262114963590511
v 0.37416132553614534 0.1 -0.250006604858821
v 0.38214098168696053 0.1 -0.23763053279266555
v 0.38971143170299727 0.1 -0.2250000000000002
v 0.3968645689567597 0.1 -0.21212853157169906
v 0.4035927336897097 0.1 -0.19902991059855063
v 0.40988872121452896 0.1 -0.18571816341197797
v 0.41574578963007897 0.1 -0.1722075445642907
v 0.42115766704079666 0.1 -0.15851252156455492
v 0.42611855827279754 0.1 -0.14464775938642285
v 0.430623151079494 0.1 -0.13062810476450812
v 0.43466662183008076 0.1 -0.1164685702961343
v 0.43824464067480007 0.1 -0.10218431836546824
v 0.44135337618145365 0.1 -0.08779064490725792
v 0.44398949943819555 0.1 -0.07330296302756506
v 0.4461501876182147 0.1 -0.05873678649902326
v 0.4478331270024886 0.1 -0.04410771314830223
v 0.44903651545737155 0.1 -0.02943140815356426
v 0.4497590643643646 0.1 -0.014723587269799459
v 0.45 0 0
v 0.4497590643643646 0 0.014723587269799263
v 0.44903651545737155 0 0.02943140815356438
v 0.4478331270024886 0 0.04410771314830227
v 0.4461501876182147 0 0.05873678649902321
v 0.44398949943819555 0 0.07330296302756494
v 0.4413533761814537 0 0.08779064490725771
v 0.4382446406748001 0 0.10218431836546796
v 0.43466662183008076 0 0.11646857029613433
v 0.430623151079494 0 0.13062810476450806
v 0.42611855827279754 0 0.14464775938642271
v 0.4211576670407966 0 0.1585125215645551
v 0.415745789630079 0 0.1722075445642904
v 0.40988872121452913 0 0.1857181634119776
v 0.4035927336897097 0 0.1990299105985506
v 0.39686456895675976 0 0.21212853157169895
v 0.38971143170299744 0 0.22499999999999998
v 0.38214098168696053 0 0.2376305327926656
v 0.37416132553614534 0 0.250006604858821
v 0.3657810080662269 0 0.26211496359051095
v 0.3570090031310558 0 0.2739426430539243
v 0.34785470401323165 0 0.28547697787364046
v 0.33832791336553986 0 0.296705616795031
v 0.3284388327140261 0 0.3076165359102921
v 0.3181980515339464 0 0.31819805153394637
v 0.3076165359102921 0 0.3284388327140261
v 0.29670561679503105 0 0.3383279133655398
v 0.28547697787364046 0 0.3478547040132316
v 0.2739426430539243 0 0.3570090031310558
v 0.262114963590511 0 0.3657810080662268
v 0.25000660485882104 0 0.37416132553614534
v 0.23763053279266566 0 0.38214098168696053
v 0.22500000000000006 0 0.3897114317029974
v 0.21212853157169903 0 0.39686456895675976
v 0.19902991059855057 0 0.40359273368970977
v 0.18571816341197764 0 0.40988872121452913
v 0.17220754456429044 0 0.415745789630079
v 0.15851252156455511 0 0.42115766704079655
v 0.14464775938642277 0 0.42611855827279754
v 0.13062810476450806 0 0.430623151079494
v 0.11646857029613433 0 0.43466662183008076
v 0.10218431836546796 0 0.4382446406748001
v 0.08779064490725776 0 0.4413533761814537
v 0.07330296302756498 0 0.44398949943819555
v 0.05873678649902327 0 0.4461501876182147
v 0.04410771314830235 0 0.44783312700248856
v 0.029431408153564372 0 0.44903651545737155
v 0.014723587269799275 0 0.4497590643643646
v 2.7554552980815448e-17 0 0.45
v -0.014723587269799217 0 0.4497590643643646
v -0.029431408153564417 0 0.44903651545737155
v -0.044107713148302294 0 0.4478331270024886
v -0.05873678649902312 0 0.44615018761821473
v -0.07330296302756492 0 0.44398949943819555
v -0.08779064490725769 0 0.4413533761814537
v -0.1021843183654679 0 0.4382446406748001
v -0.11646857029613439 0 0.43466662183008076
v -0.13062810476450798 0 0.430623151079494
v -0.14464775938642263 0 0.42611855827279754
v -0.1585125215645551 0 0.4211576670407966
v -0.17220754456429038 0 0.415745789630079
v -0.18571816341197758 0 0.4098887212145292
v -0.19902991059855052 0 0.40359273368970977
v -0.21212853157169898 0 0.39686456895675976
v -0.2249999999999999 0 0.38971143170299744
v -0.2376305327926656 0 0.38214098168696053
v -0.25000660485882087 0 0.3741613255361454
v -0.26211496359051095 0 0.3657810080662269
v -0.2739426430539243 0 0.3570090031310558
v -0.2854769778736404 0 0.3478547040132317
v -0.296705616795031 0 0.33832791336553986
v -0.30761653591029214 0 0.32843883271402596
v -0.31819805153394637 0 0.3181980515339464
v -0.3284388327140259 0 0.3076165359102922
v -0.3383279133655398 0 0.29670561679503105
v -0.34785470401323165 0 0.28547697787364046
v -0.35700900313105577 0 0.2739426430539244
v -0.3657810080662268 0 0.26211496359051095
v -0.3741613255361454 0 0.250006604858821
v -0.3821409816869605 0 0.23763053279266566
v -0.38971143170299744 0 0.22499999999999998
v -0.39686456895675976 0 0.21212853157169903
v -0.4035927336897097 0 0.1990299105985506
v -0.4098887212145292 0 0.18571816341197758
v -0.415745789630079 0 0.17220754456429047
v -0.4211576670407965 0 0.15851252156455523
v -0.42611855827279754 0 0.1446477593864228
v -0.430623151079494 0 0.1306281047645081
v -0.4346666218300807 0 0.11646857029613446
v -0.4382446406748001 0 0.10218431836546799
v -0.4413533761814537 0 0.08779064490725788
v -0.44398949943819555 0 0.073302963027565
v -0.4461501876182147 0 0.05873678649902321
v -0.44783312700248856 0 0.04410771314830237
v -0.44903651545737155 0 0.029431408153564403
v -0.4497590643643646 0 0.014723587269799202
v -0.45 0 5.5109105961630896e-17
v -0.4497590643643646 0 -0.014723587269799294
v -0.44903651545737155 0 -0.029431408153564292
v -0.4478331270024886 0 -0.044107713148302266
v -0.4461501876182147 0 -0.058736786499023294
v -0.4439894994381956 0 -0.0733029630275647
v -0.4413533761814537 0 -0.08779064490725777
v -0.4382446406748001 0 -0.10218431836546807
v -0.4346666218300808 0 -0.11646857029613417
v -0.430623151079494 0 -0.13062810476450795
v -0.42611855827279754 0 -0.1446477593864227
v -0.4211576670407966 0 -0.15851252156455495
v -0.4157457896300791 0 -0.17220754456429035
v -0.40988872121452913 0 -0.18571816341197767
v -0.40359273368970977 0 -0.1990299105985505
v -0.39686456895675976 0 -0.21212853157169895
v -0.3897114317029974 0 -0.22500000000000006
v -0.38214098168696065 0 -0.2376305327926654
v -0.37416132553614545 0 -0.25000660485882087
v -0.36578100806622676 0 -0.26211496359051106
v -0.35700900313105594 0 -0.27394264305392413
v -0.3478547040132317 0 -0.2854769778736404
v -0.33832791336553986 0 -0.296705616795031
v -0.32843883271402613 0 -0.307616535910292
v -0.3181980515339465 0 -0.31819805153394637
v -0.3076165359102921 0 -0.3284388327140261
v -0.2967056167950311 0 -0.3383279133655398
v -0.2854769778736407 0 -0.3478547040132315
v -0.2739426430539244 0 -0.3570090031310557
v -0.262114963590511 0 -0.3657810080662268
v -0.250006604858821 0 -0.37416132553614534
v -0.2376305327926655 0 -0.38214098168696053
v -0.2250000000000002 0 -0.3897114317029973
v -0.21212853157169906 0 -0.39686456895675976
v -0.1990299105985506 0 -0.4035927336897097
v -0.18571816341197794 0 -0.40988872121452896
v -0.17220754456429066 0 -0.41574578963007897
v -0.1585125215645549 0 -0.42115766704079666
v -0.14464775938642283 0 -0.42611855827279754
v -0.1306281047645081 0 -0.430623151079494
v -0.11646857029613429 0 -0.43466662183008076
v -0.10218431836546821 0 -0.43824464067480007
v -0.0877906449072579 0 -0.44135337618145365
v -0.07330296302756503 0 -0.44398949943819555
v -0.05873678649902323 0 -0.4461501876182147
v -0.044107713148302204 0 -0.4478331270024886
v -0.02943140815356423 0 -0.44903651545737155
v -0.01472358726979943 0 -0.4497590643643646
v -8.266365894244634e-17 0 -0.45
v 0.014723587269799264 0 -0.4497590643643646
v 0.029431408153564067 0 -0.4490365154573716
v 0.044107713148302044 0 -0.4478331270024886
v 0.05873678649902307 0 -0.44615018761821473
v 0.07330296302756487 0 -0.44398949943819555
v 0.08779064490725774 0 -0.4413533761814537
v 0.10218431836546804 0 -0.4382446406748001
v 0.11646857029613414 0 -0.4346666218300808
v 0.13062810476450792 0 -0.430623151079494
v 0.14464775938642266 0 -0.42611855827279754
v 0.15851252156455473 0 -0.4211576670407967
v 0.1722075445642905 0 -0.41574578963007897
v 0.1857181634119778 0 -0.4098887212145291
v 0.19902991059855046 0 -0.4035927336897098
v 0.21212853157169892 0 -0.39686456895675976
v 0.22500000000000006 0 -0.3897114317029974
v 0.23763053279266536 0 -0.38214098168696065
v 0.2500066048588208 0 -0.37416132553614545
v 0.2621149635905109 0 -0.36578100806622693
v 0.27394264305392424 0 -0.3570090031310558
v 0.2854769778736405 0 -0.3478547040132316
v 0.2967056167950311 0 -0.33832791336553975
v 0.307616535910292 0 -0.3284388327140262
v 0.3181980515339463 0 -0.3181980515339465
v 0.328438832714026 0 -0.30761653591029214
v 0.33832791336553963 0 -0.2967056167950312
v 0.34785470401323143 0 -0.2854769778736407
v 0.3570090031310557 0 -0.2739426430539244
v 0.3657810080662268 0 -0.262114963590511
v 0.37416132553614534 0 -0.250006604858821
v 0.38214098168696053 0 -0.23763053279266555
v 0.38971143170299727 0 -0.2250000000000002
v 0.3968645689567597 0 -0.21212853157169906
v 0.4035927336897097 0 -0.19902991059855063
v 0.40988872121452896 0 -0.18571816341197797
v 0.41574578963007897 0 -0.1722075445642907
v 0.42115766704079666 0 -0.15851252156455492
v 0.42611855827279754 0 -0.14464775938642285
v 0.430623151079494 0 -0.13062810476450812
v 0.43466662183008076 0 -0.1164685702961343
v 0.43824464067480007 0 -0.10218431836546824
v 0.44135337618145365 0 -0.08779064490725792
v 0.44398949943819555 0 -0.07330296302756506
v 0.4461501876182147 0 -0.05873678649902326
v 0.4478331270024886 0 -0.04410771314830223
v 0.44903651545737155 0 -0.02943140815356426
v 0.4497590643643646 0 -0.014723587269799459
vt 0 0
vt 0 0.0625
vt 0.005208333333333333 0.0625
vt 0.005208333333333333 0
vt 0.010416666666666666 0.0625
vt 0.010416666666666666 0
vt 0.015625 0.0625
vt 0.015625 0
vt 0.020833333333333332 0.0625
vt 0.020833333333333332 0
vt 0.026041666666666668 0.0625
vt 0.026041666666666668 0
vt 0.03125 0.0625
vt 0.03125 0
vt 0.036458333333333336 0.0625
vt 0.036458333333333336 0
vt 0.041666666666666664 0.0625
vt 0.041666666666666664 0
vt 0.046875 0.0625
vt 0.046875 0
vt 0.052083333333333336 0.0625
vt 0.052083333333333336 0
vt 0.057291666666666664 0.0625
vt 0.057291666666666664 0
vt 0.0625 0.0625
vt 0.0625 0
vt 0.06770833333333333 0.0625
vt 0.06770833333333333 0
vt 0.07291666666666667 0.0625
vt 0.07291666666666667 0
vt 0.078125 0.0625
vt 0.078125 0
vt 0.08333333333333333 0.0625
vt 0.08333333333333333 0
vt 0.08854166666666667 0.0625
vt 0.08854166666666667 0
vt 0.09375 0.0625
vt 0.09375 0
vt 0.09895833333333333 0.0625
vt 0.09895833333333333 0
vt 0.10416666666666667 0.0625
vt 0.10416666666666667 0
vt 0.109375 0.0625
vt 0.109375 0
vt 0.11458333333333333 0.0625
vt 0.11458333333333333 0
vt 0.11979166666666667 0.0625
vt 0.11979166666666667 0
vt 0.125 0.0625
vt 0.125 0
vt 0.13020833333333334 0.0625
vt 0.13020833333333334 0
vt 0.13541666666666666 0.0625
vt 0.13541666666666666 0
vt 0.140625 0.0625
vt 0.140625 0
vt 0.14583333333333334 0.0625
vt 0.14583333333333334 0
vt 0.15104166666666666 0.0625
vt 0.15104166666666666 0
vt 0.15625 0.0625
vt 0.15625 0
vt 0.16145833333333334 0.0625
vt 0.16145833333333334 0
vt 0.16666666666666666 0.0625
vt 0.16666666666666666 0
vt 0.171875 0.0625
vt 0.171875 0
vt 0.17708333333333334 0.0625
vt 0.17708333333333334 0
vt 0.18229166666666666 0.0625
vt 0.18229166666666666 0
vt 0.1875 0.0625
vt 0.1875 0
vt 0.19270833333333334 0.0625
vt 0.19270833333333334 0
vt 0.19791666666666666 0.0625
vt 0.19791666666666666 0
vt 0.203125 0.0625
vt 0.203125 0
vt 0.20833333333333334 0.0625
vt 0.20833333333333334 0
vt 0.21354166666666666 0.0625
vt 0.21354166666666666 0
vt 0.21875 0.0625
vt 0.21875 0
vt 0.22395833333333334 0.0625
vt 0.22395833333333334 0
vt 0.22916666666666666 0.0625
vt 0.22916666666666666 0
vt 0.234375 0.0625
vt 0.234375 0
vt 0.23958333333333334 0.0625
vt 0.23958333333333334 0
vt 0.24479166666666666 0.0625
vt 0.24479166666666666 0
vt 0.25 0.0625
vt 0.25 0
vt 0.2552083333333333 0.0625
vt 0.2552083333333333 0
vt 0.2604166666666667 0.0625
vt 0.2604166666666667 0
vt 0.265625 0.0625
vt 0.265625 0
vt 0.2708333333333333 0.0625
vt 0.2708333333333333 0
vt 0.2760416666666667 0.0625
vt 0.2760416666666667 0
vt 0.28125 0.0625
vt 0.28125 0
vt 0.2864583333333333 0.0625
vt 0.2864583333333333 0
vt 0.2916666666666667 0.0625
vt 0.2916666666666667 0
vt 0.296875 0.0625
vt 0.296875 0
vt 0.3020833333333333 0.0625
vt 0.3020833333333333 0
vt 0.3072916666666667 0.0625
vt 0.3072916666666667 0
vt 0.3125 0.0625
vt 0.3125 0
vt 0.3177083333333333 0.0625
vt 0.3177083333333333 0
vt 0.3229166666666667 0.0625
vt 0.3229166666666667 0
vt 0.328125 0.0625
vt 0.328125 0
vt 0.3333333333333333 0.0625
vt 0.3333333333333333 0
vt 0.3385416666666667 0.0625
vt 0.3385416666666667 0
vt 0.34375 0.0625
vt 0.34375 0
vt 0.3489583333333333 0.0625
vt 0.3489583333333333 0
vt 0.3541666666666667 0.0625
vt 0.3541666666666667 0
vt 0.359375 0.0625
vt 0.359375 0
vt 0.3645833333333333 0.0625
vt 0.3645833333333333 0
vt 0.3697916666666667 0.0625
vt 0.3697916666666667 0
vt 0.375 0.0625
vt 0.375 0
vt 0.3802083333333333 0.0625
vt 0.3802083333333333 0
vt 0.3854166666666667 0.0625
vt 0.3854166666666667 0
vt 0.390625 0.0625
vt 0.390625 0
vt 0.3958333333333333 0.0625
vt 0.3958333333333333 0
vt 0.4010416666666667 0.0625
vt 0.4010416666666667 0
vt 0.40625 0.0625
vt 0.40625 0
vt 0.4114583333333333 0.0625
vt 0.4114583333333333 0
vt 0.4166666666666667 0.0625
vt 0.4166666666666667 0
vt 0.421875 0.0625
vt 0.421875 0
vt 0.4270833333333333 0.0625
vt 0.4270833333333333 0
vt 0.4322916666666667 0.0625
vt 0.4322916666666667 0
vt 0.4375 0.0625
vt 0.4375 0
vt 0.4427083333333333 0.0625
vt 0.4427083333333333 0
vt 0.4479166666666667 0.0625
vt 0.4479166666666667 0
vt 0.453125 0.0625
vt 0.453125 0
vt 0.4583333333333333 0.0625
vt 0.4583333333333333 0
vt 0.4635416666666667 0.0625
vt 0.4635416666666667 0
vt 0.46875 0.0625
vt 0.46875 0
vt 0.4739583333333333 0.0625
vt 0.4739583333333333 0
vt 0.4791666666666667 0.0625
vt 0.4791666666666667 0
vt 0.484375 0.0625
vt 0.484375 0
vt 0.4895833333333333 0.0625
vt 0.4895833333333333 0
vt 0.4947916666666667 0.0625
vt 0.4947916666666667 0
vt 0.5 0.0625
vt 0.5 0
vt 0.5052083333333334 0.0625
vt 0.5052083333333334 0
vt 0.5104166666666666 0.0625
vt 0.5104166666666666 0
vt 0.515625 0.0625
vt 0.515625 0
vt 0.5208333333333334 0.0625
vt 0.5208333333333334 0
vt 0.5260416666666666 0.0625
vt 0.5260416666666666 0
vt 0.53125 0.0625
vt 0.53125 0
vt 0.5364583333333334 0.0625
vt 0.5364583333333334 0
vt 0.5416666666666666 0.0625
vt 0.5416666666666666 0
vt 0.546875 0.0625
vt 0.546875 0
vt 0.5520833333333334 0.0625
vt 0.5520833333333334 0
vt 0.5572916666666666 0.0625
vt 0.5572916666666666 0
vt 0.5625 0.0625
vt 0.5625 0
vt 0.5677083333333334 0.0625
vt 0.5677083333333334 0
vt 0.5729166666666666 0.0625
vt 0.5729166666666666 0
vt 0.578125 0.0625
vt 0.578125 0
vt 0.5833333333333334 0.0625
vt 0.5833333333333334 0
vt 0.5885416666666666 0.0625
vt 0.5885416666666666 0
vt 0.59375 0.0625
vt 0.59375 0
vt 0.5989583333333334 0.0625
vt 0.5989583333333334 0
vt 0.6041666666666666 0.0625
vt 0.6041666666666666 0
vt 0.609375 0.0625
vt 0.609375 0
vt 0.6145833333333334 0.0625
vt 0.6145833333333334 0
vt 0.6197916666666666 0.0625
vt 0.6197916666666666 0
vt 0.625 0.0625
vt 0.625 0
vt 0.6302083333333334 0.0625
vt 0.6302083333333334 0
vt 0.6354166666666666 0.0625
vt 0.6354166666666666 0
vt 0.640625 0.0625
vt 0.640625 0
vt 0.6458333333333334 0.0625
vt 0.6458333333333334 0
vt 0.6510416666666666 0.0625
vt 0.6510416666666666 0
vt 0.65625 0.0625
vt 0.65625 0
vt 0.6614583333333334 0.0625
vt 0.6614583333333334 0
vt 0.6666666666666666 0.0625
vt 0.6666666666666666 0
vt 0.671875 0.0625
vt 0.671875 0
vt 0.6770833333333334 0.0625
vt 0.6770833333333334 0
vt 0.6822916666666666 0.0625
vt 0.6822916666666666 0
vt 0.6875 0.0625
vt 0.6875 0
vt 0.6927083333333334 0.0625
vt 0.6927083333333334 0
vt 0.6979166666666666 0.0625
vt 0.6979166666666666 0
vt 0.703125 0.0625
vt 0.703125 0
vt 0.7083333333333334 0.0625
vt 0.7083333333333334 0
vt 0.7135416666666666 0.0625
vt 0.7135416666666666 0
vt 0.71875 0.0625
vt 0.71875 0
vt 0.7239583333333334 0.0625
vt 0.7239583333333334 0
vt 0.7291666666666666 0.0625
vt 0.7291666666666666 0
vt 0.734375 0.0625
vt 0.734375 0
vt 0.7395833333333334 0.0625
vt 0.7395833333333334 0
vt 0.7447916666666666 0.0625
vt 0.7447916666666666 0
vt 0.75 0.0625
vt 0.75 0
vt 0.7552083333333334 0.0625
vt 0.7552083333333334 0
vt 0.7604166666666666 0.0625
vt 0.7604166666666666 0
vt 0.765625 0.0625
vt 0.765625 0
vt 0.7708333333333334 0.0625
vt 0.7708333333333334 0
vt 0.7760416666666666 0.0625
vt 0.7760416666666666 0
vt 0.78125 0.0625
vt 0.78125 0
vt 0.7864583333333334 0.0625
vt 0.7864583333333334 0
vt 0.7916666666666666 0.0625
vt 0.7916666666666666 0
vt 0.796875 0.0625
vt 0.796875 0
vt 0.8020833333333334 0.0625
vt 0.8020833333333334 0
vt 0.8072916666666666 0.0625
vt 0.8072916666666666 0
vt 0.8125 0.0625
vt 0.8125 0
vt 0.8177083333333334 0.0625
vt 0.8177083333333334 0
vt 0.8229166666666666 0.0625
vt 0.8229166666666666 0
vt 0.828125 0.0625
vt 0.828125 0
vt 0.8333333333333334 0.0625
vt 0.8333333333333334 0
vt 0.8385416666666666 0.0625
vt 0.8385416666666666 0
vt 0.84375 0.0625
vt 0.84375 0
vt 0.8489583333333334 0.0625
vt 0.8489583333333334 0
vt 0.8541666666666666 0.0625
vt 0.8541666666666666 0
vt 0.859375 0.0625
vt 0.859375 0
vt 0.8645833333333334 0.0625
vt 0.8645833333333334 0
vt 0.8697916666666666 0.0625
vt 0.8697916666666666 0
vt 0.875 0.0625
vt 0.875 0
vt 0.8802083333333334 0.0625
vt 0.8802083333333334 0
vt 0.8854166666666666 0.0625
vt 0.8854166666666666 0
vt 0.890625 0.0625
vt 0.890625 0
vt 0.8958333333333334 0.0625
vt 0.8958333333333334 0
vt 0.9010416666666666 0.0625
vt 0.9010416666666666 0
vt 0.90625 0.0625
vt 0.90625 0
vt 0.9114583333333334 0.0625
vt 0.9114583333333334 0
vt 0.9166666666666666 0.0625
vt 0.9166666666666666 0
vt 0.921875 0.0625
vt 0.921875 0
vt 0.9270833333333334 0.0625
vt 0.9270833333333334 0
vt 0.9322916666666666 0.0625
vt 0.9322916666666666 0
vt 0.9375 0.0625
vt 0.9375 0
vt 0.9427083333333334 0.0625
vt 0.9427083333333334 0
vt 0.9479166666666666 0.0625
vt 0.9479166666666666 0
vt 0.953125 0.0625
vt 0.953125 0
vt 0.9583333333333334 0.0625
vt 0.9583333333333334 0
vt 0.9635416666666666 0.0625
vt 0.9635416666666666 0
vt 0.96875 0.0625
vt 0.96875 0
vt 0.9739583333333334 0.0625
vt 0.9739583333333334 0
vt 0.9791666666666666 0.0625
vt 0.9791666666666666 0
vt 0.984375 0.0625
vt 0.984375 0
vt 0.9895833333333334 0.0625
vt 0.9895833333333334 0
vt 0.9947916666666666 0.0625
vt 0.9947916666666666 0
vt 1 0.0625
vt 1 0
vt 0 0.125
vt 0.005208333333333333 0.125
vt 0.010416666666666666 0.125
vt 0.015625 0.125
vt 0.020833333333333332 0.125
vt 0.026041666666666668 0.125
vt 0.03125 0.125
vt 0.036458333333333336 0.125
vt 0.041666666666666664 0.125
vt 0.046875 0.125
vt 0.052083333333333336 0.125
vt 0.057291666666666664 0.125
vt 0.0625 0.125
vt 0.06770833333333333 0.125
vt 0.07291666666666667 0.125
vt 0.078125 0.125
vt 0.08333333333333333 0.125
vt 0.08854166666666667 0.125
vt 0.09375 0.125
vt 0.09895833333333333 0.125
vt 0.10416666666666667 0.125
vt 0.109375 0.125
vt 0.11458333333333333 0.125
vt 0.11979166666666667 0.125
vt 0.125 0.125
vt 0.13020833333333334 0.125
vt 0.13541666666666666 0.125
vt 0.140625 0.125
vt 0.14583333333333334 0.125
vt 0.15104166666666666 0.125
vt 0.15625 0.125
vt 0.16145833333333334 0.125
vt 0.16666666666666666 0.125
vt 0.171875 0.125
vt 0.17708333333333334 0.125
vt 0.18229166666666666 0.125
vt 0.1875 0.125
vt 0.19270833333333334 0.125
vt 0.19791666666666666 0.125
vt 0.203125 0.125
vt 0.20833333333333334 0.125
vt 0.21354166666666666 0.125
vt 0.21875 0.125
vt 0.22395833333333334 0.125
vt 0.22916666666666666 0.125
vt 0.234375 0.125
vt 0.23958333333333334 0.125
vt 0.24479166666666666 0.125
vt 0.25 0.125
vt 0.2552083333333333 0.125
vt 0.2604166666666667 0.125
vt 0.265625 0.125
vt 0.2708333333333333 0.125
vt 0.2760416666666667 0.125
vt 0.28125 0.125
vt 0.2864583333333333 0.125
vt 0.2916666666666667 0.125
vt 0.296875 0.125
vt 0.3020833333333333 0.125
vt 0.3072916666666667 0.125
vt 0.3125 0.125
vt 0.3177083333333333 0.125
vt 0.3229166666666667 0.125
vt 0.328125 0.125
vt 0.3333333333333333 0.125
vt 0.3385416666666667 0.125
vt 0.34375 0.125
vt 0.3489583333333333 0.125
vt 0.3541666666666667 0.125
vt 0.359375 0.125
vt 0.3645833333333333 0.125
vt 0.3697916666666667 0.125
vt 0.375 0.125
vt 0.3802083333333333 0.125
vt 0.3854166666666667 0.125
vt 0.390625 0.125
vt 0.3958333333333333 0.125
vt 0.4010416666666667 0.125
vt 0.40625 0.125
vt 0.4114583333333333 0.125
vt 0.4166666666666667 0.125
vt 0.421875 0.125
vt 0.4270833333333333 0.125
vt 0.4322916666666667 0.125
vt 0.4375 0.125
vt 0.4427083333333333 0.125
vt 0.4479166666666667 0.125
vt 0.453125 0.125
vt 0.4583333333333333 0.125
vt 0.4635416666666667 0.125
vt 0.46875 0.125
vt 0.4739583333333333 0.125
vt 0.4791666666666667 0.125
vt 0.484375 0.125
vt 0.4895833333333333 0.125
vt 0.4947916666666667 0.125
vt 0.5 0.125
vt 0.5052083333333334 0.125
vt 0.5104166666666666 0.125
vt 0.515625 0.125
vt 0.5208333333333334 0.125
vt 0.5260416666666666 0.125
vt 0.53125 0.125
vt 0.5364583333333334 0.125
vt 0.5416666666666666 0.125
vt 0.546875 0.125
vt 0.5520833333333334 0.125
vt 0.5572916666666666 0.125
vt 0.5625 0.125
vt 0.5677083333333334 0.125
vt 0.5729166666666666 0.125
vt 0.578125 0.125
vt 0.5833333333333334 0.125
vt 0.5885416666666666 0.125
vt 0.59375 0.125
vt 0.5989583333333334 0.125
vt 0.6041666666666666 0.125
vt 0.609375 0.125
vt 0.6145833333333334 0.125
vt 0.6197916666666666 0.125
vt 0.625 0.125
vt 0.6302083333333334 0.125
vt 0.6354166666666666 0.125
vt 0.640625 0.125
vt 0.6458333333333334 0.125
vt 0.6510416666666666 0.125
vt 0.65625 0.125
vt 0.6614583333333334 0.125
vt 0.6666666666666666 0.125
vt 0.671875 0.125
vt 0.6770833333333334 0.125
vt 0.6822916666666666 0.125
vt 0.6875 0.125
vt 0.6927083333333334 0.125
vt 0.6979166666666666 0.125
vt 0.703125 0.125
vt 0.7083333333333334 0.125
vt 0.7135416666666666 0.125
vt 0.71875 0.125
vt 0.7239583333333334 0.125
vt 0.7291666666666666 0.125
vt 0.734375 0.125
vt 0.7395833333333334 0.125
vt 0.7447916666666666 0.125
vt 0.75 0.125
vt 0.7552083333333334 0.125
vt 0.7604166666666666 0.125
vt 0.765625 0.125
vt 0.7708333333333334 0.125
vt 0.7760416666666666 0.125
vt 0.78125 0.125
vt 0.7864583333333334 0.125
vt 0.7916666666666666 0.125
vt 0.796875 0.125
vt 0.8020833333333334 0.125
vt 0.8072916666666666 0.125
vt 0.8125 0.125
vt 0.8177083333333334 0.125
vt 0.8229166666666666 0.125
vt 0.828125 0.125
vt 0.8333333333333334 0.125
vt 0.8385416666666666 0.125
vt 0.84375 0.125
vt 0.8489583333333334 0.125
vt 0.8541666666666666 0.125
vt 0.859375 0.125
vt 0.8645833333333334 0.125
vt 0.8697916666666666 0.125
vt 0.875 0.125
vt 0.8802083333333334 0.125
vt 0.8854166666666666 0.125
vt 0.890625 0.125
vt 0.8958333333333334 0.125
vt 0.9010416666666666 0.125
vt 0.90625 0.125
vt 0.9114583333333334 0.125
vt 0.9166666666666666 0.125
vt 0.921875 0.125
vt 0.9270833333333334 0.125
vt 0.9322916666666666 0.125
vt 0.9375 0.125
vt 0.9427083333333334 0.125
vt 0.9479166666666666 0.125
vt 0.953125 0.125
vt 0.9583333333333334 0.125
vt 0.9635416666666666 0.125
vt 0.96875 0.125
vt 0.9739583333333334 0.125
vt 0.9791666666666666 0.125
vt 0.984375 0.125
vt 0.9895833333333334 0.125
vt 0.9947916666666666 0.125
vt 1 0.125
vt 0 0.1875
vt 0.005208333333333333 0.1875
vt 0.010416666666666666 0.1875
vt 0.015625 0.1875
vt 0.020833333333333332 0.1875
vt 0.026041666666666668 0.1875
vt 0.03125 0.1875
vt 0.036458333333333336 0.1875
vt 0.041666666666666664 0.1875
vt 0.046875 0.1875
vt 0.052083333333333336 0.1875
vt 0.057291666666666664 0.1875
vt 0.0625 0.1875
vt 0.06770833333333333 0.1875
vt 0.07291666666666667 0.1875
vt 0.078125 0.1875
vt 0.08333333333333333 0.1875
vt 0.08854166666666667 0.1875
vt 0.09375 0.1875
vt 0.09895833333333333 0.1875
vt 0.10416666666666667 0.1875
vt 0.109375 0.1875
vt 0.11458333333333333 0.1875
vt 0.11979166666666667 0.1875
vt 0.125 0.1875
vt 0.13020833333333334 0.1875
vt 0.13541666666666666 0.1875
vt 0.140625 0.1875
vt 0.14583333333333334 0.1875
vt 0.15104166666666666 0.1875
vt 0.15625 0.1875
vt 0.16145833333333334 0.1875
vt 0.16666666666666666 0.1875
vt 0.171875 0.1875
vt 0.17708333333333334 0.1875
vt 0.18229166666666666 0.1875
vt 0.1875 0.1875
vt 0.19270833333333334 0.1875
vt 0.19791666666666666 0.1875
vt 0.203125 0.1875
vt 0.20833333333333334 0.1875
vt 0.21354166666666666 0.1875
vt 0.21875 0.1875
vt 0.22395833333333334 0.1875
vt 0.22916666666666666 0.1875
vt 0.234375 0.1875
vt 0.23958333333333334 0.1875
vt 0.24479166666666666 0.1875
vt 0.25 0.1875
vt 0.2552083333333333 0.1875
vt 0.2604166666666667 0.1875
vt 0.265625 0.1875
vt 0.2708333333333333 0.1875
vt 0.2760416666666667 0.1875
vt 0.28125 0.1875
vt 0.2864583333333333 0.1875
vt 0.2916666666666667 0.1875
vt 0.296875 0.1875
vt 0.3020833333333333 0.1875
vt 0.3072916666666667 0.1875
vt 0.3125 0.1875
vt 0.3177083333333333 0.1875
vt 0.3229166666666667 0.1875
vt 0.328125 0.1875
vt 0.3333333333333333 0.1875
vt 0.3385416666666667 0.1875
vt 0.34375 0.1875
vt 0.3489583333333333 0.1875
vt 0.3541666666666667 0.1875
vt 0.359375 0.1875
vt 0.3645833333333333 0.1875
vt 0.3697916666666667 0.1875
vt 0.375 0.1875
vt 0.3802083333333333 0.1875
vt 0.3854166666666667 0.1875
vt 0.390625 0.1875
vt 0.3958333333333333 0.1875
vt 0.4010416666666667 0.1875
vt 0.40625 0.1875
vt 0.4114583333333333 0.1875
vt 0.4166666666666667 0.1875
vt 0.421875 0.1875
vt 0.4270833333333333 0.1875
vt 0.4322916666666667 0.1875
vt 0.4375 0.1875
vt 0.4427083333333333 0.1875
vt 0.4479166666666667 0.1875
vt 0.453125 0.1875
vt 0.4583333333333333 0.1875
vt 0.4635416666666667 0.1875
vt 0.46875 0.1875
vt 0.4739583333333333 0.1875
vt 0.4791666666666667 0.1875
vt 0.484375 0.1875
vt 0.4895833333333333 0.1875
vt 0.4947916666666667 0.1875
vt 0.5 0.1875
vt 0.5052083333333334 0.1875
vt 0.5104166666666666 0.1875
vt 0.515625 0.1875
vt 0.5208333333333334 0.1875
vt 0.5260416666666666 0.1875
vt 0.53125 0.1875
vt 0.5364583333333334 0.1875
vt 0.5416666666666666 0.1875
vt 0.546875 0.1875
vt 0.5520833333333334 0.1875
vt 0.5572916666666666 0.1875
vt 0.5625 0.1875
vt 0.5677083333333334 0.1875
vt 0.5729166666666666 0.1875
vt 0.578125 0.1875
vt 0.5833333333333334 0.1875
vt 0.5885416666666666 0.1875
vt 0.59375 0.1875
vt 0.5989583333333334 0.1875
vt 0.6041666666666666 0.1875
vt 0.609375 0.1875
vt 0.6145833333333334 0.1875
vt 0.6197916666666666 0.1875
vt 0.625 0.1875
vt 0.6302083333333334 0.1875
vt 0.6354166666666666 0.1875
vt 0.640625 0.1875
vt 0.6458333333333334 0.1875
vt 0.6510416666666666 0.1875
vt 0.65625 0.1875
vt 0.6614583333333334 0.1875
vt 0.6666666666666666 0.1875
vt 0.671875 0.1875
vt 0.6770833333333334 0.1875
vt 0.6822916666666666 0.1875
vt 0.6875 0.1875
vt 0.6927083333333334 0.1875
vt 0.6979166666666666 0.1875
vt 0.703125 0.1875
vt 0.7083333333333334 0.1875
vt 0.7135416666666666 0.1875
vt 0.71875 0.1875
vt 0.7239583333333334 0.1875
vt 0.7291666666666666 0.1875
vt 0.734375 0.1875
vt 0.7395833333333334 0.1875
vt 0.7447916666666666 0.1875
vt 0.75 0.1875
vt 0.7552083333333334 0.1875
vt 0.7604166666666666 0.1875
vt 0.765625 0.1875
vt 0.7708333333333334 0.1875
vt 0.7760416666666666 0.1875
vt 0.78125 0.1875
vt 0.7864583333333334 0.1875
vt 0.7916666666666666 0.1875
vt 0.796875 0.1875
vt 0.8020833333333334 0.1875
vt 0.8072916666666666 0.1875
vt 0.8125 0.1875
vt 0.8177083333333334 0.1875
vt 0.8229166666666666 0.1875
vt 0.828125 0.1875
vt 0.8333333333333334 0.1875
vt 0.8385416666666666 0.1875
vt 0.84375 0.1875
vt 0.8489583333333334 0.1875
vt 0.8541666666666666 0.1875
vt 0.859375 0.1875
vt 0.8645833333333334 0.1875
vt 0.8697916666666666 0.1875
vt 0.875 0.1875
vt 0.8802083333333334 0.1875
vt 0.8854166666666666 0.1875
vt 0.890625 0.1875
vt 0.8958333333333334 0.1875
vt 0.9010416666666666 0.1875
vt 0.90625 0.1875
vt 0.9114583333333334 0.1875
vt 0.9166666666666666 0.1875
vt 0.921875 0.1875
vt 0.9270833333333334 0.1875
vt 0.9322916666666666 0.1875
vt 0.9375 0.1875
vt 0.9427083333333334 0.1875
vt 0.9479166666666666 0.1875
vt 0.953125 0.1875
vt 0.9583333333333334 0.1875
vt 0.9635416666666666 0.1875
vt 0.96875 0.1875
vt 0.9739583333333334 0.1875
vt 0.9791666666666666 0.1875
vt 0.984375 0.1875
vt 0.9895833333333334 0.1875
vt 0.9947916666666666 0.1875
vt 1 0.1875
vt 0 0.25
vt 0.005208333333333333 0.25
vt 0.010416666666666666 0.25
vt 0.015625 0.25
vt 0.020833333333333332 0.25
vt 0.026041666666666668 0.25
vt 0.03125 0.25
vt 0.036458333333333336 0.25
vt 0.041666666666666664 0.25
vt 0.046875 0.25
vt 0.052083333333333336 0.25
vt 0.057291666666666664 0.25
vt 0.0625 0.25
vt 0.06770833333333333 0.25
vt 0.07291666666666667 0.25
vt 0.078125 0.25
vt 0.08333333333333333 0.25
vt 0.08854166666666667 0.25
vt 0.09375 0.25
vt 0.09895833333333333 0.25
vt 0.10416666666666667 0.25
vt 0.109375 0.25
vt 0.11458333333333333 0.25
vt 0.11979166666666667 0.25
vt 0.125 0.25
vt 0.13020833333333334 0.25
vt 0.13541666666666666 0.25
vt 0.140625 0.25
vt 0.14583333333333334 0.25
vt 0.15104166666666666 0.25
vt 0.15625 0.25
vt 0.16145833333333334 0.25
vt 0.16666666666666666 0.25
vt 0.171875 0.25
vt 0.17708333333333334 0.25
vt 0.18229166666666666 0.25
vt 0.1875 0.25
vt 0.19270833333333334 0.25
vt 0.19791666666666666 0.25
vt 0.203125 0.25
vt 0.20833333333333334 0.25
vt 0.21354166666666666 0.25
vt 0.21875 0.25
vt 0.22395833333333334 0.25
vt 0.22916666666666666 0.25
vt 0.234375 0.25
vt 0.23958333333333334 0.25
vt 0.24479166666666666 0.25
vt 0.25 0.25
vt 0.2552083333333333 0.25
vt 0.2604166666666667 0.25
vt 0.265625 0.25
vt 0.2708333333333333 0.25
vt 0.2760416666666667 0.25
vt 0.28125 0.25
vt 0.2864583333333333 0.25
vt 0.2916666666666667 0.25
vt 0.296875 0.25
vt 0.3020833333333333 0.25
vt 0.3072916666666667 0.25
vt 0.3125 0.25
vt 0.3177083333333333 0.25
vt 0.3229166666666667 0.25
vt 0.328125 0.25
vt 0.3333333333333333 0.25
vt 0.3385416666666667 0.25
vt 0.34375 0.25
vt 0.3489583333333333 0.25
vt 0.3541666666666667 0.25
vt 0.359375 0.25
vt 0.3645833333333333 0.25
vt 0.3697916666666667 0.25
vt 0.375 0.25
vt 0.3802083333333333 0.25
vt 0.3854166666666667 0.25
vt 0.390625 0.25
vt 0.3958333333333333 0.25
vt 0.4010416666666667 0.25
vt 0.40625 0.25
vt 0.4114583333333333 0.25
vt 0.4166666666666667 0.25
vt 0.421875 0.25
vt 0.4270833333333333 0.25
vt 0.4322916666666667 0.25
vt 0.4375 0.25
vt 0.4427083333333333 0.25
vt 0.4479166666666667 0.25
vt 0.453125 0.25
vt 0.4583333333333333 0.25
vt 0.4635416666666667 0.25
vt 0.46875 0.25
vt 0.4739583333333333 0.25
vt 0.4791666666666667 0.25
vt 0.484375 0.25
vt 0.4895833333333333 0.25
vt 0.4947916666666667 0.25
vt 0.5 0.25
vt 0.5052083333333334 0.25
vt 0.5104166666666666 0.25
vt 0.515625 0.25
vt 0.5208333333333334 0.25
vt 0.5260416666666666 0.25
vt 0.53125 0.25
vt 0.5364583333333334 0.25
vt 0.5416666666666666 0.25
vt 0.546875 0.25
vt 0.5520833333333334 0.25
vt 0.5572916666666666 0.25
vt 0.5625 0.25
vt 0.5677083333333334 0.25
vt 0.5729166666666666 0.25
vt 0.578125 0.25
vt 0.5833333333333334 0.25
vt 0.5885416666666666 0.25
vt 0.59375 0.25
vt 0.5989583333333334 0.25
vt 0.6041666666666666 0.25
vt 0.609375 0.25
vt 0.6145833333333334 0.25
vt 0.6197916666666666 0.25
vt 0.625 0.25
vt 0.6302083333333334 0.25
vt 0.6354166666666666 0.25
vt 0.640625 0.25
vt 0.6458333333333334 0.25
vt 0.6510416666666666 0.25
vt 0.65625 0.25
vt 0.6614583333333334 0.25
vt 0.6666666666666666 0.25
vt 0.671875 0.25
vt 0.6770833333333334 0.25
vt 0.6822916666666666 0.25
vt 0.6875 0.25
vt 0.6927083333333334 0.25
vt 0.6979166666666666 0.25
vt 0.703125 0.25
vt 0.7083333333333334 0.25
vt 0.7135416666666666 0.25
vt 0.71875 0.25
vt 0.7239583333333334 0.25
vt 0.7291666666666666 0.25
vt 0.734375 0.25
vt 0.7395833333333334 0.25
vt 0.7447916666666666 0.25
vt 0.75 0.25
vt 0.7552083333333334 0.25
vt 0.7604166666666666 0.25
vt 0.765625 0.25
vt 0.7708333333333334 0.25
vt 0.7760416666666666 0.25
vt 0.78125 0.25
vt 0.7864583333333334 0.25
vt 0.7916666666666666 0.25
vt 0.796875 0.25
vt 0.8020833333333334 0.25
vt 0.8072916666666666 0.25
vt 0.8125 0.25
vt 0.8177083333333334 0.25
vt 0.8229166666666666 0.25
vt 0.828125 0.25
vt 0.8333333333333334 0.25
vt 0.8385416666666666 0.25
vt 0.84375 0.25
vt 0.8489583333333334 0.25
vt 0.8541666666666666 0.25
vt 0.859375 0.25
vt 0.8645833333333334 0.25
vt 0.8697916666666666 0.25
vt 0.875 0.25
vt 0.8802083333333334 0.25
vt 0.8854166666666666 0.25
vt 0.890625 0.25
vt 0.8958333333333334 0.25
vt 0.9010416666666666 0.25
vt 0.90625 0.25
vt 0.9114583333333334 0.25
vt 0.9166666666666666 0.25
vt 0.921875 0.25
vt 0.9270833333333334 0.25
vt 0.9322916666666666 0.25
vt 0.9375 0.25
vt 0.9427083333333334 0.25
vt 0.9479166666666666 0.25
vt 0.953125 0.25
vt 0.9583333333333334 0.25
vt 0.9635416666666666 0.25
vt 0.96875 0.25
vt 0.9739583333333334 0.25
vt 0.9791666666666666 0.25
vt 0.984375 0.25
vt 0.9895833333333334 0.25
vt 0.9947916666666666 0.25
vt 1 0.25
vt 0 0.3125
vt 0.005208333333333333 0.3125
vt 0.010416666666666666 0.3125
vt 0.015625 0.3125
vt 0.020833333333333332 0.3125
vt 0.026041666666666668 0.3125
vt 0.03125 0.3125
vt 0.036458333333333336 0.3125
vt 0.041666666666666664 0.3125
vt 0.046875 0.3125
vt 0.052083333333333336 0.3125
vt 0.057291666666666664 0.3125
vt 0.0625 0.3125
vt 0.06770833333333333 0.3125
vt 0.07291666666666667 0.3125
vt 0.078125 0.3125
vt 0.08333333333333333 0.3125
vt 0.08854166666666667 0.3125
vt 0.09375 0.3125
vt 0.09895833333333333 0.3125
vt 0.10416666666666667 0.3125
vt 0.109375 0.3125
vt 0.11458333333333333 0.3125
vt 0.11979166666666667 0.3125
vt 0.125 0.3125
vt 0.13020833333333334 0.3125
vt 0.13541666666666666 0.3125
vt 0.140625 0.3125
vt 0.14583333333333334 0.3125
vt 0.15104166666666666 0.3125
vt 0.15625 0.3125
vt 0.16145833333333334 0.3125
vt 0.16666666666666666 0.3125
vt 0.171875 0.3125
vt 0.17708333333333334 0.3125
vt 0.18229166666666666 0.3125
vt 0.1875 0.3125
vt 0.19270833333333334 0.3125
vt 0.19791666666666666 0.3125
vt 0.203125 0.3125
vt 0.20833333333333334 0.3125
vt 0.21354166666666666 0.3125
vt 0.21875 0.3125
vt 0.22395833333333334 0.3125
vt 0.22916666666666666 0.3125
vt 0.234375 0.3125
vt 0.23958333333333334 0.3125
vt 0.24479166666666666 0.3125
vt 0.25 0.3125
vt 0.2552083333333333 0.3125
vt 0.2604166666666667 0.3125
vt 0.265625 0.3125
vt 0.2708333333333333 0.3125
vt 0.2760416666666667 0.3125
vt 0.28125 0.3125
vt 0.2864583333333333 0.3125
vt 0.2916666666666667 0.3125
vt 0.296875 0.3125
vt 0.3020833333333333 0.3125
vt 0.3072916666666667 0.3125
vt 0.3125 0.3125
vt 0.3177083333333333 0.3125
vt 0.3229166666666667 0.3125
vt 0.328125 0.3125
vt 0.3333333333333333 0.3125
vt 0.3385416666666667 0.3125
vt 0.34375 0.3125
vt 0.3489583333333333 0.3125
vt 0.3541666666666667 0.3125
vt 0.359375 0.3125
vt 0.3645833333333333 0.3125
vt 0.3697916666666667 0.3125
vt 0.375 0.3125
vt 0.3802083333333333 0.3125
vt 0.3854166666666667 0.3125
vt 0.390625 0.3125
vt 0.3958333333333333 0.3125
vt 0.4010416666666667 0.3125
vt 0.40625 0.3125
vt 0.4114583333333333 0.3125
vt 0.4166666666666667 0.3125
vt 0.421875 0.3125
vt 0.4270833333333333 0.3125
vt 0.4322916666666667 0.3125
vt 0.4375 0.3125
vt 0.4427083333333333 0.3125
vt 0.4479166666666667 0.3125
vt 0.453125 0.3125
vt 0.4583333333333333 0.3125
vt 0.4635416666666667 0.3125
vt 0.46875 0.3125
vt 0.4739583333333333 0.3125
vt 0.4791666666666667 0.3125
vt 0.484375 0.3125
vt 0.4895833333333333 0.3125
vt 0.4947916666666667 0.3125
vt 0.5 0.3125
vt 0.5052083333333334 0.3125
vt 0.5104166666666666 0.3125
vt 0.515625 0.3125
vt 0.5208333333333334 0.3125
vt 0.5260416666666666 0.3125
vt 0.53125 0.3125
vt 0.5364583333333334 0.3125
vt 0.5416666666666666 0.3125
vt 0.546875 0.3125
vt 0.5520833333333334 0.3125
vt 0.5572916666666666 0.3125
vt 0.5625 0.3125
vt 0.5677083333333334 0.3125
vt 0.5729166666666666 0.3125
vt 0.578125 0.3125
vt 0.5833333333333334 0.3125
vt 0.5885416666666666 0.3125
vt 0.59375 0.3125
vt 0.5989583333333334 0.3125
vt 0.6041666666666666 0.3125
vt 0.609375 0.3125
vt 0.6145833333333334 0.3125
vt 0.6197916666666666 0.3125
vt 0.625 0.3125
vt 0.6302083333333334 0.3125
vt 0.6354166666666666 0.3125
vt 0.640625 0.3125
vt 0.6458333333333334 0.3125
vt 0.6510416666666666 0.3125
vt 0.65625 0.3125
vt 0.6614583333333334 0.3125
vt 0.6666666666666666 0.3125
vt 0.671875 0.3125
vt 0.6770833333333334 0.3125
vt 0.6822916666666666 0.3125
vt 0.6875 0.3125
vt 0.6927083333333334 0.3125
vt 0.6979166666666666 0.3125
vt 0.703125 0.3125
vt 0.7083333333333334 0.3125
vt 0.7135416666666666 0.3125
vt 0.71875 0.3125
vt 0.7239583333333334 0.3125
vt 0.7291666666666666 0.3125
vt 0.734375 0.3125
vt 0.7395833333333334 0.3125
vt 0.7447916666666666 0.3125
vt 0.75 0.3125
vt 0.7552083333333334 0.3125
vt 0.7604166666666666 0.3125
vt 0.765625 0.3125
vt 0.7708333333333334 0.3125
vt 0.7760416666666666 0.3125
vt 0.78125 0.3125
vt 0.7864583333333334 0.3125
vt 0.7916666666666666 0.3125
vt 0.796875 0.3125
vt 0.8020833333333334 0.3125
vt 0.8072916666666666 0.3125
vt 0.8125 0.3125
vt 0.8177083333333334 0.3125
vt 0.8229166666666666 0.3125
vt 0.828125 0.3125
vt 0.8333333333333334 0.3125
vt 0.8385416666666666 0.3125
vt 0.84375 0.3125
vt 0.8489583333333334 0.3125
vt 0.8541666666666666 0.3125
vt 0.859375 0.3125
vt 0.8645833333333334 0.3125
vt 0.8697916666666666 0.3125
vt 0.875 0.3125
vt 0.8802083333333334 0.3125
vt 0.8854166666666666 0.3125
vt 0.890625 0.3125
vt 0.8958333333333334 0.3125
vt 0.9010416666666666 0.3125
vt 0.90625 0.3125
vt 0.9114583333333334 0.3125
vt 0.9166666666666666 0.3125
vt 0.921875 0.3125
vt 0.9270833333333334 0.3125
vt 0.9322916666666666 0.3125
vt 0.9375 0.3125
vt 0.9427083333333334 0.3125
vt 0.9479166666666666 0.3125
vt 0.953125 0.3125
vt 0.9583333333333334 0.3125
vt 0.9635416666666666 0.3125
vt 0.96875 0.3125
vt 0.9739583333333334 0.3125
vt 0.9791666666666666 0.3125
vt 0.984375 0.3125
vt 0.9895833333333334 0.3125
vt 0.9947916666666666 0.3125
vt 1 0.3125
vt 0 0.375
vt 0.005208333333333333 0.375
vt 0.010416666666666666 0.375
vt 0.015625 0.375
vt 0.020833333333333332 0.375
vt 0.026041666666666668 0.375
vt 0.03125 0.375
vt 0.036458333333333336 0.375
vt 0.041666666666666664 0.375
vt 0.046875 0.375
vt 0.052083333333333336 0.375
vt 0.057291666666666664 0.375
vt 0.0625 0.375
vt 0.06770833333333333 0.375
vt 0.07291666666666667 0.375
vt 0.078125 0.375
vt 0.08333333333333333 0.375
vt 0.08854166666666667 0.375
vt 0.09375 0.375
vt 0.09895833333333333 0.375
vt 0.10416666666666667 0.375
vt 0.109375 0.375
vt 0.11458333333333333 0.375
vt 0.11979166666666667 0.375
vt 0.125 0.375
vt 0.13020833333333334 0.375
vt 0.13541666666666666 0.375
vt 0.140625 0.375
vt 0.14583333333333334 0.375
vt 0.15104166666666666 0.375
vt 0.15625 0.375
vt 0.16145833333333334 0.375
vt 0.16666666666666666 0.375
vt 0.171875 0.375
vt 0.17708333333333334 0.375
vt 0.18229166666666666 0.375
vt 0.1875 0.375
vt 0.19270833333333334 0.375
vt 0.19791666666666666 0.375
vt 0.203125 0.375
vt 0.20833333333333334 0.375
vt 0.21354166666666666 0.375
vt 0.21875 0.375
vt 0.22395833333333334 0.375
vt 0.22916666666666666 0.375
vt 0.234375 0.375
vt 0.23958333333333334 0.375
vt 0.24479166666666666 0.375
vt 0.25 0.375
vt 0.2552083333333333 0.375
vt 0.2604166666666667 0.375
vt 0.265625 0.375
vt 0.2708333333333333 0.375
vt 0.2760416666666667 0.375
vt 0.28125 0.375
vt 0.2864583333333333 0.375
vt 0.2916666666666667 0.375
vt 0.296875 0.375
vt 0.3020833333333333 0.375
vt 0.3072916666666667 0.375
vt 0.3125 0.375
vt 0.3177083333333333 0.375
vt 0.3229166666666667 0.375
vt 0.328125 0.375
vt 0.3333333333333333 0.375
vt 0.3385416666666667 0.375
vt 0.34375 0.375
vt 0.3489583333333333 0.375
vt 0.3541666666666667 0.375
vt 0.359375 0.375
vt 0.3645833333333333 0.375
vt 0.3697916666666667 0.375
vt 0.375 0.375
vt 0.3802083333333333 0.375
vt 0.3854166666666667 0.375
vt 0.390625 0.375
vt 0.3958333333333333 0.375
vt 0.4010416666666667 0.375
vt 0.40625 0.375
vt 0.4114583333333333 0.375
vt 0.4166666666666667 0.375
vt 0.421875 0.375
vt 0.4270833333333333 0.375
vt 0.4322916666666667 0.375
vt 0.4375 0.375
vt 0.4427083333333333 0.375
vt 0.4479166666666667 0.375
vt 0.453125 0.375
vt 0.4583333333333333 0.375
vt 0.4635416666666667 0.375
vt 0.46875 0.375
vt 0.4739583333333333 0.375
vt 0.4791666666666667 0.375
vt 0.484375 0.375
vt 0.4895833333333333 0.375
vt 0.4947916666666667 0.375
vt 0.5 0.375
vt 0.5052083333333334 0.375
vt 0.5104166666666666 0.375
vt 0.515625 0.375
vt 0.5208333333333334 0.375
vt 0.5260416666666666 0.375
vt 0.53125 0.375
vt 0.5364583333333334 0.375
vt 0.5416666666666666 0.375
vt 0.546875 0.375
vt 0.5520833333333334 0.375
vt 0.5572916666666666 0.375
vt 0.5625 0.375
vt 0.5677083333333334 0.375
vt 0.5729166666666666 0.375
vt 0.578125 0.375
vt 0.5833333333333334 0.375
vt 0.5885416666666666 0.375
vt 0.59375 0.375
vt 0.5989583333333334 0.375
vt 0.6041666666666666 0.375
vt 0.609375 0.375
vt 0.6145833333333334 0.375
vt 0.6197916666666666 0.375
vt 0.625 0.375
vt 0.6302083333333334 0.375
vt 0.6354166666666666 0.375
vt 0.640625 0.375
vt 0.6458333333333334 0.375
vt 0.6510416666666666 0.375
vt 0.65625 0.375
vt 0.6614583333333334 0.375
vt 0.6666666666666666 0.375
vt 0.671875 0.375
vt 0.6770833333333334 0.375
vt 0.6822916666666666 0.375
vt 0.6875 0.375
vt 0.6927083333333334 0.375
vt 0.6979166666666666 0.375
vt 0.703125 0.375
vt 0.7083333333333334 0.375
vt 0.7135416666666666 0.375
vt 0.71875 0.375
vt 0.7239583333333334 0.375
vt 0.7291666666666666 0.375
vt 0.734375 0.375
vt 0.7395833333333334 0.375
vt 0.7447916666666666 0.375
vt 0.75 0.375
vt 0.7552083333333334 0.375
vt 0.7604166666666666 0.375
vt 0.765625 0.375
vt 0.7708333333333334 0.375
vt 0.7760416666666666 0.375
vt 0.78125 0.375
vt 0.7864583333333334 0.375
vt 0.7916666666666666 0.375
vt 0.796875 0.375
vt 0.8020833333333334 0.375
vt 0.8072916666666666 0.375
vt 0.8125 0.375
vt 0.8177083333333334 0.375
vt 0.8229166666666666 0.375
vt 0.828125 0.375
vt 0.8333333333333334 0.375
vt 0.8385416666666666 0.375
vt 0.84375 0.375
vt 0.8489583333333334 0.375
vt 0.8541666666666666 0.375
vt 0.859375 0.375
vt 0.8645833333333334 0.375
vt 0.8697916666666666 0.375
vt 0.875 0.375
vt 0.8802083333333334 0.375
vt 0.8854166666666666 0.375
vt 0.890625 0.375
vt 0.8958333333333334 0.375
vt 0.9010416666666666 0.375
vt 0.90625 0.375
vt 0.9114583333333334 0.375
vt 0.9166666666666666 0.375
vt 0.921875 0.375
vt 0.9270833333333334 0.375
vt 0.9322916666666666 0.375
vt 0.9375 0.375
vt 0.9427083333333334 0.375
vt 0.9479166666666666 0.375
vt 0.953125 0.375
vt 0.9583333333333334 0.375
vt 0.9635416666666666 0.375
vt 0.96875 0.375
vt 0.9739583333333334 0.375
vt 0.9791666666666666 0.375
vt 0.984375 0.375
vt 0.9895833333333334 0.375
vt 0.9947916666666666 0.375
vt 1 0.375
vt 0 0.4375
vt 0.005208333333333333 0.4375
vt 0.010416666666666666 0.4375
vt 0.015625 0.4375
vt 0.020833333333333332 0.4375
vt 0.026041666666666668 0.4375
vt 0.03125 0.4375
vt 0.036458333333333336 0.4375
vt 0.041666666666666664 0.4375
vt 0.046875 0.4375
vt 0.052083333333333336 0.4375
vt 0.057291666666666664 0.4375
vt 0.0625 0.4375
vt 0.06770833333333333 0.4375
vt 0.07291666666666667 0.4375
vt 0.078125 0.4375
vt 0.08333333333333333 0.4375
vt 0.08854166666666667 0.4375
vt 0.09375 0.4375
vt 0.09895833333333333 0.4375
vt 0.10416666666666667 0.4375
vt 0.109375 0.4375
vt 0.11458333333333333 0.4375
vt 0.11979166666666667 0.4375
vt 0.125 0.4375
vt 0.13020833333333334 0.4375
vt 0.13541666666666666 0.4375
vt 0.140625 0.4375
vt 0.14583333333333334 0.4375
vt 0.15104166666666666 0.4375
vt 0.15625 0.4375
vt 0.16145833333333334 0.4375
vt 0.16666666666666666 0.4375
vt 0.171875 0.4375
vt 0.17708333333333334 0.4375
vt 0.18229166666666666 0.4375
vt 0.1875 0.4375
vt 0.19270833333333334 0.4375
vt 0.19791666666666666 0.4375
vt 0.203125 0.4375
vt 0.20833333333333334 0.4375
vt 0.21354166666666666 0.4375
vt 0.21875 0.4375
vt 0.22395833333333334 0.4375
vt 0.22916666666666666 0.4375
vt 0.234375 0.4375
vt 0.23958333333333334 0.4375
vt 0.24479166666666666 0.4375
vt 0.25 0.4375
vt 0.2552083333333333 0.4375
vt 0.2604166666666667 0.4375
vt 0.265625 0.4375
vt 0.2708333333333333 0.4375
vt 0.2760416666666667 0.4375
vt 0.28125 0.4375
vt 0.2864583333333333 0.4375
vt 0.2916666666666667 0.4375
vt 0.296875 0.4375
vt 0.3020833333333333 0.4375
vt 0.3072916666666667 0.4375
vt 0.3125 0.4375
vt 0.3177083333333333 0.4375
vt 0.3229166666666667 0.4375
vt 0.328125 0.4375
vt 0.3333333333333333 0.4375
vt 0.3385416666666667 0.4375
vt 0.34375 0.4375
vt 0.3489583333333333 0.4375
vt 0.3541666666666667 0.4375
vt 0.359375 0.4375
vt 0.3645833333333333 0.4375
vt 0.3697916666666667 0.4375
vt 0.375 0.4375
vt 0.3802083333333333 0.4375
vt 0.3854166666666667 0.4375
vt 0.390625 0.4375
vt 0.3958333333333333 0.4375
vt 0.4010416666666667 0.4375
vt 0.40625 0.4375
vt 0.4114583333333333 0.4375
vt 0.4166666666666667 0.4375
vt 0.421875 0.4375
vt 0.4270833333333333 0.4375
vt 0.4322916666666667 0.4375
vt 0.4375 0.4375
vt 0.4427083333333333 0.4375
vt 0.4479166666666667 0.4375
vt 0.453125 0.4375
vt 0.4583333333333333 0.4375
vt 0.4635416666666667 0.4375
vt 0.46875 0.4375
vt 0.4739583333333333 0.4375
vt 0.4791666666666667 0.4375
vt 0.484375 0.4375
vt 0.4895833333333333 0.4375
vt 0.4947916666666667 0.4375
vt 0.5 0.4375
vt 0.5052083333333334 0.4375
vt 0.5104166666666666 0.4375
vt 0.515625 0.4375
vt 0.5208333333333334 0.4375
vt 0.5260416666666666 0.4375
vt 0.53125 0.4375
vt 0.5364583333333334 0.4375
vt 0.5416666666666666 0.4375
vt 0.546875 0.4375
vt 0.5520833333333334 0.4375
vt 0.5572916666666666 0.4375
vt 0.5625 0.4375
vt 0.5677083333333334 0.4375
vt 0.5729166666666666 0.4375
vt 0.578125 0.4375
vt 0.5833333333333334 0.4375
vt 0.5885416666666666 0.4375
vt 0.59375 0.4375
vt 0.5989583333333334 0.4375
vt 0.6041666666666666 0.4375
vt 0.609375 0.4375
vt 0.6145833333333334 0.4375
vt 0.6197916666666666 0.4375
vt 0.625 0.4375
vt 0.6302083333333334 0.4375
vt 0.6354166666666666 0.4375
vt 0.640625 0.4375
vt 0.6458333333333334 0.4375
vt 0.6510416666666666 0.4375
vt 0.65625 0.4375
vt 0.6614583333333334 0.4375
vt 0.6666666666666666 0.4375
vt 0.671875 0.4375
vt 0.6770833333333334 0.4375
vt 0.6822916666666666 0.4375
vt 0.6875 0.4375
vt 0.6927083333333334 0.4375
vt 0.6979166666666666 0.4375
vt 0.703125 0.4375
vt 0.7083333333333334 0.4375
vt 0.7135416666666666 0.4375
vt 0.71875 0.4375
vt 0.7239583333333334 0.4375
vt 0.7291666666666666 0.4375
vt 0.734375 0.4375
vt 0.7395833333333334 0.4375
vt 0.7447916666666666 0.4375
vt 0.75 0.4375
vt 0.7552083333333334 0.4375
vt 0.7604166666666666 0.4375
vt 0.765625 0.4375
vt 0.7708333333333334 0.4375
vt 0.7760416666666666 0.4375
vt 0.78125 0.4375
vt 0.7864583333333334 0.4375
vt 0.7916666666666666 0.4375
vt 0.796875 0.4375
vt 0.8020833333333334 0.4375
vt 0.8072916666666666 0.4375
vt 0.8125 0.4375
vt 0.8177083333333334 0.4375
vt 0.8229166666666666 0.4375
vt 0.828125 0.4375
vt 0.8333333333333334 0.4375
vt 0.8385416666666666 0.4375
vt 0.84375 0.4375
vt 0.8489583333333334 0.4375
vt 0.8541666666666666 0.4375
vt 0.859375 0.4375
vt 0.8645833333333334 0.4375
vt 0.8697916666666666 0.4375
vt 0.875 0.4375
vt 0.8802083333333334 0.4375
vt 0.8854166666666666 0.4375
vt 0.890625 0.4375
vt 0.8958333333333334 0.4375
vt 0.9010416666666666 0.4375
vt 0.90625 0.4375
vt 0.9114583333333334 0.4375
vt 0.9166666666666666 0.4375
vt 0.921875 0.4375
vt 0.9270833333333334 0.4375
vt 0.9322916666666666 0.4375
vt 0.9375 0.4375
vt 0.9427083333333334 0.4375
vt 0.9479166666666666 0.4375
vt 0.953125 0.4375
vt 0.9583333333333334 0.4375
vt 0.9635416666666666 0.4375
vt 0.96875 0.4375
vt 0.9739583333333334 0.4375
vt 0.9791666666666666 0.4375
vt 0.984375 0.4375
vt 0.9895833333333334 0.4375
vt 0.9947916666666666 0.4375
vt 1 0.4375
vt 0 0.5
vt 0.005208333333333333 0.5
vt 0.010416666666666666 0.5
vt 0.015625 0.5
vt 0.020833333333333332 0.5
vt 0.026041666666666668 0.5
vt 0.03125 0.5
vt 0.036458333333333336 0.5
vt 0.041666666666666664 0.5
vt 0.046875 0.5
vt 0.052083333333333336 0.5
vt 0.057291666666666664 0.5
vt 0.0625 0.5
vt 0.06770833333333333 0.5
vt 0.07291666666666667 0.5
vt 0.078125 0.5
vt 0.08333333333333333 0.5
vt 0.08854166666666667 0.5
vt 0.09375 0.5
vt 0.09895833333333333 0.5
vt 0.10416666666666667 0.5
vt 0.109375 0.5
vt 0.11458333333333333 0.5
vt 0.11979166666666667 0.5
vt 0.125 0.5
vt 0.13020833333333334 0.5
vt 0.13541666666666666 0.5
vt 0.140625 0.5
vt 0.14583333333333334 0.5
vt 0.15104166666666666 0.5
vt 0.15625 0.5
vt 0.16145833333333334 0.5
vt 0.16666666666666666 0.5
vt 0.171875 0.5
vt 0.17708333333333334 0.5
vt 0.18229166666666666 0.5
vt 0.1875 0.5
vt 0.19270833333333334 0.5
vt 0.19791666666666666 0.5
vt 0.203125 0.5
vt 0.20833333333333334 0.5
vt 0.21354166666666666 0.5
vt 0.21875 0.5
vt 0.22395833333333334 0.5
vt 0.22916666666666666 0.5
vt 0.234375 0.5
vt 0.23958333333333334 0.5
vt 0.24479166666666666 0.5
vt 0.25 0.5
vt 0.2552083333333333 0.5
vt 0.2604166666666667 0.5
vt 0.265625 0.5
vt 0.2708333333333333 0.5
vt 0.2760416666666667 0.5
vt 0.28125 0.5
vt 0.2864583333333333 0.5
vt 0.2916666666666667 0.5
vt 0.296875 0.5
vt 0.3020833333333333 0.5
vt 0.3072916666666667 0.5
vt 0.3125 0.5
vt 0.3177083333333333 0.5
vt 0.3229166666666667 0.5
vt 0.328125 0.5
vt 0.3333333333333333 0.5
vt 0.3385416666666667 0.5
vt 0.34375 0.5
vt 0.3489583333333333 0.5
vt 0.3541666666666667 0.5
vt 0.359375 0.5
vt 0.3645833333333333 0.5
vt 0.3697916666666667 0.5
vt 0.375 0.5
vt 0.3802083333333333 0.5
vt 0.3854166666666667 0.5
vt 0.390625 0.5
vt 0.3958333333333333 0.5
vt 0.4010416666666667 0.5
vt 0.40625 0.5
vt 0.4114583333333333 0.5
vt 0.4166666666666667 0.5
vt 0.421875 0.5
vt 0.4270833333333333 0.5
vt 0.4322916666666667 0.5
vt 0.4375 0.5
vt 0.4427083333333333 0.5
vt 0.4479166666666667 0.5
vt 0.453125 0.5
vt 0.4583333333333333 0.5
vt 0.4635416666666667 0.5
vt 0.46875 0.5
vt 0.4739583333333333 0.5
vt 0.4791666666666667 0.5
vt 0.484375 0.5
vt 0.4895833333333333 0.5
vt 0.4947916666666667 0.5
vt 0.5 0.5
vt 0.5052083333333334 0.5
vt 0.5104166666666666 0.5
vt 0.515625 0.5
vt 0.5208333333333334 0.5
vt 0.5260416666666666 0.5
vt 0.53125 0.5
vt 0.5364583333333334 0.5
vt 0.5416666666666666 0.5
vt 0.546875 0.5
vt 0.5520833333333334 0.5
vt 0.5572916666666666 0.5
vt 0.5625 0.5
vt 0.5677083333333334 0.5
vt 0.5729166666666666 0.5
vt 0.578125 0.5
vt 0.5833333333333334 0.5
vt 0.5885416666666666 0.5
vt 0.59375 0.5
vt 0.5989583333333334 0.5
vt 0.6041666666666666 0.5
vt 0.609375 0.5
vt 0.6145833333333334 0.5
vt 0.6197916666666666 0.5
vt 0.625 0.5
vt 0.6302083333333334 0.5
vt 0.6354166666666666 0.5
vt 0.640625 0.5
vt 0.6458333333333334 0.5
vt 0.6510416666666666 0.5
vt 0.65625 0.5
vt 0.6614583333333334 0.5
vt 0.6666666666666666 0.5
vt 0.671875 0.5
vt 0.6770833333333334 0.5
vt 0.6822916666666666 0.5
vt 0.6875 0.5
vt 0.6927083333333334 0.5
vt 0.6979166666666666 0.5
vt 0.703125 0.5
vt 0.7083333333333334 0.5
vt 0.7135416666666666 0.5
vt 0.71875 0.5
vt 0.7239583333333334 0.5
vt 0.7291666666666666 0.5
vt 0.734375 0.5
vt 0.7395833333333334 0.5
vt 0.7447916666666666 0.5
vt 0.75 0.5
vt 0.7552083333333334 0.5
vt 0.7604166666666666 0.5
vt 0.765625 0.5
vt 0.7708333333333334 0.5
vt 0.7760416666666666 0.5
vt 0.78125 0.5
vt 0.7864583333333334 0.5
vt 0.7916666666666666 0.5
vt 0.796875 0.5
vt 0.8020833333333334 0.5
vt 0.8072916666666666 0.5
vt 0.8125 0.5
vt 0.8177083333333334 0.5
vt 0.8229166666666666 0.5
vt 0.828125 0.5
vt 0.8333333333333334 0.5
vt 0.8385416666666666 0.5
vt 0.84375 0.5
vt 0.8489583333333334 0.5
vt 0.8541666666666666 0.5
vt 0.859375 0.5
vt 0.8645833333333334 0.5
vt 0.8697916666666666 0.5
vt 0.875 0.5
vt 0.8802083333333334 0.5
vt 0.8854166666666666 0.5
vt 0.890625 0.5
vt 0.8958333333333334 0.5
vt 0.9010416666666666 0.5
vt 0.90625 0.5
vt 0.9114583333333334 0.5
vt 0.9166666666666666 0.5
vt 0.921875 0.5
vt 0.9270833333333334 0.5
vt 0.9322916666666666 0.5
vt 0.9375 0.5
vt 0.9427083333333334 0.5
vt 0.9479166666666666 0.5
vt 0.953125 0.5
vt 0.9583333333333334 0.5
vt 0.9635416666666666 0.5
vt 0.96875 0.5
vt 0.9739583333333334 0.5
vt 0.9791666666666666 0.5
vt 0.984375 0.5
vt 0.9895833333333334 0.5
vt 0.9947916666666666 0.5
vt 1 0.5
vt 0 0.5625
vt 0.005208333333333333 0.5625
vt 0.010416666666666666 0.5625
vt 0.015625 0.5625
vt 0.020833333333333332 0.5625
vt 0.026041666666666668 0.5625
vt 0.03125 0.5625
vt 0.036458333333333336 0.5625
vt 0.041666666666666664 0.5625
vt 0.046875 0.5625
vt 0.052083333333333336 0.5625
vt 0.057291666666666664 0.5625
vt 0.0625 0.5625
vt 0.06770833333333333 0.5625
vt 0.07291666666666667 0.5625
vt 0.078125 0.5625
vt 0.08333333333333333 0.5625
vt 0.08854166666666667 0.5625
vt 0.09375 0.5625
vt 0.09895833333333333 0.5625
vt 0.10416666666666667 0.5625
vt 0.109375 0.5625
vt 0.11458333333333333 0.5625
vt 0.11979166666666667 0.5625
vt 0.125 0.5625
vt 0.13020833333333334 0.5625
vt 0.13541666666666666 0.5625
vt 0.140625 0.5625
vt 0.14583333333333334 0.5625
vt 0.15104166666666666 0.5625
vt 0.15625 0.5625
vt 0.16145833333333334 0.5625
vt 0.16666666666666666 0.5625
vt 0.171875 0.5625
vt 0.17708333333333334 0.5625
vt 0.18229166666666666 0.5625
vt 0.1875 0.5625
vt 0.19270833333333334 0.5625
vt 0.19791666666666666 0.5625
vt 0.203125 0.5625
vt 0.20833333333333334 0.5625
vt 0.21354166666666666 0.5625
vt 0.21875 0.5625
vt 0.22395833333333334 0.5625
vt 0.22916666666666666 0.5625
vt 0.234375 0.5625
vt 0.23958333333333334 0.5625
vt 0.24479166666666666 0.5625
vt 0.25 0.5625
vt 0.2552083333333333 0.5625
vt 0.2604166666666667 0.5625
vt 0.265625 0.5625
vt 0.2708333333333333 0.5625
vt 0.2760416666666667 0.5625
vt 0.28125 0.5625
vt 0.2864583333333333 0.5625
vt 0.2916666666666667 0.5625
vt 0.296875 0.5625
vt 0.3020833333333333 0.5625
vt 0.3072916666666667 0.5625
vt 0.3125 0.5625
vt 0.3177083333333333 0.5625
vt 0.3229166666666667 0.5625
vt 0.328125 0.5625
vt 0.3333333333333333 0.5625
vt 0.3385416666666667 0.5625
vt 0.34375 0.5625
vt 0.3489583333333333 0.5625
vt 0.3541666666666667 0.5625
vt 0.359375 0.5625
vt 0.3645833333333333 0.5625
vt 0.3697916666666667 0.5625
vt 0.375 0.5625
vt 0.3802083333333333 0.5625
vt 0.3854166666666667 0.5625
vt 0.390625 0.5625
vt 0.3958333333333333 0.5625
vt 0.4010416666666667 0.5625
vt 0.40625 0.5625
vt 0.4114583333333333 0.5625
vt 0.4166666666666667 0.5625
vt 0.421875 0.5625
vt 0.4270833333333333 0.5625
vt 0.4322916666666667 0.5625
vt 0.4375 0.5625
vt 0.4427083333333333 0.5625
vt 0.4479166666666667 0.5625
vt 0.453125 0.5625
vt 0.4583333333333333 0.5625
vt 0.4635416666666667 0.5625
vt 0.46875 0.5625
vt 0.4739583333333333 0.5625
vt 0.4791666666666667 0.5625
vt 0.484375 0.5625
vt 0.4895833333333333 0.5625
vt 0.4947916666666667 0.5625
vt 0.5 0.5625
vt 0.5052083333333334 0.5625
vt 0.5104166666666666 0.5625
vt 0.515625 0.5625
vt 0.5208333333333334 0.5625
vt 0.5260416666666666 0.5625
vt 0.53125 0.5625
vt 0.5364583333333334 0.5625
vt 0.5416666666666666 0.5625
vt 0.546875 0.5625
vt 0.5520833333333334 0.5625
vt 0.5572916666666666 0.5625
vt 0.5625 0.5625
vt 0.5677083333333334 0.5625
vt 0.5729166666666666 0.5625
vt 0.578125 0.5625
vt 0.5833333333333334 0.5625
vt 0.5885416666666666 0.5625
vt 0.59375 0.5625
vt 0.5989583333333334 0.5625
vt 0.6041666666666666 0.5625
vt 0.609375 0.5625
vt 0.6145833333333334 0.5625
vt 0.6197916666666666 0.5625
vt 0.625 0.5625
vt 0.6302083333333334 0.5625
vt 0.6354166666666666 0.5625
vt 0.640625 0.5625
vt 0.6458333333333334 0.5625
vt 0.6510416666666666 0.5625
vt 0.65625 0.5625
vt 0.6614583333333334 0.5625
vt 0.6666666666666666 0.5625
vt 0.671875 0.5625
vt 0.6770833333333334 0.5625
vt 0.6822916666666666 0.5625
vt 0.6875 0.5625
vt 0.6927083333333334 0.5625
vt 0.6979166666666666 0.5625
vt 0.703125 0.5625
vt 0.7083333333333334 0.5625
vt 0.7135416666666666 0.5625
vt 0.71875 0.5625
vt 0.7239583333333334 0.5625
vt 0.7291666666666666 0.5625
vt 0.734375 0.5625
vt 0.7395833333333334 0.5625
vt 0.7447916666666666 0.5625
vt 0.75 0.5625
vt 0.7552083333333334 0.5625
vt 0.7604166666666666 0.5625
vt 0.765625 0.5625
vt 0.7708333333333334 0.5625
vt 0.7760416666666666 0.5625
vt 0.78125 0.5625
vt 0.7864583333333334 0.5625
vt 0.7916666666666666 0.5625
vt 0.796875 0.5625
vt 0.8020833333333334 0.5625
vt 0.8072916666666666 0.5625
vt 0.8125 0.5625
vt 0.8177083333333334 0.5625
vt 0.8229166666666666 0.5625
vt 0.828125 0.5625
vt 0.8333333333333334 0.5625
vt 0.8385416666666666 0.5625
vt 0.84375 0.5625
vt 0.8489583333333334 0.5625
vt 0.8541666666666666 0.5625
vt 0.859375 0.5625
vt 0.8645833333333334 0.5625
vt 0.8697916666666666 0.5625
vt 0.875 0.5625
vt 0.8802083333333334 0.5625
vt 0.8854166666666666 0.5625
vt 0.890625 0.5625
vt 0.8958333333333334 0.5625
vt 0.9010416666666666 0.5625
vt 0.90625 0.5625
vt 0.9114583333333334 0.5625
vt 0.9166666666666666 0.5625
vt 0.921875 0.5625
vt 0.9270833333333334 0.5625
vt 0.9322916666666666 0.5625
vt 0.9375 0.5625
vt 0.9427083333333334 0.5625
vt 0.9479166666666666 0.5625
vt 0.953125 0.5625
vt 0.9583333333333334 0.5625
vt 0.9635416666666666 0.5625
vt 0.96875 0.5625
vt 0.9739583333333334 0.5625
vt 0.9791666666666666 0.5625
vt 0.984375 0.5625
vt 0.9895833333333334 0.5625
vt 0.9947916666666666 0.5625
vt 1 0.5625
vt 0 0.625
vt 0.005208333333333333 0.625
vt 0.010416666666666666 0.625
vt 0.015625 0.625
vt 0.020833333333333332 0.625
vt 0.026041666666666668 0.625
vt 0.03125 0.625
vt 0.036458333333333336 0.625
vt 0.041666666666666664 0.625
vt 0.046875 0.625
vt 0.052083333333333336 0.625
vt 0.057291666666666664 0.625
vt 0.0625 0.625
vt 0.06770833333333333 0.625
vt 0.07291666666666667 0.625
vt 0.078125 0.625
vt 0.08333333333333333 0.625
vt 0.08854166666666667 0.625
vt 0.09375 0.625
vt 0.09895833333333333 0.625
vt 0.10416666666666667 0.625
vt 0.109375 0.625
vt 0.11458333333333333 0.625
vt 0.11979166666666667 0.625
vt 0.125 0.625
vt 0.13020833333333334 0.625
vt 0.13541666666666666 0.625
vt 0.140625 0.625
vt 0.14583333333333334 0.625
vt 0.15104166666666666 0.625
vt 0.15625 0.625
vt 0.16145833333333334 0.625
vt 0.16666666666666666 0.625
vt 0.171875 0.625
vt 0.17708333333333334 0.625
vt 0.18229166666666666 0.625
vt 0.1875 0.625
vt 0.19270833333333334 0.625
vt 0.19791666666666666 0.625
vt 0.203125 0.625
vt 0.20833333333333334 0.625
vt 0.21354166666666666 0.625
vt 0.21875 0.625
vt 0.22395833333333334 0.625
vt 0.22916666666666666 0.625
vt 0.234375 0.625
vt 0.23958333333333334 0.625
vt 0.24479166666666666 0.625
vt 0.25 0.625
vt 0.2552083333333333 0.625
vt 0.2604166666666667 0.625
vt 0.265625 0.625
vt 0.2708333333333333 0.625
vt 0.2760416666666667 0.625
vt 0.28125 0.625
vt 0.2864583333333333 0.625
vt 0.2916666666666667 0.625
vt 0.296875 0.625
vt 0.3020833333333333 0.625
vt 0.3072916666666667 0.625
vt 0.3125 0.625
vt 0.3177083333333333 0.625
vt 0.3229166666666667 0.625
vt 0.328125 0.625
vt 0.3333333333333333 0.625
vt 0.3385416666666667 0.625
vt 0.34375 0.625
vt 0.3489583333333333 0.625
vt 0.3541666666666667 0.625
vt 0.359375 0.625
vt 0.3645833333333333 0.625
vt 0.3697916666666667 0.625
vt 0.375 0.625
vt 0.3802083333333333 0.625
vt 0.3854166666666667 0.625
vt 0.390625 0.625
vt 0.3958333333333333 0.625
vt 0.4010416666666667 0.625
vt 0.40625 0.625
vt 0.4114583333333333 0.625
vt 0.4166666666666667 0.625
vt 0.421875 0.625
vt 0.4270833333333333 0.625
vt 0.4322916666666667 0.625
vt 0.4375 0.625
vt 0.4427083333333333 0.625
vt 0.4479166666666667 0.625
vt 0.453125 0.625
vt 0.4583333333333333 0.625
vt 0.4635416666666667 0.625
vt 0.46875 0.625
vt 0.4739583333333333 0.625
vt 0.4791666666666667 0.625
vt 0.484375 0.625
vt 0.4895833333333333 0.625
vt 0.4947916666666667 0.625
vt 0.5 0.625
vt 0.5052083333333334 0.625
vt 0.5104166666666666 0.625
vt 0.515625 0.625
vt 0.5208333333333334 0.625
vt 0.5260416666666666 0.625
vt 0.53125 0.625
vt 0.5364583333333334 0.625
vt 0.5416666666666666 0.625
vt 0.546875 0.625
vt 0.5520833333333334 0.625
vt 0.5572916666666666 0.625
vt 0.5625 0.625
vt 0.5677083333333334 0.625
vt 0.5729166666666666 0.625
vt 0.578125 0.625
vt 0.5833333333333334 0.625
vt 0.5885416666666666 0.625
vt 0.59375 0.625
vt 0.5989583333333334 0.625
vt 0.6041666666666666 0.625
vt 0.609375 0.625
vt 0.6145833333333334 0.625
vt 0.6197916666666666 0.625
vt 0.625 0.625
vt 0.6302083333333334 0.625
vt 0.6354166666666666 0.625
vt 0.640625 0.625
vt 0.6458333333333334 0.625
vt 0.6510416666666666 0.625
vt 0.65625 0.625
vt 0.6614583333333334 0.625
vt 0.6666666666666666 0.625
vt 0.671875 0.625
vt 0.6770833333333334 0.625
vt 0.6822916666666666 0.625
vt 0.6875 0.625
vt 0.6927083333333334 0.625
vt 0.6979166666666666 0.625
vt 0.703125 0.625
vt 0.7083333333333334 0.625
vt 0.7135416666666666 0.625
vt 0.71875 0.625
vt 0.7239583333333334 0.625
vt 0.7291666666666666 0.625
vt 0.734375 0.625
vt 0.7395833333333334 0.625
vt 0.7447916666666666 0.625
vt 0.75 0.625
vt 0.7552083333333334 0.625
vt 0.7604166666666666 0.625
vt 0.765625 0.625
vt 0.7708333333333334 0.625
vt 0.7760416666666666 0.625
vt 0.78125 0.625
vt 0.7864583333333334 0.625
vt 0.7916666666666666 0.625
vt 0.796875 0.625
vt 0.8020833333333334 0.625
vt 0.8072916666666666 0.625
vt 0.8125 0.625
vt 0.8177083333333334 0.625
vt 0.8229166666666666 0.625
vt 0.828125 0.625
vt 0.8333333333333334 0.625
vt 0.8385416666666666 0.625
vt 0.84375 0.625
vt 0.8489583333333334 0.625
vt 0.8541666666666666 0.625
vt 0.859375 0.625
vt 0.8645833333333334 0.625
vt 0.8697916666666666 0.625
vt 0.875 0.625
vt 0.8802083333333334 0.625
vt 0.8854166666666666 0.625
vt 0.890625 0.625
vt 0.8958333333333334 0.625
vt 0.9010416666666666 0.625
vt 0.90625 0.625
vt 0.9114583333333334 0.625
vt 0.9166666666666666 0.625
vt 0.921875 0.625
vt 0.9270833333333334 0.625
vt 0.9322916666666666 0.625
vt 0.9375 0.625
vt 0.9427083333333334 0.625
vt 0.9479166666666666 0.625
vt 0.953125 0.625
vt 0.9583333333333334 0.625
vt 0.9635416666666666 0.625
vt 0.96875 0.625
vt 0.9739583333333334 0.625
vt 0.9791666666666666 0.625
vt 0.984375 0.625
vt 0.9895833333333334 0.625
vt 0.9947916666666666 0.625
vt 1 0.625
vt 0 0.6875
vt 0.005208333333333333 0.6875
vt 0.010416666666666666 0.6875
vt 0.015625 0.6875
vt 0.020833333333333332 0.6875
vt 0.026041666666666668 0.6875
vt 0.03125 0.6875
vt 0.036458333333333336 0.6875
vt 0.041666666666666664 0.6875
vt 0.046875 0.6875
vt 0.052083333333333336 0.6875
vt 0.057291666666666664 0.6875
vt 0.0625 0.6875
vt 0.06770833333333333 0.6875
vt 0.07291666666666667 0.6875
vt 0.078125 0.6875
vt 0.08333333333333333 0.6875
vt 0.08854166666666667 0.6875
vt 0.09375 0.6875
vt 0.09895833333333333 0.6875
vt 0.10416666666666667 0.6875
vt 0.109375 0.6875
vt 0.11458333333333333 0.6875
vt 0.11979166666666667 0.6875
vt 0.125 0.6875
vt 0.13020833333333334 0.6875
vt 0.13541666666666666 0.6875
vt 0.140625 0.6875
vt 0.14583333333333334 0.6875
vt 0.15104166666666666 0.6875
vt 0.15625 0.6875
vt 0.16145833333333334 0.6875
vt 0.16666666666666666 0.6875
vt 0.171875 0.6875
vt 0.17708333333333334 0.6875
vt 0.18229166666666666 0.6875
vt 0.1875 0.6875
vt 0.19270833333333334 0.6875
vt 0.19791666666666666 0.6875
vt 0.203125 0.6875
vt 0.20833333333333334 0.6875
vt 0.21354166666666666 0.6875
vt 0.21875 0.6875
vt 0.22395833333333334 0.6875
vt 0.22916666666666666 0.6875
vt 0.234375 0.6875
vt 0.23958333333333334 0.6875
vt 0.24479166666666666 0.6875
vt 0.25 0.6875
vt 0.2552083333333333 0.6875
vt 0.2604166666666667 0.6875
vt 0.265625 0.6875
vt 0.2708333333333333 0.6875
vt 0.2760416666666667 0.6875
vt 0.28125 0.6875
vt 0.2864583333333333 0.6875
vt 0.2916666666666667 0.6875
vt 0.296875 0.6875
vt 0.3020833333333333 0.6875
vt 0.3072916666666667 0.6875
vt 0.3125 0.6875
vt 0.3177083333333333 0.6875
vt 0.3229166666666667 0.6875
vt 0.328125 0.6875
vt 0.3333333333333333 0.6875
vt 0.3385416666666667 0.6875
vt 0.34375 0.6875
vt 0.3489583333333333 0.6875
vt 0.3541666666666667 0.6875
vt 0.359375 0.6875
vt 0.3645833333333333 0.6875
vt 0.3697916666666667 0.6875
vt 0.375 0.6875
vt 0.3802083333333333 0.6875
vt 0.3854166666666667 0.6875
vt 0.390625 0.6875
vt 0.3958333333333333 0.6875
vt 0.4010416666666667 0.6875
vt 0.40625 0.6875
vt 0.4114583333333333 0.6875
vt 0.4166666666666667 0.6875
vt 0.421875 0.6875
vt 0.4270833333333333 0.6875
vt 0.4322916666666667 0.6875
vt 0.4375 0.6875
vt 0.4427083333333333 0.6875
vt 0.4479166666666667 0.6875
vt 0.453125 0.6875
vt 0.4583333333333333 0.6875
vt 0.4635416666666667 0.6875
vt 0.46875 0.6875
vt 0.4739583333333333 0.6875
vt 0.4791666666666667 0.6875
vt 0.484375 0.6875
vt 0.4895833333333333 0.6875
vt 0.4947916666666667 0.6875
vt 0.5 0.6875
vt 0.5052083333333334 0.6875
vt 0.5104166666666666 0.6875
vt 0.515625 0.6875
vt 0.5208333333333334 0.6875
vt 0.5260416666666666 0.6875
vt 0.53125 0.6875
vt 0.5364583333333334 0.6875
vt 0.5416666666666666 0.6875
vt 0.546875 0.6875
vt 0.5520833333333334 0.6875
vt 0.5572916666666666 0.6875
vt 0.5625 0.6875
vt 0.5677083333333334 0.6875
vt 0.5729166666666666 0.6875
vt 0.578125 0.6875
vt 0.5833333333333334 0.6875
vt 0.5885416666666666 0.6875
vt 0.59375 0.6875
vt 0.5989583333333334 0.6875
vt 0.6041666666666666 0.6875
vt 0.609375 0.6875
vt 0.6145833333333334 0.6875
vt 0.6197916666666666 0.6875
vt 0.625 0.6875
vt 0.6302083333333334 0.6875
vt 0.6354166666666666 0.6875
vt 0.640625 0.6875
vt 0.6458333333333334 0.6875
vt 0.6510416666666666 0.6875
vt 0.65625 0.6875
vt 0.6614583333333334 0.6875
vt 0.6666666666666666 0.6875
vt 0.671875 0.6875
vt 0.6770833333333334 0.6875
vt 0.6822916666666666 0.6875
vt 0.6875 0.6875
vt 0.6927083333333334 0.6875
vt 0.6979166666666666 0.6875
vt 0.703125 0.6875
vt 0.7083333333333334 0.6875
vt 0.7135416666666666 0.6875
vt 0.71875 0.6875
vt 0.7239583333333334 0.6875
vt 0.7291666666666666 0.6875
vt 0.734375 0.6875
vt 0.7395833333333334 0.6875
vt 0.7447916666666666 0.6875
vt 0.75 0.6875
vt 0.7552083333333334 0.6875
vt 0.7604166666666666 0.6875
vt 0.765625 0.6875
vt 0.7708333333333334 0.6875
vt 0.7760416666666666 0.6875
vt 0.78125 0.6875
vt 0.7864583333333334 0.6875
vt 0.7916666666666666 0.6875
vt 0.796875 0.6875
vt 0.8020833333333334 0.6875
vt 0.8072916666666666 0.6875
vt 0.8125 0.6875
vt 0.8177083333333334 0.6875
vt 0.8229166666666666 0.6875
vt 0.828125 0.6875
vt 0.8333333333333334 0.6875
vt 0.8385416666666666 0.6875
vt 0.84375 0.6875
vt 0.8489583333333334 0.6875
vt 0.8541666666666666 0.6875
vt 0.859375 0.6875
vt 0.8645833333333334 0.6875
vt 0.8697916666666666 0.6875
vt 0.875 0.6875
vt 0.8802083333333334 0.6875
vt 0.8854166666666666 0.6875
vt 0.890625 0.6875
vt 0.8958333333333334 0.6875
vt 0.9010416666666666 0.6875
vt 0.90625 0.6875
vt 0.9114583333333334 0.6875
vt 0.9166666666666666 0.6875
vt 0.921875 0.6875
vt 0.9270833333333334 0.6875
vt 0.9322916666666666 0.6875
vt 0.9375 0.6875
vt 0.9427083333333334 0.6875
vt 0.9479166666666666 0.6875
vt 0.953125 0.6875
vt 0.9583333333333334 0.6875
vt 0.9635416666666666 0.6875
vt 0.96875 0.6875
vt 0.9739583333333334 0.6875
vt 0.9791666666666666 0.6875
vt 0.984375 0.6875
vt 0.9895833333333334 0.6875
vt 0.9947916666666666 0.6875
vt 1 0.6875
vt 0 0.75
vt 0.005208333333333333 0.75
vt 0.010416666666666666 0.75
vt 0.015625 0.75
vt 0.020833333333333332 0.75
vt 0.026041666666666668 0.75
vt 0.03125 0.75
vt 0.036458333333333336 0.75
vt 0.041666666666666664 0.75
vt 0.046875 0.75
vt 0.052083333333333336 0.75
vt 0.057291666666666664 0.75
vt 0.0625 0.75
vt 0.06770833333333333 0.75
vt 0.07291666666666667 0.75
vt 0.078125 0.75
vt 0.08333333333333333 0.75
vt 0.08854166666666667 0.75
vt 0.09375 0.75
vt 0.09895833333333333 0.75
vt 0.10416666666666667 0.75
vt 0.109375 0.75
vt 0.11458333333333333 0.75
vt 0.11979166666666667 0.75
vt 0.125 0.75
vt 0.13020833333333334 0.75
vt 0.13541666666666666 0.75
vt 0.140625 0.75
vt 0.14583333333333334 0.75
vt 0.15104166666666666 0.75
vt 0.15625 0.75
vt 0.16145833333333334 0.75
vt 0.16666666666666666 0.75
vt 0.171875 0.75
vt 0.17708333333333334 0.75
vt 0.18229166666666666 0.75
vt 0.1875 0.75
vt 0.19270833333333334 0.75
vt 0.19791666666666666 0.75
vt 0.203125 0.75
vt 0.20833333333333334 0.75
vt 0.21354166666666666 0.75
vt 0.21875 0.75
vt 0.22395833333333334 0.75
vt 0.22916666666666666 0.75
vt 0.234375 0.75
vt 0.23958333333333334 0.75
vt 0.24479166666666666 0.75
vt 0.25 0.75
vt 0.2552083333333333 0.75
vt 0.2604166666666667 0.75
vt 0.265625 0.75
vt 0.2708333333333333 0.75
vt 0.2760416666666667 0.75
vt 0.28125 0.75
vt 0.2864583333333333 0.75
vt 0.2916666666666667 0.75
vt 0.296875 0.75
vt 0.3020833333333333 0.75
vt 0.3072916666666667 0.75
vt 0.3125 0.75
vt 0.3177083333333333 0.75
vt 0.3229166666666667 0.75
vt 0.328125 0.75
vt 0.3333333333333333 0.75
vt 0.3385416666666667 0.75
vt 0.34375 0.75
vt 0.3489583333333333 0.75
vt 0.3541666666666667 0.75
vt 0.359375 0.75
vt 0.3645833333333333 0.75
vt 0.3697916666666667 0.75
vt 0.375 0.75
vt 0.3802083333333333 0.75
vt 0.3854166666666667 0.75
vt 0.390625 0.75
vt 0.3958333333333333 0.75
vt 0.4010416666666667 0.75
vt 0.40625 0.75
vt 0.4114583333333333 0.75
vt 0.4166666666666667 0.75
vt 0.421875 0.75
vt 0.4270833333333333 0.75
vt 0.4322916666666667 0.75
vt 0.4375 0.75
vt 0.4427083333333333 0.75
vt 0.4479166666666667 0.75
vt 0.453125 0.75
vt 0.4583333333333333 0.75
vt 0.4635416666666667 0.75
vt 0.46875 0.75
vt 0.4739583333333333 0.75
vt 0.4791666666666667 0.75
vt 0.484375 0.75
vt 0.4895833333333333 0.75
vt 0.4947916666666667 0.75
vt 0.5 0.75
vt 0.5052083333333334 0.75
vt 0.5104166666666666 0.75
vt 0.515625 0.75
vt 0.5208333333333334 0.75
vt 0.5260416666666666 0.75
vt 0.53125 0.75
vt 0.5364583333333334 0.75
vt 0.5416666666666666 0.75
vt 0.546875 0.75
vt 0.5520833333333334 0.75
vt 0.5572916666666666 0.75
vt 0.5625 0.75
vt 0.5677083333333334 0.75
vt 0.5729166666666666 0.75
vt 0.578125 0.75
vt 0.5833333333333334 0.75
vt 0.5885416666666666 0.75
vt 0.59375 0.75
vt 0.5989583333333334 0.75
vt 0.6041666666666666 0.75
vt 0.609375 0.75
vt 0.6145833333333334 0.75
vt 0.6197916666666666 0.75
vt 0.625 0.75
vt 0.6302083333333334 0.75
vt 0.6354166666666666 0.75
vt 0.640625 0.75
vt 0.6458333333333334 0.75
vt 0.6510416666666666 0.75
vt 0.65625 0.75
vt 0.6614583333333334 0.75
vt 0.6666666666666666 0.75
vt 0.671875 0.75
vt 0.6770833333333334 0.75
vt 0.6822916666666666 0.75
vt 0.6875 0.75
vt 0.6927083333333334 0.75
vt 0.6979166666666666 0.75
vt 0.703125 0.75
vt 0.7083333333333334 0.75
vt 0.7135416666666666 0.75
vt 0.71875 0.75
vt 0.7239583333333334 0.75
vt 0.7291666666666666 0.75
vt 0.734375 0.75
vt 0.7395833333333334 0.75
vt 0.7447916666666666 0.75
vt 0.75 0.75
vt 0.7552083333333334 0.75
vt 0.7604166666666666 0.75
vt 0.765625 0.75
vt 0.7708333333333334 0.75
vt 0.7760416666666666 0.75
vt 0.78125 0.75
vt 0.7864583333333334 0.75
vt 0.7916666666666666 0.75
vt 0.796875 0.75
vt 0.8020833333333334 0.75
vt 0.8072916666666666 0.75
vt 0.8125 0.75
vt 0.8177083333333334 0.75
vt 0.8229166666666666 0.75
vt 0.828125 0.75
vt 0.8333333333333334 0.75
vt 0.8385416666666666 0.75
vt 0.84375 0.75
vt 0.8489583333333334 0.75
vt 0.8541666666666666 0.75
vt 0.859375 0.75
vt 0.8645833333333334 0.75
vt 0.8697916666666666 0.75
vt 0.875 0.75
vt 0.8802083333333334 0.75
vt 0.8854166666666666 0.75
vt 0.890625 0.75
vt 0.8958333333333334 0.75
vt 0.9010416666666666 0.75
vt 0.90625 0.75
vt 0.9114583333333334 0.75
vt 0.9166666666666666 0.75
vt 0.921875 0.75
vt 0.9270833333333334 0.75
vt 0.9322916666666666 0.75
vt 0.9375 0.75
vt 0.9427083333333334 0.75
vt 0.9479166666666666 0.75
vt 0.953125 0.75
vt 0.9583333333333334 0.75
vt 0.9635416666666666 0.75
vt 0.96875 0.75
vt 0.9739583333333334 0.75
vt 0.9791666666666666 0.75
vt 0.984375 0.75
vt 0.9895833333333334 0.75
vt 0.9947916666666666 0.75
vt 1 0.75
vt 0 0.8125
vt 0.005208333333333333 0.8125
vt 0.010416666666666666 0.8125
vt 0.015625 0.8125
vt 0.020833333333333332 0.8125
vt 0.026041666666666668 0.8125
vt 0.03125 0.8125
vt 0.036458333333333336 0.8125
vt 0.041666666666666664 0.8125
vt 0.046875 0.8125
vt 0.052083333333333336 0.8125
vt 0.057291666666666664 0.8125
vt 0.0625 0.8125
vt 0.06770833333333333 0.8125
vt 0.07291666666666667 0.8125
vt 0.078125 0.8125
vt 0.08333333333333333 0.8125
vt 0.08854166666666667 0.8125
vt 0.09375 0.8125
vt 0.09895833333333333 0.8125
vt 0.10416666666666667 0.8125
vt 0.109375 0.8125
vt 0.11458333333333333 0.8125
vt 0.11979166666666667 0.8125
vt 0.125 0.8125
vt 0.13020833333333334 0.8125
vt 0.13541666666666666 0.8125
vt 0.140625 0.8125
vt 0.14583333333333334 0.8125
vt 0.15104166666666666 0.8125
vt 0.15625 0.8125
vt 0.16145833333333334 0.8125
vt 0.16666666666666666 0.8125
vt 0.171875 0.8125
vt 0.17708333333333334 0.8125
vt 0.18229166666666666 0.8125
vt 0.1875 0.8125
vt 0.19270833333333334 0.8125
vt 0.19791666666666666 0.8125
vt 0.203125 0.8125
vt 0.20833333333333334 0.8125
vt 0.21354166666666666 0.8125
vt 0.21875 0.8125
vt 0.22395833333333334 0.8125
vt 0.22916666666666666 0.8125
vt 0.234375 0.8125
vt 0.23958333333333334 0.8125
vt 0.24479166666666666 0.8125
vt 0.25 0.8125
vt 0.2552083333333333 0.8125
vt 0.2604166666666667 0.8125
vt 0.265625 0.8125
vt 0.2708333333333333 0.8125
vt 0.2760416666666667 0.8125
vt 0.28125 0.8125
vt 0.2864583333333333 0.8125
vt 0.2916666666666667 0.8125
vt 0.296875 0.8125
vt 0.3020833333333333 0.8125
vt 0.3072916666666667 0.8125
vt 0.3125 0.8125
vt 0.3177083333333333 0.8125
vt 0.3229166666666667 0.8125
vt 0.328125 0.8125
vt 0.3333333333333333 0.8125
vt 0.3385416666666667 0.8125
vt 0.34375 0.8125
vt 0.3489583333333333 0.8125
vt 0.3541666666666667 0.8125
vt 0.359375 0.8125
vt 0.3645833333333333 0.8125
vt 0.3697916666666667 0.8125
vt 0.375 0.8125
vt 0.3802083333333333 0.8125
vt 0.3854166666666667 0.8125
vt 0.390625 0.8125
vt 0.3958333333333333 0.8125
vt 0.4010416666666667 0.8125
vt 0.40625 0.8125
vt 0.4114583333333333 0.8125
vt 0.4166666666666667 0.8125
vt 0.421875 0.8125
vt 0.4270833333333333 0.8125
vt 0.4322916666666667 0.8125
vt 0.4375 0.8125
vt 0.4427083333333333 0.8125
vt 0.4479166666666667 0.8125
vt 0.453125 0.8125
vt 0.4583333333333333 0.8125
vt 0.4635416666666667 0.8125
vt 0.46875 0.8125
vt 0.4739583333333333 0.8125
vt 0.4791666666666667 0.8125
vt 0.484375 0.8125
vt 0.4895833333333333 0.8125
vt 0.4947916666666667 0.8125
vt 0.5 0.8125
vt 0.5052083333333334 0.8125
vt 0.5104166666666666 0.8125
vt 0.515625 0.8125
vt 0.5208333333333334 0.8125
vt 0.5260416666666666 0.8125
vt 0.53125 0.8125
vt 0.5364583333333334 0.8125
vt 0.5416666666666666 0.8125
vt 0.546875 0.8125
vt 0.5520833333333334 0.8125
vt 0.5572916666666666 0.8125
vt 0.5625 0.8125
vt 0.5677083333333334 0.8125
vt 0.5729166666666666 0.8125
vt 0.578125 0.8125
vt 0.5833333333333334 0.8125
vt 0.5885416666666666 0.8125
vt 0.59375 0.8125
vt 0.5989583333333334 0.8125
vt 0.6041666666666666 0.8125
vt 0.609375 0.8125
vt 0.6145833333333334 0.8125
vt 0.6197916666666666 0.8125
vt 0.625 0.8125
vt 0.6302083333333334 0.8125
vt 0.6354166666666666 0.8125
vt 0.640625 0.8125
vt 0.6458333333333334 0.8125
vt 0.6510416666666666 0.8125
vt 0.65625 0.8125
vt 0.6614583333333334 0.8125
vt 0.6666666666666666 0.8125
vt 0.671875 0.8125
vt 0.6770833333333334 0.8125
vt 0.6822916666666666 0.8125
vt 0.6875 0.8125
vt 0.6927083333333334 0.8125
vt 0.6979166666666666 0.8125
vt 0.703125 0.8125
vt 0.7083333333333334 0.8125
vt 0.7135416666666666 0.8125
vt 0.71875 0.8125
vt 0.7239583333333334 0.8125
vt 0.7291666666666666 0.8125
vt 0.734375 0.8125
vt 0.7395833333333334 0.8125
vt 0.7447916666666666 0.8125
vt 0.75 0.8125
vt 0.7552083333333334 0.8125
vt 0.7604166666666666 0.8125
vt 0.765625 0.8125
vt 0.7708333333333334 0.8125
vt 0.7760416666666666 0.8125
vt 0.78125 0.8125
vt 0.7864583333333334 0.8125
vt 0.7916666666666666 0.8125
vt 0.796875 0.8125
vt 0.8020833333333334 0.8125
vt 0.8072916666666666 0.8125
vt 0.8125 0.8125
vt 0.8177083333333334 0.8125
vt 0.8229166666666666 0.8125
vt 0.828125 0.8125
vt 0.8333333333333334 0.8125
vt 0.8385416666666666 0.8125
vt 0.84375 0.8125
vt 0.8489583333333334 0.8125
vt 0.8541666666666666 0.8125
vt 0.859375 0.8125
vt 0.8645833333333334 0.8125
vt 0.8697916666666666 0.8125
vt 0.875 0.8125
vt 0.8802083333333334 0.8125
vt 0.8854166666666666 0.8125
vt 0.890625 0.8125
vt 0.8958333333333334 0.8125
vt 0.9010416666666666 0.8125
vt 0.90625 0.8125
vt 0.9114583333333334 0.8125
vt 0.9166666666666666 0.8125
vt 0.921875 0.8125
vt 0.9270833333333334 0.8125
vt 0.9322916666666666 0.8125
vt 0.9375 0.8125
vt 0.9427083333333334 0.8125
vt 0.9479166666666666 0.8125
vt 0.953125 0.8125
vt 0.9583333333333334 0.8125
vt 0.9635416666666666 0.8125
vt 0.96875 0.8125
vt 0.9739583333333334 0.8125
vt 0.9791666666666666 0.8125
vt 0.984375 0.8125
vt 0.9895833333333334 0.8125
vt 0.9947916666666666 0.8125
vt 1 0.8125
vt 0 0.875
vt 0.005208333333333333 0.875
vt 0.010416666666666666 0.875
vt 0.015625 0.875
vt 0.020833333333333332 0.875
vt 0.026041666666666668 0.875
vt 0.03125 0.875
vt 0.036458333333333336 0.875
vt 0.041666666666666664 0.875
vt 0.046875 0.875
vt 0.052083333333333336 0.875
vt 0.057291666666666664 0.875
vt 0.0625 0.875
vt 0.06770833333333333 0.875
vt 0.07291666666666667 0.875
vt 0.078125 0.875
vt 0.08333333333333333 0.875
vt 0.08854166666666667 0.875
vt 0.09375 0.875
vt 0.09895833333333333 0.875
vt 0.10416666666666667 0.875
vt 0.109375 0.875
vt 0.11458333333333333 0.875
vt 0.11979166666666667 0.875
vt 0.125 0.875
vt 0.13020833333333334 0.875
vt 0.13541666666666666 0.875
vt 0.140625 0.875
vt 0.14583333333333334 0.875
vt 0.15104166666666666 0.875
vt 0.15625 0.875
vt 0.16145833333333334 0.875
vt 0.16666666666666666 0.875
vt 0.171875 0.875
vt 0.17708333333333334 0.875
vt 0.18229166666666666 0.875
vt 0.1875 0.875
vt 0.19270833333333334 0.875
vt 0.19791666666666666 0.875
vt 0.203125 0.875
vt 0.20833333333333334 0.875
vt 0.21354166666666666 0.875
vt 0.21875 0.875
vt 0.22395833333333334 0.875
vt 0.22916666666666666 0.875
vt 0.234375 0.875
vt 0.23958333333333334 0.875
vt 0.24479166666666666 0.875
vt 0.25 0.875
vt 0.2552083333333333 0.875
vt 0.2604166666666667 0.875
vt 0.265625 0.875
vt 0.2708333333333333 0.875
vt 0.2760416666666667 0.875
vt 0.28125 0.875
vt 0.2864583333333333 0.875
vt 0.2916666666666667 0.875
vt 0.296875 0.875
vt 0.3020833333333333 0.875
vt 0.3072916666666667 0.875
vt 0.3125 0.875
vt 0.3177083333333333 0.875
vt 0.3229166666666667 0.875
vt 0.328125 0.875
vt 0.3333333333333333 0.875
vt 0.3385416666666667 0.875
vt 0.34375 0.875
vt 0.3489583333333333 0.875
vt 0.3541666666666667 0.875
vt 0.359375 0.875
vt 0.3645833333333333 0.875
vt 0.3697916666666667 0.875
vt 0.375 0.875
vt 0.3802083333333333 0.875
vt 0.3854166666666667 0.875
vt 0.390625 0.875
vt 0.3958333333333333 0.875
vt 0.4010416666666667 0.875
vt 0.40625 0.875
vt 0.4114583333333333 0.875
vt 0.4166666666666667 0.875
vt 0.421875 0.875
vt 0.4270833333333333 0.875
vt 0.4322916666666667 0.875
vt 0.4375 0.875
vt 0.4427083333333333 0.875
vt 0.4479166666666667 0.875
vt 0.453125 0.875
vt 0.4583333333333333 0.875
vt 0.4635416666666667 0.875
vt 0.46875 0.875
vt 0.4739583333333333 0.875
vt 0.4791666666666667 0.875
vt 0.484375 0.875
vt 0.4895833333333333 0.875
vt 0.4947916666666667 0.875
vt 0.5 0.875
vt 0.5052083333333334 0.875
vt 0.5104166666666666 0.875
vt 0.515625 0.875
vt 0.5208333333333334 0.875
vt 0.5260416666666666 0.875
vt 0.53125 0.875
vt 0.5364583333333334 0.875
vt 0.5416666666666666 0.875
vt 0.546875 0.875
vt 0.5520833333333334 0.875
vt 0.5572916666666666 0.875
vt 0.5625 0.875
vt 0.5677083333333334 0.875
vt 0.5729166666666666 0.875
vt 0.578125 0.875
vt 0.5833333333333334 0.875
vt 0.5885416666666666 0.875
vt 0.59375 0.875
vt 0.5989583333333334 0.875
vt 0.6041666666666666 0.875
vt 0.609375 0.875
vt 0.6145833333333334 0.875
vt 0.6197916666666666 0.875
vt 0.625 0.875
vt 0.6302083333333334 0.875
vt 0.6354166666666666 0.875
vt 0.640625 0.875
vt 0.6458333333333334 0.875
vt 0.6510416666666666 0.875
vt 0.65625 0.875
vt 0.6614583333333334 0.875
vt 0.6666666666666666 0.875
vt 0.671875 0.875
vt 0.6770833333333334 0.875
vt 0.6822916666666666 0.875
vt 0.6875 0.875
vt 0.6927083333333334 0.875
vt 0.6979166666666666 0.875
vt 0.703125 0.875
vt 0.7083333333333334 0.875
vt 0.7135416666666666 0.875
vt 0.71875 0.875
vt 0.7239583333333334 0.875
vt 0.7291666666666666 0.875
vt 0.734375 0.875
vt 0.7395833333333334 0.875
vt 0.7447916666666666 0.875
vt 0.75 0.875
vt 0.7552083333333334 0.875
vt 0.7604166666666666 0.875
vt 0.765625 0.875
vt 0.7708333333333334 0.875
vt 0.7760416666666666 0.875
vt 0.78125 0.875
vt 0.7864583333333334 0.875
vt 0.7916666666666666 0.875
vt 0.796875 0.875
vt 0.8020833333333334 0.875
vt 0.8072916666666666 0.875
vt 0.8125 0.875
vt 0.8177083333333334 0.875
vt 0.8229166666666666 0.875
vt 0.828125 0.875
vt 0.8333333333333334 0.875
vt 0.8385416666666666 0.875
vt 0.84375 0.875
vt 0.8489583333333334 0.875
vt 0.8541666666666666 0.875
vt 0.859375 0.875
vt 0.8645833333333334 0.875
vt 0.8697916666666666 0.875
vt 0.875 0.875
vt 0.8802083333333334 0.875
vt 0.8854166666666666 0.875
vt 0.890625 0.875
vt 0.8958333333333334 0.875
vt 0.9010416666666666 0.875
vt 0.90625 0.875
vt 0.9114583333333334 0.875
vt 0.9166666666666666 0.875
vt 0.921875 0.875
vt 0.9270833333333334 0.875
vt 0.9322916666666666 0.875
vt 0.9375 0.875
vt 0.9427083333333334 0.875
vt 0.9479166666666666 0.875
vt 0.953125 0.875
vt 0.9583333333333334 0.875
vt 0.9635416666666666 0.875
vt 0.96875 0.875
vt 0.9739583333333334 0.875
vt 0.9791666666666666 0.875
vt 0.984375 0.875
vt 0.9895833333333334 0.875
vt 0.9947916666666666 0.875
vt 1 0.875
vt 0 0.9375
vt 0.005208333333333333 0.9375
vt 0.010416666666666666 0.9375
vt 0.015625 0.9375
vt 0.020833333333333332 0.9375
vt 0.026041666666666668 0.9375
vt 0.03125 0.9375
vt 0.036458333333333336 0.9375
vt 0.041666666666666664 0.9375
vt 0.046875 0.9375
vt 0.052083333333333336 0.9375
vt 0.057291666666666664 0.9375
vt 0.0625 0.9375
vt 0.06770833333333333 0.9375
vt 0.07291666666666667 0.9375
vt 0.078125 0.9375
vt 0.08333333333333333 0.9375
vt 0.08854166666666667 0.9375
vt 0.09375 0.9375
vt 0.09895833333333333 0.9375
vt 0.10416666666666667 0.9375
vt 0.109375 0.9375
vt 0.11458333333333333 0.9375
vt 0.11979166666666667 0.9375
vt 0.125 0.9375
vt 0.13020833333333334 0.9375
vt 0.13541666666666666 0.9375
vt 0.140625 0.9375
vt 0.14583333333333334 0.9375
vt 0.15104166666666666 0.9375
vt 0.15625 0.9375
vt 0.16145833333333334 0.9375
vt 0.16666666666666666 0.9375
vt 0.171875 0.9375
vt 0.17708333333333334 0.9375
vt 0.18229166666666666 0.9375
vt 0.1875 0.9375
vt 0.19270833333333334 0.9375
vt 0.19791666666666666 0.9375
vt 0.203125 0.9375
vt 0.20833333333333334 0.9375
vt 0.21354166666666666 0.9375
vt 0.21875 0.9375
vt 0.22395833333333334 0.9375
vt 0.22916666666666666 0.9375
vt 0.234375 0.9375
vt 0.23958333333333334 0.9375
vt 0.24479166666666666 0.9375
vt 0.25 0.9375
vt 0.2552083333333333 0.9375
vt 0.2604166666666667 0.9375
vt 0.265625 0.9375
vt 0.2708333333333333 0.9375
vt 0.2760416666666667 0.9375
vt 0.28125 0.9375
vt 0.2864583333333333 0.9375
vt 0.2916666666666667 0.9375
vt 0.296875 0.9375
vt 0.3020833333333333 0.9375
vt 0.3072916666666667 0.9375
vt 0.3125 0.9375
vt 0.3177083333333333 0.9375
vt 0.3229166666666667 0.9375
vt 0.328125 0.9375
vt 0.3333333333333333 0.9375
vt 0.3385416666666667 0.9375
vt 0.34375 0.9375
vt 0.3489583333333333 0.9375
vt 0.3541666666666667 0.9375
vt 0.359375 0.9375
vt 0.3645833333333333 0.9375
vt 0.3697916666666667 0.9375
vt 0.375 0.9375
vt 0.3802083333333333 0.9375
vt 0.3854166666666667 0.9375
vt 0.390625 0.9375
vt 0.3958333333333333 0.9375
vt 0.4010416666666667 0.9375
vt 0.40625 0.9375
vt 0.4114583333333333 0.9375
vt 0.4166666666666667 0.9375
vt 0.421875 0.9375
vt 0.4270833333333333 0.9375
vt 0.4322916666666667 0.9375
vt 0.4375 0.9375
vt 0.4427083333333333 0.9375
vt 0.4479166666666667 0.9375
vt 0.453125 0.9375
vt 0.4583333333333333 0.9375
vt 0.4635416666666667 0.9375
vt 0.46875 0.9375
vt 0.4739583333333333 0.9375
vt 0.4791666666666667 0.9375
vt 0.484375 0.9375
vt 0.4895833333333333 0.9375
vt 0.4947916666666667 0.9375
vt 0.5 0.9375
vt 0.5052083333333334 0.9375
vt 0.5104166666666666 0.9375
vt 0.515625 0.9375
vt 0.5208333333333334 0.9375
vt 0.5260416666666666 0.9375
vt 0.53125 0.9375
vt 0.5364583333333334 0.9375
vt 0.5416666666666666 0.9375
vt 0.546875 0.9375
vt 0.5520833333333334 0.9375
vt 0.5572916666666666 0.9375
vt 0.5625 0.9375
vt 0.5677083333333334 0.9375
vt 0.5729166666666666 0.9375
vt 0.578125 0.9375
vt 0.5833333333333334 0.9375
vt 0.5885416666666666 0.9375
vt 0.59375 0.9375
vt 0.5989583333333334 0.9375
vt 0.6041666666666666 0.9375
vt 0.609375 0.9375
vt 0.6145833333333334 0.9375
vt 0.6197916666666666 0.9375
vt 0.625 0.9375
vt 0.6302083333333334 0.9375
vt 0.6354166666666666 0.9375
vt 0.640625 0.9375
vt 0.6458333333333334 0.9375
vt 0.6510416666666666 0.9375
vt 0.65625 0.9375
vt 0.6614583333333334 0.9375
vt 0.6666666666666666 0.9375
vt 0.671875 0.9375
vt 0.6770833333333334 0.9375
vt 0.6822916666666666 0.9375
vt 0.6875 0.9375
vt 0.6927083333333334 0.9375
vt 0.6979166666666666 0.9375
vt 0.703125 0.9375
vt 0.7083333333333334 0.9375
vt 0.7135416666666666 0.9375
vt 0.71875 0.9375
vt 0.7239583333333334 0.9375
vt 0.7291666666666666 0.9375
vt 0.734375 0.9375
vt 0.7395833333333334 0.9375
vt 0.7447916666666666 0.9375
vt 0.75 0.9375
vt 0.7552083333333334 0.9375
vt 0.7604166666666666 0.9375
vt 0.765625 0.9375
vt 0.7708333333333334 0.9375
vt 0.7760416666666666 0.9375
vt 0.78125 0.9375
vt 0.7864583333333334 0.9375
vt 0.7916666666666666 0.9375
vt 0.796875 0.9375
vt 0.8020833333333334 0.9375
vt 0.8072916666666666 0.9375
vt 0.8125 0.9375
vt 0.8177083333333334 0.9375
vt 0.8229166666666666 0.9375
vt 0.828125 0.9375
vt 0.8333333333333334 0.9375
vt 0.8385416666666666 0.9375
vt 0.84375 0.9375
vt 0.8489583333333334 0.9375
vt 0.8541666666666666 0.9375
vt 0.859375 0.9375
vt 0.8645833333333334 0.9375
vt 0.8697916666666666 0.9375
vt 0.875 0.9375
vt 0.8802083333333334 0.9375
vt 0.8854166666666666 0.9375
vt 0.890625 0.9375
vt 0.8958333333333334 0.9375
vt 0.9010416666666666 0.9375
vt 0.90625 0.9375
vt 0.9114583333333334 0.9375
vt 0.9166666666666666 0.9375
vt 0.921875 0.9375
vt 0.9270833333333334 0.9375
vt 0.9322916666666666 0.9375
vt 0.9375 0.9375
vt 0.9427083333333334 0.9375
vt 0.9479166666666666 0.9375
vt 0.953125 0.9375
vt 0.9583333333333334 0.9375
vt 0.9635416666666666 0.9375
vt 0.96875 0.9375
vt 0.9739583333333334 0.9375
vt 0.9791666666666666 0.9375
vt 0.984375 0.9375
vt 0.9895833333333334 0.9375
vt 0.9947916666666666 0.9375
vt 1 0.9375
vt 0 1
vt 0.005208333333333333 1
vt 0.010416666666666666 1
vt 0.015625 1
vt 0.020833333333333332 1
vt 0.026041666666666668 1
vt 0.03125 1
vt 0.036458333333333336 1
vt 0.041666666666666664 1
vt 0.046875 1
vt 0.052083333333333336 1
vt 0.057291666666666664 1
vt 0.0625 1
vt 0.06770833333333333 1
vt 0.07291666666666667 1
vt 0.078125 1
vt 0.08333333333333333 1
vt 0.08854166666666667 1
vt 0.09375 1
vt 0.09895833333333333 1
vt 0.10416666666666667 1
vt 0.109375 1
vt 0.11458333333333333 1
vt 0.11979166666666667 1
vt 0.125 1
vt 0.13020833333333334 1
vt 0.13541666666666666 1
vt 0.140625 1
vt 0.14583333333333334 1
vt 0.15104166666666666 1
vt 0.15625 1
vt 0.16145833333333334 1
vt 0.16666666666666666 1
vt 0.171875 1
vt 0.17708333333333334 1
vt 0.18229166666666666 1
vt 0.1875 1
vt 0.19270833333333334 1
vt 0.19791666666666666 1
vt 0.203125 1
vt 0.20833333333333334 1
vt 0.21354166666666666 1
vt 0.21875 1
vt 0.22395833333333334 1
vt 0.22916666666666666 1
vt 0.234375 1
vt 0.23958333333333334 1
vt 0.24479166666666666 1
vt 0.25 1
vt 0.2552083333333333 1
vt 0.2604166666666667 1
vt 0.265625 1
vt 0.2708333333333333 1
vt 0.2760416666666667 1
vt 0.28125 1
vt 0.2864583333333333 1
vt 0.2916666666666667 1
vt 0.296875 1
vt 0.3020833333333333 1
vt 0.3072916666666667 1
vt 0.3125 1
vt 0.3177083333333333 1
vt 0.3229166666666667 1
vt 0.328125 1
vt 0.3333333333333333 1
vt 0.3385416666666667 1
vt 0.34375 1
vt 0.3489583333333333 1
vt 0.3541666666666667 1
vt 0.359375 1
vt 0.3645833333333333 1
vt 0.3697916666666667 1
vt 0.375 1
vt 0.3802083333333333 1
vt 0.3854166666666667 1
vt 0.390625 1
vt 0.3958333333333333 1
vt 0.4010416666666667 1
vt 0.40625 1
vt 0.4114583333333333 1
vt 0.4166666666666667 1
vt 0.421875 1
vt 0.4270833333333333 1
vt 0.4322916666666667 1
vt 0.4375 1
vt 0.4427083333333333 1
vt 0.4479166666666667 1
vt 0.453125 1
vt 0.4583333333333333 1
vt 0.4635416666666667 1
vt 0.46875 1
vt 0.4739583333333333 1
vt 0.4791666666666667 1
vt 0.484375 1
vt 0.4895833333333333 1
vt 0.4947916666666667 1
vt 0.5 1
vt 0.5052083333333334 1
vt 0.5104166666666666 1
vt 0.515625 1
vt 0.5208333333333334 1
vt 0.5260416666666666 1
vt 0.53125 1
vt 0.5364583333333334 1
vt 0.5416666666666666 1
vt 0.546875 1
vt 0.5520833333333334 1
vt 0.5572916666666666 1
vt 0.5625 1
vt 0.5677083333333334 1
vt 0.5729166666666666 1
vt 0.578125 1
vt 0.5833333333333334 1
vt 0.5885416666666666 1
vt 0.59375 1
vt 0.5989583333333334 1
vt 0.6041666666666666 1
vt 0.609375 1
vt 0.6145833333333334 1
vt 0.6197916666666666 1
vt 0.625 1
vt 0.6302083333333334 1
vt 0.6354166666666666 1
vt 0.640625 1
vt 0.6458333333333334 1
vt 0.6510416666666666 1
vt 0.65625 1
vt 0.6614583333333334 1
vt 0.6666666666666666 1
vt 0.671875 1
vt 0.6770833333333334 1
vt 0.6822916666666666 1
vt 0.6875 1
vt 0.6927083333333334 1
vt 0.6979166666666666 1
vt 0.703125 1
vt 0.7083333333333334 1
vt 0.7135416666666666 1
vt 0.71875 1
vt 0.7239583333333334 1
vt 0.7291666666666666 1
vt 0.734375 1
vt 0.7395833333333334 1
vt 0.7447916666666666 1
vt 0.75 1
vt 0.7552083333333334 1
vt 0.7604166666666666 1
vt 0.765625 1
vt 0.7708333333333334 1
vt 0.7760416666666666 1
vt 0.78125 1
vt 0.7864583333333334 1
vt 0.7916666666666666 1
vt 0.796875 1
vt 0.8020833333333334 1
vt 0.8072916666666666 1
vt 0.8125 1
vt 0.8177083333333334 1
vt 0.8229166666666666 1
vt 0.828125 1
vt 0.8333333333333334 1
vt 0.8385416666666666 1
vt 0.84375 1
vt 0.8489583333333334 1
vt 0.8541666666666666 1
vt 0.859375 1
vt 0.8645833333333334 1
vt 0.8697916666666666 1
vt 0.875 1
vt 0.8802083333333334 1
vt 0.8854166666666666 1
vt 0.890625 1
vt 0.8958333333333334 1
vt 0.9010416666666666 1
vt 0.90625 1
vt 0.9114583333333334 1
vt 0.9166666666666666 1
vt 0.921875 1
vt 0.9270833333333334 1
vt 0.9322916666666666 1
vt 0.9375 1
vt 0.9427083333333334 1
vt 0.9479166666666666 1
vt 0.953125 1
vt 0.9583333333333334 1
vt 0.9635416666666666 1
vt 0.96875 1
vt 0.9739583333333334 1
vt 0.9791666666666666 1
vt 0.984375 1
vt 0.9895833333333334 1
vt 0.9947916666666666 1
vt 1 1
f 1/1 193/2 194/3
f 1/1 194/3 2/4
f 2/4 194/3 195/5
f 2/4 195/5 3/6
f 3/6 195/5 196/7
f 3/6 196/7 4/8
f 4/8 196/7 197/9
f 4/8 197/9 5/10
f 5/10 197/9 198/11
f 5/10 198/11 6/12
f 6/12 198/11 199/13
f 6/12 199/13 7/14
f 7/14 199/13 200/15
f 7/14 200/15 8/16
f 8/16 200/15 201/17
f 8/16 201/17 9/18
f 9/18 201/17 202/19
f 9/18 202/19 10/20
f 10/20 202/19 203/21
f 10/20 203/21 11/22
f 11/22 203/21 204/23
f 11/22 204/23 12/24
f 12/24 204/23 205/25
f 12/24 205/25 13/26
f 13/26 205/25 206/27
f 13/26 206/27 14/28
f 14/28 206/27 207/29
f 14/28 207/29 15/30
f 15/30 207/29 208/31
f 15/30 208/31 16/32
f 16/32 208/31 209/33
f 16/32 209/33 17/34
f 17/34 209/33 210/35
f 17/34 210/35 18/36
f 18/36 210/35 211/37
f 18/36 211/37 19/38
f 19/38 211/37 212/39
f 19/38 212/39 20/40
f 20/40 212/39 213/41
f 20/40 213/41 21/42
f 21/42 213/41 214/43
f 21/42 214/43 22/44
f 22/44 214/43 215/45
f 22/44 215/45 23/46
f 23/46 215/45 216/47
f 23/46 216/47 24/48
f 24/48 216/47 217/49
f 24/48 217/49 25/50
f 25/50 217/49 218/51
f 25/50 218/51 26/52
f 26/52 218/51 219/53
f 26/52 219/53 27/54
f 27/54 219/53 220/55
f 27/54 220/55 28/56
f 28/56 220/55 221/57
f 28/56 221/57 29/58
f 29/58 221/57 222/59
f 29/58 222/59 30/60
f 30/60 222/59 223/61
f 30/60 223/61 31/62
f 31/62 223/61 224/63
f 31/62 224/63 32/64
f 32/64 224/63 225/65
f 32/64 225/65 33/66
f 33/66 225/65 226/67
f 33/66 226/67 34/68
f 34/68 226/67 227/69
f 34/68 227/69 35/70
f 35/70 227/69 228/71
f 35/70 228/71 36/72
f 36/72 228/71 229/73
f 36/72 229/73 37/74
f 37/74 229/73 230/75
f 37/74 230/75 38/76
f 38/76 230/75 231/77
f 38/76 231/77 39/78
f 39/78 231/77 232/79
f 39/78 232/79 40/80
f 40/80 232/79 233/81
f 40/80 233/81 41/82
f 41/82 233/81 234/83
f 41/82 234/83 42/84
f 42/84 234/83 235/85
f 42/84 235/85 43/86
f 43/86 235/85 236/87
f 43/86 236/87 44/88
f 44/88 236/87 237/89
f 44/88 237/89 45/90
f 45/90 237/89 238/91
f 45/90 238/91 46/92
f 46/92 238/91 239/93
f 46/92 239/93 47/94
f 47/94 239/93 240/95
f 47/94 240/95 48/96
f 48/96 240/95 241/97
f 48/96 241/97 49/98
f 49/98 241/97 242/99
f 49/98 242/99 50/100
f 50/100 242/99 243/101
f 50/100 243/101 51/102
f 51/102 243/101 244/103
f 51/102 244/103 52/104
f 52/104 244/103 245/105
f 52/104 245/105 53/106
f 53/106 245/105 246/107
f 53/106 246/107 54/108
f 54/108 246/107 247/109
f 54/108 247/109 55/110
f 55/110 247/109 248/111
f 55/110 248/111 56/112
f 56/112 248/111 249/113
f 56/112 249/113 57/114
f 57/114 249/113 250/115
f 57/114 250/115 58/116
f 58/116 250/115 251/117
f 58/116 251/117 59/118
f 59/118 251/117 252/119
f 59/118 252/119 60/120
f 60/120 252/119 253/121
f 60/120 253/121 61/122
f 61/122 253/121 254/123
f 61/122 254/123 62/124
f 62/124 254/123 255/125
f 62/124 255/125 63/126
f 63/126 255/125 256/127
f 63/126 256/127 64/128
f 64/128 256/127 257/129
f 64/128 257/129 65/130
f 65/130 257/129 258/131
f 65/130 258/131 66/132
f 66/132 258/131 259/133
f 66/132 259/133 67/134
f 67/134 259/133 260/135
f 67/134 260/135 68/136
f 68/136 260/135 261/137
f 68/136 261/137 69/138
f 69/138 261/137 262/139
f 69/138 262/139 70/140
f 70/140 262/139 263/141
f 70/140 263/141 71/142
f 71/142 263/141 264/143
f 71/142 264/143 72/144
f 72/144 264/143 265/145
f 72/144 265/145 73/146
f 73/146 265/145 266/147
f 73/146 266/147 74/148
f 74/148 266/147 267/149
f 74/148 267/149 75/150
f 75/150 267/149 268/151
f 75/150 268/151 76/152
f 76/152 268/151 269/153
f 76/152 269/153 77/154
f 77/154 269/153 270/155
f 77/154 270/155 78/156
f 78/156 270/155 271/157
f 78/156 271/157 79/158
f 79/158 271/157 272/159
f 79/158 272/159 80/160
f 80/160 272/159 273/161
f 80/160 273/161 81/162
f 81/162 273/161 274/163
f 81/162 274/163 82/164
f 82/164 274/163 275/165
f 82/164 275/165 83/166
f 83/166 275/165 276/167
f 83/166 276/167 84/168
f 84/168 276/167 277/169
f 84/168 277/169 85/170
f 85/170 277/169 278/171
f 85/170 278/171 86/172
f 86/172 278/171 279/173
f 86/172 279/173 87/174
f 87/174 279/173 280/175
f 87/174 280/175 88/176
f 88/176 280/175 281/177
f 88/176 281/177 89/178
f 89/178 281/177 282/179
f 89/178 282/179 90/180
f 90/180 282/179 283/181
f 90/180 283/181 91/182
f 91/182 283/181 284/183
f 91/182 284/183 92/184
f 92/184 284/183 285/185
f 92/184 285/185 93/186
f 93/186 285/185 286/187
f 93/186 286/187 94/188
f 94/188 286/187 287/189
f 94/188 287/189 95/190
f 95/190 287/189 288/191
f 95/190 288/191 96/192
f 96/192 288/191 289/193
f 96/192 289/193 97/194
f 97/194 289/193 290/195
f 97/194 290/195 98/196
f 98/196 290/195 291/197
f 98/196 291/197 99/198
f 99/198 291/197 292/199
f 99/198 292/199 100/200
f 100/200 292/199 293/201
f 100/200 293/201 101/202
f 101/202 293/201 294/203
f 101/202 294/203 102/204
f 102/204 294/203 295/205
f 102/204 295/205 103/206
f 103/206 295/205 296/207
f 103/206 296/207 104/208
f 104/208 296/207 297/209
f 104/208 297/209 105/210
f 105/210 297/209 298/211
f 105/210 298/211 106/212
f 106/212 298/211 299/213
f 106/212 299/213 107/214
f 107/214 299/213 300/215
f 107/214 300/215 108/216
f 108/216 300/215 301/217
f 108/216 301/217 109/218
f 109/218 301/217 302/219
f 109/218 302/219 110/220
f 110/220 302/219 303/221
f 110/220 303/221 111/222
f 111/222 303/221 304/223
f 111/222 304/223 112/224
f 112/224 304/223 305/225
f 112/224 305/225 113/226
f 113/226 305/225 306/227
f 113/226 306/227 114/228
f 114/228 306/227 307/229
f 114/228 307/229 115/230
f 115/230 307/229 308/231
f 115/230 308/231 116/232
f 116/232 308/231 309/233
f 116/232 309/233 117/234
f 117/234 309/233 310/235
f 117/234 310/235 118/236
f 118/236 310/235 311/237
f 118/236 311/237 119/238
f 119/238 311/237 312/239
f 119/238 312/239 120/240
f 120/240 312/239 313/241
f 120/240 313/241 121/242
f 121/242 313/241 314/243
f 121/242 314/243 122/244
f 122/244 314/243 315/245
f 122/244 315/245 123/246
f 123/246 315/245 316/247
f 123/246 316/247 124/248
f 124/248 316/247 317/249
f 124/248 317/249 125/250
f 125/250 317/249 318/251
f 125/250 318/251 126/252
f 126/252 318/251 319/253
f 126/252 319/253 127/254
f 127/254 319/253 320/255
f 127/254 320/255 128/256
f 128/256 320/255 321/257
f 128/256 321/257 129/258
f 129/258 321/257 322/259
f 129/258 322/259 130/260
f 130/260 322/259 323/261
f 130/260 323/261 131/262
f 131/262 323/261 324/263
f 131/262 324/263 132/264
f 132/264 324/263 325/265
f 132/264 325/265 133/266
f 133/266 325/265 326/267
f 133/266 326/267 134/268
f 134/268 326/267 327/269
f 134/268 327/269 135/270
f 135/270 327/269 328/271
f 135/270 328/271 136/272
f 136/272 328/271 329/273
f 136/272 329/273 137/274
f 137/274 329/273 330/275
f 137/274 330/275 138/276
f 138/276 330/275 331/277
f 138/276 331/277 139/278
f 139/278 331/277 332/279
f 139/278 332/279 140/280
f 140/280 332/279 333/281
f 140/280 333/281 141/282
f 141/282 333/281 334/283
f 141/282 334/283 142/284
f 142/284 334/283 335/285
f 142/284 335/285 143/286
f 143/286 335/285 336/287
f 143/286 336/287 144/288
f 144/288 336/287 337/289
f 144/288 337/289 145/290
f 145/290 337/289 338/291
f 145/290 338/291 146/292
f 146/292 338/291 339/293
f 146/292 339/293 147/294
f 147/294 339/293 340/295
f 147/294 340/295 148/296
f 148/296 340/295 341/297
f 148/296 341/297 149/298
f 149/298 341/297 342/299
f 149/298 342/299 150/300
f 150/300 342/299 343/301
f 150/300 343/301 151/302
f 151/302 343/301 344/303
f 151/302 344/303 152/304
f 152/304 344/303 345/305
f 152/304 345/305 153/306
f 153/306 345/305 346/307
f 153/306 346/307 154/308
f 154/308 346/307 347/309
f 154/308 347/309 155/310
f 155/310 347/309 348/311
f 155/310 348/311 156/312
f 156/312 348/311 349/313
f 156/312 349/313 157/314
f 157/314 349/313 350/315
f 157/314 350/315 158/316
f 158/316 350/315 351/317
f 158/316 351/317 159/318
f 159/318 351/317 352/319
f 159/318 352/319 160/320
f 160/320 352/319 353/321
f 160/320 353/321 161/322
f 161/322 353/321 354/323
f 161/322 354/323 162/324
f 162/324 354/323 355/325
f 162/324 355/325 163/326
f 163/326 355/325 356/327
f 163/326 356/327 164/328
f 164/328 356/327 357/329
f 164/328 357/329 165/330
f 165/330 357/329 358/331
f 165/330 358/331 166/332
f 166/332 358/331 359/333
f 166/332 359/333 167/334
f 167/334 359/333 360/335
f 167/334 360/335 168/336
f 168/336 360/335 361/337
f 168/336 361/337 169/338
f 169/338 361/337 362/339
f 169/338 362/339 170/340
f 170/340 362/339 363/341
f 170/340 363/341 171/342
f 171/342 363/341 364/343
f 171/342 364/343 172/344
f 172/344 364/343 365/345
f 172/344 365/345 173/346
f 173/346 365/345 366/347
f 173/346 366/347 174/348
f 174/348 366/347 367/349
f 174/348 367/349 175/350
f 175/350 367/349 368/351
f 175/350 368/351 176/352
f 176/352 368/351 369/353
f 176/352 369/353 177/354
f 177/354 369/353 370/355
f 177/354 370/355 178/356
f 178/356 370/355 371/357
f 178/356 371/357 179/358
f 179/358 371/357 372/359
f 179/358 372/359 180/360
f 180/360 372/359 373/361
f 180/360 373/361 181/362
f 181/362 373/361 374/363
f 181/362 374/363 182/364
f 182/364 374/363 375/365
f 182/364 375/365 183/366
f 183/366 375/365 376/367
f 183/366 376/367 184/368
f 184/368 376/367 377/369
f 184/368 377/369 185/370
f 185/370 377/369 378/371
f 185/370 378/371 186/372
f 186/372 378/371 379/373
f 186/372 379/373 187/374
f 187/374 379/373 380/375
f 187/374 380/375 188/376
f 188/376 380/375 381/377
f 188/376 381/377 189/378
f 189/378 381/377 382/379
f 189/378 382/379 190/380
f 190/380 382/379 383/381
f 190/380 383/381 191/382
f 191/382 383/381 384/383
f 191/382 384/383 192/384
f 192/384 384/383 193/385
f 192/384 193/385 1/386
f 193/2 385/387 386/388
f 193/2 386/388 194/3
f 194/3 386/388 387/389
f 194/3 387/389 195/5
f 195/5 387/389 388/390
f 195/5 388/390 196/7
f 196/7 388/390 389/391
f 196/7 389/391 197/9
f 197/9 389/391 390/392
f 197/9 390/392 198/11
f 198/11 390/392 391/393
f 198/11 391/393 199/13
f 199/13 391/393 392/394
f 199/13 392/394 200/15
f 200/15 392/394 393/395
f 200/15 393/395 201/17
f 201/17 393/395 394/396
f 201/17 394/396 202/19
f 202/19 394/396 395/397
f 202/19 395/397 203/21
f 203/21 395/397 396/398
f 203/21 396/398 204/23
f 204/23 396/398 397/399
f 204/23 397/399 205/25
f 205/25 397/399 398/400
f 205/25 398/400 206/27
f 206/27 398/400 399/401
f 206/27 399/401 207/29
f 207/29 399/401 400/402
f 207/29 400/402 208/31
f 208/31 400/402 401/403
f 208/31 401/403 209/33
f 209/33 401/403 402/404
f 209/33 402/404 210/35
f 210/35 402/404 403/405
f 210/35 403/405 211/37
f 211/37 403/405 404/406
f 211/37 404/406 212/39
f 212/39 404/406 405/407
f 212/39 405/407 213/41
f 213/41 405/407 406/408
f 213/41 406/408 214/43
f 214/43 406/408 407/409
f 214/43 407/409 215/45
f 215/45 407/409 408/410
f 215/45 408/410 216/47
f 216/47 408/410 409/411
f 216/47 409/411 217/49
f 217/49 409/411 410/412
f 217/49 410/412 218/51
f 218/51 410/412 411/413
f 218/51 411/413 219/53
f 219/53 411/413 412/414
f 219/53 412/414 220/55
f 220/55 412/414 413/415
f 220/55 413/415 221/57
f 221/57 413/415 414/416
f 221/57 414/416 222/59
f 222/59 414/416 415/417
f 222/59 415/417 223/61
f 223/61 415/417 416/418
f 223/61 416/418 224/63
f 224/63 416/418 417/419
f 224/63 417/419 225/65
f 225/65 417/419 418/420
f 225/65 418/420 226/67
f 226/67 418/420 419/421
f 226/67 419/421 227/69
f 227/69 419/421 420/422
f 227/69 420/422 228/71
f 228/71 420/422 421/423
f 228/71 421/423 229/73
f 229/73 421/423 422/424
f 229/73 422/424 230/75
f 230/75 422/424 423/425
f 230/75 423/425 231/77
f 231/77 423/425 424/426
f 231/77 424/426 232/79
f 232/79 424/426 425/427
f 232/79 425/427 233/81
f 233/81 425/427 426/428
f 233/81 426/428 234/83
f 234/83 426/428 427/429
f 234/83 427/429 235/85
f 235/85 427/429 428/430
f 235/85 428/430 236/87
f 236/87 428/430 429/431
f 236/87 429/431 237/89
f 237/89 429/431 430/432
f 237/89 430/432 238/91
f 238/91 430/432 431/433
f 238/91 431/433 239/93
f 239/93 431/433 432/434
f 239/93 432/434 240/95
f 240/95 432/434 433/435
f 240/95 433/435 241/97
f 241/97 433/435 434/436
f 241/97 434/436 242/99
f 242/99 434/436 435/437
f 242/99 435/437 243/101
f 243/101 435/437 436/438
f 243/101 436/438 244/103
f 244/103 436/438 437/439
f 244/103 437/439 245/105
f 245/105 437/439 438/440
f 245/105 438/440 246/107
f 246/107 438/440 439/441
f 246/107 439/441 247/109
f 247/109 439/441 440/442
f 247/109 440/442 248/111
f 248/111 440/442 441/443
f 248/111 441/443 249/113
f 249/113 441/443 442/444
f 249/113 442/444 250/115
f 250/115 442/444 443/445
f 250/115 443/445 251/117
f 251/117 443/445 444/446
f 251/117 444/446 252/119
f 252/119 444/446 445/447
f 252/119 445/447 253/121
f 253/121 445/447 446/448
f 253/121 446/448 254/123
f 254/123 446/448 447/449
f 254/123 447/449 255/125
f 255/125 447/449 448/450
f 255/125 448/450 256/127
f 256/127 448/450 449/451
f 256/127 449/451 257/129
f 257/129 449/451 450/452
f 257/129 450/452 258/131
f 258/131 450/452 451/453
f 258/131 451/453 259/133
f 259/133 451/453 452/454
f 259/133 452/454 260/135
f 260/135 452/454 453/455
f 260/135 453/455 261/137
f 261/137 453/455 454/456
f 261/137 454/456 262/139
f 262/139 454/456 455/457
f 262/139 455/457 263/141
f 263/141 455/457 456/458
f 263/141 456/458 264/143
f 264/143 456/458 457/459
f 264/143 457/459 265/145
f 265/145 457/459 458/460
f 265/145 458/460 266/147
f 266/147 458/460 459/461
f 266/147 459/461 267/149
f 267/149 459/461 460/462
f 267/149 460/462 268/151
f 268/151 460/462 461/463
f 268/151 461/463 269/153
f 269/153 461/463 462/464
f 269/153 462/464 270/155
f 270/155 462/464 463/465
f 270/155 463/465 271/157
f 271/157 463/465 464/466
f 271/157 464/466 272/159
f 272/159 464/466 465/467
f 272/159 465/467 273/161
f 273/161 465/467 466/468
f 273/161 466/468 274/163
f 274/163 466/468 467/469
f 274/163 467/469 275/165
f 275/165 467/469 468/470
f 275/165 468/470 276/167
f 276/167 468/470 469/471
f 276/167 469/471 277/169
f 277/169 469/471 470/472
f 277/169 470/472 278/171
f 278/171 470/472 471/473
f 278/171 471/473 279/173
f 279/173 471/473 472/474
f 279/173 472/474 280/175
f 280/175 472/474 473/475
f 280/175 473/475 281/177
f 281/177 473/475 474/476
f 281/177 474/476 282/179
f 282/179 474/476 475/477
f 282/179 475/477 283/181
f 283/181 475/477 476/478
f 283/181 476/478 284/183
f 284/183 476/478 477/479
f 284/183 477/479 285/185
f 285/185 477/479 478/480
f 285/185 478/480 286/187
f 286/187 478/480 479/481
f 286/187 479/481 287/189
f 287/189 479/481 480/482
f 287/189 480/482 288/191
f 288/191 480/482 481/483
f 288/191 481/483 289/193
f 289/193 481/483 482/484
f 289/193 482/484 290/195
f 290/195 482/484 483/485
f 290/195 483/485 291/197
f 291/197 483/485 484/486
f 291/197 484/486 292/199
f 292/199 484/486 485/487
f 292/199 485/487 293/201
f 293/201 485/487 486/488
f 293/201 486/488 294/203
f 294/203 486/488 487/489
f 294/203 487/489 295/205
f 295/205 487/489 488/490
f 295/205 488/490 296/207
f 296/207 488/490 489/491
f 296/207 489/491 297/209
f 297/209 489/491 490/492
f 297/209 490/492 298/211
f 298/211 490/492 491/493
f 298/211 491/493 299/213
f 299/213 491/493 492/494
f 299/213 492/494 300/215
f 300/215 492/494 493/495
f 300/215 493/495 301/217
f 301/217 493/495 494/496
f 301/217 494/496 302/219
f 302/219 494/496 495/497
f 302/219 495/497 303/221
f 303/221 495/497 496/498
f 303/221 496/498 304/223
f 304/223 496/498 497/499
f 304/223 497/499 305/225
f 305/225 497/499 498/500
f 305/225 498/500 306/227
f 306/227 498/500 499/501
f 306/227 499/501 307/229
f 307/229 499/501 500/502
f 307/229 500/502 308/231
f 308/231 500/502 501/503
f 308/231 501/503 309/233
f 309/233 501/503 502/504
f 309/233 502/504 310/235
f 310/235 502/504 503/505
f 310/235 503/505 311/237
f 311/237 503/505 504/506
f 311/237 504/506 312/239
f 312/239 504/506 505/507
f 312/239 505/507 313/241
f 313/241 505/507 506/508
f 313/241 506/508 314/243
f 314/243 506/508 507/509
f 314/243 507/509 315/245
f 315/245 507/509 508/510
f 315/245 508/510 316/247
f 316/247 508/510 509/511
f 316/247 509/511 317/249
f 317/249 509/511 510/512
f 317/249 510/512 318/251
f 318/251 510/512 511/513
f 318/251 511/513 319/253
f 319/253 511/513 512/514
f 319/253 512/514 320/255
f 320/255 512/514 513/515
f 320/255 513/515 321/257
f 321/257 513/515 514/516
f 321/257 514/516 322/259
f 322/259 514/516 515/517
f 322/259 515/517 323/261
f 323/261 515/517 516/518
f 323/261 516/518 324/263
f 324/263 516/518 517/519
f 324/263 517/519 325/265
f 325/265 517/519 518/520
f 325/265 518/520 326/267
f 326/267 518/520 519/521
f 326/267 519/521 327/269
f 327/269 519/521 520/522
f 327/269 520/522 328/271
f 328/271 520/522 521/523
f 328/271 521/523 329/273
f 329/273 521/523 522/524
f 329/273 522/524 330/275
f 330/275 522/524 523/525
f 330/275 523/525 331/277
f 331/277 523/525 524/526
f 331/277 524/526 332/279
f 332/279 524/526 525/527
f 332/279 525/527 333/281
f 333/281 525/527 526/528
f 333/281 526/528 334/283
f 334/283 526/528 527/529
f 334/283 527/529 335/285
f 335/285 527/529 528/530
f 335/285 528/530 336/287
f 336/287 528/530 529/531
f 336/287 529/531 337/289
f 337/289 529/531 530/532
f 337/289 530/532 338/291
f 338/291 530/532 531/533
f 338/291 531/533 339/293
f 339/293 531/533 532/534
f 339/293 532/534 340/295
f 340/295 532/534 533/535
f 340/295 533/535 341/297
f 341/297 533/535 534/536
f 341/297 534/536 342/299
f 342/299 534/536 535/537
f 342/299 535/537 343/301
f 343/301 535/537 536/538
f 343/301 536/538 344/303
f 344/303 536/538 537/539
f 344/303 537/539 345/305
f 345/305 537/539 538/540
f 345/305 538/540 346/307
f 346/307 538/540 539/541
f 346/307 539/541 347/309
f 347/309 539/541 540/542
f 347/309 540/542 348/311
f 348/311 540/542 541/543
f 348/311 541/543 349/313
f 349/313 541/543 542/544
f 349/313 542/544 350/315
f 350/315 542/544 543/545
f 350/315 543/545 351/317
f 351/317 543/545 544/546
f 351/317 544/546 352/319
f 352/319 544/546 545/547
f 352/319 545/547 353/321
f 353/321 545/547 546/548
f 353/321 546/548 354/323
f 354/323 546/548 547/549
f 354/323 547/549 355/325
f 355/325 547/549 548/550
f 355/325 548/550 356/327
f 356/327 548/550 549/551
f 356/327 549/551 357/329
f 357/329 549/551 550/552
f 357/329 550/552 358/331
f 358/331 550/552 551/553
f 358/331 551/553 359/333
f 359/333 551/553 552/554
f 359/333 552/554 360/335
f 360/335 552/554 553/555
f 360/335 553/555 361/337
f 361/337 553/555 554/556
f 361/337 554/556 362/339
f 362/339 554/556 555/557
f 362/339 555/557 363/341
f 363/341 555/557 556/558
f 363/341 556/558 364/343
f 364/343 556/558 557/559
f 364/343 557/559 365/345
f 365/345 557/559 558/560
f 365/345 558/560 366/347
f 366/347 558/560 559/561
f 366/347 559/561 367/349
f 367/349 559/561 560/562
f 367/349 560/562 368/351
f 368/351 560/562 561/563
f 368/351 561/563 369/353
f 369/353 561/563 562/564
f 369/353 562/564 370/355
f 370/355 562/564 563/565
f 370/355 563/565 371/357
f 371/357 563/565 564/566
f 371/357 564/566 372/359
f 372/359 564/566 565/567
f 372/359 565/567 373/361
f 373/361 565/567 566/568
f 373/361 566/568 374/363
f 374/363 566/568 567/569
f 374/363 567/569 375/365
f 375/365 567/569 568/570
f 375/365 568/570 376/367
f 376/367 568/570 569/571
f 376/367 569/571 377/369
f 377/369 569/571 570/572
f 377/369 570/572 378/371
f 378/371 570/572 571/573
f 378/371 571/573 379/373
f 379/373 571/573 572/574
f 379/373 572/574 380/375
f 380/375 572/574 573/575
f 380/375 573/575 381/377
f 381/377 573/575 574/576
f 381/377 574/576 382/379
f 382/379 574/576 575/577
f 382/379 575/577 383/381
f 383/381 575/577 576/578
f 383/381 576/578 384/383
f 384/383 576/578 385/579
f 384/383 385/579 193/385
f 385/387 577/580 578/581
f 385/387 578/581 386/388
f 386/388 578/581 579/582
f 386/388 579/582 387/389
f 387/389 579/582 580/583
f 387/389 580/583 388/390
f 388/390 580/583 581/584
f 388/390 581/584 389/391
f 389/391 581/584 582/585
f 389/391 582/585 390/392
f 390/392 582/585 583/586
f 390/392 583/586 391/393
f 391/393 583/586 584/587
f 391/393 584/587 392/394
f 392/394 584/587 585/588
f 392/394 585/588 393/395
f 393/395 585/588 586/589
f 393/395 586/589 394/396
f 394/396 586/589 587/590
f 394/396 587/590 395/397
f 395/397 587/590 588/591
f 395/397 588/591 396/398
f 396/398 588/591 589/592
f 396/398 589/592 397/399
f 397/399 589/592 590/593
f 397/399 590/593 398/400
f 398/400 590/593 591/594
f 398/400 591/594 399/401
f 399/401 591/594 592/595
f 399/401 592/595 400/402
f 400/402 592/595 593/596
f 400/402 593/596 401/403
f 401/403 593/596 594/597
f 401/403 594/597 402/404
f 402/404 594/597 595/598
f 402/404 595/598 403/405
f 403/405 595/598 596/599
f 403/405 596/599 404/406
f 404/406 596/599 597/600
f 404/406 597/600 405/407
f 405/407 597/600 598/601
f 405/407 598/601 406/408
f 406/408 598/601 599/602
f 406/408 599/602 407/409
f 407/409 599/602 600/603
f 407/409 600/603 408/410
f 408/410 600/603 601/604
f 408/410 601/604 409/411
f 409/411 601/604 602/605
f 409/411 602/605 410/412
f 410/412 602/605 603/606
f 410/412 603/606 411/413
f 411/413 603/606 604/607
f 411/413 604/607 412/414
f 412/414 604/607 605/608
f 412/414 605/608 413/415
f 413/415 605/608 606/609
f 413/415 606/609 414/416
f 414/416 606/609 607/610
f 414/416 607/610 415/417
f 415/417 607/610 608/611
f 415/417 608/611 416/418
f 416/418 608/611 609/612
f 416/418 609/612 417/419
f 417/419 609/612 610/613
f 417/419 610/613 418/420
f 418/420 610/613 611/614
f 418/420 611/614 419/421
f 419/421 611/614 612/615
f 419/421 612/615 420/422
f 420/422 612/615 613/616
f 420/422 613/616 421/423
f 421/423 613/616 614/617
f 421/423 614/617 422/424
f 422/424 614/617 615/618
f 422/424 615/618 423/425
f 423/425 615/618 616/619
f 423/425 616/619 424/426
f 424/426 616/619 617/620
f 424/426 617/620 425/427
f 425/427 617/620 618/621
f 425/427 618/621 426/428
f 426/428 618/621 619/622
f 426/428 619/622 427/429
f 427/429 619/622 620/623
f 427/429 620/623 428/430
f 428/430 620/623 621/624
f 428/430 621/624 429/431
f 429/431 621/624 622/625
f 429/431 622/625 430/432
f 430/432 622/625 623/626
f 430/432 623/626 431/433
f 431/433 623/626 624/627
f 431/433 624/627 432/434
f 432/434 624/627 625/628
f 432/434 625/628 433/435
f 433/435 625/628 626/629
f 433/435 626/629 434/436
f 434/436 626/629 627/630
f 434/436 627/630 435/437
f 435/437 627/630 628/631
f 435/437 628/631 436/438
f 436/438 628/631 629/632
f 436/438 629/632 437/439
f 437/439 629/632 630/633
f 437/439 630/633 438/440
f 438/440 630/633 631/634
f 438/440 631/634 439/441
f 439/441 631/634 632/635
f 439/441 632/635 440/442
f 440/442 632/635 633/636
f 440/442 633/636 441/443
f 441/443 633/636 634/637
f 441/443 634/637 442/444
f 442/444 634/637 635/638
f 442/444 635/638 443/445
f 443/445 635/638 636/639
f 443/445 636/639 444/446
f 444/446 636/639 637/640
f 444/446 637/640 445/447
f 445/447 637/640 638/641
f 445/447 638/641 446/448
f 446/448 638/641 639/642
f 446/448 639/642 447/449
f 447/449 639/642 640/643
f 447/449 640/643 448/450
f 448/450 640/643 641/644
f 448/450 641/644 449/451
f 449/451 641/644 642/645
f 449/451 642/645 450/452
f 450/452 642/645 643/646
f 450/452 643/646 451/453
f 451/453 643/646 644/647
f 451/453 644/647 452/454
f 452/454 644/647 645/648
f 452/454 645/648 453/455
f 453/455 645/648 646/649
f 453/455 646/649 454/456
f 454/456 646/649 647/650
f 454/456 647/650 455/457
f 455/457 647/650 648/651
f 455/457 648/651 456/458
f 456/458 648/651 649/652
f 456/458 649/652 457/459
f 457/459 649/652 650/653
f 457/459 650/653 458/460
f 458/460 650/653 651/654
f 458/460 651/654 459/461
f 459/461 651/654 652/655
f 459/461 652/655 460/462
f 460/462 652/655 653/656
f 460/462 653/656 461/463
f 461/463 653/656 654/657
f 461/463 654/657 462/464
f 462/464 654/657 655/658
f 462/464 655/658 463/465
f 463/465 655/658 656/659
f 463/465 656/659 464/466
f 464/466 656/659 657/660
f 464/466 657/660 465/467
f 465/467 657/660 658/661
f 465/467 658/661 466/468
f 466/468 658/661 659/662
f 466/468 659/662 467/469
f 467/469 659/662 660/663
f 467/469 660/663 468/470
f 468/470 660/663 661/664
f 468/470 661/664 469/471
f 469/471 661/664 662/665
f 469/471 662/665 470/472
f 470/472 662/665 663/666
f 470/472 663/666 471/473
f 471/473 663/666 664/667
f 471/473 664/667 472/474
f 472/474 664/667 665/668
f 472/474 665/668 473/475
f 473/475 665/668 666/669
f 473/475 666/669 474/476
f 474/476 666/669 667/670
f 474/476 667/670 475/477
f 475/477 667/670 668/671
f 475/477 668/671 476/478
f 476/478 668/671 669/672
f 476/478 669/672 477/479
f 477/479 669/672 670/673
f 477/479 670/673 478/480
f 478/480 670/673 671/674
f 478/480 671/674 479/481
f 479/481 671/674 672/675
f 479/481 672/675 480/482
f 480/482 672/675 673/676
f 480/482 673/676 481/483
f 481/483 673/676 674/677
f 481/483 674/677 482/484
f 482/484 674/677 675/678
f 482/484 675/678 483/485
f 483/485 675/678 676/679
f 483/485 676/679 484/486
f 484/486 676/679 677/680
f 484/486 677/680 485/487
f 485/487 677/680 678/681
f 485/487 678/681 486/488
f 486/488 678/681 679/682
f 486/488 679/682 487/489
f 487/489 679/682 680/683
f 487/489 680/683 488/490
f 488/490 680/683 681/684
f 488/490 681/684 489/491
f 489/491 681/684 682/685
f 489/491 682/685 490/492
f 490/492 682/685 683/686
f 490/492 683/686 491/493
f 491/493 683/686 684/687
f 491/493 684/687 492/494
f 492/494 684/687 685/688
f 492/494 685/688 493/495
f 493/495 685/688 686/689
f 493/495 686/689 494/496
f 494/496 686/689 687/690
f 494/496 687/690 495/497
f 495/497 687/690 688/691
f 495/497 688/691 496/498
f 496/498 688/691 689/692
f 496/498 689/692 497/499
f 497/499 689/692 690/693
f 497/499 690/693 498/500
f 498/500 690/693 691/694
f 498/500 691/694 499/501
f 499/501 691/694 692/695
f 499/501 692/695 500/502
f 500/502 692/695 693/696
f 500/502 693/696 501/503
f 501/503 693/696 694/697
f 501/503 694/697 502/504
f 502/504 694/697 695/698
f 502/504 695/698 503/505
f 503/505 695/698 696/699
f 503/505 696/699 504/506
f 504/506 696/699 697/700
f 504/506 697/700 505/507
f 505/507 697/700 698/701
f 505/507 698/701 506/508
f 506/508 698/701 699/702
f 506/508 699/702 507/509
f 507/509 699/702 700/703
f 507/509 700/703 508/510
f 508/510 700/703 701/704
f 508/510 701/704 509/511
f 509/511 701/704 702/705
f 509/511 702/705 510/512
f 510/512 702/705 703/706
f 510/512 703/706 511/513
f 511/513 703/706 704/707
f 511/513 704/707 512/514
f 512/514 704/707 705/708
f 512/514 705/708 513/515
f 513/515 705/708 706/709
f 513/515 706/709 514/516
f 514/516 706/709 707/710
f 514/516 707/710 515/517
f 515/517 707/710 708/711
f 515/517 708/711 516/518
f 516/518 708/711 709/712
f 516/518 709/712 517/519
f 517/519 709/712 710/713
f 517/519 710/713 518/520
f 518/520 710/713 711/714
f 518/520 711/714 519/521
f 519/521 711/714 712/715
f 519/521 712/715 520/522
f 520/522 712/715 713/716
f 520/522 713/716 521/523
f 521/523 713/716 714/717
f 521/523 714/717 522/524
f 522/524 714/717 715/718
f 522/524 715/718 523/525
f 523/525 715/718 716/719
f 523/525 716/719 524/526
f 524/526 716/719 717/720
f 524/526 717/720 525/527
f 525/527 717/720 718/721
f 525/527 718/721 526/528
f 526/528 718/721 719/722
f 526/528 719/722 527/529
f 527/529 719/722 720/723
f 527/529 720/723 528/530
f 528/530 720/723 721/724
f 528/530 721/724 529/531
f 529/531 721/724 722/725
f 529/531 722/725 530/532
f 530/532 722/725 723/726
f 530/532 723/726 531/533
f 531/533 723/726 724/727
f 531/533 724/727 532/534
f 532/534 724/727 725/728
f 532/534 725/728 533/535
f 533/535 725/728 726/729
f 533/535 726/729 534/536
f 534/536 726/729 727/730
f 534/536 727/730 535/537
f 535/537 727/730 728/731
f 535/537 728/731 536/538
f 536/538 728/731 729/732
f 536/538 729/732 537/539
f 537/539 729/732 730/733
f 537/539 730/733 538/540
f 538/540 730/733 731/734
f 538/540 731/734 539/541
f 539/541 731/734 732/735
f 539/541 732/735 540/542
f 540/542 732/735 733/736
f 540/542 733/736 541/543
f 541/543 733/736 734/737
f 541/543 734/737 542/544
f 542/544 734/737 735/738
f 542/544 735/738 543/545
f 543/545 735/738 736/739
f 543/545 736/739 544/546
f 544/546 736/739 737/740
f 544/546 737/740 545/547
f 545/547 737/740 738/741
f 545/547 738/741 546/548
f 546/548 738/741 739/742
f 546/548 739/742 547/549
f 547/549 739/742 740/743
f 547/549 740/743 548/550
f 548/550 740/743 741/744
f 548/550 741/744 549/551
f 549/551 741/744 742/745
f 549/551 742/745 550/552
f 550/552 742/745 743/746
f 550/552 743/746 551/553
f 551/553 743/746 744/747
f 551/553 744/747 552/554
f 552/554 744/747 745/748
f 552/554 745/748 553/555
f 553/555 745/748 746/749
f 553/555 746/749 554/556
f 554/556 746/749 747/750
f 554/556 747/750 555/557
f 555/557 747/750 748/751
f 555/557 748/751 556/558
f 556/558 748/751 749/752
f 556/558 749/752 557/559
f 557/559 749/752 750/753
f 557/559 750/753 558/560
f 558/560 750/753 751/754
f 558/560 751/754 559/561
f 559/561 751/754 752/755
f 559/561 752/755 560/562
f 560/562 752/755 753/756
f 560/562 753/756 561/563
f 561/563 753/756 754/757
f 561/563 754/757 562/564
f 562/564 754/757 755/758
f 562/564 755/758 563/565
f 563/565 755/758 756/759
f 563/565 756/759 564/566
f 564/566 756/759 757/760
f 564/566 757/760 565/567
f 565/567 757/760 758/761
f 565/567 758/761 566/568
f 566/568 758/761 759/762
f 566/568 759/762 567/569
f 567/569 759/762 760/763
f 567/569 760/763 568/570
f 568/570 760/763 761/764
f 568/570 761/764 569/571
f 569/571 761/764 762/765
f 569/571 762/765 570/572
f 570/572 762/765 763/766
f 570/572 763/766 571/573
f 571/573 763/766 764/767
f 571/573 764/767 572/574
f 572/574 764/767 765/768
f 572/574 765/768 573/575
f 573/575 765/768 766/769
f 573/575 766/769 574/576
f 574/576 766/769 767/770
f 574/576 767/770 575/577
f 575/577 767/770 768/771
f 575/577 768/771 576/578
f 576/578 768/771 577/772
f 576/578 577/772 385/579
f 577/580 769/773 770/774
f 577/580 770/774 578/581
f 578/581 770/774 771/775
f 578/581 771/775 579/582
f 579/582 771/775 772/776
f 579/582 772/776 580/583
f 580/583 772/776 773/777
f 580/583 773/777 581/584
f 581/584 773/777 774/778
f 581/584 774/778 582/585
f 582/585 774/778 775/779
f 582/585 775/779 583/586
f 583/586 775/779 776/780
f 583/586 776/780 584/587
f 584/587 776/780 777/781
f 584/587 777/781 585/588
f 585/588 777/781 778/782
f 585/588 778/782 586/589
f 586/589 778/782 779/783
f 586/589 779/783 587/590
f 587/590 779/783 780/784
f 587/590 780/784 588/591
f 588/591 780/784 781/785
f 588/591 781/785 589/592
f 589/592 781/785 782/786
f 589/592 782/786 590/593
f 590/593 782/786 783/787
f 590/593 783/787 591/594
f 591/594 783/787 784/788
f 591/594 784/788 592/595
f 592/595 784/788 785/789
f 592/595 785/789 593/596
f 593/596 785/789 786/790
f 593/596 786/790 594/597
f 594/597 786/790 787/791
f 594/597 787/791 595/598
f 595/598 787/791 788/792
f 595/598 788/792 596/599
f 596/599 788/792 789/793
f 596/599 789/793 597/600
f 597/600 789/793 790/794
f 597/600 790/794 598/601
f 598/601 790/794 791/795
f 598/601 791/795 599/602
f 599/602 791/795 792/796
f 599/602 792/796 600/603
f 600/603 792/796 793/797
f 600/603 793/797 601/604
f 601/604 793/797 794/798
f 601/604 794/798 602/605
f 602/605 794/798 795/799
f 602/605 795/799 603/606
f 603/606 795/799 796/800
f 603/606 796/800 604/607
f 604/607 796/800 797/801
f 604/607 797/801 605/608
f 605/608 797/801 798/802
f 605/608 798/802 606/609
f 606/609 798/802 799/803
f 606/609 799/803 607/610
f 607/610 799/803 800/804
f 607/610 800/804 608/611
f 608/611 800/804 801/805
f 608/611 801/805 609/612
f 609/612 801/805 802/806
f 609/612 802/806 610/613
f 610/613 802/806 803/807
f 610/613 803/807 611/614
f 611/614 803/807 804/808
f 611/614 804/808 612/615
f 612/615 804/808 805/809
f 612/615 805/809 613/616
f 613/616 805/809 806/810
f 613/616 806/810 614/617
f 614/617 806/810 807/811
f 614/617 807/811 615/618
f 615/618 807/811 808/812
f 615/618 808/812 616/619
f 616/619 808/812 809/813
f 616/619 809/813 617/620
f 617/620 809/813 810/814
f 617/620 810/814 618/621
f 618/621 810/814 811/815
f 618/621 811/815 619/622
f 619/622 811/815 812/816
f 619/622 812/816 620/623
f 620/623 812/816 813/817
f 620/623 813/817 621/624
f 621/624 813/817 814/818
f 621/624 814/818 622/625
f 622/625 814/818 815/819
f 622/625 815/819 623/626
f 623/626 815/819 816/820
f 623/626 816/820 624/627
f 624/627 816/820 817/821
f 624/627 817/821 625/628
f 625/628 817/821 818/822
f 625/628 818/822 626/629
f 626/629 818/822 819/823
f 626/629 819/823 627/630
f 627/630 819/823 820/824
f 627/630 820/824 628/631
f 628/631 820/824 821/825
f 628/631 821/825 629/632
f 629/632 821/825 822/826
f 629/632 822/826 630/633
f 630/633 822/826 823/827
f 630/633 823/827 631/634
f 631/634 823/827 824/828
f 631/634 824/828 632/635
f 632/635 824/828 825/829
f 632/635 825/829 633/636
f 633/636 825/829 826/830
f 633/636 826/830 634/637
f 634/637 826/830 827/831
f 634/637 827/831 635/638
f 635/638 827/831 828/832
f 635/638 828/832 636/639
f 636/639 828/832 829/833
f 636/639 829/833 637/640
f 637/640 829/833 830/834
f 637/640 830/834 638/641
f 638/641 830/834 831/835
f 638/641 831/835 639/642
f 639/642 831/835 832/836
f 639/642 832/836 640/643
f 640/643 832/836 833/837
f 640/643 833/837 641/644
f 641/644 833/837 834/838
f 641/644 834/838 642/645
f 642/645 834/838 835/839
f 642/645 835/839 643/646
f 643/646 835/839 836/840
f 643/646 836/840 644/647
f 644/647 836/840 837/841
f 644/647 837/841 645/648
f 645/648 837/841 838/842
f 645/648 838/842 646/649
f 646/649 838/842 839/843
f 646/649 839/843 647/650
f 647/650 839/843 840/844
f 647/650 840/844 648/651
f 648/651 840/844 841/845
f 648/651 841/845 649/652
f 649/652 841/845 842/846
f 649/652 842/846 650/653
f 650/653 842/846 843/847
f 650/653 843/847 651/654
f 651/654 843/847 844/848
f 651/654 844/848 652/655
f 652/655 844/848 845/849
f 652/655 845/849 653/656
f 653/656 845/849 846/850
f 653/656 846/850 654/657
f 654/657 846/850 847/851
f 654/657 847/851 655/658
f 655/658 847/851 848/852
f 655/658 848/852 656/659
f 656/659 848/852 849/853
f 656/659 849/853 657/660
f 657/660 849/853 850/854
f 657/660 850/854 658/661
f 658/661 850/854 851/855
f 658/661 851/855 659/662
f 659/662 851/855 852/856
f 659/662 852/856 660/663
f 660/663 852/856 853/857
f 660/663 853/857 661/664
f 661/664 853/857 854/858
f 661/664 854/858 662/665
f 662/665 854/858 855/859
f 662/665 855/859 663/666
f 663/666 855/859 856/860
f 663/666 856/860 664/667
f 664/667 856/860 857/861
f 664/667 857/861 665/668
f 665/668 857/861 858/862
f 665/668 858/862 666/669
f 666/669 858/862 859/863
f 666/669 859/863 667/670
f 667/670 859/863 860/864
f 667/670 860/864 668/671
f 668/671 860/864 861/865
f 668/671 861/865 669/672
f 669/672 861/865 862/866
f 669/672 862/866 670/673
f 670/673 862/866 863/867
f 670/673 863/867 671/674
f 671/674 863/867 864/868
f 671/674 864/868 672/675
f 672/675 864/868 865/869
f 672/675 865/869 673/676
f 673/676 865/869 866/870
f 673/676 866/870 674/677
f 674/677 866/870 867/871
f 674/677 867/871 675/678
f 675/678 867/871 868/872
f 675/678 868/872 676/679
f 676/679 868/872 869/873
f 676/679 869/873 677/680
f 677/680 869/873 870/874
f 677/680 870/874 678/681
f 678/681 870/874 871/875
f 678/681 871/875 679/682
f 679/682 871/875 872/876
f 679/682 872/876 680/683
f 680/683 872/876 873/877
f 680/683 873/877 681/684
f 681/684 873/877 874/878
f 681/684 874/878 682/685
f 682/685 874/878 875/879
f 682/685 875/879 683/686
f 683/686 875/879 876/880
f 683/686 876/880 684/687
f 684/687 876/880 877/881
f 684/687 877/881 685/688
f 685/688 877/881 878/882
f 685/688 878/882 686/689
f 686/689 878/882 879/883
f 686/689 879/883 687/690
f 687/690 879/883 880/884
f 687/690 880/884 688/691
f 688/691 880/884 881/885
f 688/691 881/885 689/692
f 689/692 881/885 882/886
f 689/692 882/886 690/693
f 690/693 882/886 883/887
f 690/693 883/887 691/694
f 691/694 883/887 884/888
f 691/694 884/888 692/695
f 692/695 884/888 885/889
f 692/695 885/889 693/696
f 693/696 885/889 886/890
f 693/696 886/890 694/697
f 694/697 886/890 887/891
f 694/697 887/891 695/698
f 695/698 887/891 888/892
f 695/698 888/892 696/699
f 696/699 888/892 889/893
f 696/699 889/893 697/700
f 697/700 889/893 890/894
f 697/700 890/894 698/701
f 698/701 890/894 891/895
f 698/701 891/895 699/702
f 699/702 891/895 892/896
f 699/702 892/896 700/703
f 700/703 892/896 893/897
f 700/703 893/897 701/704
f 701/704 893/897 894/898
f 701/704 894/898 702/705
f 702/705 894/898 895/899
f 702/705 895/899 703/706
f 703/706 895/899 896/900
f 703/706 896/900 704/707
f 704/707 896/900 897/901
f 704/707 897/901 705/708
f 705/708 897/901 898/902
f 705/708 898/902 706/709
f 706/709 898/902 899/903
f 706/709 899/903 707/710
f 707/710 899/903 900/904
f 707/710 900/904 708/711
f 708/711 900/904 901/905
f 708/711 901/905 709/712
f 709/712 901/905 902/906
f 709/712 902/906 710/713
f 710/713 902/906 903/907
f 710/713 903/907 711/714
f 711/714 903/907 904/908
f 711/714 904/908 712/715
f 712/715 904/908 905/909
f 712/715 905/909 713/716
f 713/716 905/909 906/910
f 713/716 906/910 714/717
f 714/717 906/910 907/911
f 714/717 907/911 715/718
f 715/718 907/911 908/912
f 715/718 908/912 716/719
f 716/719 908/912 909/913
f 716/719 909/913 717/720
f 717/720 909/913 910/914
f 717/720 910/914 718/721
f 718/721 910/914 911/915
f 718/721 911/915 719/722
f 719/722 911/915 912/916
f 719/722 912/916 720/723
f 720/723 912/916 913/917
f 720/723 913/917 721/724
f 721/724 913/917 914/918
f 721/724 914/918 722/725
f 722/725 914/918 915/919
f 722/725 915/919 723/726
f 723/726 915/919 916/920
f 723/726 916/920 724/727
f 724/727 916/920 917/921
f 724/727 917/921 725/728
f 725/728 917/921 918/922
f 725/728 918/922 726/729
f 726/729 918/922 919/923
f 726/729 919/923 727/730
f 727/730 919/923 920/924
f 727/730 920/924 728/731
f 728/731 920/924 921/925
f 728/731 921/925 729/732
f 729/732 921/925 922/926
f 729/732 922/926 730/733
f 730/733 922/926 923/927
f 730/733 923/927 731/734
f 731/734 923/927 924/928
f 731/734 924/928 732/735
f 732/735 924/928 925/929
f 732/735 925/929 733/736
f 733/736 925/929 926/930
f 733/736 926/930 734/737
f 734/737 926/930 927/931
f 734/737 927/931 735/738
f 735/738 927/931 928/932
f 735/738 928/932 736/739
f 736/739 928/932 929/933
f 736/739 929/933 737/740
f 737/740 929/933 930/934
f 737/740 930/934 738/741
f 738/741 930/934 931/935
f 738/741 931/935 739/742
f 739/742 931/935 932/936
f 739/742 932/936 740/743
f 740/743 932/936 933/937
f 740/743 933/937 741/744
f 741/744 933/937 934/938
f 741/744 934/938 742/745
f 742/745 934/938 935/939
f 742/745 935/939 743/746
f 743/746 935/939 936/940
f 743/746 936/940 744/747
f 744/747 936/940 937/941
f 744/747 937/941 745/748
f 745/748 937/941 938/942
f 745/748 938/942 746/749
f 746/749 938/942 939/943
f 746/749 939/943 747/750
f 747/750 939/943 940/944
f 747/750 940/944 748/751
f 748/751 940/944 941/945
f 748/751 941/945 749/752
f 749/752 941/945 942/946
f 749/752 942/946 750/753
f 750/753 942/946 943/947
f 750/753 943/947 751/754
f 751/754 943/947 944/948
f 751/754 944/948 752/755
f 752/755 944/948 945/949
f 752/755 945/949 753/756
f 753/756 945/949 946/950
f 753/756 946/950 754/757
f 754/757 946/950 947/951
f 754/757 947/951 755/758
f 755/758 947/951 948/952
f 755/758 948/952 756/759
f 756/759 948/952 949/953
f 756/759 949/953 757/760
f 757/760 949/953 950/954
f 757/760 950/954 758/761
f 758/761 950/954 951/955
f 758/761 951/955 759/762
f 759/762 951/955 952/956
f 759/762 952/956 760/763
f 760/763 952/956 953/957
f 760/763 953/957 761/764
f 761/764 953/957 954/958
f 761/764 954/958 762/765
f 762/765 954/958 955/959
f 762/765 955/959 763/766
f 763/766 955/959 956/960
f 763/766 956/960 764/767
f 764/767 956/960 957/961
f 764/767 957/961 765/768
f 765/768 957/961 958/962
f 765/768 958/962 766/769
f 766/769 958/962 959/963
f 766/769 959/963 767/770
f 767/770 959/963 960/964
f 767/770 960/964 768/771
f 768/771 960/964 769/965
f 768/771 769/965 577/772
f 769/773 961/966 962/967
f 769/773 962/967 770/774
f 770/774 962/967 963/968
f 770/774 963/968 771/775
f 771/775 963/968 964/969
f 771/775 964/969 772/776
f 772/776 964/969 965/970
f 772/776 965/970 773/777
f 773/777 965/970 966/971
f 773/777 966/971 774/778
f 774/778 966/971 967/972
f 774/778 967/972 775/779
f 775/779 967/972 968/973
f 775/779 968/973 776/780
f 776/780 968/973 969/974
f 776/780 969/974 777/781
f 777/781 969/974 970/975
f 777/781 970/975 778/782
f 778/782 970/975 971/976
f 778/782 971/976 779/783
f 779/783 971/976 972/977
f 779/783 972/977 780/784
f 780/784 972/977 973/978
f 780/784 973/978 781/785
f 781/785 973/978 974/979
f 781/785 974/979 782/786
f 782/786 974/979 975/980
f 782/786 975/980 783/787
f 783/787 975/980 976/981
f 783/787 976/981 784/788
f 784/788 976/981 977/982
f 784/788 977/982 785/789
f 785/789 977/982 978/983
f 785/789 978/983 786/790
f 786/790 978/983 979/984
f 786/790 979/984 787/791
f 787/791 979/984 980/985
f 787/791 980/985 788/792
f 788/792 980/985 981/986
f 788/792 981/986 789/793
f 789/793 981/986 982/987
f 789/793 982/987 790/794
f 790/794 982/987 983/988
f 790/794 983/988 791/795
f 791/795 983/988 984/989
f 791/795 984/989 792/796
f 792/796 984/989 985/990
f 792/796 985/990 793/797
f 793/797 985/990 986/991
f 793/797 986/991 794/798
f 794/798 986/991 987/992
f 794/798 987/992 795/799
f 795/799 987/992 988/993
f 795/799 988/993 796/800
f 796/800 988/993 989/994
f 796/800 989/994 797/801
f 797/801 989/994 990/995
f 797/801 990/995 798/802
f 798/802 990/995 991/996
f 798/802 991/996 799/803
f 799/803 991/996 992/997
f 799/803 992/997 800/804
f 800/804 992/997 993/998
f 800/804 993/998 801/805
f 801/805 993/998 994/999
f 801/805 994/999 802/806
f 802/806 994/999 995/1000
f 802/806 995/1000 803/807
f 803/807 995/1000 996/1001
f 803/807 996/1001 804/808
f 804/808 996/1001 997/1002
f 804/808 997/1002 805/809
f 805/809 997/1002 998/1003
f 805/809 998/1003 806/810
f 806/810 998/1003 999/1004
f 806/810 999/1004 807/811
f 807/811 999/1004 1000/1005
f 807/811 1000/1005 808/812
f 808/812 1000/1005 1001/1006
f 808/812 1001/1006 809/813
f 809/813 1001/1006 1002/1007
f 809/813 1002/1007 810/814
f 810/814 1002/1007 1003/1008
f 810/814 1003/1008 811/815
f 811/815 1003/1008 1004/1009
f 811/815 1004/1009 812/816
f 812/816 1004/1009 1005/1010
f 812/816 1005/1010 813/817
f 813/817 1005/1010 1006/1011
f 813/817 1006/1011 814/818
f 814/818 1006/1011 1007/1012
f 814/818 1007/1012 815/819
f 815/819 1007/1012 1008/1013
f 815/819 1008/1013 816/820
f 816/820 1008/1013 1009/1014
f 816/820 1009/1014 817/821
f 817/821 1009/1014 1010/1015
f 817/821 1010/1015 818/822
f 818/822 1010/1015 1011/1016
f 818/822 1011/1016 819/823
f 819/823 1011/1016 1012/1017
f 819/823 1012/1017 820/824
f 820/824 1012/1017 1013/1018
f 820/824 1013/1018 821/825
f 821/825 1013/1018 1014/1019
f 821/825 1014/1019 822/826
f 822/826 1014/1019 1015/1020
f 822/826 1015/1020 823/827
f 823/827 1015/1020 1016/1021
f 823/827 1016/1021 824/828
f 824/828 1016/1021 1017/1022
f 824/828 1017/1022 825/829
f 825/829 1017/1022 1018/1023
f 825/829 1018/1023 826/830
f 826/830 1018/1023 1019/1024
f 826/830 1019/1024 827/831
f 827/831 1019/1024 1020/1025
f 827/831 1020/1025 828/832
f 828/832 1020/1025 1021/1026
f 828/832 1021/1026 829/833
f 829/833 1021/1026 1022/1027
f 829/833 1022/1027 830/834
f 830/834 1022/1027 1023/1028
f 830/834 1023/1028 831/835
f 831/835 1023/1028 1024/1029
f 831/835 1024/1029 832/836
f 832/836 1024/1029 1025/1030
f 832/836 1025/1030 833/837
f 833/837 1025/1030 1026/1031
f 833/837 1026/1031 834/838
f 834/838 1026/1031 1027/1032
f 834/838 1027/1032 835/839
f 835/839 1027/1032 1028/1033
f 835/839 1028/1033 836/840
f 836/840 1028/1033 1029/1034
f 836/840 1029/1034 837/841
f 837/841 1029/1034 1030/1035
f 837/841 1030/1035 838/842
f 838/842 1030/1035 1031/1036
f 838/842 1031/1036 839/843
f 839/843 1031/1036 1032/1037
f 839/843 1032/1037 840/844
f 840/844 1032/1037 1033/1038
f 840/844 1033/1038 841/845
f 841/845 1033/1038 1034/1039
f 841/845 1034/1039 842/846
f 842/846 1034/1039 1035/1040
f 842/846 1035/1040 843/847
f 843/847 1035/1040 1036/1041
f 843/847 1036/1041 844/848
f 844/848 1036/1041 1037/1042
f 844/848 1037/1042 845/849
f 845/849 1037/1042 1038/1043
f 845/849 1038/1043 846/850
f 846/850 1038/1043 1039/1044
f 846/850 1039/1044 847/851
f 847/851 1039/1044 1040/1045
f 847/851 1040/1045 848/852
f 848/852 1040/1045 1041/1046
f 848/852 1041/1046 849/853
f 849/853 1041/1046 1042/1047
f 849/853 1042/1047 850/854
f 850/854 1042/1047 1043/1048
f 850/854 1043/1048 851/855
f 851/855 1043/1048 1044/1049
f 851/855 1044/1049 852/856
f 852/856 1044/1049 1045/1050
f 852/856 1045/1050 853/857
f 853/857 1045/1050 1046/1051
f 853/857 1046/1051 854/858
f 854/858 1046/1051 1047/1052
f 854/858 1047/1052 855/859
f 855/859 1047/1052 1048/1053
f 855/859 1048/1053 856/860
f 856/860 1048/1053 1049/1054
f 856/860 1049/1054 857/861
f 857/861 1049/1054 1050/1055
f 857/861 1050/1055 858/862
f 858/862 1050/1055 1051/1056
f 858/862 1051/1056 859/863
f 859/863 1051/1056 1052/1057
f 859/863 1052/1057 860/864
f 860/864 1052/1057 1053/1058
f 860/864 1053/1058 861/865
f 861/865 1053/1058 1054/1059
f 861/865 1054/1059 862/866
f 862/866 1054/1059 1055/1060
f 862/866 1055/1060 863/867
f 863/867 1055/1060 1056/1061
f 863/867 1056/1061 864/868
f 864/868 1056/1061 1057/1062
f 864/868 1057/1062 865/869
f 865/869 1057/1062 1058/1063
f 865/869 1058/1063 866/870
f 866/870 1058/1063 1059/1064
f 866/870 1059/1064 867/871
f 867/871 1059/1064 1060/1065
f 867/871 1060/1065 868/872
f 868/872 1060/1065 1061/1066
f 868/872 1061/1066 869/873
f 869/873 1061/1066 1062/1067
f 869/873 1062/1067 870/874
f 870/874 1062/1067 1063/1068
f 870/874 1063/1068 871/875
f 871/875 1063/1068 1064/1069
f 871/875 1064/1069 872/876
f 872/876 1064/1069 1065/1070
f 872/876 1065/1070 873/877
f 873/877 1065/1070 1066/1071
f 873/877 1066/1071 874/878
f 874/878 1066/1071 1067/1072
f 874/878 1067/1072 875/879
f 875/879 1067/1072 1068/1073
f 875/879 1068/1073 876/880
f 876/880 1068/1073 1069/1074
f 876/880 1069/1074 877/881
f 877/881 1069/1074 1070/1075
f 877/881 1070/1075 878/882
f 878/882 1070/1075 1071/1076
f 878/882 1071/1076 879/883
f 879/883 1071/1076 1072/1077
f 879/883 1072/1077 880/884
f 880/884 1072/1077 1073/1078
f 880/884 1073/1078 881/885
f 881/885 1073/1078 1074/1079
f 881/885 1074/1079 882/886
f 882/886 1074/1079 1075/1080
f 882/886 1075/1080 883/887
f 883/887 1075/1080 1076/1081
f 883/887 1076/1081 884/888
f 884/888 1076/1081 1077/1082
f 884/888 1077/1082 885/889
f 885/889 1077/1082 1078/1083
f 885/889 1078/1083 886/890
f 886/890 1078/1083 1079/1084
f 886/890 1079/1084 887/891
f 887/891 1079/1084 1080/1085
f 887/891 1080/1085 888/892
f 888/892 1080/1085 1081/1086
f 888/892 1081/1086 889/893
f 889/893 1081/1086 1082/1087
f 889/893 1082/1087 890/894
f 890/894 1082/1087 1083/1088
f 890/894 1083/1088 891/895
f 891/895 1083/1088 1084/1089
f 891/895 1084/1089 892/896
f 892/896 1084/1089 1085/1090
f 892/896 1085/1090 893/897
f 893/897 1085/1090 1086/1091
f 893/897 1086/1091 894/898
f 894/898 1086/1091 1087/1092
f 894/898 1087/1092 895/899
f 895/899 1087/1092 1088/1093
f 895/899 1088/1093 896/900
f 896/900 1088/1093 1089/1094
f 896/900 1089/1094 897/901
f 897/901 1089/1094 1090/1095
f 897/901 1090/1095 898/902
f 898/902 1090/1095 1091/1096
f 898/902 1091/1096 899/903
f 899/903 1091/1096 1092/1097
f 899/903 1092/1097 900/904
f 900/904 1092/1097 1093/1098
f 900/904 1093/1098 901/905
f 901/905 1093/1098 1094/1099
f 901/905 1094/1099 902/906
f 902/906 1094/1099 1095/1100
f 902/906 1095/1100 903/907
f 903/907 1095/1100 1096/1101
f 903/907 1096/1101 904/908
f 904/908 1096/1101 1097/1102
f 904/908 1097/1102 905/909
f 905/909 1097/1102 1098/1103
f 905/909 1098/1103 906/910
f 906/910 1098/1103 1099/1104
f 906/910 1099/1104 907/911
f 907/911 1099/1104 1100/1105
f 907/911 1100/1105 908/912
f 908/912 1100/1105 1101/1106
f 908/912 1101/1106 909/913
f 909/913 1101/1106 1102/1107
f 909/913 1102/1107 910/914
f 910/914 1102/1107 1103/1108
f 910/914 1103/1108 911/915
f 911/915 1103/1108 1104/1109
f 911/915 1104/1109 912/916
f 912/916 1104/1109 1105/1110
f 912/916 1105/1110 913/917
f 913/917 1105/1110 1106/1111
f 913/917 1106/1111 914/918
f 914/918 1106/1111 1107/1112
f 914/918 1107/1112 915/919
f 915/919 1107/1112 1108/1113
f 915/919 1108/1113 916/920
f 916/920 1108/1113 1109/1114
f 916/920 1109/1114 917/921
f 917/921 1109/1114 1110/1115
f 917/921 1110/1115 918/922
f 918/922 1110/1115 1111/1116
f 918/922 1111/1116 919/923
f 919/923 1111/1116 1112/1117
f 919/923 1112/1117 920/924
f 920/924 1112/1117 1113/1118
f 920/924 1113/1118 921/925
f 921/925 1113/1118 1114/1119
f 921/925 1114/1119 922/926
f 922/926 1114/1119 1115/1120
f 922/926 1115/1120 923/927
f 923/927 1115/1120 1116/1121
f 923/927 1116/1121 924/928
f 924/928 1116/1121 1117/1122
f 924/928 1117/1122 925/929
f 925/929 1117/1122 1118/1123
f 925/929 1118/1123 926/930
f 926/930 1118/1123 1119/1124
f 926/930 1119/1124 927/931
f 927/931 1119/1124 1120/1125
f 927/931 1120/1125 928/932
f 928/932 1120/1125 1121/1126
f 928/932 1121/1126 929/933
f 929/933 1121/1126 1122/1127
f 929/933 1122/1127 930/934
f 930/934 1122/1127 1123/1128
f 930/934 1123/1128 931/935
f 931/935 1123/1128 1124/1129
f 931/935 1124/1129 932/936
f 932/936 1124/1129 1125/1130
f 932/936 1125/1130 933/937
f 933/937 1125/1130 1126/1131
f 933/937 1126/1131 934/938
f 934/938 1126/1131 1127/1132
f 934/938 1127/1132 935/939
f 935/939 1127/1132 1128/1133
f 935/939 1128/1133 936/940
f 936/940 1128/1133 1129/1134
f 936/940 1129/1134 937/941
f 937/941 1129/1134 1130/1135
f 937/941 1130/1135 938/942
f 938/942 1130/1135 1131/1136
f 938/942 1131/1136 939/943
f 939/943 1131/1136 1132/1137
f 939/943 1132/1137 940/944
f 940/944 1132/1137 1133/1138
f 940/944 1133/1138 941/945
f 941/945 1133/1138 1134/1139
f 941/945 1134/1139 942/946
f 942/946 1134/1139 1135/1140
f 942/946 1135/1140 943/947
f 943/947 1135/1140 1136/1141
f 943/947 1136/1141 944/948
f 944/948 1136/1141 1137/1142
f 944/948 1137/1142 945/949
f 945/949 1137/1142 1138/1143
f 945/949 1138/1143 946/950
f 946/950 1138/1143 1139/1144
f 946/950 1139/1144 947/951
f 947/951 1139/1144 1140/1145
f 947/951 1140/1145 948/952
f 948/952 1140/1145 1141/1146
f 948/952 1141/1146 949/953
f 949/953 1141/1146 1142/1147
f 949/953 1142/1147 950/954
f 950/954 1142/1147 1143/1148
f 950/954 1143/1148 951/955
f 951/955 1143/1148 1144/1149
f 951/955 1144/1149 952/956
f 952/956 1144/1149 1145/1150
f 952/956 1145/1150 953/957
f 953/957 1145/1150 1146/1151
f 953/957 1146/1151 954/958
f 954/958 1146/1151 1147/1152
f 954/958 1147/1152 955/959
f 955/959 1147/1152 1148/1153
f 955/959 1148/1153 956/960
f 956/960 1148/1153 1149/1154
f 956/960 1149/1154 957/961
f 957/961 1149/1154 1150/1155
f 957/961 1150/1155 958/962
f 958/962 1150/1155 1151/1156
f 958/962 1151/1156 959/963
f 959/963 1151/1156 1152/1157
f 959/963 1152/1157 960/964
f 960/964 1152/1157 961/1158
f 960/964 961/1158 769/965
f 961/966 1153/1159 1154/1160
f 961/966 1154/1160 962/967
f 962/967 1154/1160 1155/1161
f 962/967 1155/1161 963/968
f 963/968 1155/1161 1156/1162
f 963/968 1156/1162 964/969
f 964/969 1156/1162 1157/1163
f 964/969 1157/1163 965/970
f 965/970 1157/1163 1158/1164
f 965/970 1158/1164 966/971
f 966/971 1158/1164 1159/1165
f 966/971 1159/1165 967/972
f 967/972 1159/1165 1160/1166
f 967/972 1160/1166 968/973
f 968/973 1160/1166 1161/1167
f 968/973 1161/1167 969/974
f 969/974 1161/1167 1162/1168
f 969/974 1162/1168 970/975
f 970/975 1162/1168 1163/1169
f 970/975 1163/1169 971/976
f 971/976 1163/1169 1164/1170
f 971/976 1164/1170 972/977
f 972/977 1164/1170 1165/1171
f 972/977 1165/1171 973/978
f 973/978 1165/1171 1166/1172
f 973/978 1166/1172 974/979
f 974/979 1166/1172 1167/1173
f 974/979 1167/1173 975/980
f 975/980 1167/1173 1168/1174
f 975/980 1168/1174 976/981
f 976/981 1168/1174 1169/1175
f 976/981 1169/1175 977/982
f 977/982 1169/1175 1170/1176
f 977/982 1170/1176 978/983
f 978/983 1170/1176 1171/1177
f 978/983 1171/1177 979/984
f 979/984 1171/1177 1172/1178
f 979/984 1172/1178 980/985
f 980/985 1172/1178 1173/1179
f 980/985 1173/1179 981/986
f 981/986 1173/1179 1174/1180
f 981/986 1174/1180 982/987
f 982/987 1174/1180 1175/1181
f 982/987 1175/1181 983/988
f 983/988 1175/1181 1176/1182
f 983/988 1176/1182 984/989
f 984/989 1176/1182 1177/1183
f 984/989 1177/1183 985/990
f 985/990 1177/1183 1178/1184
f 985/990 1178/1184 986/991
f 986/991 1178/1184 1179/1185
f 986/991 1179/1185 987/992
f 987/992 1179/1185 1180/1186
f 987/992 1180/1186 988/993
f 988/993 1180/1186 1181/1187
f 988/993 1181/1187 989/994
f 989/994 1181/1187 1182/1188
f 989/994 1182/1188 990/995
f 990/995 1182/1188 1183/1189
f 990/995 1183/1189 991/996
f 991/996 1183/1189 1184/1190
f 991/996 1184/1190 992/997
f 992/997 1184/1190 1185/1191
f 992/997 1185/1191 993/998
f 993/998 1185/1191 1186/1192
f 993/998 1186/1192 994/999
f 994/999 1186/1192 1187/1193
f 994/999 1187/1193 995/1000
f 995/1000 1187/1193 1188/1194
f 995/1000 1188/1194 996/1001
f 996/1001 1188/1194 1189/1195
f 996/1001 1189/1195 997/1002
f 997/1002 1189/1195 1190/1196
f 997/1002 1190/1196 998/1003
f 998/1003 1190/1196 1191/1197
f 998/1003 1191/1197 999/1004
f 999/1004 1191/1197 1192/1198
f 999/1004 1192/1198 1000/1005
f 1000/1005 1192/1198 1193/1199
f 1000/1005 1193/1199 1001/1006
f 1001/1006 1193/1199 1194/1200
f 1001/1006 1194/1200 1002/1007
f 1002/1007 1194/1200 1195/1201
f 1002/1007 1195/1201 1003/1008
f 1003/1008 1195/1201 1196/1202
f 1003/1008 1196/1202 1004/1009
f 1004/1009 1196/1202 1197/1203
f 1004/1009 1197/1203 1005/1010
f 1005/1010 1197/1203 1198/1204
f 1005/1010 1198/1204 1006/1011
f 1006/1011 1198/1204 1199/1205
f 1006/1011 1199/1205 1007/1012
f 1007/1012 1199/1205 1200/1206
f 1007/1012 1200/1206 1008/1013
f 1008/1013 1200/1206 1201/1207
f 1008/1013 1201/1207 1009/1014
f 1009/1014 1201/1207 1202/1208
f 1009/1014 1202/1208 1010/1015
f 1010/1015 1202/1208 1203/1209
f 1010/1015 1203/1209 1011/1016
f 1011/1016 1203/1209 1204/1210
f 1011/1016 1204/1210 1012/1017
f 1012/1017 1204/1210 1205/1211
f 1012/1017 1205/1211 1013/1018
f 1013/1018 1205/1211 1206/1212
f 1013/1018 1206/1212 1014/1019
f 1014/1019 1206/1212 1207/1213
f 1014/1019 1207/1213 1015/1020
f 1015/1020 1207/1213 1208/1214
f 1015/1020 1208/1214 1016/1021
f 1016/1021 1208/1214 1209/1215
f 1016/1021 1209/1215 1017/1022
f 1017/1022 1209/1215 1210/1216
f 1017/1022 1210/1216 1018/1023
f 1018/1023 1210/1216 1211/1217
f 1018/1023 1211/1217 1019/1024
f 1019/1024 1211/1217 1212/1218
f 1019/1024 1212/1218 1020/1025
f 1020/1025 1212/1218 1213/1219
f 1020/1025 1213/1219 1021/1026
f 1021/1026 1213/1219 1214/1220
f 1021/1026 1214/1220 1022/1027
f 1022/1027 1214/1220 1215/1221
f 1022/1027 1215/1221 1023/1028
f 1023/1028 1215/1221 1216/1222
f 1023/1028 1216/1222 1024/1029
f 1024/1029 1216/1222 1217/1223
f 1024/1029 1217/1223 1025/1030
f 1025/1030 1217/1223 1218/1224
f 1025/1030 1218/1224 1026/1031
f 1026/1031 1218/1224 1219/1225
f 1026/1031 1219/1225 1027/1032
f 1027/1032 1219/1225 1220/1226
f 1027/1032 1220/1226 1028/1033
f 1028/1033 1220/1226 1221/1227
f 1028/1033 1221/1227 1029/1034
f 1029/1034 1221/1227 1222/1228
f 1029/1034 1222/1228 1030/1035
f 1030/1035 1222/1228 1223/1229
f 1030/1035 1223/1229 1031/1036
f 1031/1036 1223/1229 1224/1230
f 1031/1036 1224/1230 1032/1037
f 1032/1037 1224/1230 1225/1231
f 1032/1037 1225/1231 1033/1038
f 1033/1038 1225/1231 1226/1232
f 1033/1038 1226/1232 1034/1039
f 1034/1039 1226/1232 1227/1233
f 1034/1039 1227/1233 1035/1040
f 1035/1040 1227/1233 1228/1234
f 1035/1040 1228/1234 1036/1041
f 1036/1041 1228/1234 1229/1235
f 1036/1041 1229/1235 1037/1042
f 1037/1042 1229/1235 1230/1236
f 1037/1042 1230/1236 1038/1043
f 1038/1043 1230/1236 1231/1237
f 1038/1043 1231/1237 1039/1044
f 1039/1044 1231/1237 1232/1238
f 1039/1044 1232/1238 1040/1045
f 1040/1045 1232/1238 1233/1239
f 1040/1045 1233/1239 1041/1046
f 1041/1046 1233/1239 1234/1240
f 1041/1046 1234/1240 1042/1047
f 1042/1047 1234/1240 1235/1241
f 1042/1047 1235/1241 1043/1048
f 1043/1048 1235/1241 1236/1242
f 1043/1048 1236/1242 1044/1049
f 1044/1049 1236/1242 1237/1243
f 1044/1049 1237/1243 1045/1050
f 1045/1050 1237/1243 1238/1244
f 1045/1050 1238/1244 1046/1051
f 1046/1051 1238/1244 1239/1245
f 1046/1051 1239/1245 1047/1052
f 1047/1052 1239/1245 1240/1246
f 1047/1052 1240/1246 1048/1053
f 1048/1053 1240/1246 1241/1247
f 1048/1053 1241/1247 1049/1054
f 1049/1054 1241/1247 1242/1248
f 1049/1054 1242/1248 1050/1055
f 1050/1055 1242/1248 1243/1249
f 1050/1055 1243/1249 1051/1056
f 1051/1056 1243/1249 1244/1250
f 1051/1056 1244/1250 1052/1057
f 1052/1057 1244/1250 1245/1251
f 1052/1057 1245/1251 1053/1058
f 1053/1058 1245/1251 1246/1252
f 1053/1058 1246/1252 1054/1059
f 1054/1059 1246/1252 1247/1253
f 1054/1059 1247/1253 1055/1060
f 1055/1060 1247/1253 1248/1254
f 1055/1060 1248/1254 1056/1061
f 1056/1061 1248/1254 1249/1255
f 1056/1061 1249/1255 1057/1062
f 1057/1062 1249/1255 1250/1256
f 1057/1062 1250/1256 1058/1063
f 1058/1063 1250/1256 1251/1257
f 1058/1063 1251/1257 1059/1064
f 1059/1064 1251/1257 1252/1258
f 1059/1064 1252/1258 1060/1065
f 1060/1065 1252/1258 1253/1259
f 1060/1065 1253/1259 1061/1066
f 1061/1066 1253/1259 1254/1260
f 1061/1066 1254/1260 1062/1067
f 1062/1067 1254/1260 1255/1261
f 1062/1067 1255/1261 1063/1068
f 1063/1068 1255/1261 1256/1262
f 1063/1068 1256/1262 1064/1069
f 1064/1069 1256/1262 1257/1263
f 1064/1069 1257/1263 1065/1070
f 1065/1070 1257/1263 1258/1264
f 1065/1070 1258/1264 1066/1071
f 1066/1071 1258/1264 1259/1265
f 1066/1071 1259/1265 1067/1072
f 1067/1072 1259/1265 1260/1266
f 1067/1072 1260/1266 1068/1073
f 1068/1073 1260/1266 1261/1267
f 1068/1073 1261/1267 1069/1074
f 1069/1074 1261/1267 1262/1268
f 1069/1074 1262/1268 1070/1075
f 1070/1075 1262/1268 1263/1269
f 1070/1075 1263/1269 1071/1076
f 1071/1076 1263/1269 1264/1270
f 1071/1076 1264/1270 1072/1077
f 1072/1077 1264/1270 1265/1271
f 1072/1077 1265/1271 1073/1078
f 1073/1078 1265/1271 1266/1272
f 1073/1078 1266/1272 1074/1079
f 1074/1079 1266/1272 1267/1273
f 1074/1079 1267/1273 1075/1080
f 1075/1080 1267/1273 1268/1274
f 1075/1080 1268/1274 1076/1081
f 1076/1081 1268/1274 1269/1275
f 1076/1081 1269/1275 1077/1082
f 1077/1082 1269/1275 1270/1276
f 1077/1082 1270/1276 1078/1083
f 1078/1083 1270/1276 1271/1277
f 1078/1083 1271/1277 1079/1084
f 1079/1084 1271/1277 1272/1278
f 1079/1084 1272/1278 1080/1085
f 1080/1085 1272/1278 1273/1279
f 1080/1085 1273/1279 1081/1086
f 1081/1086 1273/1279 1274/1280
f 1081/1086 1274/1280 1082/1087
f 1082/1087 1274/1280 1275/1281
f 1082/1087 1275/1281 1083/1088
f 1083/1088 1275/1281 1276/1282
f 1083/1088 1276/1282 1084/1089
f 1084/1089 1276/1282 1277/1283
f 1084/1089 1277/1283 1085/1090
f 1085/1090 1277/1283 1278/1284
f 1085/1090 1278/1284 1086/1091
f 1086/1091 1278/1284 1279/1285
f 1086/1091 1279/1285 1087/1092
f 1087/1092 1279/1285 1280/1286
f 1087/1092 1280/1286 1088/1093
f 1088/1093 1280/1286 1281/1287
f 1088/1093 1281/1287 1089/1094
f 1089/1094 1281/1287 1282/1288
f 1089/1094 1282/1288 1090/1095
f 1090/1095 1282/1288 1283/1289
f 1090/1095 1283/1289 1091/1096
f 1091/1096 1283/1289 1284/1290
f 1091/1096 1284/1290 1092/1097
f 1092/1097 1284/1290 1285/1291
f 1092/1097 1285/1291 1093/1098
f 1093/1098 1285/1291 1286/1292
f 1093/1098 1286/1292 1094/1099
f 1094/1099 1286/1292 1287/1293
f 1094/1099 1287/1293 1095/1100
f 1095/1100 1287/1293 1288/1294
f 1095/1100 1288/1294 1096/1101
f 1096/1101 1288/1294 1289/1295
f 1096/1101 1289/1295 1097/1102
f 1097/1102 1289/1295 1290/1296
f 1097/1102 1290/1296 1098/1103
f 1098/1103 1290/1296 1291/1297
f 1098/1103 1291/1297 1099/1104
f 1099/1104 1291/1297 1292/1298
f 1099/1104 1292/1298 1100/1105
f 1100/1105 1292/1298 1293/1299
f 1100/1105 1293/1299 1101/1106
f 1101/1106 1293/1299 1294/1300
f 1101/1106 1294/1300 1102/1107
f 1102/1107 1294/1300 1295/1301
f 1102/1107 1295/1301 1103/1108
f 1103/1108 1295/1301 1296/1302
f 1103/1108 1296/1302 1104/1109
f 1104/1109 1296/1302 1297/1303
f 1104/1109 1297/1303 1105/1110
f 1105/1110 1297/1303 1298/1304
f 1105/1110 1298/1304 1106/1111
f 1106/1111 1298/1304 1299/1305
f 1106/1111 1299/1305 1107/1112
f 1107/1112 1299/1305 1300/1306
f 1107/1112 1300/1306 1108/1113
f 1108/1113 1300/1306 1301/1307
f 1108/1113 1301/1307 1109/1114
f 1109/1114 1301/1307 1302/1308
f 1109/1114 1302/1308 1110/1115
f 1110/1115 1302/1308 1303/1309
f 1110/1115 1303/1309 1111/1116
f 1111/1116 1303/1309 1304/1310
f 1111/1116 1304/1310 1112/1117
f 1112/1117 1304/1310 1305/1311
f 1112/1117 1305/1311 1113/1118
f 1113/1118 1305/1311 1306/1312
f 1113/1118 1306/1312 1114/1119
f 1114/1119 1306/1312 1307/1313
f 1114/1119 1307/1313 1115/1120
f 1115/1120 1307/1313 1308/1314
f 1115/1120 1308/1314 1116/1121
f 1116/1121 1308/1314 1309/1315
f 1116/1121 1309/1315 1117/1122
f 1117/1122 1309/1315 1310/1316
f 1117/1122 1310/1316 1118/1123
f 1118/1123 1310/1316 1311/1317
f 1118/1123 1311/1317 1119/1124
f 1119/1124 1311/1317 1312/1318
f 1119/1124 1312/1318 1120/1125
f 1120/1125 1312/1318 1313/1319
f 1120/1125 1313/1319 1121/1126
f 1121/1126 1313/1319 1314/1320
f 1121/1126 1314/1320 1122/1127
f 1122/1127 1314/1320 1315/1321
f 1122/1127 1315/1321 1123/1128
f 1123/1128 1315/1321 1316/1322
f 1123/1128 1316/1322 1124/1129
f 1124/1129 1316/1322 1317/1323
f 1124/1129 1317/1323 1125/1130
f 1125/1130 1317/1323 1318/1324
f 1125/1130 1318/1324 1126/1131
f 1126/1131 1318/1324 1319/1325
f 1126/1131 1319/1325 1127/1132
f 1127/1132 1319/1325 1320/1326
f 1127/1132 1320/1326 1128/1133
f 1128/1133 1320/1326 1321/1327
f 1128/1133 1321/1327 1129/1134
f 1129/1134 1321/1327 1322/1328
f 1129/1134 1322/1328 1130/1135
f 1130/1135 1322/1328 1323/1329
f 1130/1135 1323/1329 1131/1136
f 1131/1136 1323/1329 1324/1330
f 1131/1136 1324/1330 1132/1137
f 1132/1137 1324/1330 1325/1331
f 1132/1137 1325/1331 1133/1138
f 1133/1138 1325/1331 1326/1332
f 1133/1138 1326/1332 1134/1139
f 1134/1139 1326/1332 1327/1333
f 1134/1139 1327/1333 1135/1140
f 1135/1140 1327/1333 1328/1334
f 1135/1140 1328/1334 1136/1141
f 1136/1141 1328/1334 1329/1335
f 1136/1141 1329/1335 1137/1142
f 1137/1142 1329/1335 1330/1336
f 1137/1142 1330/1336 1138/1143
f 1138/1143 1330/1336 1331/1337
f 1138/1143 1331/1337 1139/1144
f 1139/1144 1331/1337 1332/1338
f 1139/1144 1332/1338 1140/1145
f 1140/1145 1332/1338 1333/1339
f 1140/1145 1333/1339 1141/1146
f 1141/1146 1333/1339 1334/1340
f 1141/1146 1334/1340 1142/1147
f 1142/1147 1334/1340 1335/1341
f 1142/1147 1335/1341 1143/1148
f 1143/1148 1335/1341 1336/1342
f 1143/1148 1336/1342 1144/1149
f 1144/1149 1336/1342 1337/1343
f 1144/1149 1337/1343 1145/1150
f 1145/1150 1337/1343 1338/1344
f 1145/1150 1338/1344 1146/1151
f 1146/1151 1338/1344 1339/1345
f 1146/1151 1339/1345 1147/1152
f 1147/1152 1339/1345 1340/1346
f 1147/1152 1340/1346 1148/1153
f 1148/1153 1340/1346 1341/1347
f 1148/1153 1341/1347 1149/1154
f 1149/1154 1341/1347 1342/1348
f 1149/1154 1342/1348 1150/1155
f 1150/1155 1342/1348 1343/1349
f 1150/1155 1343/1349 1151/1156
f 1151/1156 1343/1349 1344/1350
f 1151/1156 1344/1350 1152/1157
f 1152/1157 1344/1350 1153/1351
f 1152/1157 1153/1351 961/1158
f 1153/1159 1345/1352 1346/1353
f 1153/1159 1346/1353 1154/1160
f 1154/1160 1346/1353 1347/1354
f 1154/1160 1347/1354 1155/1161
f 1155/1161 1347/1354 1348/1355
f 1155/1161 1348/1355 1156/1162
f 1156/1162 1348/1355 1349/1356
f 1156/1162 1349/1356 1157/1163
f 1157/1163 1349/1356 1350/1357
f 1157/1163 1350/1357 1158/1164
f 1158/1164 1350/1357 1351/1358
f 1158/1164 1351/1358 1159/1165
f 1159/1165 1351/1358 1352/1359
f 1159/1165 1352/1359 1160/1166
f 1160/1166 1352/1359 1353/1360
f 1160/1166 1353/1360 1161/1167
f 1161/1167 1353/1360 1354/1361
f 1161/1167 1354/1361 1162/1168
f 1162/1168 1354/1361 1355/1362
f 1162/1168 1355/1362 1163/1169
f 1163/1169 1355/1362 1356/1363
f 1163/1169 1356/1363 1164/1170
f 1164/1170 1356/1363 1357/1364
f 1164/1170 1357/1364 1165/1171
f 1165/1171 1357/1364 1358/1365
f 1165/1171 1358/1365 1166/1172
f 1166/1172 1358/1365 1359/1366
f 1166/1172 1359/1366 1167/1173
f 1167/1173 1359/1366 1360/1367
f 1167/1173 1360/1367 1168/1174
f 1168/1174 1360/1367 1361/1368
f 1168/1174 1361/1368 1169/1175
f 1169/1175 1361/1368 1362/1369
f 1169/1175 1362/1369 1170/1176
f 1170/1176 1362/1369 1363/1370
f 1170/1176 1363/1370 1171/1177
f 1171/1177 1363/1370 1364/1371
f 1171/1177 1364/1371 1172/1178
f 1172/1178 1364/1371 1365/1372
f 1172/1178 1365/1372 1173/1179
f 1173/1179 1365/1372 1366/1373
f 1173/1179 1366/1373 1174/1180
f 1174/1180 1366/1373 1367/1374
f 1174/1180 1367/1374 1175/1181
f 1175/1181 1367/1374 1368/1375
f 1175/1181 1368/1375 1176/1182
f 1176/1182 1368/1375 1369/1376
f 1176/1182 1369/1376 1177/1183
f 1177/1183 1369/1376 1370/1377
f 1177/1183 1370/1377 1178/1184
f 1178/1184 1370/1377 1371/1378
f 1178/1184 1371/1378 1179/1185
f 1179/1185 1371/1378 1372/1379
f 1179/1185 1372/1379 1180/1186
f 1180/1186 1372/1379 1373/1380
f 1180/1186 1373/1380 1181/1187
f 1181/1187 1373/1380 1374/1381
f 1181/1187 1374/1381 1182/1188
f 1182/1188 1374/1381 1375/1382
f 1182/1188 1375/1382 1183/1189
f 1183/1189 1375/1382 1376/1383
f 1183/1189 1376/1383 1184/1190
f 1184/1190 1376/1383 1377/1384
f 1184/1190 1377/1384 1185/1191
f 1185/1191 1377/1384 1378/1385
f 1185/1191 1378/1385 1186/1192
f 1186/1192 1378/1385 1379/1386
f 1186/1192 1379/1386 1187/1193
f 1187/1193 1379/1386 1380/1387
f 1187/1193 1380/1387 1188/1194
f 1188/1194 1380/1387 1381/1388
f 1188/1194 1381/1388 1189/1195
f 1189/1195 1381/1388 1382/1389
f 1189/1195 1382/1389 1190/1196
f 1190/1196 1382/1389 1383/1390
f 1190/1196 1383/1390 1191/1197
f 1191/1197 1383/1390 1384/1391
f 1191/1197 1384/1391 1192/1198
f 1192/1198 1384/1391 1385/1392
f 1192/1198 1385/1392 1193/1199
f 1193/1199 1385/1392 1386/1393
f 1193/1199 1386/1393 1194/1200
f 1194/1200 1386/1393 1387/1394
f 1194/1200 1387/1394 1195/1201
f 1195/1201 1387/1394 1388/1395
f 1195/1201 1388/1395 1196/1202
f 1196/1202 1388/1395 1389/1396
f 1196/1202 1389/1396 1197/1203
f 1197/1203 1389/1396 1390/1397
f 1197/1203 1390/1397 1198/1204
f 1198/1204 1390/1397 1391/1398
f 1198/1204 1391/1398 1199/1205
f 1199/1205 1391/1398 1392/1399
f 1199/1205 1392/1399 1200/1206
f 1200/1206 1392/1399 1393/1400
f 1200/1206 1393/1400 1201/1207
f 1201/1207 1393/1400 1394/1401
f 1201/1207 1394/1401 1202/1208
f 1202/1208 1394/1401 1395/1402
f 1202/1208 1395/1402 1203/1209
f 1203/1209 1395/1402 1396/1403
f 1203/1209 1396/1403 1204/1210
f 1204/1210 1396/1403 1397/1404
f 1204/1210 1397/1404 1205/1211
f 1205/1211 1397/1404 1398/1405
f 1205/1211 1398/1405 1206/1212
f 1206/1212 1398/1405 1399/1406
f 1206/1212 1399/1406 1207/1213
f 1207/1213 1399/1406 1400/1407
f 1207/1213 1400/1407 1208/1214
f 1208/1214 1400/1407 1401/1408
f 1208/1214 1401/1408 1209/1215
f 1209/1215 1401/1408 1402/1409
f 1209/1215 1402/1409 1210/1216
f 1210/1216 1402/1409 1403/1410
f 1210/1216 1403/1410 1211/1217
f 1211/1217 1403/1410 1404/1411
f 1211/1217 1404/1411 1212/1218
f 1212/1218 1404/1411 1405/1412
f 1212/1218 1405/1412 1213/1219
f 1213/1219 1405/1412 1406/1413
f 1213/1219 1406/1413 1214/1220
f 1214/1220 1406/1413 1407/1414
f 1214/1220 1407/1414 1215/1221
f 1215/1221 1407/1414 1408/1415
f 1215/1221 1408/1415 1216/1222
f 1216/1222 1408/1415 1409/1416
f 1216/1222 1409/1416 1217/1223
f 1217/1223 1409/1416 1410/1417
f 1217/1223 1410/1417 1218/1224
f 1218/1224 1410/1417 1411/1418
f 1218/1224 1411/1418 1219/1225
f 1219/1225 1411/1418 1412/1419
f 1219/1225 1412/1419 1220/1226
f 1220/1226 1412/1419 1413/1420
f 1220/1226 1413/1420 1221/1227
f 1221/1227 1413/1420 1414/1421
f 1221/1227 1414/1421 1222/1228
f 1222/1228 1414/1421 1415/1422
f 1222/1228 1415/1422 1223/1229
f 1223/1229 1415/1422 1416/1423
f 1223/1229 1416/1423 1224/1230
f 1224/1230 1416/1423 1417/1424
f 1224/1230 1417/1424 1225/1231
f 1225/1231 1417/1424 1418/1425
f 1225/1231 1418/1425 1226/1232
f 1226/1232 1418/1425 1419/1426
f 1226/1232 1419/1426 1227/1233
f 1227/1233 1419/1426 1420/1427
f 1227/1233 1420/1427 1228/1234
f 1228/1234 1420/1427 1421/1428
f 1228/1234 1421/1428 1229/1235
f 1229/1235 1421/1428 1422/1429
f 1229/1235 1422/1429 1230/1236
f 1230/1236 1422/1429 1423/1430
f 1230/1236 1423/1430 1231/1237
f 1231/1237 1423/1430 1424/1431
f 1231/1237 1424/1431 1232/1238
f 1232/1238 1424/1431 1425/1432
f 1232/1238 1425/1432 1233/1239
f 1233/1239 1425/1432 1426/1433
f 1233/1239 1426/1433 1234/1240
f 1234/1240 1426/1433 1427/1434
f 1234/1240 1427/1434 1235/1241
f 1235/1241 1427/1434 1428/1435
f 1235/1241 1428/1435 1236/1242
f 1236/1242 1428/1435 1429/1436
f 1236/1242 1429/1436 1237/1243
f 1237/1243 1429/1436 1430/1437
f 1237/1243 1430/1437 1238/1244
f 1238/1244 1430/1437 1431/1438
f 1238/1244 1431/1438 1239/1245
f 1239/1245 1431/1438 1432/1439
f 1239/1245 1432/1439 1240/1246
f 1240/1246 1432/1439 1433/1440
f 1240/1246 1433/1440 1241/1247
f 1241/1247 1433/1440 1434/1441
f 1241/1247 1434/1441 1242/1248
f 1242/1248 1434/1441 1435/1442
f 1242/1248 1435/1442 1243/1249
f 1243/1249 1435/1442 1436/1443
f 1243/1249 1436/1443 1244/1250
f 1244/1250 1436/1443 1437/1444
f 1244/1250 1437/1444 1245/1251
f 1245/1251 1437/1444 1438/1445
f 1245/1251 1438/1445 1246/1252
f 1246/1252 1438/1445 1439/1446
f 1246/1252 1439/1446 1247/1253
f 1247/1253 1439/1446 1440/1447
f 1247/1253 1440/1447 1248/1254
f 1248/1254 1440/1447 1441/1448
f 1248/1254 1441/1448 1249/1255
f 1249/1255 1441/1448 1442/1449
f 1249/1255 1442/1449 1250/1256
f 1250/1256 1442/1449 1443/1450
f 1250/1256 1443/1450 1251/1257
f 1251/1257 1443/1450 1444/1451
f 1251/1257 1444/1451 1252/1258
f 1252/1258 1444/1451 1445/1452
f 1252/1258 1445/1452 1253/1259
f 1253/1259 1445/1452 1446/1453
f 1253/1259 1446/1453 1254/1260
f 1254/1260 1446/1453 1447/1454
f 1254/1260 1447/1454 1255/1261
f 1255/1261 1447/1454 1448/1455
f 1255/1261 1448/1455 1256/1262
f 1256/1262 1448/1455 1449/1456
f 1256/1262 1449/1456 1257/1263
f 1257/1263 1449/1456 1450/1457
f 1257/1263 1450/1457 1258/1264
f 1258/1264 1450/1457 1451/1458
f 1258/1264 1451/1458 1259/1265
f 1259/1265 1451/1458 1452/1459
f 1259/1265 1452/1459 1260/1266
f 1260/1266 1452/1459 1453/1460
f 1260/1266 1453/1460 1261/1267
f 1261/1267 1453/1460 1454/1461
f 1261/1267 1454/1461 1262/1268
f 1262/1268 1454/1461 1455/1462
f 1262/1268 1455/1462 1263/1269
f 1263/1269 1455/1462 1456/1463
f 1263/1269 1456/1463 1264/1270
f 1264/1270 1456/1463 1457/1464
f 1264/1270 1457/1464 1265/1271
f 1265/1271 1457/1464 1458/1465
f 1265/1271 1458/1465 1266/1272
f 1266/1272 1458/1465 1459/1466
f 1266/1272 1459/1466 1267/1273
f 1267/1273 1459/1466 1460/1467
f 1267/1273 1460/1467 1268/1274
f 1268/1274 1460/1467 1461/1468
f 1268/1274 1461/1468 1269/1275
f 1269/1275 1461/1468 1462/1469
f 1269/1275 1462/1469 1270/1276
f 1270/1276 1462/1469 1463/1470
f 1270/1276 1463/1470 1271/1277
f 1271/1277 1463/1470 1464/1471
f 1271/1277 1464/1471 1272/1278
f 1272/1278 1464/1471 1465/1472
f 1272/1278 1465/1472 1273/1279
f 1273/1279 1465/1472 1466/1473
f 1273/1279 1466/1473 1274/1280
f 1274/1280 1466/1473 1467/1474
f 1274/1280 1467/1474 1275/1281
f 1275/1281 1467/1474 1468/1475
f 1275/1281 1468/1475 1276/1282
f 1276/1282 1468/1475 1469/1476
f 1276/1282 1469/1476 1277/1283
f 1277/1283 1469/1476 1470/1477
f 1277/1283 1470/1477 1278/1284
f 1278/1284 1470/1477 1471/1478
f 1278/1284 1471/1478 1279/1285
f 1279/1285 1471/1478 1472/1479
f 1279/1285 1472/1479 1280/1286
f 1280/1286 1472/1479 1473/1480
f 1280/1286 1473/1480 1281/1287
f 1281/1287 1473/1480 1474/1481
f 1281/1287 1474/1481 1282/1288
f 1282/1288 1474/1481 1475/1482
f 1282/1288 1475/1482 1283/1289
f 1283/1289 1475/1482 1476/1483
f 1283/1289 1476/1483 1284/1290
f 1284/1290 1476/1483 1477/1484
f 1284/1290 1477/1484 1285/1291
f 1285/1291 1477/1484 1478/1485
f 1285/1291 1478/1485 1286/1292
f 1286/1292 1478/1485 1479/1486
f 1286/1292 1479/1486 1287/1293
f 1287/1293 1479/1486 1480/1487
f 1287/1293 1480/1487 1288/1294
f 1288/1294 1480/1487 1481/1488
f 1288/1294 1481/1488 1289/1295
f 1289/1295 1481/1488 1482/1489
f 1289/1295 1482/1489 1290/1296
f 1290/1296 1482/1489 1483/1490
f 1290/1296 1483/1490 1291/1297
f 1291/1297 1483/1490 1484/1491
f 1291/1297 1484/1491 1292/1298
f 1292/1298 1484/1491 1485/1492
f 1292/1298 1485/1492 1293/1299
f 1293/1299 1485/1492 1486/1493
f 1293/1299 1486/1493 1294/1300
f 1294/1300 1486/1493 1487/1494
f 1294/1300 1487/1494 1295/1301
f 1295/1301 1487/1494 1488/1495
f 1295/1301 1488/1495 1296/1302
f 1296/1302 1488/1495 1489/1496
f 1296/1302 1489/1496 1297/1303
f 1297/1303 1489/1496 1490/1497
f 1297/1303 1490/1497 1298/1304
f 1298/1304 1490/1497 1491/1498
f 1298/1304 1491/1498 1299/1305
f 1299/1305 1491/1498 1492/1499
f 1299/1305 1492/1499 1300/1306
f 1300/1306 1492/1499 1493/1500
f 1300/1306 1493/1500 1301/1307
f 1301/1307 1493/1500 1494/1501
f 1301/1307 1494/1501 1302/1308
f 1302/1308 1494/1501 1495/1502
f 1302/1308 1495/1502 1303/1309
f 1303/1309 1495/1502 1496/1503
f 1303/1309 1496/1503 1304/1310
f 1304/1310 1496/1503 1497/1504
f 1304/1310 1497/1504 1305/1311
f 1305/1311 1497/1504 1498/1505
f 1305/1311 1498/1505 1306/1312
f 1306/1312 1498/1505 1499/1506
f 1306/1312 1499/1506 1307/1313
f 1307/1313 1499/1506 1500/1507
f 1307/1313 1500/1507 1308/1314
f 1308/1314 1500/1507 1501/1508
f 1308/1314 1501/1508 1309/1315
f 1309/1315 1501/1508 1502/1509
f 1309/1315 1502/1509 1310/1316
f 1310/1316 1502/1509 1503/1510
f 1310/1316 1503/1510 1311/1317
f 1311/1317 1503/1510 1504/1511
f 1311/1317 1504/1511 1312/1318
f 1312/1318 1504/1511 1505/1512
f 1312/1318 1505/1512 1313/1319
f 1313/1319 1505/1512 1506/1513
f 1313/1319 1506/1513 1314/1320
f 1314/1320 1506/1513 1507/1514
f 1314/1320 1507/1514 1315/1321
f 1315/1321 1507/1514 1508/1515
f 1315/1321 1508/1515 1316/1322
f 1316/1322 1508/1515 1509/1516
f 1316/1322 1509/1516 1317/1323
f 1317/1323 1509/1516 1510/1517
f 1317/1323 1510/1517 1318/1324
f 1318/1324 1510/1517 1511/1518
f 1318/1324 1511/1518 1319/1325
f 1319/1325 1511/1518 1512/1519
f 1319/1325 1512/1519 1320/1326
f 1320/1326 1512/1519 1513/1520
f 1320/1326 1513/1520 1321/1327
f 1321/1327 1513/1520 1514/1521
f 1321/1327 1514/1521 1322/1328
f 1322/1328 1514/1521 1515/1522
f 1322/1328 1515/1522 1323/1329
f 1323/1329 1515/1522 1516/1523
f 1323/1329 1516/1523 1324/1330
f 1324/1330 1516/1523 1517/1524
f 1324/1330 1517/1524 1325/1331
f 1325/1331 1517/1524 1518/1525
f 1325/1331 1518/1525 1326/1332
f 1326/1332 1518/1525 1519/1526
f 1326/1332 1519/1526 1327/1333
f 1327/1333 1519/1526 1520/1527
f 1327/1333 1520/1527 1328/1334
f 1328/1334 1520/1527 1521/1528
f 1328/1334 1521/1528 1329/1335
f 1329/1335 1521/1528 1522/1529
f 1329/1335 1522/1529 1330/1336
f 1330/1336 1522/1529 1523/1530
f 1330/1336 1523/1530 1331/1337
f 1331/1337 1523/1530 1524/1531
f 1331/1337 1524/1531 1332/1338
f 1332/1338 1524/1531 1525/1532
f 1332/1338 1525/1532 1333/1339
f 1333/1339 1525/1532 1526/1533
f 1333/1339 1526/1533 1334/1340
f 1334/1340 1526/1533 1527/1534
f 1334/1340 1527/1534 1335/1341
f 1335/1341 1527/1534 1528/1535
f 1335/1341 1528/1535 1336/1342
f 1336/1342 1528/1535 1529/1536
f 1336/1342 1529/1536 1337/1343
f 1337/1343 1529/1536 1530/1537
f 1337/1343 1530/1537 1338/1344
f 1338/1344 1530/1537 1531/1538
f 1338/1344 1531/1538 1339/1345
f 1339/1345 1531/1538 1532/1539
f 1339/1345 1532/1539 1340/1346
f 1340/1346 1532/1539 1533/1540
f 1340/1346 1533/1540 1341/1347
f 1341/1347 1533/1540 1534/1541
f 1341/1347 1534/1541 1342/1348
f 1342/1348 1534/1541 1535/1542
f 1342/1348 1535/1542 1343/1349
f 1343/1349 1535/1542 1536/1543
f 1343/1349 1536/1543 1344/1350
f 1344/1350 1536/1543 1345/1544
f 1344/1350 1345/1544 1153/1351
f 1345/1352 1537/1545 1538/1546
f 1345/1352 1538/1546 1346/1353
f 1346/1353 1538/1546 1539/1547
f 1346/1353 1539/1547 1347/1354
f 1347/1354 1539/1547 1540/1548
f 1347/1354 1540/1548 1348/1355
f 1348/1355 1540/1548 1541/1549
f 1348/1355 1541/1549 1349/1356
f 1349/1356 1541/1549 1542/1550
f 1349/1356 1542/1550 1350/1357
f 1350/1357 1542/1550 1543/1551
f 1350/1357 1543/1551 1351/1358
f 1351/1358 1543/1551 1544/1552
f 1351/1358 1544/1552 1352/1359
f 1352/1359 1544/1552 1545/1553
f 1352/1359 1545/1553 1353/1360
f 1353/1360 1545/1553 1546/1554
f 1353/1360 1546/1554 1354/1361
f 1354/1361 1546/1554 1547/1555
f 1354/1361 1547/1555 1355/1362
f 1355/1362 1547/1555 1548/1556
f 1355/1362 1548/1556 1356/1363
f 1356/1363 1548/1556 1549/1557
f 1356/1363 1549/1557 1357/1364
f 1357/1364 1549/1557 1550/1558
f 1357/1364 1550/1558 1358/1365
f 1358/1365 1550/1558 1551/1559
f 1358/1365 1551/1559 1359/1366
f 1359/1366 1551/1559 1552/1560
f 1359/1366 1552/1560 1360/1367
f 1360/1367 1552/1560 1553/1561
f 1360/1367 1553/1561 1361/1368
f 1361/1368 1553/1561 1554/1562
f 1361/1368 1554/1562 1362/1369
f 1362/1369 1554/1562 1555/1563
f 1362/1369 1555/1563 1363/1370
f 1363/1370 1555/1563 1556/1564
f 1363/1370 1556/1564 1364/1371
f 1364/1371 1556/1564 1557/1565
f 1364/1371 1557/1565 1365/1372
f 1365/1372 1557/1565 1558/1566
f 1365/1372 1558/1566 1366/1373
f 1366/1373 1558/1566 1559/1567
f 1366/1373 1559/1567 1367/1374
f 1367/1374 1559/1567 1560/1568
f 1367/1374 1560/1568 1368/1375
f 1368/1375 1560/1568 1561/1569
f 1368/1375 1561/1569 1369/1376
f 1369/1376 1561/1569 1562/1570
f 1369/1376 1562/1570 1370/1377
f 1370/1377 1562/1570 1563/1571
f 1370/1377 1563/1571 1371/1378
f 1371/1378 1563/1571 1564/1572
f 1371/1378 1564/1572 1372/1379
f 1372/1379 1564/1572 1565/1573
f 1372/1379 1565/1573 1373/1380
f 1373/1380 1565/1573 1566/1574
f 1373/1380 1566/1574 1374/1381
f 1374/1381 1566/1574 1567/1575
f 1374/1381 1567/1575 1375/1382
f 1375/1382 1567/1575 1568/1576
f 1375/1382 1568/1576 1376/1383
f 1376/1383 1568/1576 1569/1577
f 1376/1383 1569/1577 1377/1384
f 1377/1384 1569/1577 1570/1578
f 1377/1384 1570/1578 1378/1385
f 1378/1385 1570/1578 1571/1579
f 1378/1385 1571/1579 1379/1386
f 1379/1386 1571/1579 1572/1580
f 1379/1386 1572/1580 1380/1387
f 1380/1387 1572/1580 1573/1581
f 1380/1387 1573/1581 1381/1388
f 1381/1388 1573/1581 1574/1582
f 1381/1388 1574/1582 1382/1389
f 1382/1389 1574/1582 1575/1583
f 1382/1389 1575/1583 1383/1390
f 1383/1390 1575/1583 1576/1584
f 1383/1390 1576/1584 1384/1391
f 1384/1391 1576/1584 1577/1585
f 1384/1391 1577/1585 1385/1392
f 1385/1392 1577/1585 1578/1586
f 1385/1392 1578/1586 1386/1393
f 1386/1393 1578/1586 1579/1587
f 1386/1393 1579/1587 1387/1394
f 1387/1394 1579/1587 1580/1588
f 1387/1394 1580/1588 1388/1395
f 1388/1395 1580/1588 1581/1589
f 1388/1395 1581/1589 1389/1396
f 1389/1396 1581/1589 1582/1590
f 1389/1396 1582/1590 1390/1397
f 1390/1397 1582/1590 1583/1591
f 1390/1397 1583/1591 1391/1398
f 1391/1398 1583/1591 1584/1592
f 1391/1398 1584/1592 1392/1399
f 1392/1399 1584/1592 1585/1593
f 1392/1399 1585/1593 1393/1400
f 1393/1400 1585/1593 1586/1594
f 1393/1400 1586/1594 1394/1401
f 1394/1401 1586/1594 1587/1595
f 1394/1401 1587/1595 1395/1402
f 1395/1402 1587/1595 1588/1596
f 1395/1402 1588/1596 1396/1403
f 1396/1403 1588/1596 1589/1597
f 1396/1403 1589/1597 1397/1404
f 1397/1404 1589/1597 1590/1598
f 1397/1404 1590/1598 1398/1405
f 1398/1405 1590/1598 1591/1599
f 1398/1405 1591/1599 1399/1406
f 1399/1406 1591/1599 1592/1600
f 1399/1406 1592/1600 1400/1407
f 1400/1407 1592/1600 1593/1601
f 1400/1407 1593/1601 1401/1408
f 1401/1408 1593/1601 1594/1602
f 1401/1408 1594/1602 1402/1409
f 1402/1409 1594/1602 1595/1603
f 1402/1409 1595/1603 1403/1410
f 1403/1410 1595/1603 1596/1604
f 1403/1410 1596/1604 1404/1411
f 1404/1411 1596/1604 1597/1605
f 1404/1411 1597/1605 1405/1412
f 1405/1412 1597/1605 1598/1606
f 1405/1412 1598/1606 1406/1413
f 1406/1413 1598/1606 1599/1607
f 1406/1413 1599/1607 1407/1414
f 1407/1414 1599/1607 1600/1608
f 1407/1414 1600/1608 1408/1415
f 1408/1415 1600/1608 1601/1609
f 1408/1415 1601/1609 1409/1416
f 1409/1416 1601/1609 1602/1610
f 1409/1416 1602/1610 1410/1417
f 1410/1417 1602/1610 1603/1611
f 1410/1417 1603/1611 1411/1418
f 1411/1418 1603/1611 1604/1612
f 1411/1418 1604/1612 1412/1419
f 1412/1419 1604/1612 1605/1613
f 1412/1419 1605/1613 1413/1420
f 1413/1420 1605/1613 1606/1614
f 1413/1420 1606/1614 1414/1421
f 1414/1421 1606/1614 1607/1615
f 1414/1421 1607/1615 1415/1422
f 1415/1422 1607/1615 1608/1616
f 1415/1422 1608/1616 1416/1423
f 1416/1423 1608/1616 1609/1617
f 1416/1423 1609/1617 1417/1424
f 1417/1424 1609/1617 1610/1618
f 1417/1424 1610/1618 1418/1425
f 1418/1425 1610/1618 1611/1619
f 1418/1425 1611/1619 1419/1426
f 1419/1426 1611/1619 1612/1620
f 1419/1426 1612/1620 1420/1427
f 1420/1427 1612/1620 1613/1621
f 1420/1427 1613/1621 1421/1428
f 1421/1428 1613/1621 1614/1622
f 1421/1428 1614/1622 1422/1429
f 1422/1429 1614/1622 1615/1623
f 1422/1429 1615/1623 1423/1430
f 1423/1430 1615/1623 1616/1624
f 1423/1430 1616/1624 1424/1431
f 1424/1431 1616/1624 1617/1625
f 1424/1431 1617/1625 1425/1432
f 1425/1432 1617/1625 1618/1626
f 1425/1432 1618/1626 1426/1433
f 1426/1433 1618/1626 1619/1627
f 1426/1433 1619/1627 1427/1434
f 1427/1434 1619/1627 1620/1628
f 1427/1434 1620/1628 1428/1435
f 1428/1435 1620/1628 1621/1629
f 1428/1435 1621/1629 1429/1436
f 1429/1436 1621/1629 1622/1630
f 1429/1436 1622/1630 1430/1437
f 1430/1437 1622/1630 1623/1631
f 1430/1437 1623/1631 1431/1438
f 1431/1438 1623/1631 1624/1632
f 1431/1438 1624/1632 1432/1439
f 1432/1439 1624/1632 1625/1633
f 1432/1439 1625/1633 1433/1440
f 1433/1440 1625/1633 1626/1634
f 1433/1440 1626/1634 1434/1441
f 1434/1441 1626/1634 1627/1635
f 1434/1441 1627/1635 1435/1442
f 1435/1442 1627/1635 1628/1636
f 1435/1442 1628/1636 1436/1443
f 1436/1443 1628/1636 1629/1637
f 1436/1443 1629/1637 1437/1444
f 1437/1444 1629/1637 1630/1638
f 1437/1444 1630/1638 1438/1445
f 1438/1445 1630/1638 1631/1639
f 1438/1445 1631/1639 1439/1446
f 1439/1446 1631/1639 1632/1640
f 1439/1446 1632/1640 1440/1447
f 1440/1447 1632/1640 1633/1641
f 1440/1447 1633/1641 1441/1448
f 1441/1448 1633/1641 1634/1642
f 1441/1448 1634/1642 1442/1449
f 1442/1449 1634/1642 1635/1643
f 1442/1449 1635/1643 1443/1450
f 1443/1450 1635/1643 1636/1644
f 1443/1450 1636/1644 1444/1451
f 1444/1451 1636/1644 1637/1645
f 1444/1451 1637/1645 1445/1452
f 1445/1452 1637/1645 1638/1646
f 1445/1452 1638/1646 1446/1453
f 1446/1453 1638/1646 1639/1647
f 1446/1453 1639/1647 1447/1454
f 1447/1454 1639/1647 1640/1648
f 1447/1454 1640/1648 1448/1455
f 1448/1455 1640/1648 1641/1649
f 1448/1455 1641/1649 1449/1456
f 1449/1456 1641/1649 1642/1650
f 1449/1456 1642/1650 1450/1457
f 1450/1457 1642/1650 1643/1651
f 1450/1457 1643/1651 1451/1458
f 1451/1458 1643/1651 1644/1652
f 1451/1458 1644/1652 1452/1459
f 1452/1459 1644/1652 1645/1653
f 1452/1459 1645/1653 1453/1460
f 1453/1460 1645/1653 1646/1654
f 1453/1460 1646/1654 1454/1461
f 1454/1461 1646/1654 1647/1655
f 1454/1461 1647/1655 1455/1462
f 1455/1462 1647/1655 1648/1656
f 1455/1462 1648/1656 1456/1463
f 1456/1463 1648/1656 1649/1657
f 1456/1463 1649/1657 1457/1464
f 1457/1464 1649/1657 1650/1658
f 1457/1464 1650/1658 1458/1465
f 1458/1465 1650/1658 1651/1659
f 1458/1465 1651/1659 1459/1466
f 1459/1466 1651/1659 1652/1660
f 1459/1466 1652/1660 1460/1467
f 1460/1467 1652/1660 1653/1661
f 1460/1467 1653/1661 1461/1468
f 1461/1468 1653/1661 1654/1662
f 1461/1468 1654/1662 1462/1469
f 1462/1469 1654/1662 1655/1663
f 1462/1469 1655/1663 1463/1470
f 1463/1470 1655/1663 1656/1664
f 1463/1470 1656/1664 1464/1471
f 1464/1471 1656/1664 1657/1665
f 1464/1471 1657/1665 1465/1472
f 1465/1472 1657/1665 1658/1666
f 1465/1472 1658/1666 1466/1473
f 1466/1473 1658/1666 1659/1667
f 1466/1473 1659/1667 1467/1474
f 1467/1474 1659/1667 1660/1668
f 1467/1474 1660/1668 1468/1475
f 1468/1475 1660/1668 1661/1669
f 1468/1475 1661/1669 1469/1476
f 1469/1476 1661/1669 1662/1670
f 1469/1476 1662/1670 1470/1477
f 1470/1477 1662/1670 1663/1671
f 1470/1477 1663/1671 1471/1478
f 1471/1478 1663/1671 1664/1672
f 1471/1478 1664/1672 1472/1479
f 1472/1479 1664/1672 1665/1673
f 1472/1479 1665/1673 1473/1480
f 1473/1480 1665/1673 1666/1674
f 1473/1480 1666/1674 1474/1481
f 1474/1481 1666/1674 1667/1675
f 1474/1481 1667/1675 1475/1482
f 1475/1482 1667/1675 1668/1676
f 1475/1482 1668/1676 1476/1483
f 1476/1483 1668/1676 1669/1677
f 1476/1483 1669/1677 1477/1484
f 1477/1484 1669/1677 1670/1678
f 1477/1484 1670/1678 1478/1485
f 1478/1485 1670/1678 1671/1679
f 1478/1485 1671/1679 1479/1486
f 1479/1486 1671/1679 1672/1680
f 1479/1486 1672/1680 1480/1487
f 1480/1487 1672/1680 1673/1681
f 1480/1487 1673/1681 1481/1488
f 1481/1488 1673/1681 1674/1682
f 1481/1488 1674/1682 1482/1489
f 1482/1489 1674/1682 1675/1683
f 1482/1489 1675/1683 1483/1490
f 1483/1490 1675/1683 1676/1684
f 1483/1490 1676/1684 1484/1491
f 1484/1491 1676/1684 1677/1685
f 1484/1491 1677/1685 1485/1492
f 1485/1492 1677/1685 1678/1686
f 1485/1492 1678/1686 1486/1493
f 1486/1493 1678/1686 1679/1687
f 1486/1493 1679/1687 1487/1494
f 1487/1494 1679/1687 1680/1688
f 1487/1494 1680/1688 1488/1495
f 1488/1495 1680/1688 1681/1689
f 1488/1495 1681/1689 1489/1496
f 1489/1496 1681/1689 1682/1690
f 1489/1496 1682/1690 1490/1497
f 1490/1497 1682/1690 1683/1691
f 1490/1497 1683/1691 1491/1498
f 1491/1498 1683/1691 1684/1692
f 1491/1498 1684/1692 1492/1499
f 1492/1499 1684/1692 1685/1693
f 1492/1499 1685/1693 1493/1500
f 1493/1500 1685/1693 1686/1694
f 1493/1500 1686/1694 1494/1501
f 1494/1501 1686/1694 1687/1695
f 1494/1501 1687/1695 1495/1502
f 1495/1502 1687/1695 1688/1696
f 1495/1502 1688/1696 1496/1503
f 1496/1503 1688/1696 1689/1697
f 1496/1503 1689/1697 1497/1504
f 1497/1504 1689/1697 1690/1698
f 1497/1504 1690/1698 1498/1505
f 1498/1505 1690/1698 1691/1699
f 1498/1505 1691/1699 1499/1506
f 1499/1506 1691/1699 1692/1700
f 1499/1506 1692/1700 1500/1507
f 1500/1507 1692/1700 1693/1701
f 1500/1507 1693/1701 1501/1508
f 1501/1508 1693/1701 1694/1702
f 1501/1508 1694/1702 1502/1509
f 1502/1509 1694/1702 1695/1703
f 1502/1509 1695/1703 1503/1510
f 1503/1510 1695/1703 1696/1704
f 1503/1510 1696/1704 1504/1511
f 1504/1511 1696/1704 1697/1705
f 1504/1511 1697/1705 1505/1512
f 1505/1512 1697/1705 1698/1706
f 1505/1512 1698/1706 1506/1513
f 1506/1513 1698/1706 1699/1707
f 1506/1513 1699/1707 1507/1514
f 1507/1514 1699/1707 1700/1708
f 1507/1514 1700/1708 1508/1515
f 1508/1515 1700/1708 1701/1709
f 1508/1515 1701/1709 1509/1516
f 1509/1516 1701/1709 1702/1710
f 1509/1516 1702/1710 1510/1517
f 1510/1517 1702/1710 1703/1711
f 1510/1517 1703/1711 1511/1518
f 1511/1518 1703/1711 1704/1712
f 1511/1518 1704/1712 1512/1519
f 1512/1519 1704/1712 1705/1713
f 1512/1519 1705/1713 1513/1520
f 1513/1520 1705/1713 1706/1714
f 1513/1520 1706/1714 1514/1521
f 1514/1521 1706/1714 1707/1715
f 1514/1521 1707/1715 1515/1522
f 1515/1522 1707/1715 1708/1716
f 1515/1522 1708/1716 1516/1523
f 1516/1523 1708/1716 1709/1717
f 1516/1523 1709/1717 1517/1524
f 1517/1524 1709/1717 1710/1718
f 1517/1524 1710/1718 1518/1525
f 1518/1525 1710/1718 1711/1719
f 1518/1525 1711/1719 1519/1526
f 1519/1526 1711/1719 1712/1720
f 1519/1526 1712/1720 1520/1527
f 1520/1527 1712/1720 1713/1721
f 1520/1527 1713/1721 1521/1528
f 1521/1528 1713/1721 1714/1722
f 1521/1528 1714/1722 1522/1529
f 1522/1529 1714/1722 1715/1723
f 1522/1529 1715/1723 1523/1530
f 1523/1530 1715/1723 1716/1724
f 1523/1530 1716/1724 1524/1531
f 1524/1531 1716/1724 1717/1725
f 1524/1531 1717/1725 1525/1532
f 1525/1532 1717/1725 1718/1726
f 1525/1532 1718/1726 1526/1533
f 1526/1533 1718/1726 1719/1727
f 1526/1533 1719/1727 1527/1534
f 1527/1534 1719/1727 1720/1728
f 1527/1534 1720/1728 1528/1535
f 1528/1535 1720/1728 1721/1729
f 1528/1535 1721/1729 1529/1536
f 1529/1536 1721/1729 1722/1730
f 1529/1536 1722/1730 1530/1537
f 1530/1537 1722/1730 1723/1731
f 1530/1537 1723/1731 1531/1538
f 1531/1538 1723/1731 1724/1732
f 1531/1538 1724/1732 1532/1539
f 1532/1539 1724/1732 1725/1733
f 1532/1539 1725/1733 1533/1540
f 1533/1540 1725/1733 1726/1734
f 1533/1540 1726/1734 1534/1541
f 1534/1541 1726/1734 1727/1735
f 1534/1541 1727/1735 1535/1542
f 1535/1542 1727/1735 1728/1736
f 1535/1542 1728/1736 1536/1543
f 1536/1543 1728/1736 1537/1737
f 1536/1543 1537/1737 1345/1544
f 1537/1545 1729/1738 1730/1739
f 1537/1545 1730/1739 1538/1546
f 1538/1546 1730/1739 1731/1740
f 1538/1546 1731/1740 1539/1547
f 1539/1547 1731/1740 1732/1741
f 1539/1547 1732/1741 1540/1548
f 1540/1548 1732/1741 1733/1742
f 1540/1548 1733/1742 1541/1549
f 1541/1549 1733/1742 1734/1743
f 1541/1549 1734/1743 1542/1550
f 1542/1550 1734/1743 1735/1744
f 1542/1550 1735/1744 1543/1551
f 1543/1551 1735/1744 1736/1745
f 1543/1551 1736/1745 1544/1552
f 1544/1552 1736/1745 1737/1746
f 1544/1552 1737/1746 1545/1553
f 1545/1553 1737/1746 1738/1747
f 1545/1553 1738/1747 1546/1554
f 1546/1554 1738/1747 1739/1748
f 1546/1554 1739/1748 1547/1555
f 1547/1555 1739/1748 1740/1749
f 1547/1555 1740/1749 1548/1556
f 1548/1556 1740/1749 1741/1750
f 1548/1556 1741/1750 1549/1557
f 1549/1557 1741/1750 1742/1751
f 1549/1557 1742/1751 1550/1558
f 1550/1558 1742/1751 1743/1752
f 1550/1558 1743/1752 1551/1559
f 1551/1559 1743/1752 1744/1753
f 1551/1559 1744/1753 1552/1560
f 1552/1560 1744/1753 1745/1754
f 1552/1560 1745/1754 1553/1561
f 1553/1561 1745/1754 1746/1755
f 1553/1561 1746/1755 1554/1562
f 1554/1562 1746/1755 1747/1756
f 1554/1562 1747/1756 1555/1563
f 1555/1563 1747/1756 1748/1757
f 1555/1563 1748/1757 1556/1564
f 1556/1564 1748/1757 1749/1758
f 1556/1564 1749/1758 1557/1565
f 1557/1565 1749/1758 1750/1759
f 1557/1565 1750/1759 1558/1566
f 1558/1566 1750/1759 1751/1760
f 1558/1566 1751/1760 1559/1567
f 1559/1567 1751/1760 1752/1761
f 1559/1567 1752/1761 1560/1568
f 1560/1568 1752/1761 1753/1762
f 1560/1568 1753/1762 1561/1569
f 1561/1569 1753/1762 1754/1763
f 1561/1569 1754/1763 1562/1570
f 1562/1570 1754/1763 1755/1764
f 1562/1570 1755/1764 1563/1571
f 1563/1571 1755/1764 1756/1765
f 1563/1571 1756/1765 1564/1572
f 1564/1572 1756/1765 1757/1766
f 1564/1572 1757/1766 1565/1573
f 1565/1573 1757/1766 1758/1767
f 1565/1573 1758/1767 1566/1574
f 1566/1574 1758/1767 1759/1768
f 1566/1574 1759/1768 1567/1575
f 1567/1575 1759/1768 1760/1769
f 1567/1575 1760/1769 1568/1576
f 1568/1576 1760/1769 1761/1770
f 1568/1576 1761/1770 1569/1577
f 1569/1577 1761/1770 1762/1771
f 1569/1577 1762/1771 1570/1578
f 1570/1578 1762/1771 1763/1772
f 1570/1578 1763/1772 1571/1579
f 1571/1579 1763/1772 1764/1773
f 1571/1579 1764/1773 1572/1580
f 1572/1580 1764/1773 1765/1774
f 1572/1580 1765/1774 1573/1581
f 1573/1581 1765/1774 1766/1775
f 1573/1581 1766/1775 1574/1582
f 1574/1582 1766/1775 1767/1776
f 1574/1582 1767/1776 1575/1583
f 1575/1583 1767/1776 1768/1777
f 1575/1583 1768/1777 1576/1584
f 1576/1584 1768/1777 1769/1778
f 1576/1584 1769/1778 1577/1585
f 1577/1585 1769/1778 1770/1779
f 1577/1585 1770/1779 1578/1586
f 1578/1586 1770/1779 1771/1780
f 1578/1586 1771/1780 1579/1587
f 1579/1587 1771/1780 1772/1781
f 1579/1587 1772/1781 1580/1588
f 1580/1588 1772/1781 1773/1782
f 1580/1588 1773/1782 1581/1589
f 1581/1589 1773/1782 1774/1783
f 1581/1589 1774/1783 1582/1590
f 1582/1590 1774/1783 1775/1784
f 1582/1590 1775/1784 1583/1591
f 1583/1591 1775/1784 1776/1785
f 1583/1591 1776/1785 1584/1592
f 1584/1592 1776/1785 1777/1786
f 1584/1592 1777/1786 1585/1593
f 1585/1593 1777/1786 1778/1787
f 1585/1593 1778/1787 1586/1594
f 1586/1594 1778/1787 1779/1788
f 1586/1594 1779/1788 1587/1595
f 1587/1595 1779/1788 1780/1789
f 1587/1595 1780/1789 1588/1596
f 1588/1596 1780/1789 1781/1790
f 1588/1596 1781/1790 1589/1597
f 1589/1597 1781/1790 1782/1791
f 1589/1597 1782/1791 1590/1598
f 1590/1598 1782/1791 1783/1792
f 1590/1598 1783/1792 1591/1599
f 1591/1599 1783/1792 1784/1793
f 1591/1599 1784/1793 1592/1600
f 1592/1600 1784/1793 1785/1794
f 1592/1600 1785/1794 1593/1601
f 1593/1601 1785/1794 1786/1795
f 1593/1601 1786/1795 1594/1602
f 1594/1602 1786/1795 1787/1796
f 1594/1602 1787/1796 1595/1603
f 1595/1603 1787/1796 1788/1797
f 1595/1603 1788/1797 1596/1604
f 1596/1604 1788/1797 1789/1798
f 1596/1604 1789/1798 1597/1605
f 1597/1605 1789/1798 1790/1799
f 1597/1605 1790/1799 1598/1606
f 1598/1606 1790/1799 1791/1800
f 1598/1606 1791/1800 1599/1607
f 1599/1607 1791/1800 1792/1801
f 1599/1607 1792/1801 1600/1608
f 1600/1608 1792/1801 1793/1802
f 1600/1608 1793/1802 1601/1609
f 1601/1609 1793/1802 1794/1803
f 1601/1609 1794/1803 1602/1610
f 1602/1610 1794/1803 1795/1804
f 1602/1610 1795/1804 1603/1611
f 1603/1611 1795/1804 1796/1805
f 1603/1611 1796/1805 1604/1612
f 1604/1612 1796/1805 1797/1806
f 1604/1612 1797/1806 1605/1613
f 1605/1613 1797/1806 1798/1807
f 1605/1613 1798/1807 1606/1614
f 1606/1614 1798/1807 1799/1808
f 1606/1614 1799/1808 1607/1615
f 1607/1615 1799/1808 1800/1809
f 1607/1615 1800/1809 1608/1616
f 1608/1616 1800/1809 1801/1810
f 1608/1616 1801/1810 1609/1617
f 1609/1617 1801/1810 1802/1811
f 1609/1617 1802/1811 1610/1618
f 1610/1618 1802/1811 1803/1812
f 1610/1618 1803/1812 1611/1619
f 1611/1619 1803/1812 1804/1813
f 1611/1619 1804/1813 1612/1620
f 1612/1620 1804/1813 1805/1814
f 1612/1620 1805/1814 1613/1621
f 1613/1621 1805/1814 1806/1815
f 1613/1621 1806/1815 1614/1622
f 1614/1622 1806/1815 1807/1816
f 1614/1622 1807/1816 1615/1623
f 1615/1623 1807/1816 1808/1817
f 1615/1623 1808/1817 1616/1624
f 1616/1624 1808/1817 1809/1818
f 1616/1624 1809/1818 1617/1625
f 1617/1625 1809/1818 1810/1819
f 1617/1625 1810/1819 1618/1626
f 1618/1626 1810/1819 1811/1820
f 1618/1626 1811/1820 1619/1627
f 1619/1627 1811/1820 1812/1821
f 1619/1627 1812/1821 1620/1628
f 1620/1628 1812/1821 1813/1822
f 1620/1628 1813/1822 1621/1629
f 1621/1629 1813/1822 1814/1823
f 1621/1629 1814/1823 1622/1630
f 1622/1630 1814/1823 1815/1824
f 1622/1630 1815/1824 1623/1631
f 1623/1631 1815/1824 1816/1825
f 1623/1631 1816/1825 1624/1632
f 1624/1632 1816/1825 1817/1826
f 1624/1632 1817/1826 1625/1633
f 1625/1633 1817/1826 1818/1827
f 1625/1633 1818/1827 1626/1634
f 1626/1634 1818/1827 1819/1828
f 1626/1634 1819/1828 1627/1635
f 1627/1635 1819/1828 1820/1829
f 1627/1635 1820/1829 1628/1636
f 1628/1636 1820/1829 1821/1830
f 1628/1636 1821/1830 1629/1637
f 1629/1637 1821/1830 1822/1831
f 1629/1637 1822/1831 1630/1638
f 1630/1638 1822/1831 1823/1832
f 1630/1638 1823/1832 1631/1639
f 1631/1639 1823/1832 1824/1833
f 1631/1639 1824/1833 1632/1640
f 1632/1640 1824/1833 1825/1834
f 1632/1640 1825/1834 1633/1641
f 1633/1641 1825/1834 1826/1835
f 1633/1641 1826/1835 1634/1642
f 1634/1642 1826/1835 1827/1836
f 1634/1642 1827/1836 1635/1643
f 1635/1643 1827/1836 1828/1837
f 1635/1643 1828/1837 1636/1644
f 1636/1644 1828/1837 1829/1838
f 1636/1644 1829/1838 1637/1645
f 1637/1645 1829/1838 1830/1839
f 1637/1645 1830/1839 1638/1646
f 1638/1646 1830/1839 1831/1840
f 1638/1646 1831/1840 1639/1647
f 1639/1647 1831/1840 1832/1841
f 1639/1647 1832/1841 1640/1648
f 1640/1648 1832/1841 1833/1842
f 1640/1648 1833/1842 1641/1649
f 1641/1649 1833/1842 1834/1843
f 1641/1649 1834/1843 1642/1650
f 1642/1650 1834/1843 1835/1844
f 1642/1650 1835/1844 1643/1651
f 1643/1651 1835/1844 1836/1845
f 1643/1651 1836/1845 1644/1652
f 1644/1652 1836/1845 1837/1846
f 1644/1652 1837/1846 1645/1653
f 1645/1653 1837/1846 1838/1847
f 1645/1653 1838/1847 1646/1654
f 1646/1654 1838/1847 1839/1848
f 1646/1654 1839/1848 1647/1655
f 1647/1655 1839/1848 1840/1849
f 1647/1655 1840/1849 1648/1656
f 1648/1656 1840/1849 1841/1850
f 1648/1656 1841/1850 1649/1657
f 1649/1657 1841/1850 1842/1851
f 1649/1657 1842/1851 1650/1658
f 1650/1658 1842/1851 1843/1852
f 1650/1658 1843/1852 1651/1659
f 1651/1659 1843/1852 1844/1853
f 1651/1659 1844/1853 1652/1660
f 1652/1660 1844/1853 1845/1854
f 1652/1660 1845/1854 1653/1661
f 1653/1661 1845/1854 1846/1855
f 1653/1661 1846/1855 1654/1662
f 1654/1662 1846/1855 1847/1856
f 1654/1662 1847/1856 1655/1663
f 1655/1663 1847/1856 1848/1857
f 1655/1663 1848/1857 1656/1664
f 1656/1664 1848/1857 1849/1858
f 1656/1664 1849/1858 1657/1665
f 1657/1665 1849/1858 1850/1859
f 1657/1665 1850/1859 1658/1666
f 1658/1666 1850/1859 1851/1860
f 1658/1666 1851/1860 1659/1667
f 1659/1667 1851/1860 1852/1861
f 1659/1667 1852/1861 1660/1668
f 1660/1668 1852/1861 1853/1862
f 1660/1668 1853/1862 1661/1669
f 1661/1669 1853/1862 1854/1863
f 1661/1669 1854/1863 1662/1670
f 1662/1670 1854/1863 1855/1864
f 1662/1670 1855/1864 1663/1671
f 1663/1671 1855/1864 1856/1865
f 1663/1671 1856/1865 1664/1672
f 1664/1672 1856/1865 1857/1866
f 1664/1672 1857/1866 1665/1673
f 1665/1673 1857/1866 1858/1867
f 1665/1673 1858/1867 1666/1674
f 1666/1674 1858/1867 1859/1868
f 1666/1674 1859/1868 1667/1675
f 1667/1675 1859/1868 1860/1869
f 1667/1675 1860/1869 1668/1676
f 1668/1676 1860/1869 1861/1870
f 1668/1676 1861/1870 1669/1677
f 1669/1677 1861/1870 1862/1871
f 1669/1677 1862/1871 1670/1678
f 1670/1678 1862/1871 1863/1872
f 1670/1678 1863/1872 1671/1679
f 1671/1679 1863/1872 1864/1873
f 1671/1679 1864/1873 1672/1680
f 1672/1680 1864/1873 1865/1874
f 1672/1680 1865/1874 1673/1681
f 1673/1681 1865/1874 1866/1875
f 1673/1681 1866/1875 1674/1682
f 1674/1682 1866/1875 1867/1876
f 1674/1682 1867/1876 1675/1683
f 1675/1683 1867/1876 1868/1877
f 1675/1683 1868/1877 1676/1684
f 1676/1684 1868/1877 1869/1878
f 1676/1684 1869/1878 1677/1685
f 1677/1685 1869/1878 1870/1879
f 1677/1685 1870/1879 1678/1686
f 1678/1686 1870/1879 1871/1880
f 1678/1686 1871/1880 1679/1687
f 1679/1687 1871/1880 1872/1881
f 1679/1687 1872/1881 1680/1688
f 1680/1688 1872/1881 1873/1882
f 1680/1688 1873/1882 1681/1689
f 1681/1689 1873/1882 1874/1883
f 1681/1689 1874/1883 1682/1690
f 1682/1690 1874/1883 1875/1884
f 1682/1690 1875/1884 1683/1691
f 1683/1691 1875/1884 1876/1885
f 1683/1691 1876/1885 1684/1692
f 1684/1692 1876/1885 1877/1886
f 1684/1692 1877/1886 1685/1693
f 1685/1693 1877/1886 1878/1887
f 1685/1693 1878/1887 1686/1694
f 1686/1694 1878/1887 1879/1888
f 1686/1694 1879/1888 1687/1695
f 1687/1695 1879/1888 1880/1889
f 1687/1695 1880/1889 1688/1696
f 1688/1696 1880/1889 1881/1890
f 1688/1696 1881/1890 1689/1697
f 1689/1697 1881/1890 1882/1891
f 1689/1697 1882/1891 1690/1698
f 1690/1698 1882/1891 1883/1892
f 1690/1698 1883/1892 1691/1699
f 1691/1699 1883/1892 1884/1893
f 1691/1699 1884/1893 1692/1700
f 1692/1700 1884/1893 1885/1894
f 1692/1700 1885/1894 1693/1701
f 1693/1701 1885/1894 1886/1895
f 1693/1701 1886/1895 1694/1702
f 1694/1702 1886/1895 1887/1896
f 1694/1702 1887/1896 1695/1703
f 1695/1703 1887/1896 1888/1897
f 1695/1703 1888/1897 1696/1704
f 1696/1704 1888/1897 1889/1898
f 1696/1704 1889/1898 1697/1705
f 1697/1705 1889/1898 1890/1899
f 1697/1705 1890/1899 1698/1706
f 1698/1706 1890/1899 1891/1900
f 1698/1706 1891/1900 1699/1707
f 1699/1707 1891/1900 1892/1901
f 1699/1707 1892/1901 1700/1708
f 1700/1708 1892/1901 1893/1902
f 1700/1708 1893/1902 1701/1709
f 1701/1709 1893/1902 1894/1903
f 1701/1709 1894/1903 1702/1710
f 1702/1710 1894/1903 1895/1904
f 1702/1710 1895/1904 1703/1711
f 1703/1711 1895/1904 1896/1905
f 1703/1711 1896/1905 1704/1712
f 1704/1712 1896/1905 1897/1906
f 1704/1712 1897/1906 1705/1713
f 1705/1713 1897/1906 1898/1907
f 1705/1713 1898/1907 1706/1714
f 1706/1714 1898/1907 1899/1908
f 1706/1714 1899/1908 1707/1715
f 1707/1715 1899/1908 1900/1909
f 1707/1715 1900/1909 1708/1716
f 1708/1716 1900/1909 1901/1910
f 1708/1716 1901/1910 1709/1717
f 1709/1717 1901/1910 1902/1911
f 1709/1717 1902/1911 1710/1718
f 1710/1718 1902/1911 1903/1912
f 1710/1718 1903/1912 1711/1719
f 1711/1719 1903/1912 1904/1913
f 1711/1719 1904/1913 1712/1720
f 1712/1720 1904/1913 1905/1914
f 1712/1720 1905/1914 1713/1721
f 1713/1721 1905/1914 1906/1915
f 1713/1721 1906/1915 1714/1722
f 1714/1722 1906/1915 1907/1916
f 1714/1722 1907/1916 1715/1723
f 1715/1723 1907/1916 1908/1917
f 1715/1723 1908/1917 1716/1724
f 1716/1724 1908/1917 1909/1918
f 1716/1724 1909/1918 1717/1725
f 1717/1725 1909/1918 1910/1919
f 1717/1725 1910/1919 1718/1726
f 1718/1726 1910/1919 1911/1920
f 1718/1726 1911/1920 1719/1727
f 1719/1727 1911/1920 1912/1921
f 1719/1727 1912/1921 1720/1728
f 1720/1728 1912/1921 1913/1922
f 1720/1728 1913/1922 1721/1729
f 1721/1729 1913/1922 1914/1923
f 1721/1729 1914/1923 1722/1730
f 1722/1730 1914/1923 1915/1924
f 1722/1730 1915/1924 1723/1731
f 1723/1731 1915/1924 1916/1925
f 1723/1731 1916/1925 1724/1732
f 1724/1732 1916/1925 1917/1926
f 1724/1732 1917/1926 1725/1733
f 1725/1733 1917/1926 1918/1927
f 1725/1733 1918/1927 1726/1734
f 1726/1734 1918/1927 1919/1928
f 1726/1734 1919/1928 1727/1735
f 1727/1735 1919/1928 1920/1929
f 1727/1735 1920/1929 1728/1736
f 1728/1736 1920/1929 1729/1930
f 1728/1736 1729/1930 1537/1737
f 1729/1738 1921/1931 1922/1932
f 1729/1738 1922/1932 1730/1739
f 1730/1739 1922/1932 1923/1933
f 1730/1739 1923/1933 1731/1740
f 1731/1740 1923/1933 1924/1934
f 1731/1740 1924/1934 1732/1741
f 1732/1741 1924/1934 1925/1935
f 1732/1741 1925/1935 1733/1742
f 1733/1742 1925/1935 1926/1936
f 1733/1742 1926/1936 1734/1743
f 1734/1743 1926/1936 1927/1937
f 1734/1743 1927/1937 1735/1744
f 1735/1744 1927/1937 1928/1938
f 1735/1744 1928/1938 1736/1745
f 1736/1745 1928/1938 1929/1939
f 1736/1745 1929/1939 1737/1746
f 1737/1746 1929/1939 1930/1940
f 1737/1746 1930/1940 1738/1747
f 1738/1747 1930/1940 1931/1941
f 1738/1747 1931/1941 1739/1748
f 1739/1748 1931/1941 1932/1942
f 1739/1748 1932/1942 1740/1749
f 1740/1749 1932/1942 1933/1943
f 1740/1749 1933/1943 1741/1750
f 1741/1750 1933/1943 1934/1944
f 1741/1750 1934/1944 1742/1751
f 1742/1751 1934/1944 1935/1945
f 1742/1751 1935/1945 1743/1752
f 1743/1752 1935/1945 1936/1946
f 1743/1752 1936/1946 1744/1753
f 1744/1753 1936/1946 1937/1947
f 1744/1753 1937/1947 1745/1754
f 1745/1754 1937/1947 1938/1948
f 1745/1754 1938/1948 1746/1755
f 1746/1755 1938/1948 1939/1949
f 1746/1755 1939/1949 1747/1756
f 1747/1756 1939/1949 1940/1950
f 1747/1756 1940/1950 1748/1757
f 1748/1757 1940/1950 1941/1951
f 1748/1757 1941/1951 1749/1758
f 1749/1758 1941/1951 1942/1952
f 1749/1758 1942/1952 1750/1759
f 1750/1759 1942/1952 1943/1953
f 1750/1759 1943/1953 1751/1760
f 1751/1760 1943/1953 1944/1954
f 1751/1760 1944/1954 1752/1761
f 1752/1761 1944/1954 1945/1955
f 1752/1761 1945/1955 1753/1762
f 1753/1762 1945/1955 1946/1956
f 1753/1762 1946/1956 1754/1763
f 1754/1763 1946/1956 1947/1957
f 1754/1763 1947/1957 1755/1764
f 1755/1764 1947/1957 1948/1958
f 1755/1764 1948/1958 1756/1765
f 1756/1765 1948/1958 1949/1959
f 1756/1765 1949/1959 1757/1766
f 1757/1766 1949/1959 1950/1960
f 1757/1766 1950/1960 1758/1767
f 1758/1767 1950/1960 1951/1961
f 1758/1767 1951/1961 1759/1768
f 1759/1768 1951/1961 1952/1962
f 1759/1768 1952/1962 1760/1769
f 1760/1769 1952/1962 1953/1963
f 1760/1769 1953/1963 1761/1770
f 1761/1770 1953/1963 1954/1964
f 1761/1770 1954/1964 1762/1771
f 1762/1771 1954/1964 1955/1965
f 1762/1771 1955/1965 1763/1772
f 1763/1772 1955/1965 1956/1966
f 1763/1772 1956/1966 1764/1773
f 1764/1773 1956/1966 1957/1967
f 1764/1773 1957/1967 1765/1774
f 1765/1774 1957/1967 1958/1968
f 1765/1774 1958/1968 1766/1775
f 1766/1775 1958/1968 1959/1969
f 1766/1775 1959/1969 1767/1776
f 1767/1776 1959/1969 1960/1970
f 1767/1776 1960/1970 1768/1777
f 1768/1777 1960/1970 1961/1971
f 1768/1777 1961/1971 1769/1778
f 1769/1778 1961/1971 1962/1972
f 1769/1778 1962/1972 1770/1779
f 1770/1779 1962/1972 1963/1973
f 1770/1779 1963/1973 1771/1780
f 1771/1780 1963/1973 1964/1974
f 1771/1780 1964/1974 1772/1781
f 1772/1781 1964/1974 1965/1975
f 1772/1781 1965/1975 1773/1782
f 1773/1782 1965/1975 1966/1976
f 1773/1782 1966/1976 1774/1783
f 1774/1783 1966/1976 1967/1977
f 1774/1783 1967/1977 1775/1784
f 1775/1784 1967/1977 1968/1978
f 1775/1784 1968/1978 1776/1785
f 1776/1785 1968/1978 1969/1979
f 1776/1785 1969/1979 1777/1786
f 1777/1786 1969/1979 1970/1980
f 1777/1786 1970/1980 1778/1787
f 1778/1787 1970/1980 1971/1981
f 1778/1787 1971/1981 1779/1788
f 1779/1788 1971/1981 1972/1982
f 1779/1788 1972/1982 1780/1789
f 1780/1789 1972/1982 1973/1983
f 1780/1789 1973/1983 1781/1790
f 1781/1790 1973/1983 1974/1984
f 1781/1790 1974/1984 1782/1791
f 1782/1791 1974/1984 1975/1985
f 1782/1791 1975/1985 1783/1792
f 1783/1792 1975/1985 1976/1986
f 1783/1792 1976/1986 1784/1793
f 1784/1793 1976/1986 1977/1987
f 1784/1793 1977/1987 1785/1794
f 1785/1794 1977/1987 1978/1988
f 1785/1794 1978/1988 1786/1795
f 1786/1795 1978/1988 1979/1989
f 1786/1795 1979/1989 1787/1796
f 1787/1796 1979/1989 1980/1990
f 1787/1796 1980/1990 1788/1797
f 1788/1797 1980/1990 1981/1991
f 1788/1797 1981/1991 1789/1798
f 1789/1798 1981/1991 1982/1992
f 1789/1798 1982/1992 1790/1799
f 1790/1799 1982/1992 1983/1993
f 1790/1799 1983/1993 1791/1800
f 1791/1800 1983/1993 1984/1994
f 1791/1800 1984/1994 1792/1801
f 1792/1801 1984/1994 1985/1995
f 1792/1801 1985/1995 1793/1802
f 1793/1802 1985/1995 1986/1996
f 1793/1802 1986/1996 1794/1803
f 1794/1803 1986/1996 1987/1997
f 1794/1803 1987/1997 1795/1804
f 1795/1804 1987/1997 1988/1998
f 1795/1804 1988/1998 1796/1805
f 1796/1805 1988/1998 1989/1999
f 1796/1805 1989/1999 1797/1806
f 1797/1806 1989/1999 1990/2000
f 1797/1806 1990/2000 1798/1807
f 1798/1807 1990/2000 1991/2001
f 1798/1807 1991/2001 1799/1808
f 1799/1808 1991/2001 1992/2002
f 1799/1808 1992/2002 1800/1809
f 1800/1809 1992/2002 1993/2003
f 1800/1809 1993/2003 1801/1810
f 1801/1810 1993/2003 1994/2004
f 1801/1810 1994/2004 1802/1811
f 1802/1811 1994/2004 1995/2005
f 1802/1811 1995/2005 1803/1812
f 1803/1812 1995/2005 1996/2006
f 1803/1812 1996/2006 1804/1813
f 1804/1813 1996/2006 1997/2007
f 1804/1813 1997/2007 1805/1814
f 1805/1814 1997/2007 1998/2008
f 1805/1814 1998/2008 1806/1815
f 1806/1815 1998/2008 1999/2009
f 1806/1815 1999/2009 1807/1816
f 1807/1816 1999/2009 2000/2010
f 1807/1816 2000/2010 1808/1817
f 1808/1817 2000/2010 2001/2011
f 1808/1817 2001/2011 1809/1818
f 1809/1818 2001/2011 2002/2012
f 1809/1818 2002/2012 1810/1819
f 1810/1819 2002/2012 2003/2013
f 1810/1819 2003/2013 1811/1820
f 1811/1820 2003/2013 2004/2014
f 1811/1820 2004/2014 1812/1821
f 1812/1821 2004/2014 2005/2015
f 1812/1821 2005/2015 1813/1822
f 1813/1822 2005/2015 2006/2016
f 1813/1822 2006/2016 1814/1823
f 1814/1823 2006/2016 2007/2017
f 1814/1823 2007/2017 1815/1824
f 1815/1824 2007/2017 2008/2018
f 1815/1824 2008/2018 1816/1825
f 1816/1825 2008/2018 2009/2019
f 1816/1825 2009/2019 1817/1826
f 1817/1826 2009/2019 2010/2020
f 1817/1826 2010/2020 1818/1827
f 1818/1827 2010/2020 2011/2021
f 1818/1827 2011/2021 1819/1828
f 1819/1828 2011/2021 2012/2022
f 1819/1828 2012/2022 1820/1829
f 1820/1829 2012/2022 2013/2023
f 1820/1829 2013/2023 1821/1830
f 1821/1830 2013/2023 2014/2024
f 1821/1830 2014/2024 1822/1831
f 1822/1831 2014/2024 2015/2025
f 1822/1831 2015/2025 1823/1832
f 1823/1832 2015/2025 2016/2026
f 1823/1832 2016/2026 1824/1833
f 1824/1833 2016/2026 2017/2027
f 1824/1833 2017/2027 1825/1834
f 1825/1834 2017/2027 2018/2028
f 1825/1834 2018/2028 1826/1835
f 1826/1835 2018/2028 2019/2029
f 1826/1835 2019/2029 1827/1836
f 1827/1836 2019/2029 2020/2030
f 1827/1836 2020/2030 1828/1837
f 1828/1837 2020/2030 2021/2031
f 1828/1837 2021/2031 1829/1838
f 1829/1838 2021/2031 2022/2032
f 1829/1838 2022/2032 1830/1839
f 1830/1839 2022/2032 2023/2033
f 1830/1839 2023/2033 1831/1840
f 1831/1840 2023/2033 2024/2034
f 1831/1840 2024/2034 1832/1841
f 1832/1841 2024/2034 2025/2035
f 1832/1841 2025/2035 1833/1842
f 1833/1842 2025/2035 2026/2036
f 1833/1842 2026/2036 1834/1843
f 1834/1843 2026/2036 2027/2037
f 1834/1843 2027/2037 1835/1844
f 1835/1844 2027/2037 2028/2038
f 1835/1844 2028/2038 1836/1845
f 1836/1845 2028/2038 2029/2039
f 1836/1845 2029/2039 1837/1846
f 1837/1846 2029/2039 2030/2040
f 1837/1846 2030/2040 1838/1847
f 1838/1847 2030/2040 2031/2041
f 1838/1847 2031/2041 1839/1848
f 1839/1848 2031/2041 2032/2042
f 1839/1848 2032/2042 1840/1849
f 1840/1849 2032/2042 2033/2043
f 1840/1849 2033/2043 1841/1850
f 1841/1850 2033/2043 2034/2044
f 1841/1850 2034/2044 1842/1851
f 1842/1851 2034/2044 2035/2045
f 1842/1851 2035/2045 1843/1852
f 1843/1852 2035/2045 2036/2046
f 1843/1852 2036/2046 1844/1853
f 1844/1853 2036/2046 2037/2047
f 1844/1853 2037/2047 1845/1854
f 1845/1854 2037/2047 2038/2048
f 1845/1854 2038/2048 1846/1855
f 1846/1855 2038/2048 2039/2049
f 1846/1855 2039/2049 1847/1856
f 1847/1856 2039/2049 2040/2050
f 1847/1856 2040/2050 1848/1857
f 1848/1857 2040/2050 2041/2051
f 1848/1857 2041/2051 1849/1858
f 1849/1858 2041/2051 2042/2052
f 1849/1858 2042/2052 1850/1859
f 1850/1859 2042/2052 2043/2053
f 1850/1859 2043/2053 1851/1860
f 1851/1860 2043/2053 2044/2054
f 1851/1860 2044/2054 1852/1861
f 1852/1861 2044/2054 2045/2055
f 1852/1861 2045/2055 1853/1862
f 1853/1862 2045/2055 2046/2056
f 1853/1862 2046/2056 1854/1863
f 1854/1863 2046/2056 2047/2057
f 1854/1863 2047/2057 1855/1864
f 1855/1864 2047/2057 2048/2058
f 1855/1864 2048/2058 1856/1865
f 1856/1865 2048/2058 2049/2059
f 1856/1865 2049/2059 1857/1866
f 1857/1866 2049/2059 2050/2060
f 1857/1866 2050/2060 1858/1867
f 1858/1867 2050/2060 2051/2061
f 1858/1867 2051/2061 1859/1868
f 1859/1868 2051/2061 2052/2062
f 1859/1868 2052/2062 1860/1869
f 1860/1869 2052/2062 2053/2063
f 1860/1869 2053/2063 1861/1870
f 1861/1870 2053/2063 2054/2064
f 1861/1870 2054/2064 1862/1871
f 1862/1871 2054/2064 2055/2065
f 1862/1871 2055/2065 1863/1872
f 1863/1872 2055/2065 2056/2066
f 1863/1872 2056/2066 1864/1873
f 1864/1873 2056/2066 2057/2067
f 1864/1873 2057/2067 1865/1874
f 1865/1874 2057/2067 2058/2068
f 1865/1874 2058/2068 1866/1875
f 1866/1875 2058/2068 2059/2069
f 1866/1875 2059/2069 1867/1876
f 1867/1876 2059/2069 2060/2070
f 1867/1876 2060/2070 1868/1877
f 1868/1877 2060/2070 2061/2071
f 1868/1877 2061/2071 1869/1878
f 1869/1878 2061/2071 2062/2072
f 1869/1878 2062/2072 1870/1879
f 1870/1879 2062/2072 2063/2073
f 1870/1879 2063/2073 1871/1880
f 1871/1880 2063/2073 2064/2074
f 1871/1880 2064/2074 1872/1881
f 1872/1881 2064/2074 2065/2075
f 1872/1881 2065/2075 1873/1882
f 1873/1882 2065/2075 2066/2076
f 1873/1882 2066/2076 1874/1883
f 1874/1883 2066/2076 2067/2077
f 1874/1883 2067/2077 1875/1884
f 1875/1884 2067/2077 2068/2078
f 1875/1884 2068/2078 1876/1885
f 1876/1885 2068/2078 2069/2079
f 1876/1885 2069/2079 1877/1886
f 1877/1886 2069/2079 2070/2080
f 1877/1886 2070/2080 1878/1887
f 1878/1887 2070/2080 2071/2081
f 1878/1887 2071/2081 1879/1888
f 1879/1888 2071/2081 2072/2082
f 1879/1888 2072/2082 1880/1889
f 1880/1889 2072/2082 2073/2083
f 1880/1889 2073/2083 1881/1890
f 1881/1890 2073/2083 2074/2084
f 1881/1890 2074/2084 1882/1891
f 1882/1891 2074/2084 2075/2085
f 1882/1891 2075/2085 1883/1892
f 1883/1892 2075/2085 2076/2086
f 1883/1892 2076/2086 1884/1893
f 1884/1893 2076/2086 2077/2087
f 1884/1893 2077/2087 1885/1894
f 1885/1894 2077/2087 2078/2088
f 1885/1894 2078/2088 1886/1895
f 1886/1895 2078/2088 2079/2089
f 1886/1895 2079/2089 1887/1896
f 1887/1896 2079/2089 2080/2090
f 1887/1896 2080/2090 1888/1897
f 1888/1897 2080/2090 2081/2091
f 1888/1897 2081/2091 1889/1898
f 1889/1898 2081/2091 2082/2092
f 1889/1898 2082/2092 1890/1899
f 1890/1899 2082/2092 2083/2093
f 1890/1899 2083/2093 1891/1900
f 1891/1900 2083/2093 2084/2094
f 1891/1900 2084/2094 1892/1901
f 1892/1901 2084/2094 2085/2095
f 1892/1901 2085/2095 1893/1902
f 1893/1902 2085/2095 2086/2096
f 1893/1902 2086/2096 1894/1903
f 1894/1903 2086/2096 2087/2097
f 1894/1903 2087/2097 1895/1904
f 1895/1904 2087/2097 2088/2098
f 1895/1904 2088/2098 1896/1905
f 1896/1905 2088/2098 2089/2099
f 1896/1905 2089/2099 1897/1906
f 1897/1906 2089/2099 2090/2100
f 1897/1906 2090/2100 1898/1907
f 1898/1907 2090/2100 2091/2101
f 1898/1907 2091/2101 1899/1908
f 1899/1908 2091/2101 2092/2102
f 1899/1908 2092/2102 1900/1909
f 1900/1909 2092/2102 2093/2103
f 1900/1909 2093/2103 1901/1910
f 1901/1910 2093/2103 2094/2104
f 1901/1910 2094/2104 1902/1911
f 1902/1911 2094/2104 2095/2105
f 1902/1911 2095/2105 1903/1912
f 1903/1912 2095/2105 2096/2106
f 1903/1912 2096/2106 1904/1913
f 1904/1913 2096/2106 2097/2107
f 1904/1913 2097/2107 1905/1914
f 1905/1914 2097/2107 2098/2108
f 1905/1914 2098/2108 1906/1915
f 1906/1915 2098/2108 2099/2109
f 1906/1915 2099/2109 1907/1916
f 1907/1916 2099/2109 2100/2110
f 1907/1916 2100/2110 1908/1917
f 1908/1917 2100/2110 2101/2111
f 1908/1917 2101/2111 1909/1918
f 1909/1918 2101/2111 2102/2112
f 1909/1918 2102/2112 1910/1919
f 1910/1919 2102/2112 2103/2113
f 1910/1919 2103/2113 1911/1920
f 1911/1920 2103/2113 2104/2114
f 1911/1920 2104/2114 1912/1921
f 1912/1921 2104/2114 2105/2115
f 1912/1921 2105/2115 1913/1922
f 1913/1922 2105/2115 2106/2116
f 1913/1922 2106/2116 1914/1923
f 1914/1923 2106/2116 2107/2117
f 1914/1923 2107/2117 1915/1924
f 1915/1924 2107/2117 2108/2118
f 1915/1924 2108/2118 1916/1925
f 1916/1925 2108/2118 2109/2119
f 1916/1925 2109/2119 1917/1926
f 1917/1926 2109/2119 2110/2120
f 1917/1926 2110/2120 1918/1927
f 1918/1927 2110/2120 2111/2121
f 1918/1927 2111/2121 1919/1928
f 1919/1928 2111/2121 2112/2122
f 1919/1928 2112/2122 1920/1929
f 1920/1929 2112/2122 1921/2123
f 1920/1929 1921/2123 1729/1930
f 1921/1931 2113/2124 2114/2125
f 1921/1931 2114/2125 1922/1932
f 1922/1932 2114/2125 2115/2126
f 1922/1932 2115/2126 1923/1933
f 1923/1933 2115/2126 2116/2127
f 1923/1933 2116/2127 1924/1934
f 1924/1934 2116/2127 2117/2128
f 1924/1934 2117/2128 1925/1935
f 1925/1935 2117/2128 2118/2129
f 1925/1935 2118/2129 1926/1936
f 1926/1936 2118/2129 2119/2130
f 1926/1936 2119/2130 1927/1937
f 1927/1937 2119/2130 2120/2131
f 1927/1937 2120/2131 1928/1938
f 1928/1938 2120/2131 2121/2132
f 1928/1938 2121/2132 1929/1939
f 1929/1939 2121/2132 2122/2133
f 1929/1939 2122/2133 1930/1940
f 1930/1940 2122/2133 2123/2134
f 1930/1940 2123/2134 1931/1941
f 1931/1941 2123/2134 2124/2135
f 1931/1941 2124/2135 1932/1942
f 1932/1942 2124/2135 2125/2136
f 1932/1942 2125/2136 1933/1943
f 1933/1943 2125/2136 2126/2137
f 1933/1943 2126/2137 1934/1944
f 1934/1944 2126/2137 2127/2138
f 1934/1944 2127/2138 1935/1945
f 1935/1945 2127/2138 2128/2139
f 1935/1945 2128/2139 1936/1946
f 1936/1946 2128/2139 2129/2140
f 1936/1946 2129/2140 1937/1947
f 1937/1947 2129/2140 2130/2141
f 1937/1947 2130/2141 1938/1948
f 1938/1948 2130/2141 2131/2142
f 1938/1948 2131/2142 1939/1949
f 1939/1949 2131/2142 2132/2143
f 1939/1949 2132/2143 1940/1950
f 1940/1950 2132/2143 2133/2144
f 1940/1950 2133/2144 1941/1951
f 1941/1951 2133/2144 2134/2145
f 1941/1951 2134/2145 1942/1952
f 1942/1952 2134/2145 2135/2146
f 1942/1952 2135/2146 1943/1953
f 1943/1953 2135/2146 2136/2147
f 1943/1953 2136/2147 1944/1954
f 1944/1954 2136/2147 2137/2148
f 1944/1954 2137/2148 1945/1955
f 1945/1955 2137/2148 2138/2149
f 1945/1955 2138/2149 1946/1956
f 1946/1956 2138/2149 2139/2150
f 1946/1956 2139/2150 1947/1957
f 1947/1957 2139/2150 2140/2151
f 1947/1957 2140/2151 1948/1958
f 1948/1958 2140/2151 2141/2152
f 1948/1958 2141/2152 1949/1959
f 1949/1959 2141/2152 2142/2153
f 1949/1959 2142/2153 1950/1960
f 1950/1960 2142/2153 2143/2154
f 1950/1960 2143/2154 1951/1961
f 1951/1961 2143/2154 2144/2155
f 1951/1961 2144/2155 1952/1962
f 1952/1962 2144/2155 2145/2156
f 1952/1962 2145/2156 1953/1963
f 1953/1963 2145/2156 2146/2157
f 1953/1963 2146/2157 1954/1964
f 1954/1964 2146/2157 2147/2158
f 1954/1964 2147/2158 1955/1965
f 1955/1965 2147/2158 2148/2159
f 1955/1965 2148/2159 1956/1966
f 1956/1966 2148/2159 2149/2160
f 1956/1966 2149/2160 1957/1967
f 1957/1967 2149/2160 2150/2161
f 1957/1967 2150/2161 1958/1968
f 1958/1968 2150/2161 2151/2162
f 1958/1968 2151/2162 1959/1969
f 1959/1969 2151/2162 2152/2163
f 1959/1969 2152/2163 1960/1970
f 1960/1970 2152/2163 2153/2164
f 1960/1970 2153/2164 1961/1971
f 1961/1971 2153/2164 2154/2165
f 1961/1971 2154/2165 1962/1972
f 1962/1972 2154/2165 2155/2166
f 1962/1972 2155/2166 1963/1973
f 1963/1973 2155/2166 2156/2167
f 1963/1973 2156/2167 1964/1974
f 1964/1974 2156/2167 2157/2168
f 1964/1974 2157/2168 1965/1975
f 1965/1975 2157/2168 2158/2169
f 1965/1975 2158/2169 1966/1976
f 1966/1976 2158/2169 2159/2170
f 1966/1976 2159/2170 1967/1977
f 1967/1977 2159/2170 2160/2171
f 1967/1977 2160/2171 1968/1978
f 1968/1978 2160/2171 2161/2172
f 1968/1978 2161/2172 1969/1979
f 1969/1979 2161/2172 2162/2173
f 1969/1979 2162/2173 1970/1980
f 1970/1980 2162/2173 2163/2174
f 1970/1980 2163/2174 1971/1981
f 1971/1981 2163/2174 2164/2175
f 1971/1981 2164/2175 1972/1982
f 1972/1982 2164/2175 2165/2176
f 1972/1982 2165/2176 1973/1983
f 1973/1983 2165/2176 2166/2177
f 1973/1983 2166/2177 1974/1984
f 1974/1984 2166/2177 2167/2178
f 1974/1984 2167/2178 1975/1985
f 1975/1985 2167/2178 2168/2179
f 1975/1985 2168/2179 1976/1986
f 1976/1986 2168/2179 2169/2180
f 1976/1986 2169/2180 1977/1987
f 1977/1987 2169/2180 2170/2181
f 1977/1987 2170/2181 1978/1988
f 1978/1988 2170/2181 2171/2182
f 1978/1988 2171/2182 1979/1989
f 1979/1989 2171/2182 2172/2183
f 1979/1989 2172/2183 1980/1990
f 1980/1990 2172/2183 2173/2184
f 1980/1990 2173/2184 1981/1991
f 1981/1991 2173/2184 2174/2185
f 1981/1991 2174/2185 1982/1992
f 1982/1992 2174/2185 2175/2186
f 1982/1992 2175/2186 1983/1993
f 1983/1993 2175/2186 2176/2187
f 1983/1993 2176/2187 1984/1994
f 1984/1994 2176/2187 2177/2188
f 1984/1994 2177/2188 1985/1995
f 1985/1995 2177/2188 2178/2189
f 1985/1995 2178/2189 1986/1996
f 1986/1996 2178/2189 2179/2190
f 1986/1996 2179/2190 1987/1997
f 1987/1997 2179/2190 2180/2191
f 1987/1997 2180/2191 1988/1998
f 1988/1998 2180/2191 2181/2192
f 1988/1998 2181/2192 1989/1999
f 1989/1999 2181/2192 2182/2193
f 1989/1999 2182/2193 1990/2000
f 1990/2000 2182/2193 2183/2194
f 1990/2000 2183/2194 1991/2001
f 1991/2001 2183/2194 2184/2195
f 1991/2001 2184/2195 1992/2002
f 1992/2002 2184/2195 2185/2196
f 1992/2002 2185/2196 1993/2003
f 1993/2003 2185/2196 2186/2197
f 1993/2003 2186/2197 1994/2004
f 1994/2004 2186/2197 2187/2198
f 1994/2004 2187/2198 1995/2005
f 1995/2005 2187/2198 2188/2199
f 1995/2005 2188/2199 1996/2006
f 1996/2006 2188/2199 2189/2200
f 1996/2006 2189/2200 1997/2007
f 1997/2007 2189/2200 2190/2201
f 1997/2007 2190/2201 1998/2008
f 1998/2008 2190/2201 2191/2202
f 1998/2008 2191/2202 1999/2009
f 1999/2009 2191/2202 2192/2203
f 1999/2009 2192/2203 2000/2010
f 2000/2010 2192/2203 2193/2204
f 2000/2010 2193/2204 2001/2011
f 2001/2011 2193/2204 2194/2205
f 2001/2011 2194/2205 2002/2012
f 2002/2012 2194/2205 2195/2206
f 2002/2012 2195/2206 2003/2013
f 2003/2013 2195/2206 2196/2207
f 2003/2013 2196/2207 2004/2014
f 2004/2014 2196/2207 2197/2208
f 2004/2014 2197/2208 2005/2015
f 2005/2015 2197/2208 2198/2209
f 2005/2015 2198/2209 2006/2016
f 2006/2016 2198/2209 2199/2210
f 2006/2016 2199/2210 2007/2017
f 2007/2017 2199/2210 2200/2211
f 2007/2017 2200/2211 2008/2018
f 2008/2018 2200/2211 2201/2212
f 2008/2018 2201/2212 2009/2019
f 2009/2019 2201/2212 2202/2213
f 2009/2019 2202/2213 2010/2020
f 2010/2020 2202/2213 2203/2214
f 2010/2020 2203/2214 2011/2021
f 2011/2021 2203/2214 2204/2215
f 2011/2021 2204/2215 2012/2022
f 2012/2022 2204/2215 2205/2216
f 2012/2022 2205/2216 2013/2023
f 2013/2023 2205/2216 2206/2217
f 2013/2023 2206/2217 2014/2024
f 2014/2024 2206/2217 2207/2218
f 2014/2024 2207/2218 2015/2025
f 2015/2025 2207/2218 2208/2219
f 2015/2025 2208/2219 2016/2026
f 2016/2026 2208/2219 2209/2220
f 2016/2026 2209/2220 2017/2027
f 2017/2027 2209/2220 2210/2221
f 2017/2027 2210/2221 2018/2028
f 2018/2028 2210/2221 2211/2222
f 2018/2028 2211/2222 2019/2029
f 2019/2029 2211/2222 2212/2223
f 2019/2029 2212/2223 2020/2030
f 2020/2030 2212/2223 2213/2224
f 2020/2030 2213/2224 2021/2031
f 2021/2031 2213/2224 2214/2225
f 2021/2031 2214/2225 2022/2032
f 2022/2032 2214/2225 2215/2226
f 2022/2032 2215/2226 2023/2033
f 2023/2033 2215/2226 2216/2227
f 2023/2033 2216/2227 2024/2034
f 2024/2034 2216/2227 2217/2228
f 2024/2034 2217/2228 2025/2035
f 2025/2035 2217/2228 2218/2229
f 2025/2035 2218/2229 2026/2036
f 2026/2036 2218/2229 2219/2230
f 2026/2036 2219/2230 2027/2037
f 2027/2037 2219/2230 2220/2231
f 2027/2037 2220/2231 2028/2038
f 2028/2038 2220/2231 2221/2232
f 2028/2038 2221/2232 2029/2039
f 2029/2039 2221/2232 2222/2233
f 2029/2039 2222/2233 2030/2040
f 2030/2040 2222/2233 2223/2234
f 2030/2040 2223/2234 2031/2041
f 2031/2041 2223/2234 2224/2235
f 2031/2041 2224/2235 2032/2042
f 2032/2042 2224/2235 2225/2236
f 2032/2042 2225/2236 2033/2043
f 2033/2043 2225/2236 2226/2237
f 2033/2043 2226/2237 2034/2044
f 2034/2044 2226/2237 2227/2238
f 2034/2044 2227/2238 2035/2045
f 2035/2045 2227/2238 2228/2239
f 2035/2045 2228/2239 2036/2046
f 2036/2046 2228/2239 2229/2240
f 2036/2046 2229/2240 2037/2047
f 2037/2047 2229/2240 2230/2241
f 2037/2047 2230/2241 2038/2048
f 2038/2048 2230/2241 2231/2242
f 2038/2048 2231/2242 2039/2049
f 2039/2049 2231/2242 2232/2243
f 2039/2049 2232/2243 2040/2050
f 2040/2050 2232/2243 2233/2244
f 2040/2050 2233/2244 2041/2051
f 2041/2051 2233/2244 2234/2245
f 2041/2051 2234/2245 2042/2052
f 2042/2052 2234/2245 2235/2246
f 2042/2052 2235/2246 2043/2053
f 2043/2053 2235/2246 2236/2247
f 2043/2053 2236/2247 2044/2054
f 2044/2054 2236/2247 2237/2248
f 2044/2054 2237/2248 2045/2055
f 2045/2055 2237/2248 2238/2249
f 2045/2055 2238/2249 2046/2056
f 2046/2056 2238/2249 2239/2250
f 2046/2056 2239/2250 2047/2057
f 2047/2057 2239/2250 2240/2251
f 2047/2057 2240/2251 2048/2058
f 2048/2058 2240/2251 2241/2252
f 2048/2058 2241/2252 2049/2059
f 2049/2059 2241/2252 2242/2253
f 2049/2059 2242/2253 2050/2060
f 2050/2060 2242/2253 2243/2254
f 2050/2060 2243/2254 2051/2061
f 2051/2061 2243/2254 2244/2255
f 2051/2061 2244/2255 2052/2062
f 2052/2062 2244/2255 2245/2256
f 2052/2062 2245/2256 2053/2063
f 2053/2063 2245/2256 2246/2257
f 2053/2063 2246/2257 2054/2064
f 2054/2064 2246/2257 2247/2258
f 2054/2064 2247/2258 2055/2065
f 2055/2065 2247/2258 2248/2259
f 2055/2065 2248/2259 2056/2066
f 2056/2066 2248/2259 2249/2260
f 2056/2066 2249/2260 2057/2067
f 2057/2067 2249/2260 2250/2261
f 2057/2067 2250/2261 2058/2068
f 2058/2068 2250/2261 2251/2262
f 2058/2068 2251/2262 2059/2069
f 2059/2069 2251/2262 2252/2263
f 2059/2069 2252/2263 2060/2070
f 2060/2070 2252/2263 2253/2264
f 2060/2070 2253/2264 2061/2071
f 2061/2071 2253/2264 2254/2265
f 2061/2071 2254/2265 2062/2072
f 2062/2072 2254/2265 2255/2266
f 2062/2072 2255/2266 2063/2073
f 2063/2073 2255/2266 2256/2267
f 2063/2073 2256/2267 2064/2074
f 2064/2074 2256/2267 2257/2268
f 2064/2074 2257/2268 2065/2075
f 2065/2075 2257/2268 2258/2269
f 2065/2075 2258/2269 2066/2076
f 2066/2076 2258/2269 2259/2270
f 2066/2076 2259/2270 2067/2077
f 2067/2077 2259/2270 2260/2271
f 2067/2077 2260/2271 2068/2078
f 2068/2078 2260/2271 2261/2272
f 2068/2078 2261/2272 2069/2079
f 2069/2079 2261/2272 2262/2273
f 2069/2079 2262/2273 2070/2080
f 2070/2080 2262/2273 2263/2274
f 2070/2080 2263/2274 2071/2081
f 2071/2081 2263/2274 2264/2275
f 2071/2081 2264/2275 2072/2082
f 2072/2082 2264/2275 2265/2276
f 2072/2082 2265/2276 2073/2083
f 2073/2083 2265/2276 2266/2277
f 2073/2083 2266/2277 2074/2084
f 2074/2084 2266/2277 2267/2278
f 2074/2084 2267/2278 2075/2085
f 2075/2085 2267/2278 2268/2279
f 2075/2085 2268/2279 2076/2086
f 2076/2086 2268/2279 2269/2280
f 2076/2086 2269/2280 2077/2087
f 2077/2087 2269/2280 2270/2281
f 2077/2087 2270/2281 2078/2088
f 2078/2088 2270/2281 2271/2282
f 2078/2088 2271/2282 2079/2089
f 2079/2089 2271/2282 2272/2283
f 2079/2089 2272/2283 2080/2090
f 2080/2090 2272/2283 2273/2284
f 2080/2090 2273/2284 2081/2091
f 2081/2091 2273/2284 2274/2285
f 2081/2091 2274/2285 2082/2092
f 2082/2092 2274/2285 2275/2286
f 2082/2092 2275/2286 2083/2093
f 2083/2093 2275/2286 2276/2287
f 2083/2093 2276/2287 2084/2094
f 2084/2094 2276/2287 2277/2288
f 2084/2094 2277/2288 2085/2095
f 2085/2095 2277/2288 2278/2289
f 2085/2095 2278/2289 2086/2096
f 2086/2096 2278/2289 2279/2290
f 2086/2096 2279/2290 2087/2097
f 2087/2097 2279/2290 2280/2291
f 2087/2097 2280/2291 2088/2098
f 2088/2098 2280/2291 2281/2292
f 2088/2098 2281/2292 2089/2099
f 2089/2099 2281/2292 2282/2293
f 2089/2099 2282/2293 2090/2100
f 2090/2100 2282/2293 2283/2294
f 2090/2100 2283/2294 2091/2101
f 2091/2101 2283/2294 2284/2295
f 2091/2101 2284/2295 2092/2102
f 2092/2102 2284/2295 2285/2296
f 2092/2102 2285/2296 2093/2103
f 2093/2103 2285/2296 2286/2297
f 2093/2103 2286/2297 2094/2104
f 2094/2104 2286/2297 2287/2298
f 2094/2104 2287/2298 2095/2105
f 2095/2105 2287/2298 2288/2299
f 2095/2105 2288/2299 2096/2106
f 2096/2106 2288/2299 2289/2300
f 2096/2106 2289/2300 2097/2107
f 2097/2107 2289/2300 2290/2301
f 2097/2107 2290/2301 2098/2108
f 2098/2108 2290/2301 2291/2302
f 2098/2108 2291/2302 2099/2109
f 2099/2109 2291/2302 2292/2303
f 2099/2109 2292/2303 2100/2110
f 2100/2110 2292/2303 2293/2304
f 2100/2110 2293/2304 2101/2111
f 2101/2111 2293/2304 2294/2305
f 2101/2111 2294/2305 2102/2112
f 2102/2112 2294/2305 2295/2306
f 2102/2112 2295/2306 2103/2113
f 2103/2113 2295/2306 2296/2307
f 2103/2113 2296/2307 2104/2114
f 2104/2114 2296/2307 2297/2308
f 2104/2114 2297/2308 2105/2115
f 2105/2115 2297/2308 2298/2309
f 2105/2115 2298/2309 2106/2116
f 2106/2116 2298/2309 2299/2310
f 2106/2116 2299/2310 2107/2117
f 2107/2117 2299/2310 2300/2311
f 2107/2117 2300/2311 2108/2118
f 2108/2118 2300/2311 2301/2312
f 2108/2118 2301/2312 2109/2119
f 2109/2119 2301/2312 2302/2313
f 2109/2119 2302/2313 2110/2120
f 2110/2120 2302/2313 2303/2314
f 2110/2120 2303/2314 2111/2121
f 2111/2121 2303/2314 2304/2315
f 2111/2121 2304/2315 2112/2122
f 2112/2122 2304/2315 2113/2316
f 2112/2122 2113/2316 1921/2123
f 2113/2124 2305/2317 2306/2318
f 2113/2124 2306/2318 2114/2125
f 2114/2125 2306/2318 2307/2319
f 2114/2125 2307/2319 2115/2126
f 2115/2126 2307/2319 2308/2320
f 2115/2126 2308/2320 2116/2127
f 2116/2127 2308/2320 2309/2321
f 2116/2127 2309/2321 2117/2128
f 2117/2128 2309/2321 2310/2322
f 2117/2128 2310/2322 2118/2129
f 2118/2129 2310/2322 2311/2323
f 2118/2129 2311/2323 2119/2130
f 2119/2130 2311/2323 2312/2324
f 2119/2130 2312/2324 2120/2131
f 2120/2131 2312/2324 2313/2325
f 2120/2131 2313/2325 2121/2132
f 2121/2132 2313/2325 2314/2326
f 2121/2132 2314/2326 2122/2133
f 2122/2133 2314/2326 2315/2327
f 2122/2133 2315/2327 2123/2134
f 2123/2134 2315/2327 2316/2328
f 2123/2134 2316/2328 2124/2135
f 2124/2135 2316/2328 2317/2329
f 2124/2135 2317/2329 2125/2136
f 2125/2136 2317/2329 2318/2330
f 2125/2136 2318/2330 2126/2137
f 2126/2137 2318/2330 2319/2331
f 2126/2137 2319/2331 2127/2138
f 2127/2138 2319/2331 2320/2332
f 2127/2138 2320/2332 2128/2139
f 2128/2139 2320/2332 2321/2333
f 2128/2139 2321/2333 2129/2140
f 2129/2140 2321/2333 2322/2334
f 2129/2140 2322/2334 2130/2141
f 2130/2141 2322/2334 2323/2335
f 2130/2141 2323/2335 2131/2142
f 2131/2142 2323/2335 2324/2336
f 2131/2142 2324/2336 2132/2143
f 2132/2143 2324/2336 2325/2337
f 2132/2143 2325/2337 2133/2144
f 2133/2144 2325/2337 2326/2338
f 2133/2144 2326/2338 2134/2145
f 2134/2145 2326/2338 2327/2339
f 2134/2145 2327/2339 2135/2146
f 2135/2146 2327/2339 2328/2340
f 2135/2146 2328/2340 2136/2147
f 2136/2147 2328/2340 2329/2341
f 2136/2147 2329/2341 2137/2148
f 2137/2148 2329/2341 2330/2342
f 2137/2148 2330/2342 2138/2149
f 2138/2149 2330/2342 2331/2343
f 2138/2149 2331/2343 2139/2150
f 2139/2150 2331/2343 2332/2344
f 2139/2150 2332/2344 2140/2151
f 2140/2151 2332/2344 2333/2345
f 2140/2151 2333/2345 2141/2152
f 2141/2152 2333/2345 2334/2346
f 2141/2152 2334/2346 2142/2153
f 2142/2153 2334/2346 2335/2347
f 2142/2153 2335/2347 2143/2154
f 2143/2154 2335/2347 2336/2348
f 2143/2154 2336/2348 2144/2155
f 2144/2155 2336/2348 2337/2349
f 2144/2155 2337/2349 2145/2156
f 2145/2156 2337/2349 2338/2350
f 2145/2156 2338/2350 2146/2157
f 2146/2157 2338/2350 2339/2351
f 2146/2157 2339/2351 2147/2158
f 2147/2158 2339/2351 2340/2352
f 2147/2158 2340/2352 2148/2159
f 2148/2159 2340/2352 2341/2353
f 2148/2159 2341/2353 2149/2160
f 2149/2160 2341/2353 2342/2354
f 2149/2160 2342/2354 2150/2161
f 2150/2161 2342/2354 2343/2355
f 2150/2161 2343/2355 2151/2162
f 2151/2162 2343/2355 2344/2356
f 2151/2162 2344/2356 2152/2163
f 2152/2163 2344/2356 2345/2357
f 2152/2163 2345/2357 2153/2164
f 2153/2164 2345/2357 2346/2358
f 2153/2164 2346/2358 2154/2165
f 2154/2165 2346/2358 2347/2359
f 2154/2165 2347/2359 2155/2166
f 2155/2166 2347/2359 2348/2360
f 2155/2166 2348/2360 2156/2167
f 2156/2167 2348/2360 2349/2361
f 2156/2167 2349/2361 2157/2168
f 2157/2168 2349/2361 2350/2362
f 2157/2168 2350/2362 2158/2169
f 2158/2169 2350/2362 2351/2363
f 2158/2169 2351/2363 2159/2170
f 2159/2170 2351/2363 2352/2364
f 2159/2170 2352/2364 2160/2171
f 2160/2171 2352/2364 2353/2365
f 2160/2171 2353/2365 2161/2172
f 2161/2172 2353/2365 2354/2366
f 2161/2172 2354/2366 2162/2173
f 2162/2173 2354/2366 2355/2367
f 2162/2173 2355/2367 2163/2174
f 2163/2174 2355/2367 2356/2368
f 2163/2174 2356/2368 2164/2175
f 2164/2175 2356/2368 2357/2369
f 2164/2175 2357/2369 2165/2176
f 2165/2176 2357/2369 2358/2370
f 2165/2176 2358/2370 2166/2177
f 2166/2177 2358/2370 2359/2371
f 2166/2177 2359/2371 2167/2178
f 2167/2178 2359/2371 2360/2372
f 2167/2178 2360/2372 2168/2179
f 2168/2179 2360/2372 2361/2373
f 2168/2179 2361/2373 2169/2180
f 2169/2180 2361/2373 2362/2374
f 2169/2180 2362/2374 2170/2181
f 2170/2181 2362/2374 2363/2375
f 2170/2181 2363/2375 2171/2182
f 2171/2182 2363/2375 2364/2376
f 2171/2182 2364/2376 2172/2183
f 2172/2183 2364/2376 2365/2377
f 2172/2183 2365/2377 2173/2184
f 2173/2184 2365/2377 2366/2378
f 2173/2184 2366/2378 2174/2185
f 2174/2185 2366/2378 2367/2379
f 2174/2185 2367/2379 2175/2186
f 2175/2186 2367/2379 2368/2380
f 2175/2186 2368/2380 2176/2187
f 2176/2187 2368/2380 2369/2381
f 2176/2187 2369/2381 2177/2188
f 2177/2188 2369/2381 2370/2382
f 2177/2188 2370/2382 2178/2189
f 2178/2189 2370/2382 2371/2383
f 2178/2189 2371/2383 2179/2190
f 2179/2190 2371/2383 2372/2384
f 2179/2190 2372/2384 2180/2191
f 2180/2191 2372/2384 2373/2385
f 2180/2191 2373/2385 2181/2192
f 2181/2192 2373/2385 2374/2386
f 2181/2192 2374/2386 2182/2193
f 2182/2193 2374/2386 2375/2387
f 2182/2193 2375/2387 2183/2194
f 2183/2194 2375/2387 2376/2388
f 2183/2194 2376/2388 2184/2195
f 2184/2195 2376/2388 2377/2389
f 2184/2195 2377/2389 2185/2196
f 2185/2196 2377/2389 2378/2390
f 2185/2196 2378/2390 2186/2197
f 2186/2197 2378/2390 2379/2391
f 2186/2197 2379/2391 2187/2198
f 2187/2198 2379/2391 2380/2392
f 2187/2198 2380/2392 2188/2199
f 2188/2199 2380/2392 2381/2393
f 2188/2199 2381/2393 2189/2200
f 2189/2200 2381/2393 2382/2394
f 2189/2200 2382/2394 2190/2201
f 2190/2201 2382/2394 2383/2395
f 2190/2201 2383/2395 2191/2202
f 2191/2202 2383/2395 2384/2396
f 2191/2202 2384/2396 2192/2203
f 2192/2203 2384/2396 2385/2397
f 2192/2203 2385/2397 2193/2204
f 2193/2204 2385/2397 2386/2398
f 2193/2204 2386/2398 2194/2205
f 2194/2205 2386/2398 2387/2399
f 2194/2205 2387/2399 2195/2206
f 2195/2206 2387/2399 2388/2400
f 2195/2206 2388/2400 2196/2207
f 2196/2207 2388/2400 2389/2401
f 2196/2207 2389/2401 2197/2208
f 2197/2208 2389/2401 2390/2402
f 2197/2208 2390/2402 2198/2209
f 2198/2209 2390/2402 2391/2403
f 2198/2209 2391/2403 2199/2210
f 2199/2210 2391/2403 2392/2404
f 2199/2210 2392/2404 2200/2211
f 2200/2211 2392/2404 2393/2405
f 2200/2211 2393/2405 2201/2212
f 2201/2212 2393/2405 2394/2406
f 2201/2212 2394/2406 2202/2213
f 2202/2213 2394/2406 2395/2407
f 2202/2213 2395/2407 2203/2214
f 2203/2214 2395/2407 2396/2408
f 2203/2214 2396/2408 2204/2215
f 2204/2215 2396/2408 2397/2409
f 2204/2215 2397/2409 2205/2216
f 2205/2216 2397/2409 2398/2410
f 2205/2216 2398/2410 2206/2217
f 2206/2217 2398/2410 2399/2411
f 2206/2217 2399/2411 2207/2218
f 2207/2218 2399/2411 2400/2412
f 2207/2218 2400/2412 2208/2219
f 2208/2219 2400/2412 2401/2413
f 2208/2219 2401/2413 2209/2220
f 2209/2220 2401/2413 2402/2414
f 2209/2220 2402/2414 2210/2221
f 2210/2221 2402/2414 2403/2415
f 2210/2221 2403/2415 2211/2222
f 2211/2222 2403/2415 2404/2416
f 2211/2222 2404/2416 2212/2223
f 2212/2223 2404/2416 2405/2417
f 2212/2223 2405/2417 2213/2224
f 2213/2224 2405/2417 2406/2418
f 2213/2224 2406/2418 2214/2225
f 2214/2225 2406/2418 2407/2419
f 2214/2225 2407/2419 2215/2226
f 2215/2226 2407/2419 2408/2420
f 2215/2226 2408/2420 2216/2227
f 2216/2227 2408/2420 2409/2421
f 2216/2227 2409/2421 2217/2228
f 2217/2228 2409/2421 2410/2422
f 2217/2228 2410/2422 2218/2229
f 2218/2229 2410/2422 2411/2423
f 2218/2229 2411/2423 2219/2230
f 2219/2230 2411/2423 2412/2424
f 2219/2230 2412/2424 2220/2231
f 2220/2231 2412/2424 2413/2425
f 2220/2231 2413/2425 2221/2232
f 2221/2232 2413/2425 2414/2426
f 2221/2232 2414/2426 2222/2233
f 2222/2233 2414/2426 2415/2427
f 2222/2233 2415/2427 2223/2234
f 2223/2234 2415/2427 2416/2428
f 2223/2234 2416/2428 2224/2235
f 2224/2235 2416/2428 2417/2429
f 2224/2235 2417/2429 2225/2236
f 2225/2236 2417/2429 2418/2430
f 2225/2236 2418/2430 2226/2237
f 2226/2237 2418/2430 2419/2431
f 2226/2237 2419/2431 2227/2238
f 2227/2238 2419/2431 2420/2432
f 2227/2238 2420/2432 2228/2239
f 2228/2239 2420/2432 2421/2433
f 2228/2239 2421/2433 2229/2240
f 2229/2240 2421/2433 2422/2434
f 2229/2240 2422/2434 2230/2241
f 2230/2241 2422/2434 2423/2435
f 2230/2241 2423/2435 2231/2242
f 2231/2242 2423/2435 2424/2436
f 2231/2242 2424/2436 2232/2243
f 2232/2243 2424/2436 2425/2437
f 2232/2243 2425/2437 2233/2244
f 2233/2244 2425/2437 2426/2438
f 2233/2244 2426/2438 2234/2245
f 2234/2245 2426/2438 2427/2439
f 2234/2245 2427/2439 2235/2246
f 2235/2246 2427/2439 2428/2440
f 2235/2246 2428/2440 2236/2247
f 2236/2247 2428/2440 2429/2441
f 2236/2247 2429/2441 2237/2248
f 2237/2248 2429/2441 2430/2442
f 2237/2248 2430/2442 2238/2249
f 2238/2249 2430/2442 2431/2443
f 2238/2249 2431/2443 2239/2250
f 2239/2250 2431/2443 2432/2444
f 2239/2250 2432/2444 2240/2251
f 2240/2251 2432/2444 2433/2445
f 2240/2251 2433/2445 2241/2252
f 2241/2252 2433/2445 2434/2446
f 2241/2252 2434/2446 2242/2253
f 2242/2253 2434/2446 2435/2447
f 2242/2253 2435/2447 2243/2254
f 2243/2254 2435/2447 2436/2448
f 2243/2254 2436/2448 2244/2255
f 2244/2255 2436/2448 2437/2449
f 2244/2255 2437/2449 2245/2256
f 2245/2256 2437/2449 2438/2450
f 2245/2256 2438/2450 2246/2257
f 2246/2257 2438/2450 2439/2451
f 2246/2257 2439/2451 2247/2258
f 2247/2258 2439/2451 2440/2452
f 2247/2258 2440/2452 2248/2259
f 2248/2259 2440/2452 2441/2453
f 2248/2259 2441/2453 2249/2260
f 2249/2260 2441/2453 2442/2454
f 2249/2260 2442/2454 2250/2261
f 2250/2261 2442/2454 2443/2455
f 2250/2261 2443/2455 2251/2262
f 2251/2262 2443/2455 2444/2456
f 2251/2262 2444/2456 2252/2263
f 2252/2263 2444/2456 2445/2457
f 2252/2263 2445/2457 2253/2264
f 2253/2264 2445/2457 2446/2458
f 2253/2264 2446/2458 2254/2265
f 2254/2265 2446/2458 2447/2459
f 2254/2265 2447/2459 2255/2266
f 2255/2266 2447/2459 2448/2460
f 2255/2266 2448/2460 2256/2267
f 2256/2267 2448/2460 2449/2461
f 2256/2267 2449/2461 2257/2268
f 2257/2268 2449/2461 2450/2462
f 2257/2268 2450/2462 2258/2269
f 2258/2269 2450/2462 2451/2463
f 2258/2269 2451/2463 2259/2270
f 2259/2270 2451/2463 2452/2464
f 2259/2270 2452/2464 2260/2271
f 2260/2271 2452/2464 2453/2465
f 2260/2271 2453/2465 2261/2272
f 2261/2272 2453/2465 2454/2466
f 2261/2272 2454/2466 2262/2273
f 2262/2273 2454/2466 2455/2467
f 2262/2273 2455/2467 2263/2274
f 2263/2274 2455/2467 2456/2468
f 2263/2274 2456/2468 2264/2275
f 2264/2275 2456/2468 2457/2469
f 2264/2275 2457/2469 2265/2276
f 2265/2276 2457/2469 2458/2470
f 2265/2276 2458/2470 2266/2277
f 2266/2277 2458/2470 2459/2471
f 2266/2277 2459/2471 2267/2278
f 2267/2278 2459/2471 2460/2472
f 2267/2278 2460/2472 2268/2279
f 2268/2279 2460/2472 2461/2473
f 2268/2279 2461/2473 2269/2280
f 2269/2280 2461/2473 2462/2474
f 2269/2280 2462/2474 2270/2281
f 2270/2281 2462/2474 2463/2475
f 2270/2281 2463/2475 2271/2282
f 2271/2282 2463/2475 2464/2476
f 2271/2282 2464/2476 2272/2283
f 2272/2283 2464/2476 2465/2477
f 2272/2283 2465/2477 2273/2284
f 2273/2284 2465/2477 2466/2478
f 2273/2284 2466/2478 2274/2285
f 2274/2285 2466/2478 2467/2479
f 2274/2285 2467/2479 2275/2286
f 2275/2286 2467/2479 2468/2480
f 2275/2286 2468/2480 2276/2287
f 2276/2287 2468/2480 2469/2481
f 2276/2287 2469/2481 2277/2288
f 2277/2288 2469/2481 2470/2482
f 2277/2288 2470/2482 2278/2289
f 2278/2289 2470/2482 2471/2483
f 2278/2289 2471/2483 2279/2290
f 2279/2290 2471/2483 2472/2484
f 2279/2290 2472/2484 2280/2291
f 2280/2291 2472/2484 2473/2485
f 2280/2291 2473/2485 2281/2292
f 2281/2292 2473/2485 2474/2486
f 2281/2292 2474/2486 2282/2293
f 2282/2293 2474/2486 2475/2487
f 2282/2293 2475/2487 2283/2294
f 2283/2294 2475/2487 2476/2488
f 2283/2294 2476/2488 2284/2295
f 2284/2295 2476/2488 2477/2489
f 2284/2295 2477/2489 2285/2296
f 2285/2296 2477/2489 2478/2490
f 2285/2296 2478/2490 2286/2297
f 2286/2297 2478/2490 2479/2491
f 2286/2297 2479/2491 2287/2298
f 2287/2298 2479/2491 2480/2492
f 2287/2298 2480/2492 2288/2299
f 2288/2299 2480/2492 2481/2493
f 2288/2299 2481/2493 2289/2300
f 2289/2300 2481/2493 2482/2494
f 2289/2300 2482/2494 2290/2301
f 2290/2301 2482/2494 2483/2495
f 2290/2301 2483/2495 2291/2302
f 2291/2302 2483/2495 2484/2496
f 2291/2302 2484/2496 2292/2303
f 2292/2303 2484/2496 2485/2497
f 2292/2303 2485/2497 2293/2304
f 2293/2304 2485/2497 2486/2498
f 2293/2304 2486/2498 2294/2305
f 2294/2305 2486/2498 2487/2499
f 2294/2305 2487/2499 2295/2306
f 2295/2306 2487/2499 2488/2500
f 2295/2306 2488/2500 2296/2307
f 2296/2307 2488/2500 2489/2501
f 2296/2307 2489/2501 2297/2308
f 2297/2308 2489/2501 2490/2502
f 2297/2308 2490/2502 2298/2309
f 2298/2309 2490/2502 2491/2503
f 2298/2309 2491/2503 2299/2310
f 2299/2310 2491/2503 2492/2504
f 2299/2310 2492/2504 2300/2311
f 2300/2311 2492/2504 2493/2505
f 2300/2311 2493/2505 2301/2312
f 2301/2312 2493/2505 2494/2506
f 2301/2312 2494/2506 2302/2313
f 2302/2313 2494/2506 2495/2507
f 2302/2313 2495/2507 2303/2314
f 2303/2314 2495/2507 2496/2508
f 2303/2314 2496/2508 2304/2315
f 2304/2315 2496/2508 2305/2509
f 2304/2315 2305/2509 2113/2316
f 2305/2317 2497/2510 2498/2511
f 2305/2317 2498/2511 2306/2318
f 2306/2318 2498/2511 2499/2512
f 2306/2318 2499/2512 2307/2319
f 2307/2319 2499/2512 2500/2513
f 2307/2319 2500/2513 2308/2320
f 2308/2320 2500/2513 2501/2514
f 2308/2320 2501/2514 2309/2321
f 2309/2321 2501/2514 2502/2515
f 2309/2321 2502/2515 2310/2322
f 2310/2322 2502/2515 2503/2516
f 2310/2322 2503/2516 2311/2323
f 2311/2323 2503/2516 2504/2517
f 2311/2323 2504/2517 2312/2324
f 2312/2324 2504/2517 2505/2518
f 2312/2324 2505/2518 2313/2325
f 2313/2325 2505/2518 2506/2519
f 2313/2325 2506/2519 2314/2326
f 2314/2326 2506/2519 2507/2520
f 2314/2326 2507/2520 2315/2327
f 2315/2327 2507/2520 2508/2521
f 2315/2327 2508/2521 2316/2328
f 2316/2328 2508/2521 2509/2522
f 2316/2328 2509/2522 2317/2329
f 2317/2329 2509/2522 2510/2523
f 2317/2329 2510/2523 2318/2330
f 2318/2330 2510/2523 2511/2524
f 2318/2330 2511/2524 2319/2331
f 2319/2331 2511/2524 2512/2525
f 2319/2331 2512/2525 2320/2332
f 2320/2332 2512/2525 2513/2526
f 2320/2332 2513/2526 2321/2333
f 2321/2333 2513/2526 2514/2527
f 2321/2333 2514/2527 2322/2334
f 2322/2334 2514/2527 2515/2528
f 2322/2334 2515/2528 2323/2335
f 2323/2335 2515/2528 2516/2529
f 2323/2335 2516/2529 2324/2336
f 2324/2336 2516/2529 2517/2530
f 2324/2336 2517/2530 2325/2337
f 2325/2337 2517/2530 2518/2531
f 2325/2337 2518/2531 2326/2338
f 2326/2338 2518/2531 2519/2532
f 2326/2338 2519/2532 2327/2339
f 2327/2339 2519/2532 2520/2533
f 2327/2339 2520/2533 2328/2340
f 2328/2340 2520/2533 2521/2534
f 2328/2340 2521/2534 2329/2341
f 2329/2341 2521/2534 2522/2535
f 2329/2341 2522/2535 2330/2342
f 2330/2342 2522/2535 2523/2536
f 2330/2342 2523/2536 2331/2343
f 2331/2343 2523/2536 2524/2537
f 2331/2343 2524/2537 2332/2344
f 2332/2344 2524/2537 2525/2538
f 2332/2344 2525/2538 2333/2345
f 2333/2345 2525/2538 2526/2539
f 2333/2345 2526/2539 2334/2346
f 2334/2346 2526/2539 2527/2540
f 2334/2346 2527/2540 2335/2347
f 2335/2347 2527/2540 2528/2541
f 2335/2347 2528/2541 2336/2348
f 2336/2348 2528/2541 2529/2542
f 2336/2348 2529/2542 2337/2349
f 2337/2349 2529/2542 2530/2543
f 2337/2349 2530/2543 2338/2350
f 2338/2350 2530/2543 2531/2544
f 2338/2350 2531/2544 2339/2351
f 2339/2351 2531/2544 2532/2545
f 2339/2351 2532/2545 2340/2352
f 2340/2352 2532/2545 2533/2546
f 2340/2352 2533/2546 2341/2353
f 2341/2353 2533/2546 2534/2547
f 2341/2353 2534/2547 2342/2354
f 2342/2354 2534/2547 2535/2548
f 2342/2354 2535/2548 2343/2355
f 2343/2355 2535/2548 2536/2549
f 2343/2355 2536/2549 2344/2356
f 2344/2356 2536/2549 2537/2550
f 2344/2356 2537/2550 2345/2357
f 2345/2357 2537/2550 2538/2551
f 2345/2357 2538/2551 2346/2358
f 2346/2358 2538/2551 2539/2552
f 2346/2358 2539/2552 2347/2359
f 2347/2359 2539/2552 2540/2553
f 2347/2359 2540/2553 2348/2360
f 2348/2360 2540/2553 2541/2554
f 2348/2360 2541/2554 2349/2361
f 2349/2361 2541/2554 2542/2555
f 2349/2361 2542/2555 2350/2362
f 2350/2362 2542/2555 2543/2556
f 2350/2362 2543/2556 2351/2363
f 2351/2363 2543/2556 2544/2557
f 2351/2363 2544/2557 2352/2364
f 2352/2364 2544/2557 2545/2558
f 2352/2364 2545/2558 2353/2365
f 2353/2365 2545/2558 2546/2559
f 2353/2365 2546/2559 2354/2366
f 2354/2366 2546/2559 2547/2560
f 2354/2366 2547/2560 2355/2367
f 2355/2367 2547/2560 2548/2561
f 2355/2367 2548/2561 2356/2368
f 2356/2368 2548/2561 2549/2562
f 2356/2368 2549/2562 2357/2369
f 2357/2369 2549/2562 2550/2563
f 2357/2369 2550/2563 2358/2370
f 2358/2370 2550/2563 2551/2564
f 2358/2370 2551/2564 2359/2371
f 2359/2371 2551/2564 2552/2565
f 2359/2371 2552/2565 2360/2372
f 2360/2372 2552/2565 2553/2566
f 2360/2372 2553/2566 2361/2373
f 2361/2373 2553/2566 2554/2567
f 2361/2373 2554/2567 2362/2374
f 2362/2374 2554/2567 2555/2568
f 2362/2374 2555/2568 2363/2375
f 2363/2375 2555/2568 2556/2569
f 2363/2375 2556/2569 2364/2376
f 2364/2376 2556/2569 2557/2570
f 2364/2376 2557/2570 2365/2377
f 2365/2377 2557/2570 2558/2571
f 2365/2377 2558/2571 2366/2378
f 2366/2378 2558/2571 2559/2572
f 2366/2378 2559/2572 2367/2379
f 2367/2379 2559/2572 2560/2573
f 2367/2379 2560/2573 2368/2380
f 2368/2380 2560/2573 2561/2574
f 2368/2380 2561/2574 2369/2381
f 2369/2381 2561/2574 2562/2575
f 2369/2381 2562/2575 2370/2382
f 2370/2382 2562/2575 2563/2576
f 2370/2382 2563/2576 2371/2383
f 2371/2383 2563/2576 2564/2577
f 2371/2383 2564/2577 2372/2384
f 2372/2384 2564/2577 2565/2578
f 2372/2384 2565/2578 2373/2385
f 2373/2385 2565/2578 2566/2579
f 2373/2385 2566/2579 2374/2386
f 2374/2386 2566/2579 2567/2580
f 2374/2386 2567/2580 2375/2387
f 2375/2387 2567/2580 2568/2581
f 2375/2387 2568/2581 2376/2388
f 2376/2388 2568/2581 2569/2582
f 2376/2388 2569/2582 2377/2389
f 2377/2389 2569/2582 2570/2583
f 2377/2389 2570/2583 2378/2390
f 2378/2390 2570/2583 2571/2584
f 2378/2390 2571/2584 2379/2391
f 2379/2391 2571/2584 2572/2585
f 2379/2391 2572/2585 2380/2392
f 2380/2392 2572/2585 2573/2586
f 2380/2392 2573/2586 2381/2393
f 2381/2393 2573/2586 2574/2587
f 2381/2393 2574/2587 2382/2394
f 2382/2394 2574/2587 2575/2588
f 2382/2394 2575/2588 2383/2395
f 2383/2395 2575/2588 2576/2589
f 2383/2395 2576/2589 2384/2396
f 2384/2396 2576/2589 2577/2590
f 2384/2396 2577/2590 2385/2397
f 2385/2397 2577/2590 2578/2591
f 2385/2397 2578/2591 2386/2398
f 2386/2398 2578/2591 2579/2592
f 2386/2398 2579/2592 2387/2399
f 2387/2399 2579/2592 2580/2593
f 2387/2399 2580/2593 2388/2400
f 2388/2400 2580/2593 2581/2594
f 2388/2400 2581/2594 2389/2401
f 2389/2401 2581/2594 2582/2595
f 2389/2401 2582/2595 2390/2402
f 2390/2402 2582/2595 2583/2596
f 2390/2402 2583/2596 2391/2403
f 2391/2403 2583/2596 2584/2597
f 2391/2403 2584/2597 2392/2404
f 2392/2404 2584/2597 2585/2598
f 2392/2404 2585/2598 2393/2405
f 2393/2405 2585/2598 2586/2599
f 2393/2405 2586/2599 2394/2406
f 2394/2406 2586/2599 2587/2600
f 2394/2406 2587/2600 2395/2407
f 2395/2407 2587/2600 2588/2601
f 2395/2407 2588/2601 2396/2408
f 2396/2408 2588/2601 2589/2602
f 2396/2408 2589/2602 2397/2409
f 2397/2409 2589/2602 2590/2603
f 2397/2409 2590/2603 2398/2410
f 2398/2410 2590/2603 2591/2604
f 2398/2410 2591/2604 2399/2411
f 2399/2411 2591/2604 2592/2605
f 2399/2411 2592/2605 2400/2412
f 2400/2412 2592/2605 2593/2606
f 2400/2412 2593/2606 2401/2413
f 2401/2413 2593/2606 2594/2607
f 2401/2413 2594/2607 2402/2414
f 2402/2414 2594/2607 2595/2608
f 2402/2414 2595/2608 2403/2415
f 2403/2415 2595/2608 2596/2609
f 2403/2415 2596/2609 2404/2416
f 2404/2416 2596/2609 2597/2610
f 2404/2416 2597/2610 2405/2417
f 2405/2417 2597/2610 2598/2611
f 2405/2417 2598/2611 2406/2418
f 2406/2418 2598/2611 2599/2612
f 2406/2418 2599/2612 2407/2419
f 2407/2419 2599/2612 2600/2613
f 2407/2419 2600/2613 2408/2420
f 2408/2420 2600/2613 2601/2614
f 2408/2420 2601/2614 2409/2421
f 2409/2421 2601/2614 2602/2615
f 2409/2421 2602/2615 2410/2422
f 2410/2422 2602/2615 2603/2616
f 2410/2422 2603/2616 2411/2423
f 2411/2423 2603/2616 2604/2617
f 2411/2423 2604/2617 2412/2424
f 2412/2424 2604/2617 2605/2618
f 2412/2424 2605/2618 2413/2425
f 2413/2425 2605/2618 2606/2619
f 2413/2425 2606/2619 2414/2426
f 2414/2426 2606/2619 2607/2620
f 2414/2426 2607/2620 2415/2427
f 2415/2427 2607/2620 2608/2621
f 2415/2427 2608/2621 2416/2428
f 2416/2428 2608/2621 2609/2622
f 2416/2428 2609/2622 2417/2429
f 2417/2429 2609/2622 2610/2623
f 2417/2429 2610/2623 2418/2430
f 2418/2430 2610/2623 2611/2624
f 2418/2430 2611/2624 2419/2431
f 2419/2431 2611/2624 2612/2625
f 2419/2431 2612/2625 2420/2432
f 2420/2432 2612/2625 2613/2626
f 2420/2432 2613/2626 2421/2433
f 2421/2433 2613/2626 2614/2627
f 2421/2433 2614/2627 2422/2434
f 2422/2434 2614/2627 2615/2628
f 2422/2434 2615/2628 2423/2435
f 2423/2435 2615/2628 2616/2629
f 2423/2435 2616/2629 2424/2436
f 2424/2436 2616/2629 2617/2630
f 2424/2436 2617/2630 2425/2437
f 2425/2437 2617/2630 2618/2631
f 2425/2437 2618/2631 2426/2438
f 2426/2438 2618/2631 2619/2632
f 2426/2438 2619/2632 2427/2439
f 2427/2439 2619/2632 2620/2633
f 2427/2439 2620/2633 2428/2440
f 2428/2440 2620/2633 2621/2634
f 2428/2440 2621/2634 2429/2441
f 2429/2441 2621/2634 2622/2635
f 2429/2441 2622/2635 2430/2442
f 2430/2442 2622/2635 2623/2636
f 2430/2442 2623/2636 2431/2443
f 2431/2443 2623/2636 2624/2637
f 2431/2443 2624/2637 2432/2444
f 2432/2444 2624/2637 2625/2638
f 2432/2444 2625/2638 2433/2445
f 2433/2445 2625/2638 2626/2639
f 2433/2445 2626/2639 2434/2446
f 2434/2446 2626/2639 2627/2640
f 2434/2446 2627/2640 2435/2447
f 2435/2447 2627/2640 2628/2641
f 2435/2447 2628/2641 2436/2448
f 2436/2448 2628/2641 2629/2642
f 2436/2448 2629/2642 2437/2449
f 2437/2449 2629/2642 2630/2643
f 2437/2449 2630/2643 2438/2450
f 2438/2450 2630/2643 2631/2644
f 2438/2450 2631/2644 2439/2451
f 2439/2451 2631/2644 2632/2645
f 2439/2451 2632/2645 2440/2452
f 2440/2452 2632/2645 2633/2646
f 2440/2452 2633/2646 2441/2453
f 2441/2453 2633/2646 2634/2647
f 2441/2453 2634/2647 2442/2454
f 2442/2454 2634/2647 2635/2648
f 2442/2454 2635/2648 2443/2455
f 2443/2455 2635/2648 2636/2649
f 2443/2455 2636/2649 2444/2456
f 2444/2456 2636/2649 2637/2650
f 2444/2456 2637/2650 2445/2457
f 2445/2457 2637/2650 2638/2651
f 2445/2457 2638/2651 2446/2458
f 2446/2458 2638/2651 2639/2652
f 2446/2458 2639/2652 2447/2459
f 2447/2459 2639/2652 2640/2653
f 2447/2459 2640/2653 2448/2460
f 2448/2460 2640/2653 2641/2654
f 2448/2460 2641/2654 2449/2461
f 2449/2461 2641/2654 2642/2655
f 2449/2461 2642/2655 2450/2462
f 2450/2462 2642/2655 2643/2656
f 2450/2462 2643/2656 2451/2463
f 2451/2463 2643/2656 2644/2657
f 2451/2463 2644/2657 2452/2464
f 2452/2464 2644/2657 2645/2658
f 2452/2464 2645/2658 2453/2465
f 2453/2465 2645/2658 2646/2659
f 2453/2465 2646/2659 2454/2466
f 2454/2466 2646/2659 2647/2660
f 2454/2466 2647/2660 2455/2467
f 2455/2467 2647/2660 2648/2661
f 2455/2467 2648/2661 2456/2468
f 2456/2468 2648/2661 2649/2662
f 2456/2468 2649/2662 2457/2469
f 2457/2469 2649/2662 2650/2663
f 2457/2469 2650/2663 2458/2470
f 2458/2470 2650/2663 2651/2664
f 2458/2470 2651/2664 2459/2471
f 2459/2471 2651/2664 2652/2665
f 2459/2471 2652/2665 2460/2472
f 2460/2472 2652/2665 2653/2666
f 2460/2472 2653/2666 2461/2473
f 2461/2473 2653/2666 2654/2667
f 2461/2473 2654/2667 2462/2474
f 2462/2474 2654/2667 2655/2668
f 2462/2474 2655/2668 2463/2475
f 2463/2475 2655/2668 2656/2669
f 2463/2475 2656/2669 2464/2476
f 2464/2476 2656/2669 2657/2670
f 2464/2476 2657/2670 2465/2477
f 2465/2477 2657/2670 2658/2671
f 2465/2477 2658/2671 2466/2478
f 2466/2478 2658/2671 2659/2672
f 2466/2478 2659/2672 2467/2479
f 2467/2479 2659/2672 2660/2673
f 2467/2479 2660/2673 2468/2480
f 2468/2480 2660/2673 2661/2674
f 2468/2480 2661/2674 2469/2481
f 2469/2481 2661/2674 2662/2675
f 2469/2481 2662/2675 2470/2482
f 2470/2482 2662/2675 2663/2676
f 2470/2482 2663/2676 2471/2483
f 2471/2483 2663/2676 2664/2677
f 2471/2483 2664/2677 2472/2484
f 2472/2484 2664/2677 2665/2678
f 2472/2484 2665/2678 2473/2485
f 2473/2485 2665/2678 2666/2679
f 2473/2485 2666/2679 2474/2486
f 2474/2486 2666/2679 2667/2680
f 2474/2486 2667/2680 2475/2487
f 2475/2487 2667/2680 2668/2681
f 2475/2487 2668/2681 2476/2488
f 2476/2488 2668/2681 2669/2682
f 2476/2488 2669/2682 2477/2489
f 2477/2489 2669/2682 2670/2683
f 2477/2489 2670/2683 2478/2490
f 2478/2490 2670/2683 2671/2684
f 2478/2490 2671/2684 2479/2491
f 2479/2491 2671/2684 2672/2685
f 2479/2491 2672/2685 2480/2492
f 2480/2492 2672/2685 2673/2686
f 2480/2492 2673/2686 2481/2493
f 2481/2493 2673/2686 2674/2687
f 2481/2493 2674/2687 2482/2494
f 2482/2494 2674/2687 2675/2688
f 2482/2494 2675/2688 2483/2495
f 2483/2495 2675/2688 2676/2689
f 2483/2495 2676/2689 2484/2496
f 2484/2496 2676/2689 2677/2690
f 2484/2496 2677/2690 2485/2497
f 2485/2497 2677/2690 2678/2691
f 2485/2497 2678/2691 2486/2498
f 2486/2498 2678/2691 2679/2692
f 2486/2498 2679/2692 2487/2499
f 2487/2499 2679/2692 2680/2693
f 2487/2499 2680/2693 2488/2500
f 2488/2500 2680/2693 2681/2694
f 2488/2500 2681/2694 2489/2501
f 2489/2501 2681/2694 2682/2695
f 2489/2501 2682/2695 2490/2502
f 2490/2502 2682/2695 2683/2696
f 2490/2502 2683/2696 2491/2503
f 2491/2503 2683/2696 2684/2697
f 2491/2503 2684/2697 2492/2504
f 2492/2504 2684/2697 2685/2698
f 2492/2504 2685/2698 2493/2505
f 2493/2505 2685/2698 2686/2699
f 2493/2505 2686/2699 2494/2506
f 2494/2506 2686/2699 2687/2700
f 2494/2506 2687/2700 2495/2507
f 2495/2507 2687/2700 2688/2701
f 2495/2507 2688/2701 2496/2508
f 2496/2508 2688/2701 2497/2702
f 2496/2508 2497/2702 2305/2509
f 2497/2510 2689/2703 2690/2704
f 2497/2510 2690/2704 2498/2511
f 2498/2511 2690/2704 2691/2705
f 2498/2511 2691/2705 2499/2512
f 2499/2512 2691/2705 2692/2706
f 2499/2512 2692/2706 2500/2513
f 2500/2513 2692/2706 2693/2707
f 2500/2513 2693/2707 2501/2514
f 2501/2514 2693/2707 2694/2708
f 2501/2514 2694/2708 2502/2515
f 2502/2515 2694/2708 2695/2709
f 2502/2515 2695/2709 2503/2516
f 2503/2516 2695/2709 2696/2710
f 2503/2516 2696/2710 2504/2517
f 2504/2517 2696/2710 2697/2711
f 2504/2517 2697/2711 2505/2518
f 2505/2518 2697/2711 2698/2712
f 2505/2518 2698/2712 2506/2519
f 2506/2519 2698/2712 2699/2713
f 2506/2519 2699/2713 2507/2520
f 2507/2520 2699/2713 2700/2714
f 2507/2520 2700/2714 2508/2521
f 2508/2521 2700/2714 2701/2715
f 2508/2521 2701/2715 2509/2522
f 2509/2522 2701/2715 2702/2716
f 2509/2522 2702/2716 2510/2523
f 2510/2523 2702/2716 2703/2717
f 2510/2523 2703/2717 2511/2524
f 2511/2524 2703/2717 2704/2718
f 2511/2524 2704/2718 2512/2525
f 2512/2525 2704/2718 2705/2719
f 2512/2525 2705/2719 2513/2526
f 2513/2526 2705/2719 2706/2720
f 2513/2526 2706/2720 2514/2527
f 2514/2527 2706/2720 2707/2721
f 2514/2527 2707/2721 2515/2528
f 2515/2528 2707/2721 2708/2722
f 2515/2528 2708/2722 2516/2529
f 2516/2529 2708/2722 2709/2723
f 2516/2529 2709/2723 2517/2530
f 2517/2530 2709/2723 2710/2724
f 2517/2530 2710/2724 2518/2531
f 2518/2531 2710/2724 2711/2725
f 2518/2531 2711/2725 2519/2532
f 2519/2532 2711/2725 2712/2726
f 2519/2532 2712/2726 2520/2533
f 2520/2533 2712/2726 2713/2727
f 2520/2533 2713/2727 2521/2534
f 2521/2534 2713/2727 2714/2728
f 2521/2534 2714/2728 2522/2535
f 2522/2535 2714/2728 2715/2729
f 2522/2535 2715/2729 2523/2536
f 2523/2536 2715/2729 2716/2730
f 2523/2536 2716/2730 2524/2537
f 2524/2537 2716/2730 2717/2731
f 2524/2537 2717/2731 2525/2538
f 2525/2538 2717/2731 2718/2732
f 2525/2538 2718/2732 2526/2539
f 2526/2539 2718/2732 2719/2733
f 2526/2539 2719/2733 2527/2540
f 2527/2540 2719/2733 2720/2734
f 2527/2540 2720/2734 2528/2541
f 2528/2541 2720/2734 2721/2735
f 2528/2541 2721/2735 2529/2542
f 2529/2542 2721/2735 2722/2736
f 2529/2542 2722/2736 2530/2543
f 2530/2543 2722/2736 2723/2737
f 2530/2543 2723/2737 2531/2544
f 2531/2544 2723/2737 2724/2738
f 2531/2544 2724/2738 2532/2545
f 2532/2545 2724/2738 2725/2739
f 2532/2545 2725/2739 2533/2546
f 2533/2546 2725/2739 2726/2740
f 2533/2546 2726/2740 2534/2547
f 2534/2547 2726/2740 2727/2741
f 2534/2547 2727/2741 2535/2548
f 2535/2548 2727/2741 2728/2742
f 2535/2548 2728/2742 2536/2549
f 2536/2549 2728/2742 2729/2743
f 2536/2549 2729/2743 2537/2550
f 2537/2550 2729/2743 2730/2744
f 2537/2550 2730/2744 2538/2551
f 2538/2551 2730/2744 2731/2745
f 2538/2551 2731/2745 2539/2552
f 2539/2552 2731/2745 2732/2746
f 2539/2552 2732/2746 2540/2553
f 2540/2553 2732/2746 2733/2747
f 2540/2553 2733/2747 2541/2554
f 2541/2554 2733/2747 2734/2748
f 2541/2554 2734/2748 2542/2555
f 2542/2555 2734/2748 2735/2749
f 2542/2555 2735/2749 2543/2556
f 2543/2556 2735/2749 2736/2750
f 2543/2556 2736/2750 2544/2557
f 2544/2557 2736/2750 2737/2751
f 2544/2557 2737/2751 2545/2558
f 2545/2558 2737/2751 2738/2752
f 2545/2558 2738/2752 2546/2559
f 2546/2559 2738/2752 2739/2753
f 2546/2559 2739/2753 2547/2560
f 2547/2560 2739/2753 2740/2754
f 2547/2560 2740/2754 2548/2561
f 2548/2561 2740/2754 2741/2755
f 2548/2561 2741/2755 2549/2562
f 2549/2562 2741/2755 2742/2756
f 2549/2562 2742/2756 2550/2563
f 2550/2563 2742/2756 2743/2757
f 2550/2563 2743/2757 2551/2564
f 2551/2564 2743/2757 2744/2758
f 2551/2564 2744/2758 2552/2565
f 2552/2565 2744/2758 2745/2759
f 2552/2565 2745/2759 2553/2566
f 2553/2566 2745/2759 2746/2760
f 2553/2566 2746/2760 2554/2567
f 2554/2567 2746/2760 2747/2761
f 2554/2567 2747/2761 2555/2568
f 2555/2568 2747/2761 2748/2762
f 2555/2568 2748/2762 2556/2569
f 2556/2569 2748/2762 2749/2763
f 2556/2569 2749/2763 2557/2570
f 2557/2570 2749/2763 2750/2764
f 2557/2570 2750/2764 2558/2571
f 2558/2571 2750/2764 2751/2765
f 2558/2571 2751/2765 2559/2572
f 2559/2572 2751/2765 2752/2766
f 2559/2572 2752/2766 2560/2573
f 2560/2573 2752/2766 2753/2767
f 2560/2573 2753/2767 2561/2574
f 2561/2574 2753/2767 2754/2768
f 2561/2574 2754/2768 2562/2575
f 2562/2575 2754/2768 2755/2769
f 2562/2575 2755/2769 2563/2576
f 2563/2576 2755/2769 2756/2770
f 2563/2576 2756/2770 2564/2577
f 2564/2577 2756/2770 2757/2771
f 2564/2577 2757/2771 2565/2578
f 2565/2578 2757/2771 2758/2772
f 2565/2578 2758/2772 2566/2579
f 2566/2579 2758/2772 2759/2773
f 2566/2579 2759/2773 2567/2580
f 2567/2580 2759/2773 2760/2774
f 2567/2580 2760/2774 2568/2581
f 2568/2581 2760/2774 2761/2775
f 2568/2581 2761/2775 2569/2582
f 2569/2582 2761/2775 2762/2776
f 2569/2582 2762/2776 2570/2583
f 2570/2583 2762/2776 2763/2777
f 2570/2583 2763/2777 2571/2584
f 2571/2584 2763/2777 2764/2778
f 2571/2584 2764/2778 2572/2585
f 2572/2585 2764/2778 2765/2779
f 2572/2585 2765/2779 2573/2586
f 2573/2586 2765/2779 2766/2780
f 2573/2586 2766/2780 2574/2587
f 2574/2587 2766/2780 2767/2781
f 2574/2587 2767/2781 2575/2588
f 2575/2588 2767/2781 2768/2782
f 2575/2588 2768/2782 2576/2589
f 2576/2589 2768/2782 2769/2783
f 2576/2589 2769/2783 2577/2590
f 2577/2590 2769/2783 2770/2784
f 2577/2590 2770/2784 2578/2591
f 2578/2591 2770/2784 2771/2785
f 2578/2591 2771/2785 2579/2592
f 2579/2592 2771/2785 2772/2786
f 2579/2592 2772/2786 2580/2593
f 2580/2593 2772/2786 2773/2787
f 2580/2593 2773/2787 2581/2594
f 2581/2594 2773/2787 2774/2788
f 2581/2594 2774/2788 2582/2595
f 2582/2595 2774/2788 2775/2789
f 2582/2595 2775/2789 2583/2596
f 2583/2596 2775/2789 2776/2790
f 2583/2596 2776/2790 2584/2597
f 2584/2597 2776/2790 2777/2791
f 2584/2597 2777/2791 2585/2598
f 2585/2598 2777/2791 2778/2792
f 2585/2598 2778/2792 2586/2599
f 2586/2599 2778/2792 2779/2793
f 2586/2599 2779/2793 2587/2600
f 2587/2600 2779/2793 2780/2794
f 2587/2600 2780/2794 2588/2601
f 2588/2601 2780/2794 2781/2795
f 2588/2601 2781/2795 2589/2602
f 2589/2602 2781/2795 2782/2796
f 2589/2602 2782/2796 2590/2603
f 2590/2603 2782/2796 2783/2797
f 2590/2603 2783/2797 2591/2604
f 2591/2604 2783/2797 2784/2798
f 2591/2604 2784/2798 2592/2605
f 2592/2605 2784/2798 2785/2799
f 2592/2605 2785/2799 2593/2606
f 2593/2606 2785/2799 2786/2800
f 2593/2606 2786/2800 2594/2607
f 2594/2607 2786/2800 2787/2801
f 2594/2607 2787/2801 2595/2608
f 2595/2608 2787/2801 2788/2802
f 2595/2608 2788/2802 2596/2609
f 2596/2609 2788/2802 2789/2803
f 2596/2609 2789/2803 2597/2610
f 2597/2610 2789/2803 2790/2804
f 2597/2610 2790/2804 2598/2611
f 2598/2611 2790/2804 2791/2805
f 2598/2611 2791/2805 2599/2612
f 2599/2612 2791/2805 2792/2806
f 2599/2612 2792/2806 2600/2613
f 2600/2613 2792/2806 2793/2807
f 2600/2613 2793/2807 2601/2614
f 2601/2614 2793/2807 2794/2808
f 2601/2614 2794/2808 2602/2615
f 2602/2615 2794/2808 2795/2809
f 2602/2615 2795/2809 2603/2616
f 2603/2616 2795/2809 2796/2810
f 2603/2616 2796/2810 2604/2617
f 2604/2617 2796/2810 2797/2811
f 2604/2617 2797/2811 2605/2618
f 2605/2618 2797/2811 2798/2812
f 2605/2618 2798/2812 2606/2619
f 2606/2619 2798/2812 2799/2813
f 2606/2619 2799/2813 2607/2620
f 2607/2620 2799/2813 2800/2814
f 2607/2620 2800/2814 2608/2621
f 2608/2621 2800/2814 2801/2815
f 2608/2621 2801/2815 2609/2622
f 2609/2622 2801/2815 2802/2816
f 2609/2622 2802/2816 2610/2623
f 2610/2623 2802/2816 2803/2817
f 2610/2623 2803/2817 2611/2624
f 2611/2624 2803/2817 2804/2818
f 2611/2624 2804/2818 2612/2625
f 2612/2625 2804/2818 2805/2819
f 2612/2625 2805/2819 2613/2626
f 2613/2626 2805/2819 2806/2820
f 2613/2626 2806/2820 2614/2627
f 2614/2627 2806/2820 2807/2821
f 2614/2627 2807/2821 2615/2628
f 2615/2628 2807/2821 2808/2822
f 2615/2628 2808/2822 2616/2629
f 2616/2629 2808/2822 2809/2823
f 2616/2629 2809/2823 2617/2630
f 2617/2630 2809/2823 2810/2824
f 2617/2630 2810/2824 2618/2631
f 2618/2631 2810/2824 2811/2825
f 2618/2631 2811/2825 2619/2632
f 2619/2632 2811/2825 2812/2826
f 2619/2632 2812/2826 2620/2633
f 2620/2633 2812/2826 2813/2827
f 2620/2633 2813/2827 2621/2634
f 2621/2634 2813/2827 2814/2828
f 2621/2634 2814/2828 2622/2635
f 2622/2635 2814/2828 2815/2829
f 2622/2635 2815/2829 2623/2636
f 2623/2636 2815/2829 2816/2830
f 2623/2636 2816/2830 2624/2637
f 2624/2637 2816/2830 2817/2831
f 2624/2637 2817/2831 2625/2638
f 2625/2638 2817/2831 2818/2832
f 2625/2638 2818/2832 2626/2639
f 2626/2639 2818/2832 2819/2833
f 2626/2639 2819/2833 2627/2640
f 2627/2640 2819/2833 2820/2834
f 2627/2640 2820/2834 2628/2641
f 2628/2641 2820/2834 2821/2835
f 2628/2641 2821/2835 2629/2642
f 2629/2642 2821/2835 2822/2836
f 2629/2642 2822/2836 2630/2643
f 2630/2643 2822/2836 2823/2837
f 2630/2643 2823/2837 2631/2644
f 2631/2644 2823/2837 2824/2838
f 2631/2644 2824/2838 2632/2645
f 2632/2645 2824/2838 2825/2839
f 2632/2645 2825/2839 2633/2646
f 2633/2646 2825/2839 2826/2840
f 2633/2646 2826/2840 2634/2647
f 2634/2647 2826/2840 2827/2841
f 2634/2647 2827/2841 2635/2648
f 2635/2648 2827/2841 2828/2842
f 2635/2648 2828/2842 2636/2649
f 2636/2649 2828/2842 2829/2843
f 2636/2649 2829/2843 2637/2650
f 2637/2650 2829/2843 2830/2844
f 2637/2650 2830/2844 2638/2651
f 2638/2651 2830/2844 2831/2845
f 2638/2651 2831/2845 2639/2652
f 2639/2652 2831/2845 2832/2846
f 2639/2652 2832/2846 2640/2653
f 2640/2653 2832/2846 2833/2847
f 2640/2653 2833/2847 2641/2654
f 2641/2654 2833/2847 2834/2848
f 2641/2654 2834/2848 2642/2655
f 2642/2655 2834/2848 2835/2849
f 2642/2655 2835/2849 2643/2656
f 2643/2656 2835/2849 2836/2850
f 2643/2656 2836/2850 2644/2657
f 2644/2657 2836/2850 2837/2851
f 2644/2657 2837/2851 2645/2658
f 2645/2658 2837/2851 2838/2852
f 2645/2658 2838/2852 2646/2659
f 2646/2659 2838/2852 2839/2853
f 2646/2659 2839/2853 2647/2660
f 2647/2660 2839/2853 2840/2854
f 2647/2660 2840/2854 2648/2661
f 2648/2661 2840/2854 2841/2855
f 2648/2661 2841/2855 2649/2662
f 2649/2662 2841/2855 2842/2856
f 2649/2662 2842/2856 2650/2663
f 2650/2663 2842/2856 2843/2857
f 2650/2663 2843/2857 2651/2664
f 2651/2664 2843/2857 2844/2858
f 2651/2664 2844/2858 2652/2665
f 2652/2665 2844/2858 2845/2859
f 2652/2665 2845/2859 2653/2666
f 2653/2666 2845/2859 2846/2860
f 2653/2666 2846/2860 2654/2667
f 2654/2667 2846/2860 2847/2861
f 2654/2667 2847/2861 2655/2668
f 2655/2668 2847/2861 2848/2862
f 2655/2668 2848/2862 2656/2669
f 2656/2669 2848/2862 2849/2863
f 2656/2669 2849/2863 2657/2670
f 2657/2670 2849/2863 2850/2864
f 2657/2670 2850/2864 2658/2671
f 2658/2671 2850/2864 2851/2865
f 2658/2671 2851/2865 2659/2672
f 2659/2672 2851/2865 2852/2866
f 2659/2672 2852/2866 2660/2673
f 2660/2673 2852/2866 2853/2867
f 2660/2673 2853/2867 2661/2674
f 2661/2674 2853/2867 2854/2868
f 2661/2674 2854/2868 2662/2675
f 2662/2675 2854/2868 2855/2869
f 2662/2675 2855/2869 2663/2676
f 2663/2676 2855/2869 2856/2870
f 2663/2676 2856/2870 2664/2677
f 2664/2677 2856/2870 2857/2871
f 2664/2677 2857/2871 2665/2678
f 2665/2678 2857/2871 2858/2872
f 2665/2678 2858/2872 2666/2679
f 2666/2679 2858/2872 2859/2873
f 2666/2679 2859/2873 2667/2680
f 2667/2680 2859/2873 2860/2874
f 2667/2680 2860/2874 2668/2681
f 2668/2681 2860/2874 2861/2875
f 2668/2681 2861/2875 2669/2682
f 2669/2682 2861/2875 2862/2876
f 2669/2682 2862/2876 2670/2683
f 2670/2683 2862/2876 2863/2877
f 2670/2683 2863/2877 2671/2684
f 2671/2684 2863/2877 2864/2878
f 2671/2684 2864/2878 2672/2685
f 2672/2685 2864/2878 2865/2879
f 2672/2685 2865/2879 2673/2686
f 2673/2686 2865/2879 2866/2880
f 2673/2686 2866/2880 2674/2687
f 2674/2687 2866/2880 2867/2881
f 2674/2687 2867/2881 2675/2688
f 2675/2688 2867/2881 2868/2882
f 2675/2688 2868/2882 2676/2689
f 2676/2689 2868/2882 2869/2883
f 2676/2689 2869/2883 2677/2690
f 2677/2690 2869/2883 2870/2884
f 2677/2690 2870/2884 2678/2691
f 2678/2691 2870/2884 2871/2885
f 2678/2691 2871/2885 2679/2692
f 2679/2692 2871/2885 2872/2886
f 2679/2692 2872/2886 2680/2693
f 2680/2693 2872/2886 2873/2887
f 2680/2693 2873/2887 2681/2694
f 2681/2694 2873/2887 2874/2888
f 2681/2694 2874/2888 2682/2695
f 2682/2695 2874/2888 2875/2889
f 2682/2695 2875/2889 2683/2696
f 2683/2696 2875/2889 2876/2890
f 2683/2696 2876/2890 2684/2697
f 2684/2697 2876/2890 2877/2891
f 2684/2697 2877/2891 2685/2698
f 2685/2698 2877/2891 2878/2892
f 2685/2698 2878/2892 2686/2699
f 2686/2699 2878/2892 2879/2893
f 2686/2699 2879/2893 2687/2700
f 2687/2700 2879/2893 2880/2894
f 2687/2700 2880/2894 2688/2701
f 2688/2701 2880/2894 2689/2895
f 2688/2701 2689/2895 2497/2702
f 2689/2703 2881/2896 2882/2897
f 2689/2703 2882/2897 2690/2704
f 2690/2704 2882/2897 2883/2898
f 2690/2704 2883/2898 2691/2705
f 2691/2705 2883/2898 2884/2899
f 2691/2705 2884/2899 2692/2706
f 2692/2706 2884/2899 2885/2900
f 2692/2706 2885/2900 2693/2707
f 2693/2707 2885/2900 2886/2901
f 2693/2707 2886/2901 2694/2708
f 2694/2708 2886/2901 2887/2902
f 2694/2708 2887/2902 2695/2709
f 2695/2709 2887/2902 2888/2903
f 2695/2709 2888/2903 2696/2710
f 2696/2710 2888/2903 2889/2904
f 2696/2710 2889/2904 2697/2711
f 2697/2711 2889/2904 2890/2905
f 2697/2711 2890/2905 2698/2712
f 2698/2712 2890/2905 2891/2906
f 2698/2712 2891/2906 2699/2713
f 2699/2713 2891/2906 2892/2907
f 2699/2713 2892/2907 2700/2714
f 2700/2714 2892/2907 2893/2908
f 2700/2714 2893/2908 2701/2715
f 2701/2715 2893/2908 2894/2909
f 2701/2715 2894/2909 2702/2716
f 2702/2716 2894/2909 2895/2910
f 2702/2716 2895/2910 2703/2717
f 2703/2717 2895/2910 2896/2911
f 2703/2717 2896/2911 2704/2718
f 2704/2718 2896/2911 2897/2912
f 2704/2718 2897/2912 2705/2719
f 2705/2719 2897/2912 2898/2913
f 2705/2719 2898/2913 2706/2720
f 2706/2720 2898/2913 2899/2914
f 2706/2720 2899/2914 2707/2721
f 2707/2721 2899/2914 2900/2915
f 2707/2721 2900/2915 2708/2722
f 2708/2722 2900/2915 2901/2916
f 2708/2722 2901/2916 2709/2723
f 2709/2723 2901/2916 2902/2917
f 2709/2723 2902/2917 2710/2724
f 2710/2724 2902/2917 2903/2918
f 2710/2724 2903/2918 2711/2725
f 2711/2725 2903/2918 2904/2919
f 2711/2725 2904/2919 2712/2726
f 2712/2726 2904/2919 2905/2920
f 2712/2726 2905/2920 2713/2727
f 2713/2727 2905/2920 2906/2921
f 2713/2727 2906/2921 2714/2728
f 2714/2728 2906/2921 2907/2922
f 2714/2728 2907/2922 2715/2729
f 2715/2729 2907/2922 2908/2923
f 2715/2729 2908/2923 2716/2730
f 2716/2730 2908/2923 2909/2924
f 2716/2730 2909/2924 2717/2731
f 2717/2731 2909/2924 2910/2925
f 2717/2731 2910/2925 2718/2732
f 2718/2732 2910/2925 2911/2926
f 2718/2732 2911/2926 2719/2733
f 2719/2733 2911/2926 2912/2927
f 2719/2733 2912/2927 2720/2734
f 2720/2734 2912/2927 2913/2928
f 2720/2734 2913/2928 2721/2735
f 2721/2735 2913/2928 2914/2929
f 2721/2735 2914/2929 2722/2736
f 2722/2736 2914/2929 2915/2930
f 2722/2736 2915/2930 2723/2737
f 2723/2737 2915/2930 2916/2931
f 2723/2737 2916/2931 2724/2738
f 2724/2738 2916/2931 2917/2932
f 2724/2738 2917/2932 2725/2739
f 2725/2739 2917/2932 2918/2933
f 2725/2739 2918/2933 2726/2740
f 2726/2740 2918/2933 2919/2934
f 2726/2740 2919/2934 2727/2741
f 2727/2741 2919/2934 2920/2935
f 2727/2741 2920/2935 2728/2742
f 2728/2742 2920/2935 2921/2936
f 2728/2742 2921/2936 2729/2743
f 2729/2743 2921/2936 2922/2937
f 2729/2743 2922/2937 2730/2744
f 2730/2744 2922/2937 2923/2938
f 2730/2744 2923/2938 2731/2745
f 2731/2745 2923/2938 2924/2939
f 2731/2745 2924/2939 2732/2746
f 2732/2746 2924/2939 2925/2940
f 2732/2746 2925/2940 2733/2747
f 2733/2747 2925/2940 2926/2941
f 2733/2747 2926/2941 2734/2748
f 2734/2748 2926/2941 2927/2942
f 2734/2748 2927/2942 2735/2749
f 2735/2749 2927/2942 2928/2943
f 2735/2749 2928/2943 2736/2750
f 2736/2750 2928/2943 2929/2944
f 2736/2750 2929/2944 2737/2751
f 2737/2751 2929/2944 2930/2945
f 2737/2751 2930/2945 2738/2752
f 2738/2752 2930/2945 2931/2946
f 2738/2752 2931/2946 2739/2753
f 2739/2753 2931/2946 2932/2947
f 2739/2753 2932/2947 2740/2754
f 2740/2754 2932/2947 2933/2948
f 2740/2754 2933/2948 2741/2755
f 2741/2755 2933/2948 2934/2949
f 2741/2755 2934/2949 2742/2756
f 2742/2756 2934/2949 2935/2950
f 2742/2756 2935/2950 2743/2757
f 2743/2757 2935/2950 2936/2951
f 2743/2757 2936/2951 2744/2758
f 2744/2758 2936/2951 2937/2952
f 2744/2758 2937/2952 2745/2759
f 2745/2759 2937/2952 2938/2953
f 2745/2759 2938/2953 2746/2760
f 2746/2760 2938/2953 2939/2954
f 2746/2760 2939/2954 2747/2761
f 2747/2761 2939/2954 2940/2955
f 2747/2761 2940/2955 2748/2762
f 2748/2762 2940/2955 2941/2956
f 2748/2762 2941/2956 2749/2763
f 2749/2763 2941/2956 2942/2957
f 2749/2763 2942/2957 2750/2764
f 2750/2764 2942/2957 2943/2958
f 2750/2764 2943/2958 2751/2765
f 2751/2765 2943/2958 2944/2959
f 2751/2765 2944/2959 2752/2766
f 2752/2766 2944/2959 2945/2960
f 2752/2766 2945/2960 2753/2767
f 2753/2767 2945/2960 2946/2961
f 2753/2767 2946/2961 2754/2768
f 2754/2768 2946/2961 2947/2962
f 2754/2768 2947/2962 2755/2769
f 2755/2769 2947/2962 2948/2963
f 2755/2769 2948/2963 2756/2770
f 2756/2770 2948/2963 2949/2964
f 2756/2770 2949/2964 2757/2771
f 2757/2771 2949/2964 2950/2965
f 2757/2771 2950/2965 2758/2772
f 2758/2772 2950/2965 2951/2966
f 2758/2772 2951/2966 2759/2773
f 2759/2773 2951/2966 2952/2967
f 2759/2773 2952/2967 2760/2774
f 2760/2774 2952/2967 2953/2968
f 2760/2774 2953/2968 2761/2775
f 2761/2775 2953/2968 2954/2969
f 2761/2775 2954/2969 2762/2776
f 2762/2776 2954/2969 2955/2970
f 2762/2776 2955/2970 2763/2777
f 2763/2777 2955/2970 2956/2971
f 2763/2777 2956/2971 2764/2778
f 2764/2778 2956/2971 2957/2972
f 2764/2778 2957/2972 2765/2779
f 2765/2779 2957/2972 2958/2973
f 2765/2779 2958/2973 2766/2780
f 2766/2780 2958/2973 2959/2974
f 2766/2780 2959/2974 2767/2781
f 2767/2781 2959/2974 2960/2975
f 2767/2781 2960/2975 2768/2782
f 2768/2782 2960/2975 2961/2976
f 2768/2782 2961/2976 2769/2783
f 2769/2783 2961/2976 2962/2977
f 2769/2783 2962/2977 2770/2784
f 2770/2784 2962/2977 2963/2978
f 2770/2784 2963/2978 2771/2785
f 2771/2785 2963/2978 2964/2979
f 2771/2785 2964/2979 2772/2786
f 2772/2786 2964/2979 2965/2980
f 2772/2786 2965/2980 2773/2787
f 2773/2787 2965/2980 2966/2981
f 2773/2787 2966/2981 2774/2788
f 2774/2788 2966/2981 2967/2982
f 2774/2788 2967/2982 2775/2789
f 2775/2789 2967/2982 2968/2983
f 2775/2789 2968/2983 2776/2790
f 2776/2790 2968/2983 2969/2984
f 2776/2790 2969/2984 2777/2791
f 2777/2791 2969/2984 2970/2985
f 2777/2791 2970/2985 2778/2792
f 2778/2792 2970/2985 2971/2986
f 2778/2792 2971/2986 2779/2793
f 2779/2793 2971/2986 2972/2987
f 2779/2793 2972/2987 2780/2794
f 2780/2794 2972/2987 2973/2988
f 2780/2794 2973/2988 2781/2795
f 2781/2795 2973/2988 2974/2989
f 2781/2795 2974/2989 2782/2796
f 2782/2796 2974/2989 2975/2990
f 2782/2796 2975/2990 2783/2797
f 2783/2797 2975/2990 2976/2991
f 2783/2797 2976/2991 2784/2798
f 2784/2798 2976/2991 2977/2992
f 2784/2798 2977/2992 2785/2799
f 2785/2799 2977/2992 2978/2993
f 2785/2799 2978/2993 2786/2800
f 2786/2800 2978/2993 2979/2994
f 2786/2800 2979/2994 2787/2801
f 2787/2801 2979/2994 2980/2995
f 2787/2801 2980/2995 2788/2802
f 2788/2802 2980/2995 2981/2996
f 2788/2802 2981/2996 2789/2803
f 2789/2803 2981/2996 2982/2997
f 2789/2803 2982/2997 2790/2804
f 2790/2804 2982/2997 2983/2998
f 2790/2804 2983/2998 2791/2805
f 2791/2805 2983/2998 2984/2999
f 2791/2805 2984/2999 2792/2806
f 2792/2806 2984/2999 2985/3000
f 2792/2806 2985/3000 2793/2807
f 2793/2807 2985/3000 2986/3001
f 2793/2807 2986/3001 2794/2808
f 2794/2808 2986/3001 2987/3002
f 2794/2808 2987/3002 2795/2809
f 2795/2809 2987/3002 2988/3003
f 2795/2809 2988/3003 2796/2810
f 2796/2810 2988/3003 2989/3004
f 2796/2810 2989/3004 2797/2811
f 2797/2811 2989/3004 2990/3005
f 2797/2811 2990/3005 2798/2812
f 2798/2812 2990/3005 2991/3006
f 2798/2812 2991/3006 2799/2813
f 2799/2813 2991/3006 2992/3007
f 2799/2813 2992/3007 2800/2814
f 2800/2814 2992/3007 2993/3008
f 2800/2814 2993/3008 2801/2815
f 2801/2815 2993/3008 2994/3009
f 2801/2815 2994/3009 2802/2816
f 2802/2816 2994/3009 2995/3010
f 2802/2816 2995/3010 2803/2817
f 2803/2817 2995/3010 2996/3011
f 2803/2817 2996/3011 2804/2818
f 2804/2818 2996/3011 2997/3012
f 2804/2818 2997/3012 2805/2819
f 2805/2819 2997/3012 2998/3013
f 2805/2819 2998/3013 2806/2820
f 2806/2820 2998/3013 2999/3014
f 2806/2820 2999/3014 2807/2821
f 2807/2821 2999/3014 3000/3015
f 2807/2821 3000/3015 2808/2822
f 2808/2822 3000/3015 3001/3016
f 2808/2822 3001/3016 2809/2823
f 2809/2823 3001/3016 3002/3017
f 2809/2823 3002/3017 2810/2824
f 2810/2824 3002/3017 3003/3018
f 2810/2824 3003/3018 2811/2825
f 2811/2825 3003/3018 3004/3019
f 2811/2825 3004/3019 2812/2826
f 2812/2826 3004/3019 3005/3020
f 2812/2826 3005/3020 2813/2827
f 2813/2827 3005/3020 3006/3021
f 2813/2827 3006/3021 2814/2828
f 2814/2828 3006/3021 3007/3022
f 2814/2828 3007/3022 2815/2829
f 2815/2829 3007/3022 3008/3023
f 2815/2829 3008/3023 2816/2830
f 2816/2830 3008/3023 3009/3024
f 2816/2830 3009/3024 2817/2831
f 2817/2831 3009/3024 3010/3025
f 2817/2831 3010/3025 2818/2832
f 2818/2832 3010/3025 3011/3026
f 2818/2832 3011/3026 2819/2833
f 2819/2833 3011/3026 3012/3027
f 2819/2833 3012/3027 2820/2834
f 2820/2834 3012/3027 3013/3028
f 2820/2834 3013/3028 2821/2835
f 2821/2835 3013/3028 3014/3029
f 2821/2835 3014/3029 2822/2836
f 2822/2836 3014/3029 3015/3030
f 2822/2836 3015/3030 2823/2837
f 2823/2837 3015/3030 3016/3031
f 2823/2837 3016/3031 2824/2838
f 2824/2838 3016/3031 3017/3032
f 2824/2838 3017/3032 2825/2839
f 2825/2839 3017/3032 3018/3033
f 2825/2839 3018/3033 2826/2840
f 2826/2840 3018/3033 3019/3034
f 2826/2840 3019/3034 2827/2841
f 2827/2841 3019/3034 3020/3035
f 2827/2841 3020/3035 2828/2842
f 2828/2842 3020/3035 3021/3036
f 2828/2842 3021/3036 2829/2843
f 2829/2843 3021/3036 3022/3037
f 2829/2843 3022/3037 2830/2844
f 2830/2844 3022/3037 3023/3038
f 2830/2844 3023/3038 2831/2845
f 2831/2845 3023/3038 3024/3039
f 2831/2845 3024/3039 2832/2846
f 2832/2846 3024/3039 3025/3040
f 2832/2846 3025/3040 2833/2847
f 2833/2847 3025/3040 3026/3041
f 2833/2847 3026/3041 2834/2848
f 2834/2848 3026/3041 3027/3042
f 2834/2848 3027/3042 2835/2849
f 2835/2849 3027/3042 3028/3043
f 2835/2849 3028/3043 2836/2850
f 2836/2850 3028/3043 3029/3044
f 2836/2850 3029/3044 2837/2851
f 2837/2851 3029/3044 3030/3045
f 2837/2851 3030/3045 2838/2852
f 2838/2852 3030/3045 3031/3046
f 2838/2852 3031/3046 2839/2853
f 2839/2853 3031/3046 3032/3047
f 2839/2853 3032/3047 2840/2854
f 2840/2854 3032/3047 3033/3048
f 2840/2854 3033/3048 2841/2855
f 2841/2855 3033/3048 3034/3049
f 2841/2855 3034/3049 2842/2856
f 2842/2856 3034/3049 3035/3050
f 2842/2856 3035/3050 2843/2857
f 2843/2857 3035/3050 3036/3051
f 2843/2857 3036/3051 2844/2858
f 2844/2858 3036/3051 3037/3052
f 2844/2858 3037/3052 2845/2859
f 2845/2859 3037/3052 3038/3053
f 2845/2859 3038/3053 2846/2860
f 2846/2860 3038/3053 3039/3054
f 2846/2860 3039/3054 2847/2861
f 2847/2861 3039/3054 3040/3055
f 2847/2861 3040/3055 2848/2862
f 2848/2862 3040/3055 3041/3056
f 2848/2862 3041/3056 2849/2863
f 2849/2863 3041/3056 3042/3057
f 2849/2863 3042/3057 2850/2864
f 2850/2864 3042/3057 3043/3058
f 2850/2864 3043/3058 2851/2865
f 2851/2865 3043/3058 3044/3059
f 2851/2865 3044/3059 2852/2866
f 2852/2866 3044/3059 3045/3060
f 2852/2866 3045/3060 2853/2867
f 2853/2867 3045/3060 3046/3061
f 2853/2867 3046/3061 2854/2868
f 2854/2868 3046/3061 3047/3062
f 2854/2868 3047/3062 2855/2869
f 2855/2869 3047/3062 3048/3063
f 2855/2869 3048/3063 2856/2870
f 2856/2870 3048/3063 3049/3064
f 2856/2870 3049/3064 2857/2871
f 2857/2871 3049/3064 3050/3065
f 2857/2871 3050/3065 2858/2872
f 2858/2872 3050/3065 3051/3066
f 2858/2872 3051/3066 2859/2873
f 2859/2873 3051/3066 3052/3067
f 2859/2873 3052/3067 2860/2874
f 2860/2874 3052/3067 3053/3068
f 2860/2874 3053/3068 2861/2875
f 2861/2875 3053/3068 3054/3069
f 2861/2875 3054/3069 2862/2876
f 2862/2876 3054/3069 3055/3070
f 2862/2876 3055/3070 2863/2877
f 2863/2877 3055/3070 3056/3071
f 2863/2877 3056/3071 2864/2878
f 2864/2878 3056/3071 3057/3072
f 2864/2878 3057/3072 2865/2879
f 2865/2879 3057/3072 3058/3073
f 2865/2879 3058/3073 2866/2880
f 2866/2880 3058/3073 3059/3074
f 2866/2880 3059/3074 2867/2881
f 2867/2881 3059/3074 3060/3075
f 2867/2881 3060/3075 2868/2882
f 2868/2882 3060/3075 3061/3076
f 2868/2882 3061/3076 2869/2883
f 2869/2883 3061/3076 3062/3077
f 2869/2883 3062/3077 2870/2884
f 2870/2884 3062/3077 3063/3078
f 2870/2884 3063/3078 2871/2885
f 2871/2885 3063/3078 3064/3079
f 2871/2885 3064/3079 2872/2886
f 2872/2886 3064/3079 3065/3080
f 2872/2886 3065/3080 2873/2887
f 2873/2887 3065/3080 3066/3081
f 2873/2887 3066/3081 2874/2888
f 2874/2888 3066/3081 3067/3082
f 2874/2888 3067/3082 2875/2889
f 2875/2889 3067/3082 3068/3083
f 2875/2889 3068/3083 2876/2890
f 2876/2890 3068/3083 3069/3084
f 2876/2890 3069/3084 2877/2891
f 2877/2891 3069/3084 3070/3085
f 2877/2891 3070/3085 2878/2892
f 2878/2892 3070/3085 3071/3086
f 2878/2892 3071/3086 2879/2893
f 2879/2893 3071/3086 3072/3087
f 2879/2893 3072/3087 2880/2894
f 2880/2894 3072/3087 2881/3088
f 2880/2894 2881/3088 2689/2895
f 2881/2896 1/3089 2/3090
f 2881/2896 2/3090 2882/2897
f 2882/2897 2/3090 3/3091
f 2882/2897 3/3091 2883/2898
f 2883/2898 3/3091 4/3092
f 2883/2898 4/3092 2884/2899
f 2884/2899 4/3092 5/3093
f 2884/2899 5/3093 2885/2900
f 2885/2900 5/3093 6/3094
f 2885/2900 6/3094 2886/2901
f 2886/2901 6/3094 7/3095
f 2886/2901 7/3095 2887/2902
f 2887/2902 7/3095 8/3096
f 2887/2902 8/3096 2888/2903
f 2888/2903 8/3096 9/3097
f 2888/2903 9/3097 2889/2904
f 2889/2904 9/3097 10/3098
f 2889/2904 10/3098 2890/2905
f 2890/2905 10/3098 11/3099
f 2890/2905 11/3099 2891/2906
f 2891/2906 11/3099 12/3100
f 2891/2906 12/3100 2892/2907
f 2892/2907 12/3100 13/3101
f 2892/2907 13/3101 2893/2908
f 2893/2908 13/3101 14/3102
f 2893/2908 14/3102 2894/2909
f 2894/2909 14/3102 15/3103
f 2894/2909 15/3103 2895/2910
f 2895/2910 15/3103 16/3104
f 2895/2910 16/3104 2896/2911
f 2896/2911 16/3104 17/3105
f 2896/2911 17/3105 2897/2912
f 2897/2912 17/3105 18/3106
f 2897/2912 18/3106 2898/2913
f 2898/2913 18/3106 19/3107
f 2898/2913 19/3107 2899/2914
f 2899/2914 19/3107 20/3108
f 2899/2914 20/3108 2900/2915
f 2900/2915 20/3108 21/3109
f 2900/2915 21/3109 2901/2916
f 2901/2916 21/3109 22/3110
f 2901/2916 22/3110 2902/2917
f 2902/2917 22/3110 23/3111
f 2902/2917 23/3111 2903/2918
f 2903/2918 23/3111 24/3112
f 2903/2918 24/3112 2904/2919
f 2904/2919 24/3112 25/3113
f 2904/2919 25/3113 2905/2920
f 2905/2920 25/3113 26/3114
f 2905/2920 26/3114 2906/2921
f 2906/2921 26/3114 27/3115
f 2906/2921 27/3115 2907/2922
f 2907/2922 27/3115 28/3116
f 2907/2922 28/3116 2908/2923
f 2908/2923 28/3116 29/3117
f 2908/2923 29/3117 2909/2924
f 2909/2924 29/3117 30/3118
f 2909/2924 30/3118 2910/2925
f 2910/2925 30/3118 31/3119
f 2910/2925 31/3119 2911/2926
f 2911/2926 31/3119 32/3120
f 2911/2926 32/3120 2912/2927
f 2912/2927 32/3120 33/3121
f 2912/2927 33/3121 2913/2928
f 2913/2928 33/3121 34/3122
f 2913/2928 34/3122 2914/2929
f 2914/2929 34/3122 35/3123
f 2914/2929 35/3123 2915/2930
f 2915/2930 35/3123 36/3124
f 2915/2930 36/3124 2916/2931
f 2916/2931 36/3124 37/3125
f 2916/2931 37/3125 2917/2932
f 2917/2932 37/3125 38/3126
f 2917/2932 38/3126 2918/2933
f 2918/2933 38/3126 39/3127
f 2918/2933 39/3127 2919/2934
f 2919/2934 39/3127 40/3128
f 2919/2934 40/3128 2920/2935
f 2920/2935 40/3128 41/3129
f 2920/2935 41/3129 2921/2936
f 2921/2936 41/3129 42/3130
f 2921/2936 42/3130 2922/2937
f 2922/2937 42/3130 43/3131
f 2922/2937 43/3131 2923/2938
f 2923/2938 43/3131 44/3132
f 2923/2938 44/3132 2924/2939
f 2924/2939 44/3132 45/3133
f 2924/2939 45/3133 2925/2940
f 2925/2940 45/3133 46/3134
f 2925/2940 46/3134 2926/2941
f 2926/2941 46/3134 47/3135
f 2926/2941 47/3135 2927/2942
f 2927/2942 47/3135 48/3136
f 2927/2942 48/3136 2928/2943
f 2928/2943 48/3136 49/3137
f 2928/2943 49/3137 2929/2944
f 2929/2944 49/3137 50/3138
f 2929/2944 50/3138 2930/2945
f 2930/2945 50/3138 51/3139
f 2930/2945 51/3139 2931/2946
f 2931/2946 51/3139 52/3140
f 2931/2946 52/3140 2932/2947
f 2932/2947 52/3140 53/3141
f 2932/2947 53/3141 2933/2948
f 2933/2948 53/3141 54/3142
f 2933/2948 54/3142 2934/2949
f 2934/2949 54/3142 55/3143
f 2934/2949 55/3143 2935/2950
f 2935/2950 55/3143 56/3144
f 2935/2950 56/3144 2936/2951
f 2936/2951 56/3144 57/3145
f 2936/2951 57/3145 2937/2952
f 2937/2952 57/3145 58/3146
f 2937/2952 58/3146 2938/2953
f 2938/2953 58/3146 59/3147
f 2938/2953 59/3147 2939/2954
f 2939/2954 59/3147 60/3148
f 2939/2954 60/3148 2940/2955
f 2940/2955 60/3148 61/3149
f 2940/2955 61/3149 2941/2956
f 2941/2956 61/3149 62/3150
f 2941/2956 62/3150 2942/2957
f 2942/2957 62/3150 63/3151
f 2942/2957 63/3151 2943/2958
f 2943/2958 63/3151 64/3152
f 2943/2958 64/3152 2944/2959
f 2944/2959 64/3152 65/3153
f 2944/2959 65/3153 2945/2960
f 2945/2960 65/3153 66/3154
f 2945/2960 66/3154 2946/2961
f 2946/2961 66/3154 67/3155
f 2946/2961 67/3155 2947/2962
f 2947/2962 67/3155 68/3156
f 2947/2962 68/3156 2948/2963
f 2948/2963 68/3156 69/3157
f 2948/2963 69/3157 2949/2964
f 2949/2964 69/3157 70/3158
f 2949/2964 70/3158 2950/2965
f 2950/2965 70/3158 71/3159
f 2950/2965 71/3159 2951/2966
f 2951/2966 71/3159 72/3160
f 2951/2966 72/3160 2952/2967
f 2952/2967 72/3160 73/3161
f 2952/2967 73/3161 2953/2968
f 2953/2968 73/3161 74/3162
f 2953/2968 74/3162 2954/2969
f 2954/2969 74/3162 75/3163
f 2954/2969 75/3163 2955/2970
f 2955/2970 75/3163 76/3164
f 2955/2970 76/3164 2956/2971
f 2956/2971 76/3164 77/3165
f 2956/2971 77/3165 2957/2972
f 2957/2972 77/3165 78/3166
f 2957/2972 78/3166 2958/2973
f 2958/2973 78/3166 79/3167
f 2958/2973 79/3167 2959/2974
f 2959/2974 79/3167 80/3168
f 2959/2974 80/3168 2960/2975
f 2960/2975 80/3168 81/3169
f 2960/2975 81/3169 2961/2976
f 2961/2976 81/3169 82/3170
f 2961/2976 82/3170 2962/2977
f 2962/2977 82/3170 83/3171
f 2962/2977 83/3171 2963/2978
f 2963/2978 83/3171 84/3172
f 2963/2978 84/3172 2964/2979
f 2964/2979 84/3172 85/3173
f 2964/2979 85/3173 2965/2980
f 2965/2980 85/3173 86/3174
f 2965/2980 86/3174 2966/2981
f 2966/2981 86/3174 87/3175
f 2966/2981 87/3175 2967/2982
f 2967/2982 87/3175 88/3176
f 2967/2982 88/3176 2968/2983
f 2968/2983 88/3176 89/3177
f 2968/2983 89/3177 2969/2984
f 2969/2984 89/3177 90/3178
f 2969/2984 90/3178 2970/2985
f 2970/2985 90/3178 91/3179
f 2970/2985 91/3179 2971/2986
f 2971/2986 91/3179 92/3180
f 2971/2986 92/3180 2972/2987
f 2972/2987 92/3180 93/3181
f 2972/2987 93/3181 2973/2988
f 2973/2988 93/3181 94/3182
f 2973/2988 94/3182 2974/2989
f 2974/2989 94/3182 95/3183
f 2974/2989 95/3183 2975/2990
f 2975/2990 95/3183 96/3184
f 2975/2990 96/3184 2976/2991
f 2976/2991 96/3184 97/3185
f 2976/2991 97/3185 2977/2992
f 2977/2992 97/3185 98/3186
f 2977/2992 98/3186 2978/2993
f 2978/2993 98/3186 99/3187
f 2978/2993 99/3187 2979/2994
f 2979/2994 99/3187 100/3188
f 2979/2994 100/3188 2980/2995
f 2980/2995 100/3188 101/3189
f 2980/2995 101/3189 2981/2996
f 2981/2996 101/3189 102/3190
f 2981/2996 102/3190 2982/2997
f 2982/2997 102/3190 103/3191
f 2982/2997 103/3191 2983/2998
f 2983/2998 103/3191 104/3192
f 2983/2998 104/3192 2984/2999
f 2984/2999 104/3192 105/3193
f 2984/2999 105/3193 2985/3000
f 2985/3000 105/3193 106/3194
f 2985/3000 106/3194 2986/3001
f 2986/3001 106/3194 107/3195
f 2986/3001 107/3195 2987/3002
f 2987/3002 107/3195 108/3196
f 2987/3002 108/3196 2988/3003
f 2988/3003 108/3196 109/3197
f 2988/3003 109/3197 2989/3004
f 2989/3004 109/3197 110/3198
f 2989/3004 110/3198 2990/3005
f 2990/3005 110/3198 111/3199
f 2990/3005 111/3199 2991/3006
f 2991/3006 111/3199 112/3200
f 2991/3006 112/3200 2992/3007
f 2992/3007 112/3200 113/3201
f 2992/3007 113/3201 2993/3008
f 2993/3008 113/3201 114/3202
f 2993/3008 114/3202 2994/3009
f 2994/3009 114/3202 115/3203
f 2994/3009 115/3203 2995/3010
f 2995/3010 115/3203 116/3204
f 2995/3010 116/3204 2996/3011
f 2996/3011 116/3204 117/3205
f 2996/3011 117/3205 2997/3012
f 2997/3012 117/3205 118/3206
f 2997/3012 118/3206 2998/3013
f 2998/3013 118/3206 119/3207
f 2998/3013 119/3207 2999/3014
f 2999/3014 119/3207 120/3208
f 2999/3014 120/3208 3000/3015
f 3000/3015 120/3208 121/3209
f 3000/3015 121/3209 3001/3016
f 3001/3016 121/3209 122/3210
f 3001/3016 122/3210 3002/3017
f 3002/3017 122/3210 123/3211
f 3002/3017 123/3211 3003/3018
f 3003/3018 123/3211 124/3212
f 3003/3018 124/3212 3004/3019
f 3004/3019 124/3212 125/3213
f 3004/3019 125/3213 3005/3020
f 3005/3020 125/3213 126/3214
f 3005/3020 126/3214 3006/3021
f 3006/3021 126/3214 127/3215
f 3006/3021 127/3215 3007/3022
f 3007/3022 127/3215 128/3216
f 3007/3022 128/3216 3008/3023
f 3008/3023 128/3216 129/3217
f 3008/3023 129/3217 3009/3024
f 3009/3024 129/3217 130/3218
f 3009/3024 130/3218 3010/3025
f 3010/3025 130/3218 131/3219
f 3010/3025 131/3219 3011/3026
f 3011/3026 131/3219 132/3220
f 3011/3026 132/3220 3012/3027
f 3012/3027 132/3220 133/3221
f 3012/3027 133/3221 3013/3028
f 3013/3028 133/3221 134/3222
f 3013/3028 134/3222 3014/3029
f 3014/3029 134/3222 135/3223
f 3014/3029 135/3223 3015/3030
f 3015/3030 135/3223 136/3224
f 3015/3030 136/3224 3016/3031
f 3016/3031 136/3224 137/3225
f 3016/3031 137/3225 3017/3032
f 3017/3032 137/3225 138/3226
f 3017/3032 138/3226 3018/3033
f 3018/3033 138/3226 139/3227
f 3018/3033 139/3227 3019/3034
f 3019/3034 139/3227 140/3228
f 3019/3034 140/3228 3020/3035
f 3020/3035 140/3228 141/3229
f 3020/3035 141/3229 3021/3036
f 3021/3036 141/3229 142/3230
f 3021/3036 142/3230 3022/3037
f 3022/3037 142/3230 143/3231
f 3022/3037 143/3231 3023/3038
f 3023/3038 143/3231 144/3232
f 3023/3038 144/3232 3024/3039
f 3024/3039 144/3232 145/3233
f 3024/3039 145/3233 3025/3040
f 3025/3040 145/3233 146/3234
f 3025/3040 146/3234 3026/3041
f 3026/3041 146/3234 147/3235
f 3026/3041 147/3235 3027/3042
f 3027/3042 147/3235 148/3236
f 3027/3042 148/3236 3028/3043
f 3028/3043 148/3236 149/3237
f 3028/3043 149/3237 3029/3044
f 3029/3044 149/3237 150/3238
f 3029/3044 150/3238 3030/3045
f 3030/3045 150/3238 151/3239
f 3030/3045 151/3239 3031/3046
f 3031/3046 151/3239 152/3240
f 3031/3046 152/3240 3032/3047
f 3032/3047 152/3240 153/3241
f 3032/3047 153/3241 3033/3048
f 3033/3048 153/3241 154/3242
f 3033/3048 154/3242 3034/3049
f 3034/3049 154/3242 155/3243
f 3034/3049 155/3243 3035/3050
f 3035/3050 155/3243 156/3244
f 3035/3050 156/3244 3036/3051
f 3036/3051 156/3244 157/3245
f 3036/3051 157/3245 3037/3052
f 3037/3052 157/3245 158/3246
f 3037/3052 158/3246 3038/3053
f 3038/3053 158/3246 159/3247
f 3038/3053 159/3247 3039/3054
f 3039/3054 159/3247 160/3248
f 3039/3054 160/3248 3040/3055
f 3040/3055 160/3248 161/3249
f 3040/3055 161/3249 3041/3056
f 3041/3056 161/3249 162/3250
f 3041/3056 162/3250 3042/3057
f 3042/3057 162/3250 163/3251
f 3042/3057 163/3251 3043/3058
f 3043/3058 163/3251 164/3252
f 3043/3058 164/3252 3044/3059
f 3044/3059 164/3252 165/3253
f 3044/3059 165/3253 3045/3060
f 3045/3060 165/3253 166/3254
f 3045/3060 166/3254 3046/3061
f 3046/3061 166/3254 167/3255
f 3046/3061 167/3255 3047/3062
f 3047/3062 167/3255 168/3256
f 3047/3062 168/3256 3048/3063
f 3048/3063 168/3256 169/3257
f 3048/3063 169/3257 3049/3064
f 3049/3064 169/3257 170/3258
f 3049/3064 170/3258 3050/3065
f 3050/3065 170/3258 171/3259
f 3050/3065 171/3259 3051/3066
f 3051/3066 171/3259 172/3260
f 3051/3066 172/3260 3052/3067
f 3052/3067 172/3260 173/3261
f 3052/3067 173/3261 3053/3068
f 3053/3068 173/3261 174/3262
f 3053/3068 174/3262 3054/3069
f 3054/3069 174/3262 175/3263
f 3054/3069 175/3263 3055/3070
f 3055/3070 175/3263 176/3264
f 3055/3070 176/3264 3056/3071
f 3056/3071 176/3264 177/3265
f 3056/3071 177/3265 3057/3072
f 3057/3072 177/3265 178/3266
f 3057/3072 178/3266 3058/3073
f 3058/3073 178/3266 179/3267
f 3058/3073 179/3267 3059/3074
f 3059/3074 179/3267 180/3268
f 3059/3074 180/3268 3060/3075
f 3060/3075 180/3268 181/3269
f 3060/3075 181/3269 3061/3076
f 3061/3076 181/3269 182/3270
f 3061/3076 182/3270 3062/3077
f 3062/3077 182/3270 183/3271
f 3062/3077 183/3271 3063/3078
f 3063/3078 183/3271 184/3272
f 3063/3078 184/3272 3064/3079
f 3064/3079 184/3272 185/3273
f 3064/3079 185/3273 3065/3080
f 3065/3080 185/3273 186/3274
f 3065/3080 186/3274 3066/3081
f 3066/3081 186/3274 187/3275
f 3066/3081 187/3275 3067/3082
f 3067/3082 187/3275 188/3276
f 3067/3082 188/3276 3068/3083
f 3068/3083 188/3276 189/3277
f 3068/3083 189/3277 3069/3084
f 3069/3084 189/3277 190/3278
f 3069/3084 190/3278 3070/3085
f 3070/3085 190/3278 191/3279
f 3070/3085 191/3279 3071/3086
f 3071/3086 191/3279 192/3280
f 3071/3086 192/3280 3072/3087
f 3072/3087 192/3280 1/3281
f 3072/3087 1/3281 2881/3088
