# Trefoil knot / 三叶结
v 2.08 0 0
v 2.074548132206251 0.03934701560753803 -0.01291073949622342
v 2.05856406460551 0.07601259712544008 -0.02494163343178503
v 2.0331370849898476 0.10749804576599951 -0.03527279626696859
v 2 0.13165768023652624 -0.043200176327610175
v 1.9614110472164032 0.14684506137353756 -0.048183535763192016
v 1.92 0.15202519425088018 -0.049883266863570065
v 1.8785889527835966 0.14684506137353756 -0.048183535763192016
v 1.8399999999999999 0.13165768023652624 -0.043200176327610175
v 1.8068629150101523 0.10749804576599953 -0.0352727962669686
v 1.7814359353944897 0.07601259712544008 -0.02494163343178503
v 1.765451867793749 0.03934701560753808 -0.012910739496223435
v 1.76 1.86177167529095e-17 -6.108938309548431e-18
v 1.765451867793749 -0.03934701560753798 0.0129107394962234
v 1.7814359353944897 -0.0760125971254401 0.02494163343178504
v 1.8068629150101523 -0.10749804576599951 0.03527279626696859
v 1.8399999999999999 -0.13165768023652621 0.04320017632761017
v 1.8785889527835966 -0.14684506137353756 0.048183535763192016
v 1.92 -0.15202519425088018 0.049883266863570065
v 1.9614110472164032 -0.14684506137353756 0.048183535763192016
v 2 -0.13165768023652624 0.043200176327610175
v 2.0331370849898476 -0.10749804576599954 0.0352727962669686
v 2.05856406460551 -0.07601259712544016 0.024941633431785057
v 2.074548132206251 -0.039347015607538026 0.012910739496223417
v 2.07314952410706 0.042687834439991856 0.14054321611675016
v 2.0685637719877397 0.08199741932384089 0.1271893736824799
v 2.053435966368135 0.11852449216355271 0.11371643261909083
v 2.028797042201342 0.1497797933089429 0.10104255159496511
v 1.9963261014515798 0.17363332563878045 0.09003143465731822
v 1.958235985070178 0.18845951034461297 0.08143347122871969
v 1.917122471541636 0.19324796744016665 0.07583459830802214
v 1.8757873788696298 0.18767237148767899 0.0736163698321961
v 1.8370476253102863 0.17211269013720407 0.07492995440607328
v 1.8035432610482052 0.14762928995918756 0.07968583341174504
v 1.7775575531392676 0.11589067421502938 0.08755990155443655
v 1.7608613846340544 0.07905977711715158 0.09801555410273621
v 1.754592571824473 0.03964656343683907 0.11034025561426027
v 1.7591783239437937 0.000336978552990079 0.12369409804853054
v 1.7743061295633982 -0.036190094286721826 0.13716703911191963
v 1.7989450537301912 -0.067445395432112 0.14984092013604533
v 1.8314159944799533 -0.09129892776194953 0.1608520370736922
v 1.869506110861355 -0.10612511246778208 0.16945000050229075
v 1.9106196243898972 -0.11091356956333576 0.1750488734229883
v 1.9519547170619034 -0.1053379736108481 0.17726710189881434
v 1.9906944706212468 -0.08977829226037318 0.17595351732493716
v 2.024198834883328 -0.06529489208235667 0.1711976383192654
v 2.0501845427922656 -0.03355627633819857 0.16332357017657392
v 2.066880711297479 0.003274620759679374 0.1528679176282742
v 2.0526949318007133 0.08494201893773028 0.27961805446348703
v 2.0490033362427966 0.1242440181624167 0.2659680481199273
v 2.0348557163577 0.16066292775050972 0.2511996504410716
v 2.011216209060546 0.1917168591986746 0.23631930332280293
v 1.9796958077075018 0.215289538397767 0.22234107783029491
v 1.9424425755608519 0.22977452621606304 0.2102175669307521
v 1.9019952588275133 0.23418469467132008 0.2007749678569294
v 1.861110275300512 0.22821949807146025 0.1946567781310749
v 1.822573869041583 0.2122854547068106 0.19227994227221915
v 1.78901223245285 0.18746844330042023 0.19380643771623607
v 1.7627125356046078 0.15545970216758415 0.19913223632126903
v 1.745467059374761 0.11844057411955955 0.20789439371368323
v 1.738451054468876 0.07893385155581745 0.2194957833473355
v 1.7421426500267927 0.03963185233113107 0.23314578969089522
v 1.7562902699118892 0.003212942743037947 0.2479141873697509
v 1.7799297772090437 -0.02784098870512687 0.2627945344880196
v 1.8114501785620876 -0.051413667904219265 0.2767727599805276
v 1.8487034107087374 -0.06589865572251534 0.2888962708800704
v 1.889150727442076 -0.07030882417777236 0.29833886995389314
v 1.9300357109690773 -0.06434362757791255 0.30445705967974757
v 1.9685721172280064 -0.04840958421326287 0.3068338955386034
v 2.0021337538167394 -0.023592572806872505 0.30530740009458646
v 2.0284334506649815 0.008416168325963466 0.29998160148955355
v 2.0456789268948286 0.04543529637398821 0.2912194440971393
v 2.018924719415341 0.12633252396407355 0.4157836472991667
v 2.0161336321637915 0.16565747405801826 0.4019866974165767
v 2.003068264708378 0.20200175789227665 0.3860811355016494
v 1.9806190002496458 0.23288857258531293 0.36915089931370326
v 1.9503157190612936 0.2562130327586713 0.3523497564704086
v 1.914223539677768 0.2703856149970303 0.33682267709133473
v 1.8748020844789095 0.27444048124214526 0.3236278059764535
v 1.8347378604894855 0.26810129906039504 0.3136643517866886
v 1.7967611783651145 0.2518000732414719 0.307611307459686
v 1.7634600862331378 0.2266477053858862 0.30588117796320213
v 1.737103998489693 0.19435828779674275 0.30859186876324823
v 1.7194890389590012 0.1571322909219563 0.31555865076142947
v 1.7118156380229823 0.11750660492967482 0.32630674927772146
v 1.7146067252745314 0.07818165483573014 0.3401036991603115
v 1.727672092729945 0.041837371001471654 0.35600926107523884
v 1.7501213571886771 0.010950556308435416 0.372939497263185
v 1.7804246383770292 -0.012373903864922917 0.3897406401064796
v 1.8165168177605548 -0.026546486103281933 0.4052677194855535
v 1.8559382729594134 -0.030601352348396907 0.4184625906004347
v 1.8960024969488374 -0.024262170166646682 0.4284260447901996
v 1.9339791790732084 -0.007960944347723556 0.43447908911720223
v 1.9672802712051851 0.017191423507862166 0.4362092186136861
v 1.99363635894863 0.049480841097005526 0.43349852781364
v 2.0112513184793217 0.08670683797179211 0.4265317458154587
v 1.9723130651780343 0.16643656717555536 0.5476535332271522
v 1.9704065866176164 0.20581527252242657 0.5338593098455091
v 1.9585020486848472 0.24212128944330502 0.5169846896735513
v 1.9374107259666657 0.2728804228835627 0.498179650189369
v 1.9085699572512576 0.29599648873111734 0.4787257237570123
v 1.8739451932649536 0.30989416529956326 0.4599486633137127
v 1.8358960544532927 0.31362634889775715 0.4431280944981217
v 1.7970155267471144 0.30693869738120727 0.42941031127771734
v 1.7599532538564853 0.2902869631488997 0.4197301579092617
v 1.7272349684305992 0.26480593437047434 0.4147473208476051
v 1.7010903675517075 0.2322321010477898 0.414801372203972
v 1.6833011625637107 0.1947853160909823 0.41988862846775
v 1.6750796583884897 0.15501751601112007 0.42966240153165103
v 1.6769861369489076 0.11563881066424889 0.443456624913294
v 1.6888906748816768 0.07933279374337034 0.4603312450852519
v 1.7099819975998582 0.04857366030311272 0.4791362845694342
v 1.7388227663152664 0.02545759445555809 0.4985902110017909
v 1.7734475303015704 0.011559917887112164 0.5173672714450904
v 1.8114966691132313 0.007827734288918253 0.5341878402606814
v 1.8503771968194094 0.014515385805468156 0.5479056234810858
v 1.887439469710039 0.03116712003777572 0.5575857768495415
v 1.9201577551359248 0.05664814881620105 0.5625686139111981
v 1.9463023560148165 0.08922198213888555 0.5625145625548311
v 1.9640915610028133 0.12666876709569316 0.5574273062910532
v 1.9135100293526328 0.20484225697464403 0.6739213447630201
v 1.912449466491731 0.24430529707734486 0.6602779813114952
v 1.901759215771793 0.2806117965276126 0.6426100914767617
v 1.8821678001129079 0.31128752738723864 0.6221217127534884
v 1.8550103421158837 0.3342419892921817 0.6002090942930194
v 1.8221375776633961 0.34791087359766176 0.5783655448311216
v 1.7857897313280704 0.35136266842715963 0.558079666165451
v 1.748443848770003 0.3443621396674058 0.5407339074030735
v 1.712644990168537 0.3273863617844567 0.5275103533384236
v 1.6808327885769512 0.3015922059872359 0.5193101673280507
v 1.6551751929615637 0.268737501366466 0.5166921784971136
v 1.6374207260623812 0.2310612417470862 0.5198347984580095
v 1.6287793254579395 0.191131001959194 0.5285238628538285
v 1.6298398883188412 0.1516679618564932 0.5421672263053534
v 1.6405301390387792 0.1153614624062254 0.5598351161400869
v 1.6601215546976644 0.08468573154659935 0.5803234948633602
v 1.6872790126946886 0.06173126964165632 0.6022361133238292
v 1.7201517771471762 0.04806238533617624 0.624079662785727
v 1.7564996234825017 0.04461059050667837 0.6443655414513976
v 1.7938455060405691 0.051611119266432165 0.661711300213775
v 1.8296443646420353 0.06858689714938132 0.674934854278425
v 1.861456566233621 0.09438105294660211 0.6831350402887979
v 1.8871141618490086 0.12723575756737188 0.6857530291197351
v 1.904868628748191 0.16491201718675186 0.6826104091588391
v 1.8433281732524893 0.24115227121846533 0.7933847286439204
v 1.8430515579221458 0.2807294052783689 0.7800366337400347
v 1.8336023384937783 0.31707699546379664 0.7617565179333319
v 1.8156244636558567 0.3477180135708444 0.7397901409067191
v 1.7903430958687427 0.3705643248521936 0.7156344749534057
v 1.759481118567692 0.3840589909493347 0.6909356887889844
v 1.7251417245039424 0.3872823726687378 0.6673769638738866
v 1.689665086634407 0.38001480187311554 0.6465637883784423
v 1.655468879201978 0.36275155150196114 0.6299145458172676
v 1.624883517231271 0.33666908353919867 0.618563854556732
v 1.599993342595889 0.30354487507317396 0.6132852454483368
v 1.582494579564275 0.26563628617050405 0.6144384469795054
v 1.5735797399189604 0.2255267245180005 0.6219448703716441
v 1.573856355249304 0.18594959045809695 0.6352929652755298
v 1.5833055746776714 0.14960200027266912 0.6535730810822327
v 1.601283449515593 0.11896098216562138 0.6755394581088454
v 1.626564817302707 0.09611467088427222 0.6996951240621588
v 1.6574267946037577 0.08262000478713108 0.7243939102265802
v 1.691766188667507 0.07939662306772807 0.747952635141678
v 1.7272428265370428 0.08666419386335025 0.7687658106371222
v 1.7614390339694717 0.10392744423450465 0.7854150531982971
v 1.7920243959401787 0.13000991219726712 0.7967657444588325
v 1.8169145705755607 0.16313412066329175 0.8020443535672277
v 1.8344133336071746 0.20104270956596182 0.8008911520360591
v 1.762725916045366 0.2749876006771721 0.904966992962077
v 1.7631476445425205 0.3147070348636724 0.8920524125593439
v 1.7549379834220096 0.3511375033533167 0.8733435877990574
v 1.7386564075220896 0.38179632992273155 0.8501154941708366
v 1.715412479333764 0.4045941662073177 0.8239510878692049
v 1.6867902341506593 0.4179773773394865 0.7966334299448926
v 1.6547402306815076 0.4210339195973826 0.7700241736408776
v 1.6214466236975966 0.4135554946773055 0.7459366958004031
v 1.589178317494593 0.3960517448788768 0.7260125182318583
v 1.5601343438143338 0.3697155218245452 0.7116094407102793
v 1.5362940014656932 0.33634159559279697 0.7037090091665505
v 1.5192819703817022 0.2982043441033051 0.7028496249542969
v 1.5102575923670243 0.2579027580202902 0.7090898536873839
v 1.50983586386987 0.2181833238337899 0.722004434090117
v 1.5180455249903808 0.1817528553441455 0.7407132588504035
v 1.5343271008903008 0.15109402877473072 0.7639413524786243
v 1.5575710290786264 0.12829619249014457 0.790105758780256
v 1.5861932742617313 0.11491298135797579 0.8174234167045683
v 1.6182432777308828 0.11185643910007964 0.8440326730085833
v 1.6515368847147938 0.11933486402015675 0.8681201508490578
v 1.6838051909177976 0.1368386138185855 0.8880443284176026
v 1.7128491645980566 0.16317483687291706 0.9024474059391816
v 1.7366895069466972 0.19654876310466518 0.9103478374829104
v 1.7537015380306882 0.23468601459415722 0.911207221695164
v 1.672788010758174 0.3059914001777746 1.0077360409451013
v 1.6737986927496362 0.3458788837522112 0.9953843256791599
v 1.666797571242963 0.3824343195980515 0.9764295874385733
v 1.6522617610989334 0.4131665151731155 0.9521635603102515
v 1.6311818537573015 0.4359811221363171 0.9242399339414836
v 1.6049944100672053 0.4493233627260348 0.8945616573233268
v 1.575484061039328 0.45228398529517433 0.8651512559616373
v 1.5446618881917618 0.4446612283083091 0.8380130001062281
v 1.5146283716680193 0.4269745700568924 0.8149963170455572
v 1.4874302459864608 0.4004293270721735 0.7976697556933416
v 1.4649210184652568 0.3668345137954727 0.7872140925722388
v 1.4486346557617198 0.32847956123354355 0.7843418638451516
v 1.4396810465796093 0.2879782960189252 0.7892488071532484
v 1.4386703645881471 0.24809081244448866 0.8016005224191898
v 1.4456714860948203 0.2115353765986483 0.8205552606597764
v 1.46020729623885 0.18080318102358434 0.8448212877880982
v 1.4812872035804818 0.15798857406038275 0.8727449141568661
v 1.507474647270578 0.14464633347066502 0.9024231907750229
v 1.5369849962984554 0.14168571090152546 0.9318335921367124
v 1.5678071691460216 0.1493084678883907 0.9589718479921214
v 1.5978406856697642 0.16699512613980746 0.9819885310527926
v 1.6250388113513226 0.19354036912452632 0.999315092405008
v 1.6475480388725265 0.227135182401227 1.0097707555261108
v 1.6638344015760635 0.2654901349631563 1.012642984253198
v 1.574703561855789 0.33383300344018135 1.100920225697946
v 1.5761701988848733 0.37391072427430955 1.089248766381892
v 1.5703160194239671 0.4106323888391598 1.0702265260189423
v 1.5575399761288422 0.4414954763800576 1.0451498388540938
v 1.5387127352366512 0.4643967184847544 1.0157276396764459
v 1.5151173421007107 0.47777543334990713 0.9839650027374723
v 1.4883617837700038 0.4807198836668274 0.9520264992543247
v 1.4602694073291178 0.4730294100123512 0.9220886854585069
v 1.4327546618076517 0.4552281054569225 0.8961917738856273
v 1.4076926316426266 0.42852909948794704 0.876100596262708
v 1.386791252772826 0.39475188524001703 0.8631843331425099
v 1.371474919627065 0.3561983240446431 0.8583232065115405
v 1.3627874149977899 0.31549577738451756 0.8618484941163088
v 1.3613207779687055 0.2754180565503894 0.8735199534323631
v 1.3671749574296117 0.23869639198553907 0.8925421937953127
v 1.3799510007247366 0.20783330444464132 0.9176188809601611
v 1.3987782416169277 0.18493206233994453 0.947041080137809
v 1.4223736347528682 0.17155334747479176 0.9788037170767826
v 1.449129193083575 0.16860889715787153 1.0107422205599303
v 1.477221569524461 0.17629937081234773 1.040680034355748
v 1.5047363150459272 0.19410067536777642 1.0665769459286276
v 1.5297983452109523 0.22079968133675182 1.086668123551547
v 1.5506997240807527 0.25457689558468183 1.099584386671745
v 1.5660160572265138 0.2931304567800559 1.1044455133027145
v 1.4697420222568138 0.3582121662640104 1.1839208372045675
v 1.4715086740684815 0.39849742666325905 1.1730316485322758
v 1.4667086878570592 0.435424323587706 1.1541117619073216
v 1.455669174750503 0.46647635003653287 1.1284505363366042
v 1.4391424593233668 0.48953736172315193 1.0977967419355878
v 1.4182548099203214 0.503035788811244 1.0642393841349114
v 1.3944296853297113 0.506051735801961 1.0300653414125351
v 1.3692907284195068 0.49837967089197344 0.997603518304713
v 1.3445511175590479 0.4805424326262105 0.9690661344105442
v 1.3218968163443348 0.45375559931505394 0.9463979652821595
v 1.302871677965147 0.4198446493813238 0.9311438091847375
v 1.2887722341614987 0.3811205580225096 0.9243432116476329
v 1.280559338728176 0.34022230807012754 0.9264596221544803
v 1.2787926869165083 0.299937047670879 0.937348810826772
v 1.2835926731279306 0.2630101507464319 0.9562686974517264
v 1.2946321862344867 0.23195812429760512 0.9819299230224436
v 1.311158901661623 0.20889711261098604 1.01258371742346
v 1.3320465510646684 0.19539868552289402 1.0461410752241365
v 1.3558716756552784 0.19238273853217708 1.0803151179465127
v 1.3810106325654827 0.20005480344216453 1.1127769410543347
v 1.405750243425942 0.21789204170792748 1.1413143249485036
v 1.428404544640655 0.24467887501908403 1.1639824940768884
v 1.4474296830198428 0.2785898249528141 1.1792366501743103
v 1.4615291268234911 0.3173139163116284 1.186037247711415
v 1.3592275957282554 0.3788636002917018 1.2563210038964128
v 1.3611167331812113 0.4193672734207067 1.2462969669480435
v 1.3572471449672447 0.45653438012632475 1.2276360409209879
v 1.3478825371283407 0.48783204350811604 1.201609937085352
v 1.333661092212974 0.5111273795284459 1.1699922914073633
v 1.3155519781900782 0.5248328495348915 1.1349377941893475
v 1.2947893012535876 0.528014448395874 1.0988353514864164
v 1.2727880035247783 0.5204553554068581 1.0641452851066673
v 1.2510474370850049 0.5026707102630531 1.033231665745835
v 1.231049185609153 0.47587250714049395 1.0082012054761882
v 1.214156096886629 0.4418869992958583 0.9907596888003126
v 1.2015194069967237 0.403030242925051 0.9820957262561997
v 1.1940002854723168 0.3619502617609163 0.9827997525733556
v 1.192111148019361 0.3214465886319115 0.9928237895217249
v 1.1959807362333275 0.2842794819262934 1.0114847155487805
v 1.2053453440722315 0.2529818185445021 1.0375108193844165
v 1.219566788987598 0.2296864825241723 1.069128465062405
v 1.237675903010494 0.21598101251772656 1.104182962280421
v 1.2584385799469846 0.2127994136567441 1.140285404983352
v 1.280439877675794 0.22035850664576012 1.174975471363101
v 1.3021804441155673 0.23814315178956502 1.2058890907239337
v 1.3221786955914192 0.26494135491212417 1.2309195509935802
v 1.3390717843139432 0.2989268627567597 1.2483610676694559
v 1.3517084742038485 0.33778361912756716 1.2570250302135686
v 1.2445124335485558 0.3955618364126597 1.3178908454964893
v 1.2463272141318793 0.4362866352918877 1.3087916685182939
v 1.2432342327779902 0.4737227835838901 1.2905278802638434
v 1.2354442710547626 0.5053190696487271 1.2643441277203413
v 1.2234882019801145 0.5289222588064115 1.2320247903529307
v 1.2081808119031443 0.5429238327219617 1.1957723775929698
v 1.1905652741609394 0.5463696072717275 1.1580574314601058
v 1.1718420585395788 0.5390247586145545 1.1214501632063973
v 1.1532871212420814 0.5213898260484923 1.0884452976669639
v 1.1361649505817877 0.4946666010848143 1.0612920618851986
v 1.121642394193472 0.4606762273425778 1.0418409040067849
v 1.1107091402953388 0.42173509262056774 1.0314173882965785
v 1.1041102720724896 0.38049697089682116 1.0307318601245556
v 1.102295491489166 0.3397721720175932 1.039831037102751
v 1.1053884728430552 0.3023360237255907 1.0580948253572016
v 1.1131784345662825 0.27073973766075377 1.0842785779007036
v 1.1251345036409308 0.24713654850306935 1.1165979152681142
v 1.140441893717901 0.23313497458751925 1.152850328028075
v 1.1580574314601058 0.22968920003775334 1.1905652741609392
v 1.1767806470814666 0.23703404869492645 1.2271725424146476
v 1.195335584378964 0.2546689812609886 1.260177407954081
v 1.2124577550392577 0.28139220622466654 1.2873306437358463
v 1.2269803114275732 0.315382579966903 1.30678180161426
v 1.2379135653257065 0.3543237146889131 1.3172053173244664
v 1.1269489618627726 0.40812640077278156 1.3685887398587973
v 1.1284766871671283 0.44906503836557893 1.3604467682646602
v 1.1259788343945545 0.48679047474264514 1.342694307148348
v 1.1196256280836052 0.5187317837591144 1.3165411573976078
v 1.1098500287452018 0.5427122179910234 1.2837696129478295
v 1.0973182273193143 0.5570975504750089 1.2466130003957274
v 1.0828842453633365 0.5609074445751729 1.207603481482522
v 1.067531734894285 0.5538822623047374 1.1693994904558698
v 1.0523069441294024 0.5365007582257695 1.134604566169157
v 1.0382474173991592 0.5099474531169575 1.1055899252111918
v 1.026311288215755 0.47603191084005547 1.0843328674142987
v 1.017311984057653 0.4370654195531506 1.0722820261383865
v 1.0118627926311738 0.3957034812422738 1.0702586463014518
v 1.010335067326818 0.35476484364947647 1.078400617895589
v 1.012832920099392 0.3170394072724102 1.0961530790119012
v 1.0191861264103412 0.2850980982559409 1.1223062287626413
v 1.0289617257487447 0.2611176640240319 1.1550777732124196
v 1.0414935271746322 0.24673233154004648 1.1922343857645217
v 1.05592750913061 0.24292243743988237 1.231243904677727
v 1.0712800195996615 0.24994761971031798 1.2694478957043793
v 1.086504810364544 0.2673291237892858 1.3042428199910923
v 1.1005643370947873 0.29388242889809774 1.333257460949057
v 1.1125004662781914 0.32779797117499976 1.3545145187459504
v 1.1214997704362937 0.3667644624619048 1.3665653600218626
v 1.0078616292593932 0.41642718483219043 1.4085585541372556
v 1.0088786371149885 0.45756056541898593 1.4013746561338598
v 1.0067706453196115 0.4955842859618351 1.384218003177364
v 1.0016813100304958 0.5279070927429121 1.358257792814044
v 0.9939574610370702 0.5523262398960502 1.325263170478884
v 0.984125465883973 0.5671776028973119 1.2874826651578333
v 0.9728553587927473 0.5714490859011989 1.2474909558532847
v 0.9609151789369277 0.5648495943999556 1.2080134114649188
v 0.9491186298416081 0.5478288728332166 1.171740361403076
v 0.9382696268329154 0.5215468552476827 1.141143754085421
v 0.9291075115370668 0.48779461770872046 1.1183086977373682
v 0.922256666970363 0.4488723194264003 1.1047913637123223
v 0.9181839668684689 0.4074324507065232 1.1015129359856395
v 0.9171669590128734 0.3662990701197277 1.1086968339890353
v 0.9192749508082505 0.3282753495768784 1.125853486945531
v 0.9243642860973662 0.2959525427958014 1.151813697308851
v 0.9320881350907917 0.2715333956426633 1.1848083196440111
v 0.941920130243889 0.25668203264140166 1.2225888249650618
v 0.9531902373351147 0.2524105496375147 1.2625805342696104
v 0.9651304171909343 0.2590100411387579 1.3020580786579763
v 0.9769269662862539 0.2760307627054969 1.3383311287198192
v 0.9877759692949466 0.30231278029103076 1.368927736037474
v 0.9969380845907951 0.336065017829993 1.391762792385527
v 1.003788929157499 0.3749873161123133 1.4052801264105728
v 0.8885183577448704 0.42038973660945306 1.4381226374477063
v 0.8887965444541959 0.4616853909003023 1.4318625062314196
v 0.8868551446251628 0.5000024304633983 1.4153509000156794
v 0.8828264614478047 0.5327296123744178 1.389713057477369
v 0.876985043022945 0.5576366332703504 1.3566961552169359
v 0.8697289723628374 0.5730261208379364 1.318550240560418
v 0.8615527386917445 0.5778493069317753 1.2778748945525524
v 0.8530135388224863 0.571777499390264 1.2374420748045876
v 0.8446933051144578 0.55522448186322 1.2000072111639535
v 0.8371590477450248 0.5293183151399568 1.1681214277237222
v 0.830924213902965 0.4958244616706996 1.1439576879315967
v 0.826413697211065 0.45702547221816875 1.1291627107219424
v 0.8239348819278961 0.41556543379519223 1.1247447493417415
v 0.8236566952185707 0.37426977950434304 1.1310048805580282
v 0.8255980950476037 0.33595273994124697 1.1475164867737684
v 0.8296267782249618 0.3032255580302274 1.1731543293120787
v 0.8354681966498215 0.2783185371342949 1.206171231572512
v 0.8427242673099291 0.26292904956670893 1.24431714622903
v 0.850900500981022 0.25810586347287 1.2849924922368954
v 0.8594397008502801 0.26417767101438133 1.3254253119848602
v 0.8677599345583087 0.28073068854142524 1.3628601756254943
v 0.8752941919277417 0.30663685526468853 1.3947459590657256
v 0.8815290257698015 0.3401307087339456 1.4189096988578511
v 0.8860395424617016 0.3789296981864766 1.4337046760675054
v 0.770102061469058 0.42 1.457770292471568
v 0.7694171003346135 0.4614110472164033 1.4523616243652022
v 0.7674088959006407 0.5 1.436504211839307
v 0.7642143039805998 0.5331370849898476 1.4112787113519087
v 0.7600510307345292 0.5585640646055101 1.3784041990741132
v 0.755202796354014 0.5745481322062509 1.3401210186899515
v 0.7500000000000002 0.58 1.299038105676658
v 0.7447972036459866 0.5745481322062509 1.2579551926633643
v 0.7399489692654714 0.5585640646055101 1.219672012279203
v 0.7357856960194007 0.5331370849898476 1.1867975000014073
v 0.7325911040993598 0.5 1.161571999514009
v 0.7305828996653869 0.46141104721640336 1.1457145869881138
v 0.7298979385309424 0.42 1.140305918881748
v 0.7305828996653869 0.3785889527835967 1.1457145869881138
v 0.7325911040993598 0.33999999999999997 1.161571999514009
v 0.7357856960194007 0.3068629150101524 1.1867975000014073
v 0.7399489692654713 0.28143593539448986 1.2196720122792029
v 0.7447972036459866 0.2654518677937491 1.2579551926633645
v 0.7500000000000002 0.26 1.299038105676658
v 0.7552027963540139 0.2654518677937491 1.3401210186899515
v 0.7600510307345291 0.2814359353944898 1.3784041990741132
v 0.7642143039805998 0.30686291501015234 1.4112787113519087
v 0.7674088959006407 0.3399999999999999 1.436504211839307
v 0.7694171003346135 0.37858895278359667 1.4523616243652022
v 0.6536828134352143 0.4153078150817588 1.4681413781466257
v 0.6518239212084613 0.4567727834480089 1.4634724797674687
v 0.6495153403639409 0.495593923165912 1.4482347877018353
v 0.646914396871097 0.5291256377186596 1.4234667254825217
v 0.6441983407307045 0.5550827961732604 1.390856195618616
v 0.6415522666802361 0.5716964610772658 1.3526255518288948
v 0.6391565002933873 0.5778344386228473 1.311380149308501
v 0.6371743090902305 0.573078435783761 1.2699307940779498
v 0.6357407761255351 0.5577525662938243 1.2311021911979045
v 0.6349535943018199 0.5329012628315796 1.19754044578734
v 0.6348664087594915 0.500218100659258 1.17153273533258
v 0.6354851610491786 0.46193038326742414 1.154851442321342
v 0.6367676842248758 0.42064735532288666 1.1486333693052027
v 0.6386265764516288 0.37918238695663653 1.1533022676843596
v 0.6409351572961492 0.3403612472387334 1.168539959749993
v 0.6435361007889931 0.3068295326859858 1.1933080219693066
v 0.6462521569293856 0.28087237423138506 1.2259185518332123
v 0.648898230979854 0.2642587093273796 1.2641491956229336
v 0.6512939973667028 0.2581207317817981 1.3053945981433273
v 0.6532761885698596 0.2628767346208844 1.3468439533738785
v 0.654709721534555 0.2782026041108211 1.3856725562539238
v 0.6554969033582703 0.30305390757306583 1.4192343016644882
v 0.6555840889005986 0.3357370697453873 1.4452420121192484
v 0.6549653366109115 0.3740247871372213 1.4619233051304863
v 0.5401916125274624 0.406428329863876 1.4700047172499082
v 0.5369724226314021 0.44787216440405725 1.4659251230275763
v 0.5341414354087052 0.4868665874186199 1.4512275661181446
v 0.5318915779601708 0.5207541934204524 1.4269136607361304
v 0.5303761743528513 0.5472255980624467 1.3946403593526893
v 0.5296984968382629 0.5644768188643154 1.3566070341229501
v 0.5299047280191094 0.5713322136374015 1.3154055933082784
v 0.5309808135812294 0.5673245985569946 1.2738438470115936
v 0.5328534200718799 0.5527270859679274 1.2347541595589815
v 0.5353949324533517 0.5285344722296149 1.2008004285515748
v 0.5384321508568951 0.4963954439881383 1.1742965446463345
v 0.5417580938675495 0.458500222905899 1.157048703731664
v 0.5451461039655194 0.41743130567483755 1.1502323176624931
v 0.5483652938615797 0.37598747113465636 1.154311911884825
v 0.5511962810842767 0.3369930481200936 1.1690094687942567
v 0.553446138532811 0.3031054421182611 1.193323374176271
v 0.5549615421401305 0.2766340374762669 1.225596675559712
v 0.555639219654719 0.25938281667439816 1.2636300007894512
v 0.5554329884738725 0.2525274219013121 1.304831441604123
v 0.5543569029117524 0.256535036981719 1.3463931879008075
v 0.552484296421102 0.2711325495707861 1.3854828753534199
v 0.5499427840396302 0.29532516330909864 1.4194366063608266
v 0.5469055656360867 0.32746419155057516 1.4459404902660669
v 0.5435796226254324 0.36535941263281463 1.4631883311807374
v 0.4303971904869806 0.3935404553271818 1.4642311845936098
v 0.42566696132200893 0.43487696108901674 1.4605547845271947
v 0.4221158673727277 0.473967159654612 1.4462738951338334
v 0.41998590982332024 0.5081471185913297 1.422361735425398
v 0.41942224176085735 0.5350875301826854 1.390447879569306
v 0.42046327623229035 0.5529524498998633 1.3527072041020098
v 0.4230380684587819 0.5605244129873135 1.3117116736871903
v 0.426971150605142 0.557287402673887 1.2702550659743002
v 0.43199448962282166 0.5434620158630312 1.2311625802686894
v 0.4377657532592264 0.5199904298183742 1.1970983048678083
v 0.44389163943499915 0.4884721943402292 1.17038366384635
v 0.44995467913076675 0.4510552250900851 1.1528392158418954
v 0.45554168621090935 0.4102894266878737 1.1456605859923765
v 0.460271915375881 0.3689529209260387 1.1493369860587916
v 0.46382300932516224 0.32986272236044345 1.163617875452153
v 0.4659529668745697 0.2956827634237258 1.1875300351605882
v 0.4665166349370326 0.26874235183237016 1.2194438910166803
v 0.4654756004655996 0.2508774321151922 1.2571845664839765
v 0.46290080823910806 0.24330546902774194 1.298180096898796
v 0.458967726092748 0.24654247934116844 1.3396367046116862
v 0.4539443870750683 0.2603678661520242 1.378729190317297
v 0.44817312343866356 0.2838394521966812 1.412793465718178
v 0.4420472372628908 0.3153576876748262 1.4395081067396363
v 0.4359841975671232 0.35277465692497045 1.457052554744091
v 0.32488776666002556 0.3768817109296769 1.4517618115465183
v 0.3185418630042642 0.4180175077403711 1.448272768477025
v 0.31411007504963007 0.45710966481531473 1.434245644582484
v 0.31189442182135574 0.49149411625269446 1.4106363651753904
v 0.312045896425408 0.5188276185100456 1.3790538636311584
v 0.31455417611784425 0.5372474385792779 1.341650435237476
v 0.3192483257827532 0.5454982961628649 1.3009750618272848
v 0.3258084468779203 0.5430179089516723 1.2597997028792562
v 0.33378747799182273 0.5299753112351091 1.2209303910602005
v 0.3426416613400204 0.5072593344936471 1.1870160057360115
v 0.3517675989595634 0.47641803500229063 1.1603677562203611
v 0.36054337328300484 0.4395531963537183 1.1428016766794262
v 0.3683709297928551 0.3991770963798039 1.1355148664046024
v 0.37471683344861645 0.3580412995691098 1.1390039094740958
v 0.37914862140325056 0.31894914249416606 1.1530310333686367
v 0.3813642746315249 0.2845646910567864 1.1766403127757303
v 0.38121280002747265 0.2572311887994353 1.2082228143199623
v 0.3787045203350364 0.23881136873020295 1.2456262427136446
v 0.37401037067012743 0.23056051114661585 1.2863016161238359
v 0.3674502495749603 0.23304089835780847 1.3274769750718645
v 0.35947121846105784 0.24608349607437174 1.3663462868909202
v 0.35061703511286024 0.26879947281583366 1.4002606722151092
v 0.34149109749331724 0.2996407723071901 1.4269089217307596
v 0.33271532316987573 0.3365056109557626 1.4444750012716945
v 0.2240598865071824 0.3567392930732576 1.4335719643373601
v 0.21604832345211333 0.3975791112018571 1.430033347851038
v 0.2106238000753708 0.4365671901556439 1.4160654582599739
v 0.20815598868063107 0.47104655678476426 1.3926201841567691
v 0.20881306653619447 0.4986674992332911 1.3612952822264104
v 0.21255025487207685 0.517547695919123 1.3242254927686032
v 0.21911287047918362 0.5264004926391206 1.2839370606741736
v 0.22805368194912548 0.5246225859267546 1.243175576010575
v 0.23876338775561542 0.5123351371863427 1.2047188665960933
v 0.2505121391465669 0.490375515743575 1.1711876936246082
v 0.2624992781304162 0.4602402335097858 1.144867151121243
v 0.27390790099509776 0.4239829601682994 1.1275509405608488
v 0.28396052894602436 0.38407456897936065 1.120419133076726
v 0.2919720920010934 0.3432347508507612 1.123957749563048
v 0.29739661537783596 0.3042466718969743 1.1379256391541122
v 0.2998644267725757 0.269767305267854 1.161370913257317
v 0.2992073489170123 0.2421463628193271 1.1926958151876756
v 0.2954701605811299 0.2232661661334952 1.2297656046454828
v 0.28890754497402316 0.2144133694134976 1.2700540367399125
v 0.2799667335040813 0.2161912761258637 1.3108155214035109
v 0.2692570276975913 0.22847872486627555 1.3492722308179927
v 0.25750827630663986 0.25043834630904316 1.3828034037894779
v 0.24552113732279057 0.2805736285428323 1.409123946292843
v 0.23411251445810896 0.3168309018843189 1.4264401568532372
v 0.1281162323517459 0.3334378848628612 1.410633512634973
v 0.1184491533140728 0.3738907622879126 1.4067981528196694
v 0.11197708816384827 0.4126621797509068 1.3926741571172776
v 0.10914109744546675 0.4471099292245374 1.3692240524939088
v 0.11013444923968968 0.47488645350977415 1.3380459248265155
v 0.11488944826333224 0.49409882837945496 1.3012645119913386
v 0.12308204919094058 0.5034377622361617 1.2613864064889366
v 0.13415393980821141 0.5022668221708776 1.2211292353076126
v 0.14735058906674203 0.490665805813982 1.1832364581352535
v 0.16177266712805768 0.4694253032586113 1.1502904051153802
v 0.17643733320589058 0.43999281965232384 1.12453629531537
v 0.1903452145415429 0.4043741301134093 1.1077292287574148
v 0.2025485120058506 0.36499658947127694 1.1010145792524488
v 0.2122155910435237 0.3245437120462255 1.1048499390677524
v 0.21868765619374825 0.2857722945832313 1.1189739347701442
v 0.22152364691212978 0.25132454510960067 1.142424039393513
v 0.22053029511790684 0.22354802082436398 1.173602167060906
v 0.21577529609426427 0.20433564595468315 1.2103835798960831
v 0.20758269516665595 0.19499671209797645 1.2502616853984851
v 0.19651080454938513 0.19616765216326046 1.290518856579809
v 0.18331415529085446 0.20776866852015607 1.3284116337521683
v 0.16889207722953883 0.22900917107552674 1.3613576867720416
v 0.15422741115170596 0.2584416546818141 1.3871117965720519
v 0.1403195298160536 0.29406034422072885 1.403918863130007
v 0.037073449289809844 0.30732542618393255 1.3838776460727953
v 0.025822752451429475 0.3473111552391442 1.3795003196543336
v 0.01831037361576425 0.3857535446969582 1.3649970596413952
v 0.015048268985671714 0.4200328092448769 1.3413562392360912
v 0.016258745600809907 0.4478128736531227 1.3101889412807401
v 0.02185931148026435 0.4672005724410009 1.2736191656246043
v 0.031468297314722934 0.4768746659758044 1.2341390820442375
v 0.04443086659916722 0.4761758807703321 1.1944391929917186
v 0.059863641658520914 0.4651518378815397 1.1572249802988086
v 0.07671490437635572 0.4445538076142061 1.1250325310611344
v 0.09383626904647956 0.4157855116911956 1.100055707493706
v 0.11006094296101634 0.3808074619378047 1.0839966388464914
v 0.12428324140523186 0.34200335464076637 1.0779497241089322
v 0.1355339382436122 0.3020176255855548 1.0823270505273939
v 0.14304631707927748 0.26357523612774064 1.0968303105403323
v 0.14630842170937 0.229295971579822 1.1204711309456363
v 0.14509794509423182 0.2015159071715762 1.1516384289009873
v 0.13949737921477737 0.18212820838369806 1.1882082045571232
v 0.1298883933803188 0.1724541148488945 1.22768828813749
v 0.11692582409587451 0.17315290005436682 1.2673881771900086
v 0.10149304903652079 0.18417694294315926 1.3046023898829189
v 0.08464178631868599 0.20477497321049282 1.336794839120593
v 0.0675204216485622 0.2335432691335032 1.3617716626880212
v 0.05129574773402534 0.2685213188868943 1.377830731335236
v -0.04922030609891341 0.2787585375979792 1.3541613165009323
v -0.06192343449352226 0.31821362424182886 1.3490111358326353
v -0.07040658316071154 0.3562220048737118 1.3339115701292128
v -0.07409163953787833 0.39019347116538394 1.3098916298401406
v -0.07272747312276233 0.41781292382957036 1.2785882342012913
v -0.06640704960216205 0.4371981428105104 1.2421346578941448
v -0.055561095394012716 0.4470280574702419 1.20301515190165
v -0.04092874435381291 0.4466327753694064 1.1638956459091554
v -0.023507167023848842 0.4360392343299412 1.1274420696020089
v -0.004483615108639728 0.41596936666703144 1.0961386739631596
v 0.0148454877666989 0.3877909006948801 1.0721187336740874
v 0.03316289518406547 0.3534241523023724 1.0570191679706649
v 0.049220306098913556 0.31521115859872073 1.0518689873023679
v 0.06192343449352239 0.2757560719548711 1.0570191679706649
v 0.07040658316071169 0.23774769132298812 1.0721187336740874
v 0.07409163953787848 0.20377622503131598 1.0961386739631596
v 0.07272747312276247 0.17615677236712957 1.1274420696020089
v 0.06640704960216219 0.15677155338618953 1.1638956459091554
v 0.055561095394012876 0.14694163872645802 1.20301515190165
v 0.04092874435381309 0.14733692082729355 1.2421346578941448
v 0.02350716702384897 0.15793046186675877 1.2785882342012913
v 0.0044836151086398825 0.17800032952966846 1.3098916298401406
v -0.01484548776669872 0.20617879550181978 1.3339115701292128
v -0.03316289518406535 0.24054554389432756 1.3490111358326353
v -0.13105985994318284 0.24808935839770493 1.3222399772653308
v -0.1450311403526778 0.28697183394228104 1.3161118361732536
v -0.1543573944015869 0.3244554518982073 1.3002185336734873
v -0.15840305328884058 0.35798576564639484 1.2756431720664674
v -0.15689241204703985 0.3852777397163682 1.2440605216330067
v -0.14992841838036075 0.4044714711773782 1.2076228878073478
v -0.13798565694864384 0.41425893894949806 1.1688134351186727
v -0.12187800720711417 0.41397314327861306 1.1302769636320613
v -0.10270317886650718 0.4036335606673943 1.0946396701947962
v -0.08176790479033315 0.38394481658382823 1.0643301774612148
v -0.06049888930970711 0.35624866640002184 1.0414140272723058
v -0.0403455806809238 0.3224325569809493 1.0274529173927147
v -0.022681393582117515 0.28480100029975725 1.0233982743889103
v -0.00871011317262256 0.2459185247551812 1.0295264154809876
v 0.0006161408762865722 0.20843490679925486 1.0454197179807538
v 0.004661799763540211 0.17490459305106731 1.0699950795877737
v 0.0031511585217395 0.147612618981094 1.1015777300212344
v -0.0038128351449395886 0.12841888752008396 1.1380153638468933
v -0.015755596576656497 0.1186314197479641 1.1768248165355684
v -0.03186324631818616 0.11891721541884909 1.2153612880221796
v -0.05103807465879319 0.12925679803006784 1.2509985814594449
v -0.07197334873496719 0.1489455421136339 1.281308074193026
v -0.0932423642155932 0.17664169229744026 1.3042242243819353
v -0.11339567284437659 0.2104578017165129 1.3181853342615266
v -0.20885247461146517 0.2156551967416155 1.2887483737763796
v -0.22386358755802074 0.25394783407103966 1.2814725158570244
v -0.23385514569224006 0.2908360473451284 1.2646194395356056
v -0.23814624083910657 0.3238059657899073 1.2393376541124028
v -0.2364444419557314 0.3506107439487311 1.2073500714838814
v -0.22886572382366085 0.3694236804870663 1.1708365925441953
v -0.21592656355917172 0.3789627048696729 1.132285550541707
v -0.19850874355131554 0.3785777483488595 1.0943241352802773
v -0.1777992594493192 0.36829504507534866 1.0595393544757676
v -0.15520942837069307 0.34881534428425964 1.0303017334554367
v -0.1322787099719846 0.3214661553927775 1.0086037677743673
v -0.11056979481726194 0.2881112804271852 0.9959241379361403
v -0.09156210959864076 0.2510237989948506 0.9931269397601521
v -0.0765509966520852 0.2127311616654265 1.0004027976795073
v -0.06655943851786586 0.17584294839133768 1.017255874000926
v -0.06226834337099933 0.1428730299465588 1.042537659424129
v -0.06397014225437452 0.116068251787735 1.0745252420526503
v -0.07154886038644506 0.09725531524939982 1.1110387209923365
v -0.08448802065093419 0.0877162908667932 1.1495897629948246
v -0.10190584065879035 0.08810124738760663 1.1875511782562542
v -0.12261532476078674 0.09838395066111744 1.2223359590607643
v -0.14520515583941285 0.11786365145220641 1.251573580081095
v -0.16813587423812126 0.14521284034368848 1.2732715457621644
v -0.18984478939284402 0.17856771530928092 1.2859511756003914
v -0.2830856512108796 0.18177174899002002 1.2541898623289873
v -0.29887500058952265 0.21948351072903285 1.245639004667982
v -0.3093145462495337 0.25573029553530857 1.2277006610538188
v -0.31369285040634787 0.28804194492494367 1.201597299959289
v -0.31171153886716796 0.3142164733895598 1.1691078223051403
v -0.303505634739117 0.3324701300697469 1.132446332302103
v -0.28963435682762395 0.341558958428344 1.094111249907907
v -0.2710430097989863 0.34086356983271193 1.056715047635998
v -0.2489985632295523 0.3304313538664589 1.0228062148710602
v -0.22500330972285826 0.3109732488076331 0.9946955825290282
v -0.20069248615135413 0.28381529235995445 0.9742988437489954
v -0.1777228349659024 0.25080825437468734 0.9630060025716164
v -0.15765969993564824 0.21420150994381817 0.961586647460827
v -0.14187035055700517 0.17648974820480537 0.9701375051218324
v -0.1314308048969941 0.14024296339852954 0.9880758487359955
v -0.12705250074017996 0.10793131400889448 1.0141792098305253
v -0.12903381227935984 0.08175678554427838 1.046668687484674
v -0.13723971640741078 0.06350312886409129 1.0833301774877113
v -0.15111099431890385 0.05441430050549417 1.1216652598819072
v -0.16970234134754145 0.055109689101126264 1.1590614621538162
v -0.19174678791697553 0.06554190506737928 1.1929702949187542
v -0.2157420414236695 0.08500001012620506 1.221080927260786
v -0.24005286499517364 0.11215796657388363 1.2414776660408189
v -0.26302251618062544 0.14516500455915088 1.252770507218198
v -0.3542963755656531 0.14672996406523342 1.2189334667269103
v -0.37058039654271036 0.18389576382616096 1.2090273230297341
v -0.3812230135921346 0.2194826534550454 1.189924818406502
v -0.38549894994976386 0.251065445233794 1.1629277569789056
v -0.3831168076191446 0.27649182409571627 1.129875943868482
v -0.37423892566343214 0.29402902434045 1.093021805518003
v -0.35947031706651467 0.3024819147529102 1.0548768905517103
v -0.33981743809799253 0.30127444482054966 1.0180407118871044
v -0.3166195999816523 0.29048890162382035 0.9850235942255147
v -0.2914576970488825 0.27086030210762657 0.9580755995722117
v -0.2660464714025408 0.24372630289120234 0.939033189229151
v -0.2421176560763894 0.2109360411800933 0.9291940719921417
v -0.22130196029066845 0.17472411912144173 0.9292287674409755
v -0.20501793931361115 0.13755831936051421 0.9391349111381514
v -0.19437532226418683 0.1019714297316297 0.9582374157613835
v -0.19009938590655756 0.07038863795288114 0.98523447718898
v -0.19248152823717685 0.044962259090958884 1.0182862902994037
v -0.20135941019288933 0.027425058846225175 1.0551404286498827
v -0.21612801878980675 0.018972168433764924 1.0932853436161754
v -0.23578089775832892 0.020179638366125435 1.1301215222807812
v -0.2589787358746692 0.030965181562854716 1.163138639942371
v -0.28414063880743895 0.050593781079048536 1.190086634595674
v -0.30955186445378063 0.07772778029547271 1.2091290449387346
v -0.3334806797799321 0.11051804200658188 1.218968162175744
v -0.4230440189868558 0.11079611012097136 1.183216949311098
v -0.43952806381761267 0.1474751379470327 1.171924346522001
v -0.4501131747747644 0.1824125956716403 1.1516283575644324
v -0.45407799403930393 0.2132275532877409 1.1237121205451428
v -0.45115232573052666 0.23782002235792254 1.0900780808832335
v -0.44153554930878014 0.254514066756029 1.0530183427987854
v -0.425883032194732 0.26217201494454206 1.0150584661981406
v -0.4052614675626971 0.26027199040977245 0.9787853539399708
v -0.38107618096360163 0.24894347668382555 0.9466709586805182
v -0.3549753597110982 0.22895849325587064 0.920903823385167
v -0.3287377316398984 0.2016789837197761 0.9032399357420908
v -0.30415134774332386 0.1689640015689059 0.8948830605032108
v -0.2828917294530058 0.13304301877277738 0.8964027049056673
v -0.26640768462224884 0.09636399094671608 0.9076953076947643
v -0.2558225736650971 0.061426533222108406 0.9279912966523328
v -0.2518577544005575 0.03061157560600783 0.9559075336716226
v -0.25478342270933485 0.006019106535826227 0.9895415733335318
v -0.26440019913108137 -0.010674937862280257 1.02660131141798
v -0.2800527162451295 -0.01833288605079335 1.0645611880186248
v -0.3006742808771644 -0.016432861516023703 1.1008343002767944
v -0.3248595674762599 -0.005104347790076805 1.132948695536247
v -0.3509603887287633 0.014880635637878073 1.1587158308315983
v -0.3771980167999631 0.04216014517397254 1.1763797184746745
v -0.40178440069653765 0.07487512732484289 1.1847365937135546
v -0.4898879597281777 0.07421433550975157 1.147153739458632
v -0.5062761143775596 0.11048726425207754 1.1344927473315596
v -0.516538435721962 0.144814603402689 1.1130237873785758
v -0.5199755635210519 0.17485700152708195 1.0842099337413427
v -0.5163532631954434 0.19856711884048933 1.050014802928093
v -0.5059183885261925 0.21432915003082392 1.012768736593624
v -0.48938205897756304 0.22106893872045252 0.9750099926065953
v -0.4678711980807172 0.2183271794482044 0.9393117669704478
v -0.4428517354573968 0.2062907185775118 0.9081068347681779
v -0.41602870613876414 0.18577982102552038 0.8835217605607815
v -0.3892300552457322 0.1581922705645375 0.8672319765267366
v -0.36428206654979656 0.12540811316789646 0.8603476045278223
v -0.34288490425208457 0.08966153498379646 0.8633378031388022
v -0.32649674960270275 0.05338860624147053 0.8759987952658744
v -0.3162344282583003 0.019061267090858994 0.8974677552188584
v -0.31279730045921045 -0.010981131033533945 0.9262816088560916
v -0.3164196007848189 -0.0346912483469413 0.9604767396693412
v -0.32685447545406976 -0.05045327953727591 0.9977228060038101
v -0.34339080500269925 -0.05719306822690451 1.0354815499908387
v -0.36490166589954504 -0.054451308954656386 1.0711797756269863
v -0.38992112852286553 -0.04241484808396377 1.1023847078292563
v -0.41674415784149815 -0.021903950531972388 1.1269697820366527
v -0.4435428087345301 0.005683599929010449 1.1432595660706975
v -0.4684907974304658 0.038467757325651615 1.150143938069612
v -0.5553698978512865 0.037210980198548814 1.110741620083982
v -0.5713734253534548 0.07317634756729635 1.096778198171067
v -0.5810522990410798 0.10696034435460486 1.074204792153945
v -0.5837469196674452 0.13626064701011373 1.0445597423483663
v -0.5792736532899352 0.15908048832888957 1.0098633099078194
v -0.5679373456197548 0.1738647338366287 0.9724799993645621
v -0.5505105472904928 0.1796058616340995 0.9349574215532757
v -0.5281808658091423 0.1759126233495667 0.8998526781428077
v -0.502470032067114 0.1630367070687563 0.8695580993832499
v -0.4751301968947655 0.14185558520774788 0.8461382107529077
v -0.44802452487787836 0.11381271621791017 0.8311890389587432
v -0.4230002227701626 0.08081917527786853 0.825729345353854
v -0.4017626554056444 0.0451234176782823 0.8301311990348431
v -0.3857591279034762 0.009158050309534795 0.8440946209477582
v -0.37608025421585106 -0.02462594647777378 0.8666680269648801
v -0.37338563358948573 -0.053926249133282624 0.8963130767704589
v -0.37785889996699573 -0.07674609045205846 0.9310095092110058
v -0.38919520763717613 -0.09153033595979759 0.9683928197542631
v -0.40662200596643816 -0.09727146375726839 1.0059153975655495
v -0.4289516874477886 -0.09357822547273559 1.0410201409760174
v -0.45466252118981687 -0.0807023091919252 1.0713147197355752
v -0.4820023563621654 -0.05952118733091679 1.0947346083659173
v -0.5091080283790526 -0.03147831834107912 1.1096837801600818
v -0.5341323304867683 0.0015152225989626122 1.115143473764971
v -0.6199999999999998 4.2484618140535546e-17 1.0738715006927042
v -0.6353444022079676 0.035769988849638036 1.0587171312707655
v -0.644191240969537 0.06910231207187471 1.0351525950662306
v -0.6459376188431992 0.09772542692338328 1.004783776279201
v -0.6404645230628901 0.11968871542896718 0.969680259723167
v -0.6281449360613194 0.1334954157730213 0.9322342920401182
v -0.609818417333564 0.13820462414374943 0.894997754045267
v -0.5867338888449162 0.1334954157730213 0.8605082542666739
v -0.5604645230628902 0.11968871542896718 0.8311161951176568
v -0.5328005338533517 0.0977254269233833 0.8088245968565467
v -0.5056271763640269 0.06910231207187474 0.7951525950662305
v -0.48079627000171676 0.03576998884963809 0.7910319140746669
v -0.45999999999999985 7.731089804634268e-17 0.7967433714816837
v -0.444655597792032 -0.03576998884963788 0.8118977409036223
v -0.4358087590304627 -0.06910231207187463 0.8354622771081573
v -0.4340623811568004 -0.09772542692338317 0.8658310958951868
v -0.4395354769371095 -0.11968871542896704 0.9009346124512208
v -0.4518550639386802 -0.13349541577302118 0.9383805801342696
v -0.4701815826664356 -0.13820462414374932 0.9756171181291208
v -0.49326611115508345 -0.13349541577302118 1.0101066179077138
v -0.5195354769371094 -0.11968871542896707 1.0394986770567312
v -0.5471994661466479 -0.0977254269233832 1.0617902753178412
v -0.5743728236359728 -0.0691023120718747 1.0754622771081572
v -0.5992037299982829 -0.035769988849637946 1.079582958099721
v -0.6842455111077683 -0.03721098019854854 1.0363352500783742
v -0.6986764119015061 -0.0015152225989623347 1.0201439040666127
v -0.7064603295966505 0.03147831834107933 0.9957423759269097
v -0.7070668030658098 0.059521187330917026 0.9647935894765542
v -0.7004545021443055 0.08070230919192548 0.92940665336685
v -0.6870740442125941 0.0935782254727359 0.8919931288139965
v -0.6678372853664697 0.0972714637572687 0.855102685687498
v -0.6440551789310484 0.0915303359597979 0.8212493467220857
v -0.6173484361581151 0.07674609045205877 0.7927401610229645
v -0.589537077432666 0.05392624913328296 0.7715179824818726
v -0.5625164008913971 0.024625946477774073 0.759029067495077
v -0.5381278209868167 -0.009158050309534385 0.7561245149800202
v -0.5180333791353877 -0.04512341767828195 0.7630022653906032
v -0.50360247834165 -0.08081917527786812 0.7791936114023648
v -0.4958185606465055 -0.11381271621790987 0.8035951395420677
v -0.4952120871773462 -0.14185558520774755 0.8345439259924232
v -0.5018243880988505 -0.16303670706875598 0.8699308621021274
v -0.5152048460305619 -0.1759126233495664 0.907344386654981
v -0.5344416048766863 -0.1796058616340992 0.9442348297814793
v -0.5582237113121076 -0.1738647338366284 0.9780881687468916
v -0.584930454085041 -0.1590804883288893 1.006597354446013
v -0.61274181281049 -0.13626064701011348 1.027819532987105
v -0.6397624893517588 -0.10696034435460466 1.0403084479739004
v -0.6641510692563395 -0.07317634756729607 1.0432130004889573
v -0.7485203005534017 -0.07421433550975148 0.997832287862046
v -0.7618084696617271 -0.03846775732565151 0.9807969010488188
v -0.7683204229695328 -0.0056835999290104355 0.9557491230653543
v -0.7676123816204038 0.021903950531972458 0.9243959185878157
v -0.7597325974621894 0.04241484808396388 0.8888739566877268
v -0.7452180647633126 0.05445130895465648 0.8516040003657611
v -0.725057924940803 0.057193068226904606 0.8151259355537456
v -0.7006260582073579 0.050453279537276005 0.7819256820857667
v -0.673587455905293 0.03469124834694144 0.7542657823696545
v -0.645784754098091 0.010981131033534083 0.734031212860916
v -0.6191126609677754 -0.019061267090858897 0.7226009260323649
v -0.5953888355834595 -0.05338860624147032 0.7207538770419247
v -0.576230017439609 -0.08966153498379632 0.7286159392259013
v -0.5629418483312836 -0.12540811316789624 0.7456513260391285
v -0.5564298950234777 -0.1581922705645374 0.770699104022593
v -0.5571379363726069 -0.18577982102552026 0.8020523085001315
v -0.5650177205308213 -0.2062907185775117 0.8375742704002205
v -0.579532253229698 -0.2183271794482043 0.8748442267221862
v -0.5996923930522077 -0.2210689387204524 0.9113222915342016
v -0.6241242597856528 -0.21432915003082387 0.9445225450021805
v -0.6511628620877177 -0.19856711884048928 0.972182444718293
v -0.6789655638949197 -0.17485700152708192 0.9924170142270313
v -0.7056376570252353 -0.144814603402689 1.0038473010555824
v -0.7293614824095512 -0.11048726425207746 1.0056943500460225
v -0.8131739267983071 -0.1107961101209711 0.9579753420172324
v -0.8251197866007125 -0.07487512732484264 0.940323794704285
v -0.8301757122958725 -0.04216014517397236 0.9148529240432148
v -0.8279971509029744 -0.014880635637877879 0.8832985277769699
v -0.8187325677807014 0.0051043477900770545 0.8478109858649896
v -0.8030133289583885 0.016432861516023925 0.8108087156426392
v -0.7819106745845062 0.01833288605079357 0.7748133606764295
v -0.7568627156808494 0.010674937862280479 0.7422779449221707
v -0.7295764292529929 -0.0060191065358259355 0.715419703196199
v -0.7019113306282748 -0.030611575606007538 0.6960689802867961
v -0.6757527505592326 -0.06142653322210815 0.6855444959816565
v -0.6528833530484739 -0.09636399094671569 0.6845634764936426
v -0.6348616497428905 -0.13304301877277705 0.6931927766796512
v -0.6229157899404851 -0.16896400156890548 0.7108443239925987
v -0.6178598642453251 -0.20167898371977583 0.7363151946536688
v -0.6200384256382232 -0.2289584932558703 0.7678695909199137
v -0.6293030087604963 -0.24894347668382522 0.803357132831894
v -0.6450222475828091 -0.2602719904097721 0.8403594030542444
v -0.6661249019566914 -0.26217201494454173 0.8763547580204541
v -0.6911728608603481 -0.25451406675602867 0.9088901737747128
v -0.7184591472882047 -0.23782002235792224 0.9357484155006847
v -0.7461242459129228 -0.21322755328774068 0.9550991384100875
v -0.7722828259819651 -0.1824125956716401 0.9656236227152272
v -0.7951522234927239 -0.14747513794703243 0.966604642203241
v -0.8784791599257115 -0.1467299640652335 0.9162963950720628
v -0.8889170549586577 -0.11051804200658197 0.8982868214485967
v -0.8923605371436699 -0.07772778029547286 0.8726443008751785
v -0.8885749388604628 -0.050593781079048675 0.8411163287526177
v -0.87781824237604 -0.030965181562854827 0.8058514842786293
v -0.8608234987795336 -0.020179638366125546 0.7692530083262048
v -0.8387488717619036 -0.018972168433765063 0.7338150265496608
v -0.8130987106743556 -0.027425058846225286 0.7019525788430346
v -0.7856210316061106 -0.04496225909095898 0.6758370383623487
v -0.758188392976658 -0.07038863795288122 0.6572481360333903
v -0.7326702837740158 -0.10197142973162984 0.6474526748302645
v -0.710805720969675 -0.13755831936051421 0.6471181992461992
v -0.6940847383858527 -0.17472411912144178 0.6562675032395016
v -0.6836468433529065 -0.21093604118009326 0.6742770768629676
v -0.6802033611678943 -0.24372630289120245 0.6999195974363859
v -0.6839889594511014 -0.2708603021076266 0.7314475695589467
v -0.6947456559355242 -0.29048890162382046 0.766712414032935
v -0.7117403995320306 -0.30127444482054977 0.8033108899853596
v -0.7338150265496606 -0.3024819147529102 0.8387488717619036
v -0.7594651876372085 -0.29402902434045 0.8706113194685297
v -0.7869428667054535 -0.27649182409571627 0.8967268599492157
v -0.8143755053349062 -0.2510654452337941 0.9153157622781741
v -0.8398936145375484 -0.21948265345504553 0.9251112234812999
v -0.8617581773418893 -0.18389576382616102 0.9254456990653652
v -0.9446174563403706 -0.18177174899001994 0.8722542965599764
v -0.9534198262725628 -0.1451650045591508 0.8541694343888242
v -0.9551247645247755 -0.11215796657388363 0.8286307123574661
v -0.9496160823726639 -0.08500001012620502 0.7973785521676056
v -0.9372691874013669 -0.0655419050673792 0.762542736889545
v -0.9189255000989696 -0.05510968910112618 0.7264972697655774
v -0.8958351124407538 -0.05441430050549409 0.6916985898122504
v -0.8695715961869571 -0.06350312886409121 0.6605181695608454
v -0.841924766567763 -0.08175678554427826 0.6350809031234151
v -0.8147787093331735 -0.10793131400889437 0.6171202981705998
v -0.7899833834227451 -0.14024296339852949 0.6078603402486309
v -0.76922854932106 -0.1764897482048052 0.6079320801870864
v -0.753928614673163 -0.21420150994381806 0.6173306290277167
v -0.7451262447409708 -0.2508082543746871 0.635415491198869
v -0.7434213064887581 -0.2838152923599544 0.6609542132302271
v -0.7489299886408697 -0.310973248807633 0.6922063734200875
v -0.7612768836121667 -0.3304313538664588 0.7270421886981482
v -0.779620570914564 -0.3408635698327118 0.7630876558221158
v -0.8027109585727799 -0.34155895842834394 0.7978863357754428
v -0.8289744748265765 -0.3324701300697468 0.8290667560268477
v -0.8566213044457706 -0.3142164733895597 0.8545040224642781
v -0.8837673616803601 -0.2880419449249436 0.8724646274170934
v -0.9085626875907885 -0.25573029553530857 0.8817245853390623
v -0.9293175216924736 -0.21948351072903277 0.8816528454006067
v -1.011662593470495 -0.21565519674161532 0.8252457355449636
v -1.0187439913999803 -0.17856771530928073 0.8073859981905056
v -1.0186175674268538 -0.14521284034368837 0.7822457112588013
v -1.0112919371359592 -0.11786365145220624 0.7515381437579578
v -0.9972663301254439 -0.09838395066111724 0.717355965666503
v -0.9774965683346633 -0.08810124738760641 0.6820286359326492
v -0.9533299283585829 -0.08771629086679297 0.647963653696586
v -0.9264133267743118 -0.0972553152493996 0.6174824912026562
v -0.8985810854980307 -0.11606825178773475 0.5926623893023183
v -0.871729925777765 -0.1428730299465585 0.5751947969229226
v -0.8476897097748108 -0.17584294839133746 0.5662701016185637
v -0.8280987384814347 -0.21273116166542613 0.5664965066254773
v -0.8142921042156689 -0.25102379899485033 0.5758585828165943
v -0.8072107062861837 -0.28811128042718487 0.5937183201710523
v -0.8073371302593101 -0.3214661553927773 0.6188586071027566
v -0.8146627605502049 -0.3488153442842594 0.6495661746036001
v -0.8286883675607202 -0.3682950450753484 0.683748352695055
v -0.8484581293515008 -0.3785777483488592 0.7190756824289087
v -0.8726247693275812 -0.37896270486967265 0.7531406646649719
v -0.8995413709118523 -0.3694236804870661 0.7836218271589017
v -0.9273736121881333 -0.35061074394873093 0.8084419290592396
v -0.954224771908399 -0.32380596578990717 0.8259095214386353
v -0.9782649879113531 -0.2908360473451283 0.8348342167429942
v -0.9978559592047294 -0.2539478340710395 0.8346078117360806
v -1.0795634802395442 -0.248089358397705 0.7746211567598923
v -1.0848841499443758 -0.21045780171651296 0.7572962004932225
v -1.0828701284380156 -0.17664169229744037 0.7328623683105924
v -1.0736586679577937 -0.14894554211363398 0.7029847854964313
v -1.0578775143127794 -0.12925679803006787 0.669699559944484
v -1.0366021270442909 -0.11891721541884911 0.63527502476968
v -1.0112823886354356 -0.11863141974796412 0.6020571551549478
v -0.9836437974159311 -0.12841888752008399 0.5723096940194063
v -0.955569877702455 -0.14761261898109398 0.5480598816794391
v -0.9289738207291347 -0.17490459305106731 0.5309603027713047
v -0.9056681038266399 -0.20843490679925492 0.5221762653392027
v -0.8872409730873572 -0.2459185247551811 0.5223063870178224
v -0.8749482070188953 -0.28480100029975725 0.5313418002298022
v -0.8696275373140636 -0.32243255698094925 0.5486667564964719
v -0.8716415588204239 -0.3562486664000219 0.5731005886791021
v -0.8808530193006456 -0.3839448165838283 0.6029781714932632
v -0.89663417294566 -0.4036335606673944 0.6362633970452103
v -0.9179095602141485 -0.4139731432786131 0.6706879322200144
v -0.9432292986230038 -0.41425893894949817 0.7039058018347466
v -0.9708678898425082 -0.4044714711773783 0.733653262970288
v -0.9989418095559844 -0.38527773971636825 0.7579030753102555
v -1.0255378665293047 -0.35798576564639495 0.7750026542183897
v -1.0488435834317995 -0.32445545189820746 0.7837866916504918
v -1.0672707141710822 -0.2869718339422811 0.783656569971872
v -1.1481279478625304 -0.27875853759797914 0.7197066937141713
v -1.1516964660271296 -0.2405455438943275 0.7032254776087589
v -1.1477785622505365 -0.20617879550181978 0.6798123546021385
v -1.1366412352004842 -0.17800032952966843 0.6510628903351965
v -1.1190434753101302 -0.15793046186675871 0.6189363132869885
v -1.0961845408343287 -0.14733692082729347 0.5856219965916714
v -1.0696222303814307 -0.14694163872645796 0.5533902558775193
v -1.0411667215125073 -0.1567715533861895 0.5244376310087319
v -1.0127572101320241 -0.17615677236712945 0.5007371955236422
v -0.9863297574916237 -0.20377622503131587 0.4839040949337374
v -0.9636853508153185 -0.23774769132298806 0.47508547722620564
v -0.9463671689964476 -0.27575607195487095 0.4748823166243604
v -0.9355554175063184 -0.3152111585987206 0.4833084581874786
v -0.9319868993417191 -0.35342415230237223 0.499789674292891
v -0.935904803118312 -0.38779090069488004 0.5232027972995114
v -0.9470421301683645 -0.4159693666670314 0.5519522615664534
v -0.9646398900587185 -0.43603923432994107 0.5840788386146613
v -0.9874988245345199 -0.4466327753694063 0.6173931553099786
v -1.014061134987418 -0.4470280574702419 0.6496248960241305
v -1.0425166438563411 -0.43719814281051034 0.6785775208929179
v -1.0709261552368246 -0.41781292382957036 0.7022779563780077
v -1.097353607877225 -0.39019347116538394 0.7191110569679124
v -1.1199980145535302 -0.3562220048737118 0.7279296746754442
v -1.1373161963724012 -0.3182136242418288 0.7281328352772894
v -1.217009921873356 -0.3073254261839327 0.6598322741455083
v -1.218884289318219 -0.26852131888689446 0.6444919450238341
v -1.2130890648658812 -0.23354326913350343 0.6224114309221191
v -1.2000191834857084 -0.20477497321049298 0.5950954823866205
v -1.180565335994759 -0.1841769429431594 0.5644056361682929
v -1.1560532699505384 -0.17315290005436698 0.5324333545695465
v -1.1281534421458554 -0.17245411484889464 0.5013574957446425
v -1.0987671797389542 -0.18212820838369823 0.4732958281172131
v -1.06989710794977 -0.2015159071715763 0.45016070796196933
v -1.0435106744606866 -0.22929597157982212 0.43352875548489717
v -1.0214060711083415 -0.26357523612774086 0.42453341076170814
v -1.005089690081613 -0.30201762558555484 0.4237876916697775
v -0.9956734657833783 -0.34200335464076653 0.4313424177328613
v -0.9937990983385154 -0.38080746193780474 0.44668274685453546
v -0.9995943227908533 -0.4157855116911958 0.4687632609562504
v -1.012664204171026 -0.44455380761420626 0.4960792094917491
v -1.0321180516619752 -0.4651518378815398 0.5267690557100767
v -1.056630117706196 -0.47617588077033224 0.5587413373088231
v -1.0845299455108788 -0.47687466597580463 0.5898171961337271
v -1.11391620791778 -0.467200572441001 0.6178788637611564
v -1.1427862797069643 -0.44781287365312294 0.6410139839164003
v -1.1691727131960479 -0.4200328092448771 0.6576459363934724
v -1.191277316548393 -0.3857535446969585 0.6666412811166614
v -1.2075936975751214 -0.34731115523914435 0.6673870002085921
v -1.2857025735474366 -0.3334378848628611 0.5943648444637252
v -1.2859891652307813 -0.2940603442207288 0.5804391540972135
v -1.2783877592963224 -0.2584416546818141 0.5599910422687415
v -1.2634163789965762 -0.2290091710755267 0.5344140140073173
v -1.2420952991575946 -0.20776866852015596 0.505451101520919
v -1.2158775161356539 -0.19616765216326038 0.47507607943201874
v -1.186549728516764 -0.19499671209797637 0.4453589552988777
v -1.156110576560692 -0.20433564595468307 0.41832490202129985
v -1.126634438170167 -0.22354802082436384 0.39581624565426676
v -1.1001300634648814 -0.25132454510960056 0.3793669139318782
v -1.0784036817804505 -0.2857722945832312 0.3700979016272091
v -1.0629359101241247 -0.32454371204622534 0.36864087661105555
v -1.0547808515725812 -0.36499658947127683 0.3750951327304207
v -1.0544942598892366 -0.40437413011340917 0.3890208230969324
v -1.0620956658236953 -0.43999281965232384 0.40946893492540437
v -1.0770670461234415 -0.46942530325861126 0.4350459631868286
v -1.098388125962423 -0.490665805813982 0.4640088756732269
v -1.1246059089843639 -0.5022668221708776 0.4943838977621272
v -1.1539336966032536 -0.5034377622361617 0.5241010218952682
v -1.1843728485593257 -0.4940988283794549 0.551135075172846
v -1.2138489869498508 -0.4748864535097741 0.5736437315398791
v -1.2403533616551363 -0.4471099292245374 0.5900930632622676
v -1.2620797433395672 -0.4126621797509068 0.5993620755669368
v -1.277547514995893 -0.37389076228791257 0.6008191005830903
v -1.353539682522904 -0.3567392930732575 0.5227444284844023
v -1.3523896700422169 -0.31683090188431884 0.5104726935620448
v -1.3430977032319762 -0.2805736285428323 0.49193443105883755
v -1.3262970142745985 -0.25043834630904316 0.4683929929284467
v -1.303132542358078 -0.22847872486627546 0.4414526892753924
v -1.2751829079624255 -0.21619127612586359 0.41294945727267346
v -1.2443528324827502 -0.2144133694134975 0.3848257450774572
v -1.2127433346138834 -0.22326616613349515 0.3589981371992157
v -1.182508549398423 -0.242146362819327 0.3372267424327111
v -1.1557089274834578 -0.26976730526785386 0.3209952453523496
v -1.1341708188140232 -0.3042466718969743 0.3114097956603406
v -1.119362009902534 -0.34323475085076105 0.30912362591249
v -1.1122916966035943 -0.3840745689793606 0.3142925347990397
v -1.1134417090842814 -0.4239829601682993 0.32656426972139707
v -1.122733675894522 -0.4602402335097858 0.34510253222460435
v -1.1395343648518999 -0.49037551574357496 0.3686439703549952
v -1.1626988367684203 -0.5123351371863426 0.3955842740080495
v -1.1906484711640728 -0.5246225859267546 0.4240875060107685
v -1.221478546643748 -0.5264004926391206 0.4522112182059847
v -1.253088044512615 -0.517547695919123 0.4780388260842261
v -1.2833228297280754 -0.4986674992332911 0.4998102208507308
v -1.3101224516430405 -0.47104655678476426 0.5160417179310923
v -1.331660560312475 -0.43656719015564394 0.5256271676231012
v -1.3464693692239642 -0.397579111201857 0.5279133373709519
v -1.419706492373414 -0.3768817109296768 0.44451984646688625
v -1.4173097078177843 -0.3365056109557624 0.43409757854238584
v -1.4064849238521573 -0.29964077230719005 0.4177144952699388
v -1.387969831614989 -0.26879947281583355 0.39648707670023725
v -1.3630262040446062 -0.2460834960743716 0.37186193632883846
v -1.3333539081386365 -0.23304089835780836 0.3455172367770846
v -1.3009750618272844 -0.23056051114661572 0.3192483257827534
v -1.268096229978095 -0.23881136873020287 0.2948453862186804
v -1.2369580506467521 -0.2572311887994351 0.2739714380883928
v -1.2096825392964121 -0.2845646910567862 0.25804900646113943
v -1.188128476950687 -0.318949142494166 0.2481631787392552
v -1.173764737338666 -0.3580412995691096 0.24498765774488374
v -1.1675701855777059 -0.3991770963798038 0.24873884998599494
v -1.1699669701333355 -0.43955319635371815 0.25916111791049534
v -1.1807917540989625 -0.4764180350022906 0.27554420118294237
v -1.1993068463361307 -0.5072593344936471 0.29677161975264393
v -1.2242504739065136 -0.529975311235109 0.3213967601240427
v -1.2539227698124833 -0.5430179089516722 0.34774145967579656
v -1.2863016161238354 -0.5454982961628649 0.37401037067012777
v -1.3191804479730247 -0.5372474385792778 0.39841331023420073
v -1.3503186273043677 -0.5188276185100456 0.41928725836448844
v -1.3775941386547077 -0.49149411625269446 0.43520968999174175
v -1.3991482010004328 -0.45710966481531473 0.445095517713626
v -1.4135119406124539 -0.418017507740371 0.44827103870799745
v -1.4832599981149375 -0.3935404553271816 0.35938069161763003
v -1.47983662584096 -0.3527746569249703 0.35095288663034363
v -1.467674208021611 -0.3153576876748261 0.3369299162274281
v -1.4476015933319326 -0.2838394521966811 0.31826742266778774
v -1.4209866972914627 -0.260367866152024 0.29623722404628333
v -1.3896432810821635 -0.24654247934116835 0.2723406419923458
v -1.3557073467212548 -0.24330546902774183 0.2482061890819819
v -1.3214915720536493 -0.2508774321151921 0.22547858839696372
v -1.2893277055787031 -0.26874235183237005 0.2057066883648393
v -1.2614076616433814 -0.2956827634237257 0.19023791129818818
v -1.2396341451018218 -0.32986272236044334 0.1801264287907398
v -1.2254909851238946 -0.36895292092603854 0.17606132166536198
v -1.2199420146894184 -0.4102894266878736 0.17831962025474196
v -1.2233653869633958 -0.4510552250900849 0.18674742524202836
v -1.235527804782745 -0.48847219434022915 0.20077039564494392
v -1.2556004194724233 -0.5199904298183741 0.21943288920458423
v -1.2822153155128933 -0.5434620158630312 0.2414630878260886
v -1.3135587317221924 -0.5572874026738869 0.26535966988002624
v -1.347494666083101 -0.5605244129873134 0.2894941227903901
v -1.3817104407507066 -0.5529524498998631 0.3122217234754082
v -1.4138743072256528 -0.5350875301826852 0.3319936235075327
v -1.4417943511609745 -0.5081471185913295 0.3474624005741838
v -1.463567867702534 -0.47396715965461195 0.3575738830816322
v -1.4777110276804613 -0.43487696108901663 0.36163899020701
v -1.5431572350851126 -0.40642832986387606 0.26718269926489163
v -1.5389480766361932 -0.3653594126328147 0.260840403417186
v -1.5256739797489831 -0.3274641915505753 0.24933613182108472
v -1.5042395521898633 -0.29532516330909875 0.23345388157415436
v -1.4761055147749214 -0.27113254957078614 0.21427600178406375
v -1.4431891556602907 -0.25653503698171903 0.19310943326556268
v -1.4077336703227779 -0.25252742190131217 0.1713966426837787
v -1.3721552914951742 -0.2593828166743982 0.15061732083477725
v -1.3388786268985307 -0.2766340374762669 0.13218754416311498
v -1.3101714262328192 -0.3031054421182612 0.11736327149231954
v -1.2879900377825164 -0.3369930481200937 0.10715475250663678
v -1.2738460865140329 -0.3759874711346563 0.10225768090456573
v -1.2687034593323308 -0.41743130567483755 0.10300578402299404
v -1.2729126177812502 -0.4585002229058989 0.10934807987069965
v -1.2861867146684602 -0.49639544398813834 0.12085235146680096
v -1.30762114222758 -0.5285344722296149 0.13673460171373128
v -1.335755179642522 -0.5527270859679275 0.15591248150382186
v -1.3686715387571526 -0.5673245985569946 0.177079050022323
v -1.4041270240946655 -0.5713322136374015 0.19879184060410698
v -1.439705402922269 -0.5644768188643154 0.21957116245310837
v -1.472982067518913 -0.5472255980624467 0.23800093912477072
v -1.5016892681846241 -0.5207541934204525 0.25282521179556616
v -1.523870656634927 -0.48686658741862004 0.26303373078124886
v -1.5380146079034105 -0.4478721644040573 0.26793080238331995
v -1.598289136539681 -0.4153078150817588 0.16796476662113358
v -1.5935453889329663 -0.3740247871372213 0.1637450324619678
v -1.579408341562106 -0.3357370697453874 0.15486853075483004
v -1.5568414108428494 -0.30305390757306583 0.14194018042194909
v -1.5273824958100972 -0.2782026041108211 0.12584102717340168
v -1.4930391728401726 -0.26287673462088434 0.10766820169796765
v -1.4561518826384514 -0.25812073178179806 0.08866015201978376
v -1.4192344330730515 -0.2642587093273796 0.07011224531213091
v -1.384802687322885 -0.280872374231385 0.0532884907652706
v -1.3552031119596752 -0.3068295326859858 0.03933539944900234
v -1.332452869128814 -0.3403612472387334 0.029203851477956205
v -1.3181023502826708 -0.3791823869566364 0.023584295103184327
v -1.3131295195652564 -0.4206473553228866 0.022859693804871392
v -1.317873267171971 -0.461930383267424 0.02707942796403716
v -1.3320103145428313 -0.500218100659258 0.035955929671174926
v -1.354577245262088 -0.5329012628315796 0.04888428000405586
v -1.3840361602948401 -0.5577525662938243 0.06498343325260325
v -1.4183794832647647 -0.573078435783761 0.08315625872803732
v -1.455266773466486 -0.5778344386228473 0.10216430840622119
v -1.4921842230318858 -0.5716964610772658 0.120712215113874
v -1.5266159687820524 -0.5550827961732604 0.1375359696607344
v -1.556215544145262 -0.5291256377186596 0.1514890609770026
v -1.5789657869761233 -0.4955939231659121 0.16162060894804875
v -1.5933163058222666 -0.4567727834480089 0.16724016532282066
v -1.6475171368971777 -0.42 0.0619571974968149
v -1.642490612349204 -0.37858895278359667 0.059846057186665934
v -1.6277535880465028 -0.33999999999999997 0.05365650697953135
v -1.6043103678412187 -0.3068629150101524 0.043810354493312054
v -1.5737585684485889 -0.2814359353944898 0.03097859874840754
v -1.5381802445079853 -0.2654518677937491 0.016035702693354047
v -1.5 -0.26 1.7514636431662837e-16
v -1.4618197554920145 -0.2654518677937491 -0.01603570269335371
v -1.4262414315514111 -0.2814359353944898 -0.030978598748407173
v -1.3956896321587813 -0.3068629150101524 -0.0438103544933117
v -1.3722464119534972 -0.33999999999999997 -0.053656506979531005
v -1.357509387650796 -0.3785889527835966 -0.059846057186665566
v -1.3524828631028223 -0.42 -0.06195719749681454
v -1.357509387650796 -0.46141104721640325 -0.05984605718666557
v -1.3722464119534972 -0.5 -0.05365650697953099
v -1.3956896321587813 -0.5331370849898476 -0.0438103544933117
v -1.4262414315514111 -0.5585640646055101 -0.030978598748407193
v -1.4618197554920147 -0.5745481322062509 -0.016035702693353675
v -1.5 -0.58 1.8466010706771611e-16
v -1.5381802445079853 -0.5745481322062509 0.01603570269335404
v -1.5737585684485889 -0.5585640646055101 0.03097859874840756
v -1.6043103678412187 -0.5331370849898476 0.043810354493312054
v -1.6277535880465026 -0.5 0.05365650697953136
v -1.642490612349204 -0.4614110472164033 0.059846057186665934
v -1.6897099166596266 -0.4203897366094531 -0.05041815081203401
v -1.6846444422298494 -0.37892969818647665 -0.05048041449562121
v -1.6695763577719271 -0.34013070873394574 -0.05397168106106909
v -1.6455325283404796 -0.30663685526468865 -0.06065402646153316
v -1.6141515011769536 -0.2807306885414253 -0.07007205990106971
v -1.5775718414229438 -0.2641776710143814 -0.08158395796481048
v -1.5382863924399401 -0.2581058634728701 -0.09440520382402257
v -1.49897239265386 -0.262929049566709 -0.1076620507615113
v -1.4623090261806686 -0.2783185371342949 -0.12045106656646215
v -1.430794840856436 -0.30322555803022744 -0.1319007009466157
v -1.4065774763313545 -0.3359527399412471 -0.14123068024037994
v -1.391307305976722 -0.37426977950434304 -0.1478051817774046
v -1.3860249666670565 -0.4155654337951923 -0.15117616414281893
v -1.3910904410968337 -0.4570254722181687 -0.15111390045923173
v -1.406158525554756 -0.4958244616706997 -0.14762263389378386
v -1.4302023549862035 -0.5293183151399568 -0.1409402884933198
v -1.4615833821497295 -0.55522448186322 -0.13152225505378326
v -1.4981630419037393 -0.571777499390264 -0.12001035699004246
v -1.537448490886743 -0.5778493069317753 -0.10718911113083038
v -1.5767624906728228 -0.5730261208379364 -0.09393226419334168
v -1.6134258571460145 -0.5576366332703505 -0.08114324838839077
v -1.6449400424702472 -0.532729612374418 -0.06969361400823722
v -1.6691574069953283 -0.5000024304633984 -0.06036363471447301
v -1.684427577349961 -0.4616853909003023 -0.05378913317744835
v -1.7237783052304385 -0.41642718483219043 -0.16855449736958059
v -1.718902753483713 -0.3749873161123133 -0.1666666494826862
v -1.7037709765432316 -0.3360650178299931 -0.16749231106306506
v -1.6794141800010445 -0.3023127802910308 -0.17097521463848459
v -1.6474922392899922 -0.2760307627054969 -0.1768780060860503
v -1.6101805819160315 -0.25901004113875786 -0.18479841992343465
v -1.5700219356687692 -0.25241054963751464 -0.19419669303672263
v -1.5297530459246547 -0.2566820326414016 -0.20443234864462434
v -1.4921181709722633 -0.27153339564266327 -0.21480784373268194
v -1.4596820653450282 -0.2959525427958014 -0.22461610545696065
v -1.4346551960382472 -0.3282753495768784 -0.2331887169898698
v -1.41874310283632 -0.36629907011972757 -0.23994146902235194
v -1.4130301685949807 -0.4074324507065231 -0.24441417266284385
v -1.4179057203417063 -0.4488723194264002 -0.24630202054973824
v -1.4330374972821875 -0.4877946177087205 -0.24547635896935938
v -1.4573942938243747 -0.5215468552476827 -0.24199345539393985
v -1.489316234535427 -0.5478288728332166 -0.23609066394637415
v -1.5266278919093876 -0.5648495943999556 -0.22817025010898978
v -1.56678653815665 -0.5714490859011989 -0.2187719769957018
v -1.6070554279007643 -0.5671776028973119 -0.20853632138780012
v -1.644690302853156 -0.5523262398960502 -0.1981608262997425
v -1.677126408480391 -0.5279070927429121 -0.1883525645754638
v -1.702153277787172 -0.49558428596183524 -0.17977995304255467
v -1.7180653709890992 -0.45756056541898593 -0.17302720101007246
v -1.7487070969824374 -0.40812640077278156 -0.29167205981226285
v -1.7442302029289074 -0.3667644624619048 -0.28796461152531494
v -1.7292942161679423 -0.32779797117499987 -0.2861964061459716
v -1.7049169995144167 -0.2938824288980978 -0.28648794394873744
v -1.6727598199980127 -0.2673291237892858 -0.288819357114143
v -1.6350141362605222 -0.249947619710318 -0.2930317636878084
v -1.5942522542709627 -0.2429224374398824 -0.2988380951230693
v -1.5532520289247282 -0.2467323315400465 -0.305842659528029
v -1.5148075578230886 -0.2611176640240319 -0.3135681074140796
v -1.4815387681391279 -0.2850980982559409 -0.3214879622746929
v -1.4557128729105338 -0.3170394072724102 -0.3290624990892972
v -1.439089864217825 -0.35476484364947636 -0.335775525691491
v -1.4328025726325888 -0.3957034812422737 -0.341169560412136
v -1.4372794666861188 -0.4370654195531505 -0.3448770086990839
v -1.452215453447084 -0.47603191084005547 -0.3466452140784273
v -1.4765926701006096 -0.5099474531169575 -0.3463536762756614
v -1.5087498496170133 -0.5365007582257695 -0.3440222631102558
v -1.546495533354504 -0.5538822623047374 -0.3398098565365904
v -1.5872574153440635 -0.5609074445751729 -0.3340035251013295
v -1.6282576406902978 -0.5570975504750089 -0.3269989606963698
v -1.6667021117919378 -0.5427122179910234 -0.31927351281031924
v -1.6999709014758984 -0.5187317837591144 -0.31135365794970593
v -1.7257967967044925 -0.4867904747426452 -0.3037791211351017
v -1.7424198053972013 -0.44906503836557893 -0.2970660945329078
v -1.7635831683891905 -0.3955618364126598 -0.41883396003039686
v -1.7596900494657843 -0.3543237146889132 -0.41346193659919495
v -1.7451963931149328 -0.3153825799669031 -0.4092052188324896
v -1.7210899180650467 -0.28139220622466665 -0.4063538950115231
v -1.6890134407529425 -0.2546689812609887 -0.40510227814265887
v -1.6511529200985549 -0.23703404869492653 -0.40553566384711537
v -1.6100884880170114 -0.22968920003775342 -0.40762451760533763
v -1.568618617692487 -0.23313497458751933 -0.4112264874856969
v -1.5295694122553969 -0.2471365485030694 -0.41609610519338325
v -1.4956020105244152 -0.2707397376607539 -0.42190151432904166
v -1.4690312347937236 -0.3023360237255909 -0.4282470858539693
v -1.451667839519085 -0.3397721720175932 -0.434700379555295
v -1.444695111394099 -0.3804969708968213 -0.4408216141318456
v -1.448588230317505 -0.4217350926205678 -0.44619363756304753
v -1.4630818866683566 -0.46067622734257796 -0.45045035532975286
v -1.4871883617182426 -0.4946666010848144 -0.4533016791507194
v -1.5192648390303467 -0.5213898260484924 -0.4545532960195836
v -1.5571253596847345 -0.5390247586145546 -0.4541199103151271
v -1.598189791766278 -0.5463696072717277 -0.45203105655690484
v -1.6396596620908024 -0.5429238327219618 -0.4484290866765456
v -1.6787088675278927 -0.5289222588064116 -0.4435594689688592
v -1.7126762692588742 -0.5053190696487272 -0.4377540598332008
v -1.7392470449895658 -0.4737227835838903 -0.43140848830827316
v -1.7566104402642044 -0.4362866352918878 -0.4249551946069474
v -1.7676197025463898 -0.37886360029170185 -0.5489651254773075
v -1.7644698464597763 -0.33778361912756727 -0.5421013620644507
v -1.750648289854185 -0.2989268627567599 -0.5354896488721033
v -1.7270969489710848 -0.2649413549121243 -0.5295805632279509
v -1.695420808771228 -0.2381431517895651 -0.5247767995534169
v -1.6577785458619378 -0.2203585066457602 -0.5214057264043259
v -1.616735418253702 -0.2127994136567442 -0.5196970768448267
v -1.5750884472660462 -0.21598101251772664 -0.5197672925187221
v -1.5356758051469057 -0.22968648252417237 -0.5216115883438733
v -1.501183398324229 -0.2529818185445021 -0.525104278607639
v -1.4739618273215844 -0.2842794819262935 -0.5300073422404873
v -1.4558661972170288 -0.32144658863191145 -0.5359866435585351
v -1.4481296952977454 -0.3619502617609163 -0.5426347030582203
v -1.4512795513843588 -0.4030302429250509 -0.549498466471077
v -1.46510110798995 -0.4418869992958584 -0.5561101796634245
v -1.4886524488730504 -0.47587250714049395 -0.5620192653075768
v -1.5203285890729072 -0.5026707102630531 -0.5668230289821108
v -1.5579708519821973 -0.5204553554068581 -0.5701941021312018
v -1.5990139795904332 -0.528014448395874 -0.571902751690701
v -1.640660950578089 -0.5248328495348916 -0.5718325360168056
v -1.6800735926972294 -0.5111273795284459 -0.5699882401916544
v -1.714565999519906 -0.48783204350811615 -0.5664955499278888
v -1.7417875705225507 -0.45653438012632486 -0.5615924862950405
v -1.7598832006271063 -0.41936727342070673 -0.5556131849769926
v -1.760176532217303 -0.35821216626401053 -0.6808735096816306
v -1.7579029497644079 -0.31731391631162853 -0.6727027283443242
v -1.7449637376345373 -0.27858982495281426 -0.6638925505996861
v -1.7222406817512825 -0.24467887501908417 -0.6550433755015062
v -1.6912823208214627 -0.21789204170792756 -0.6467582597087722
v -1.654198415981334 -0.2000548034421646 -0.6396018201709578
v -1.6135161740617012 -0.1923827385321772 -0.6340617564159894
v -1.5720080226188036 -0.1953986855228941 -0.63051561463338
v -1.5325026735780112 -0.20889711261098612 -0.6292050585253379
v -1.4976923511907778 -0.2319581242976052 -0.6302194003248299
v -1.4699493214010158 -0.2630101507464321 -0.6334895143144997
v -1.4511642258413726 -0.29993704767087903 -0.6387925476300702
v -1.4426172377304 -0.34022230807012765 -0.6457671073147621
v -1.4448908201832953 -0.3811205580225096 -0.6539378886520685
v -1.4578300323131659 -0.41984464938132393 -0.6627480663967066
v -1.4805530881964206 -0.45375559931505405 -0.6715972414948865
v -1.5115114491262405 -0.4805424326262106 -0.6798823572876205
v -1.548595353966369 -0.49837967089197355 -0.6870387968254349
v -1.589277595886002 -0.506051735801961 -0.6925788605804032
v -1.6307857473288994 -0.5030357888112441 -0.6961250023630127
v -1.670291096369692 -0.4895373617231521 -0.6974355584710548
v -1.7051014187569253 -0.466476350036533 -0.6964212166715628
v -1.7328444485466874 -0.4354243235877062 -0.693151102681893
v -1.7516295441063305 -0.39849742666325916 -0.6878480693663225
v -1.7407766639224136 -0.33383300344018163 -0.8132731751479797
v -1.7394859002291518 -0.29313045678005617 -0.8039869316411484
v -1.7276178745028385 -0.2545768955846822 -0.7931531613595784
v -1.7059813730838826 -0.22079968133675215 -0.7815101678443068
v -1.6760508877879767 -0.1941006753677767 -0.7698514018624429
v -1.6398661317255707 -0.176299370812348 -0.758971389048629
v -1.5998930362241812 -0.1686088971578718 -0.7496115842960551
v -1.558855701683564 -0.17155334747479203 -0.7424098428308005
v -1.5195507546352607 -0.1849320623399448 -0.7378569514322818
v -1.4846567622661166 -0.20783330444464157 -0.7362631821252992
v -1.4565516924910402 -0.23869639198553938 -0.7377371476542953
v -1.437150859369379 -0.2754180565503896 -0.7421783997043122
v -1.4277763976169815 -0.3154957773845178 -0.7492842742876574
v -1.4290671613102435 -0.35619832404464324 -0.7585705177944887
v -1.4409351870365565 -0.3947518852400173 -0.7694042880760588
v -1.4625716884555124 -0.4285290994879473 -0.7810472815913303
v -1.4925021737514184 -0.4552281054569227 -0.7927060475731942
v -1.5286869298138244 -0.47302941001235144 -0.8035860603870081
v -1.5686600253152139 -0.48071988366682766 -0.812945865139582
v -1.6096973598558308 -0.47777543334990746 -0.8201476066048365
v -1.6490023069041344 -0.46439671848475467 -0.8247004980033553
v -1.6838962992732784 -0.4414954763800579 -0.826294267310338
v -1.7120013690483549 -0.4106323888391602 -0.8248203017813418
v -1.7314022021700162 -0.3739107242743098 -0.8203790497313249
v -1.7091190171467001 -0.30599140017777443 -0.9448088919900651
v -1.7088917501153866 -0.26549013496315615 -0.9346013673287514
v -1.6982611457204813 -0.2271351824012269 -0.9219330778557847
v -1.6779516620835921 -0.19354036912452624 -0.9076673465634095
v -1.6493473569515646 -0.16699512613980733 -0.8927763594639657
v -1.6143975664482972 -0.14930846788839058 -0.8782749127197605
v -1.575484061039328 -0.14168571090152535 -0.8651512559616378
v -1.5352587318106699 -0.1446463334706649 -0.8542997447097953
v -1.4964628684737562 -0.1579885740603826 -0.8464598915230759
v -1.4617403450018023 -0.18080318102358417 -0.8421659694401844
v -1.4334574439877386 -0.21153537659864818 -0.8417106021550284
v -1.4135415983959694 -0.24809081244448838 -0.845124822195561
v -1.4033500401910832 -0.287978296018925 -0.8521759561082854
v -1.4035773072223967 -0.32847956123354327 -0.8623834807695991
v -1.414207911617302 -0.3668345137954726 -0.8750517702425659
v -1.4345173952541912 -0.40042932707217327 -0.8893175015349409
v -1.4631217003862187 -0.4269745700568921 -0.9042084886343849
v -1.498071490889486 -0.4446612283083089 -0.91870993537859
v -1.5369849962984552 -0.4522839852951741 -0.9318335921367128
v -1.5772103255271135 -0.44932336272603457 -0.9426851033885553
v -1.6160061888640271 -0.4359811221363169 -0.9505249565752747
v -1.650728712335981 -0.4131665151731153 -0.9548188786581662
v -1.6790116133500448 -0.38243431959805135 -0.9552742459433222
v -1.698927458941814 -0.34587888375221104 -0.9518600259027896
v -1.6650873635142556 -0.2749876006771722 -1.0740819267234438
v -1.6659793711151956 -0.2346860145941574 -1.0631464717428356
v -1.656729107013777 -0.19654876310466543 -1.0488433127602557
v -1.6379669614217278 -0.16317483687291726 -1.0321471864232792
v -1.610971543555234 -0.13683861381858564 -1.0141959061501178
v -1.5775825465298605 -0.11933486402015692 -0.996212822025494
v -1.5400753753149594 -0.11185643910007981 -0.9794234515140493
v -1.5010060816452953 -0.11491298135797595 -0.9649719624703922
v -1.4630371733193952 -0.12829619249014473 -0.9538431999906328
v -1.4287561686930816 -0.15109402877473085 -0.9467955708466174
v -1.400499261579599 -0.1817528553441457 -0.9443093593177527
v -1.3801921135019841 -0.21818332383379 -0.946553996611072
v -1.3692186230425778 -0.25790275802029033 -0.953376514404474
v -1.3683266154416378 -0.29820434410330515 -0.9643119693850823
v -1.3775768795430563 -0.3363415955927972 -0.9786151283676623
v -1.3963390251351055 -0.36971552182454537 -0.9953112547046388
v -1.423334443001599 -0.3960517448788769 -1.0132625349778002
v -1.4567234400269728 -0.4135554946773057 -1.031245619102424
v -1.494230611241874 -0.4210339195973828 -1.0480349896138685
v -1.5332999049115381 -0.41797737733948664 -1.0624864786575259
v -1.5712688132374382 -0.40459416620731786 -1.0736152411372852
v -1.6055498178637517 -0.3817963299227317 -1.0806628702813006
v -1.6338067249772343 -0.35113750335331695 -1.0831490818101652
v -1.6541138730548492 -0.3147070348636726 -1.080904444516846
v -1.6087554166065035 -0.2411522712184657 -1.199676661226258
v -1.610798750133 -0.20104270956596215 -1.1882029719266813
v -1.6030480704388679 -0.1631341206632922 -1.1724719978409155
v -1.586031573536659 -0.1300099121972675 -1.1535557788562412
v -1.5609089055691676 -0.10392744423450498 -1.1327434240359342
v -1.5293921348412067 -0.08666419386335059 -1.1114532609669558
v -1.4936290771939604 -0.0793966230677284 -1.0911361790787992
v -1.4560569259048415 -0.08262000478713141 -1.0731767539265764
v -1.4192361609932878 -0.09611467088427253 -1.0587988906550587
v -1.3856760567388302 -0.11896098216562168 -1.048982416885657
v -1.357663678785716 -0.14960200027266948 -1.0443963090832662
v -1.3371080243988063 -0.18594959045809717 -1.045353102915718
v -1.3254099274547437 -0.2255267245180008 -1.051787594464507
v -1.3233665939282473 -0.2656362861705043 -1.0632612837640836
v -1.3311172736223793 -0.3035448750731743 -1.0789922578498496
v -1.3481337705245882 -0.336669083539199 -1.0979084768345237
v -1.3732564384920796 -0.3627515515019615 -1.1187208316548307
v -1.4047732092200407 -0.38001480187311587 -1.140010994723809
v -1.4405362668672868 -0.3872823726687381 -1.1603280766119657
v -1.4781084181564057 -0.38405899094933504 -1.1782875017641883
v -1.5149291830679594 -0.3705643248521939 -1.1926653650357062
v -1.5484892873224168 -0.3477180135708448 -1.202481838805108
v -1.576501665275531 -0.3170769954637971 -1.2070679466074987
v -1.597057319662441 -0.28072940527836926 -1.206111152775047
v -1.5403880193936625 -0.20484225697464414 -1.3201876234341765
v -1.54359226959334 -0.16491201718675197 -1.3083594187885423
v -1.5374366248643245 -0.1272357575673721 -1.2914122894427524
v -1.5223405822222154 -0.09438105294660226 -1.270501154255267
v -1.4993329120256818 -0.06858689714938146 -1.2470510725318285
v -1.4699815489766448 -0.051611119266432304 -1.2226601285887968
v -1.4362867399614758 -0.04461059050667848 -1.1989905249479489
v -1.4005447305312535 -0.04806238533617635 -1.1776553059815391
v -1.3651912795621843 -0.0617312696416564 -1.1601084316040118
v -1.3326356663134702 -0.08468573154659943 -1.1475456923066145
v -1.3050965020273162 -0.11536146240622552 -1.1408232180115565
v -1.2844505352392033 -0.1516679618564932 -1.1403991342326318
v -1.2721047544666677 -0.19113100195919405 -1.1463023415785432
v -1.2689005042669903 -0.23106124174708617 -1.1581305462241773
v -1.2750561489960055 -0.2687375013664661 -1.1750776755699672
v -1.290152191638115 -0.30159220598723596 -1.1959888107574526
v -1.3131598618346485 -0.32738636178445674 -1.219438892480891
v -1.3425112248836855 -0.3443621396674059 -1.2438298364239229
v -1.3762060338988544 -0.35136266842715974 -1.2674994400647706
v -1.4119480433290768 -0.3479108735976619 -1.2888346590311806
v -1.447301494298146 -0.33424198929218185 -1.3063815334087079
v -1.47985710754686 -0.3112875273872388 -1.3189442727061051
v -1.507396271833014 -0.28061179652761276 -1.3256667470011632
v -1.528042238621127 -0.244305297077345 -1.3260908307800878
v -1.4604384048360364 -0.1664365671755556 -1.4342464520465548
v -1.4647919885125884 -0.1266687670956934 -1.422239534041543
v -1.4603030791785832 -0.08922198213888588 -1.40429000247692
v -1.44727758858686 -0.05664814881620135 -1.3816210882658113
v -1.4266031823956038 -0.03116712003777597 -1.3557776404495523
v -1.399688787220677 -0.014515385805468434 -1.3285208472885037
v -1.36836857461511 -0.00782773428891853 -1.3017082141926108
v -1.3347769653088732 -0.011559917887112442 -1.2771669777973875
v -1.301203171963428 -0.025457594455558313 -1.2565695828068577
v -1.2699351931119494 -0.048573660303112956 -1.241319707650821
v -1.2431038898403874 -0.07933279374337063 -1.2324566061195512
v -1.2225377711258738 -0.11563881066424903 -1.2305842839354364
v -1.2096383839716849 -0.15501751601112027 -1.2358303367611656
v -1.205284800295133 -0.19478531609098243 -1.2478372547661774
v -1.209773709629138 -0.23223210104779005 -1.2657867863308003
v -1.2227992002208612 -0.26480593437047456 -1.288455700541909
v -1.2434736064121175 -0.2902869631488999 -1.314299148358168
v -1.2703880015870443 -0.3069386973812075 -1.3415559415192166
v -1.3017082141926113 -0.31362634889775737 -1.3683685746151095
v -1.335299823498848 -0.3098941652995635 -1.3929098110103326
v -1.3688736168442932 -0.2959964887311176 -1.4135072060008627
v -1.400141595695772 -0.27288042288356296 -1.4287570811568995
v -1.4269728989673338 -0.24212128944330535 -1.4376201826881692
v -1.4475390176818475 -0.20581527252242682 -1.439492504872284
v -1.3695415607468981 -0.1263325239640736 -1.540548271692471
v -1.3750129866363754 -0.08670683797179217 -1.5285288622903095
v -1.3722389170640827 -0.04948084109700568 -1.5097904688510049
v -1.3614084002870048 -0.017191423507862263 -1.485610081920787
v -1.3432595181252247 0.007960944347723486 -1.457635554908971
v -1.3190290869056218 0.024262170166646613 -1.4277733056013207
v -1.2903683704731308 0.030601352348396837 -1.3980583969384521
v -1.259230549288553 0.026546486103281863 -1.370515850839531
v -1.2277376144079346 0.012373903864922875 -1.34702264630499
v -1.1980357572988543 -0.010950556308435472 -1.3291798063995013
v -1.172149110438656 -0.04183737100147175 -1.318203291175937
v -1.1518418060311562 -0.07818165483573011 -1.314841132007234
v -1.138497753312318 -0.11750660492967485 -1.3193224544845088
v -1.1330263274228407 -0.15713229092195624 -1.3313418638866703
v -1.1358003969951334 -0.19435828779674283 -1.350080257325975
v -1.1466309137722113 -0.22664770538588622 -1.3742606442561929
v -1.1647797959339912 -0.2518000732414719 -1.4022351712680088
v -1.1890102271535943 -0.2681012990603951 -1.4320974205756591
v -1.2176709435860853 -0.2744404812421453 -1.4618123292385277
v -1.2488087647706632 -0.27038561499703034 -1.4893548753374486
v -1.2803016996512815 -0.25621303275867136 -1.5128480798719899
v -1.3100035567603618 -0.23288857258531304 -1.5306909197774785
v -1.33589020362056 -0.2020017578922768 -1.5416674350010429
v -1.35619750802806 -0.16565747405801834 -1.5450295941697458
v -1.2685038044225176 -0.0849420189377305 -1.6378769299272393
v -1.2750429001115196 -0.04543529637398842 -1.6260001966288407
v -1.2740084128903844 -0.008416168325963758 -1.6066840974172254
v -1.2654708413536615 0.023592572806872256 -1.5812449925323018
v -1.2500120068925749 0.048409584213262635 -1.5514165149318693
v -1.2286854035287154 0.06434362757791234 -1.5192314260705069
v -1.2029444040374517 0.07030882417777215 -1.4868830865657428
v -1.1745432149951007 0.06589865572251513 -1.4565759822966675
v -1.1454173304997142 0.051413667904219085 -1.430375492334361
v -1.117551631446853 0.027840988705126704 -1.4100671367713975
v -1.0928451191767246 -0.003212942743038183 -1.3970348964782486
v -1.072981501671096 -0.039631852331131166 -1.392166897094097
v -1.0593144516367963 -0.07893385155581761 -1.3957948847322232
v -1.0527753559477944 -0.11844057411955965 -1.407671618030622
v -1.0538098431689296 -0.1554597021675844 -1.4269877172422372
v -1.0623474147056524 -0.1874684433004204 -1.4524268221271608
v -1.077806249166739 -0.21228545470681073 -1.4822552997275933
v -1.0991328525305986 -0.22821949807146047 -1.5144403885889557
v -1.124873852021862 -0.23418469467132028 -1.5467887280937198
v -1.1532750410642132 -0.22977452621606326 -1.577095832362795
v -1.1824009255595997 -0.2152895383977672 -1.6032963223251016
v -1.210266624612461 -0.19171685919867482 -1.623604677888065
v -1.2349731368825894 -0.16066292775051003 -1.636636918181214
v -1.254836754388218 -0.12424401816241691 -1.6415049175653655
v -1.158288757540202 -0.04268783443999181 -1.7251285456619585
v -1.1658278557384518 -0.0032746207596793322 -1.71353724376153
v -1.166534632205816 0.033556276338198514 -1.6938501114159998
v -1.160360921294048 0.06529489208235667 -1.6674087941601918
v -1.1477274511992441 0.0897782922603732 -1.6360152240687462
v -1.1294951720305695 0.10533797361084812 -1.6018088210630677
v -1.1069065834831031 0.11091356956333576 -1.5671206949792391
v -1.081501060536947 0.10612511246778211 -1.5343147842850353
v -1.0550099475962704 0.09129892776194959 -1.505626757579935
v -1.0292385702293458 0.06744539543211206 -1.483011656474685
v -1.005943205214515 0.03619009428672181 -1.4680106627363867
v -0.9867113931801273 -0.0003369785529899333 -1.4616460692979907
v -0.9728537503342543 -0.03964656343683899 -1.464351612684336
v -0.9653146521360046 -0.07905977711715143 -1.4759429145847645
v -0.9646078756686401 -0.11589067421502935 -1.4956300469302946
v -0.9707815865804085 -0.14762928995918748 -1.5220713641861026
v -0.9834150566752121 -0.172112690137204 -1.5534649342775482
v -1.0016473358438869 -0.18767237148767896 -1.5876713372832267
v -1.0242359243913532 -0.1932479674401666 -1.622359463367055
v -1.0496414473375093 -0.18845951034461295 -1.655165374061259
v -1.0761325602781862 -0.17363332563878042 -1.6838534007663597
v -1.1019039376451105 -0.14977979330894287 -1.7064685018716095
v -1.1251993026599414 -0.11852449216355271 -1.7214694956099077
v -1.1444311146943291 -0.08199741932384083 -1.7278340890483037
v -1.040000000000001 -1.0563940869915049e-16 -1.801332839871632
v -1.048455094488499 0.039347015607537936 -1.7901560141160593
v -1.050882120466561 0.07601259712543999 -1.7702979585502292
v -1.0471156801246324 0.10749804576599942 -1.7431119668439645
v -1.0374124501476785 0.13165768023652613 -1.7104507194050718
v -1.0224336896232828 0.14684506137353748 -1.6745400262712478
v -1.003200176327611 0.1520251942508801 -1.6378271418343366
v -0.9810226424068794 0.14684506137353748 -1.6028139884978037
v -0.9574124501476784 0.13165768023652613 -1.5718866547995616
v -0.9339785951347848 0.10749804576599944 -1.5471527874213105
v -0.9123180558610507 0.07601259712543999 -1.5302979585502292
v -0.893906962282248 0.039347015607537984 -1.522470796919961
v -0.8800000000000008 -8.148353680469533e-17 -1.5242047106606116
v -0.8715449055115028 -0.03934701560753809 -1.5353815364161842
v -0.8691178795334407 -0.07601259712544021 -1.5552395919820143
v -0.8728843198753693 -0.10749804576599961 -1.582425583688279
v -0.8825875498523232 -0.13165768023652633 -1.6150868311271718
v -0.8975663103767189 -0.1468450613735377 -1.6509975242609958
v -0.9167998236723907 -0.15202519425088032 -1.687710408697907
v -0.9389773575931222 -0.1468450613735377 -1.7227235620344399
v -0.9625875498523233 -0.13165768023652635 -1.753650895732682
v -0.9860214048652169 -0.10749804576599965 -1.778384763110933
v -1.0076819441389508 -0.07601259712544027 -1.7952395919820143
v -1.0260930377177537 -0.03934701560753814 -1.8030667536122826
v -0.914860766566858 0.0426878344399916 -1.8656717617787086
v -0.9241326572934104 0.08199741932384064 -1.8550234627307833
v -0.9282366637081937 0.11852449216355243 -1.8351859282289984
v -0.9268931045562315 0.14977979330894264 -1.8075110534665744
v -0.9201935411733937 0.1736333256387802 -1.7738848354236776
v -0.9085945377326687 0.18845951034461272 -1.7365988452899788
v -0.8928865471502825 0.19324796744016637 -1.6981940616750772
v -0.8741400430257428 0.18767237148767874 -1.6612877071154228
v -0.8536325686350741 0.17211269013720382 -1.6283948886836215
v -0.8327616744677967 0.14762928995918734 -1.6017571975978477
v -0.8129496774706273 0.11589067421502913 -1.5831899484847312
v -0.7955467324980496 0.07905977711715134 -1.5739584686875008
v -0.7817388214902188 0.03964656343683883 -1.574691868298596
v -0.7724669307636663 0.0003369785529898431 -1.585340167346521
v -0.7683629243488831 -0.03619009428672204 -1.6051777018483062
v -0.7697064835008453 -0.06744539543211223 -1.63285257661073
v -0.776406046883683 -0.09129892776194977 -1.6664787946536268
v -0.788005050324408 -0.10612511246778232 -1.7037647847873258
v -0.8037130409067943 -0.11091356956333596 -1.7421695684022274
v -0.822459545031334 -0.10533797361084833 -1.7790759229618818
v -0.8429670194220027 -0.08977829226037341 -1.8119687413936831
v -0.86383791358928 -0.0652948920823569 -1.8386064324794569
v -0.8836499105864495 -0.0335562763381988 -1.8571736815925735
v -0.9010528555590271 0.003274620759679131 -1.8664051613898038
v -0.7841911273781973 0.0849420189377299 -1.9174949843907267
v -0.7941665818545804 0.12424401816241631 -1.9074729656852931
v -0.7998825794751122 0.16066292775050933 -1.8878365686222858
v -0.8009495844480863 0.1917168591986742 -1.859923981210868
v -0.7972948821479034 0.2152895383977666 -1.8256374001553966
v -0.7891675344966401 0.22977452621606265 -1.7873133992935473
v -0.7771214068056528 0.2341846946713197 -1.7475636959506495
v -0.761977422769915 0.22821949807145986 -1.7090971667200308
v -0.7447676198748453 0.2122854547068102 -1.6745352419998127
v -0.7266648177471988 0.18746844330041984 -1.646233259843397
v -0.7089026924356796 0.1554597021675838 -1.6261199535635065
v -0.6926917034269678 0.11844057411955919 -1.6155660117443054
v -0.679136602832081 0.0789338515558171 -1.6152906680795587
v -0.6691611483556978 0.03963185233113073 -1.6253126867849923
v -0.6634451507351661 0.003212942743037614 -1.6449490838479996
v -0.662378145762192 -0.027840988705127204 -1.6728616712594173
v -0.6660328480623748 -0.05141366790421957 -1.7071482523148889
v -0.6741601957136382 -0.06589865572251567 -1.7454722531767382
v -0.6862063234046255 -0.07030882417777269 -1.7852219565196359
v -0.7013503074403633 -0.06434362757791288 -1.8236884857502547
v -0.718560110335433 -0.048409584213263204 -1.8582504104704727
v -0.7366629124630795 -0.023592572806872852 -1.8865523926268883
v -0.7544250377745987 0.00841616832596312 -1.906665698906779
v -0.7706360267833106 0.04543529637398785 -1.91721964072598
v -0.6493831586684433 0.1263325239640734 -1.9563319189916382
v -0.6599361241357325 0.16565747405801812 -1.9470162915863227
v -0.6671780610878191 0.20200175789227653 -1.9277485705026924
v -0.6706154434892848 0.23288857258531276 -1.899841819091182
v -0.670014019410013 0.25621303275867113 -1.8651978363423989
v -0.6654147749071058 0.2703856149970301 -1.8261775524287838
v -0.6571311408928251 0.2744404812421451 -1.7854401352149816
v -0.6457276333358919 0.26810129906039487 -1.745761772362348
v -0.631981382431124 0.25180007324147174 -1.709846478727695
v -0.6168291724609275 0.22664770538588602 -1.6801418222193951
v -0.6013036014945603 0.19435828779674258 -1.6586721260892232
v -0.5864627115361614 0.15713229092195613 -1.6469005146481002
v -0.5733178847106652 0.11750660492967469 -1.6456292037622304
v -0.562764919243376 0.07818165483573 -1.6549448311675459
v -0.5555229822912895 0.041837371001471516 -1.6742125522511762
v -0.5520855998898238 0.010950556308435305 -1.7021193036626865
v -0.5526870239690955 -0.012373903864923028 -1.7367632864114697
v -0.5572862684720029 -0.026546486103282044 -1.7757835703250848
v -0.5655699024862835 -0.030601352348397046 -1.816520987538887
v -0.5769734100432166 -0.024262170166646793 -1.8561993503915206
v -0.5907196609479846 -0.007960944347723667 -1.8921146440261736
v -0.6058718709181811 0.017191423507862028 -1.9218193005344735
v -0.6213974418845482 0.0494808410970054 -1.9432889966646452
v -0.6362383318429472 0.08670683797179196 -1.9550606081057684
v -0.5118746603419979 0.16643656717555544 -1.9818999852737071
v -0.5228675689357691 0.20581527252242665 -1.9733518147177933
v -0.5315291497175134 0.2421212894433051 -1.9546048723617209
v -0.537269130270894 0.27288042288356273 -1.9269367313462686
v -0.5396963404069643 0.2959964887311174 -1.8922329297578753
v -0.5386453697661057 0.30989416529956326 -1.8528584743240457
v -0.5341878402606813 0.3136263488977572 -1.8114966691132315
v -0.5266275251600703 0.30693869738120727 -1.7709662527969343
v -0.5164796474443678 0.2902869631488998 -1.7340293062674301
v -0.504435768209738 0.2648059343704744 -1.7032030213895144
v -0.4913166579225694 0.23223210104778985 -1.6805881585347726
v -0.4780163622685778 0.19478531609098237 -1.6677258832339277
v -0.4654412744168049 0.15501751601112015 -1.6654927382928169
v -0.4544483658230338 0.11563881066424897 -1.6740409088487307
v -0.44578678504128944 0.07933279374337043 -1.6927878512048031
v -0.4400468044879089 0.04857366030311282 -1.7204559922202554
v -0.43761959435183856 0.025457594455558175 -1.7551597938086487
v -0.43867056499269724 0.011559917887112275 -1.7945342492424783
v -0.4431280944981215 0.007827734288918364 -1.8358960544532925
v -0.4506884095987325 0.014515385805468267 -1.8764264707695897
v -0.4608362873144351 0.031167120037775803 -1.9133634172990939
v -0.4728801665490649 0.056648148816201144 -1.9441897021770096
v -0.48599927683623345 0.08922198213888563 -1.9668045650317514
v -0.49929957249022505 0.12666876709569325 -1.9796668403325963
v -0.373122009958971 0.20484225697464398 -1.9941089681971966
v -0.3844072278706047 0.2443052970773448 -1.986368812091583
v -0.3943629439387797 0.28061179652761253 -1.968276838477925
v -0.4023106925660485 0.3112875273872386 -1.9410659854595935
v -0.4077088478177384 0.33424198929218163 -1.9065906277017273
v -0.41018953433432 0.3479108735976617 -1.8672002038623021
v -0.40958369742921663 0.3513626684271596 -1.8255791062302216
v -0.40593262388631823 0.34436213966740575 -1.7845637438269963
v -0.39948512833388905 0.3273863617844567 -1.7469492458193148
v -0.3906805969388369 0.30159220598723585 -1.7152989780855032
v -0.3801190439655585 0.268737501366466 -1.6917698540670807
v -0.36852022179539135 0.23106124174708614 -1.677965344682187
v -0.35667457099127226 0.19113100195919394 -1.6748262044323716
v -0.34538935307963853 0.15166796185649314 -1.6825663605379853
v -0.3354336370114635 0.11536146240622533 -1.7006583341516432
v -0.32748588838419473 0.0846857315465993 -1.7278691871699747
v -0.3220877331325049 0.06173126964165626 -1.762344544927841
v -0.31960704661592326 0.04806238533617618 -1.8017349687672661
v -0.3202128835210266 0.04461059050667829 -1.8433560663993467
v -0.323863957063925 0.05161111926643211 -1.884371428802572
v -0.3303114526163542 0.06858689714938124 -1.9219859268102537
v -0.33911598401140636 0.09438105294660204 -1.953636194544065
v -0.3496775369846847 0.12723575756737182 -1.9771653185624873
v -0.3612763591548519 0.1649120171867518 -1.9909698279473815
v -0.23457275664598648 0.2411522712184652 -1.9930613898701792
v -0.24599423825970534 0.2807294052783688 -1.9861477865150827
v -0.2571006732182477 0.31707699546379653 -1.9688244645408315
v -0.2671351763334404 0.3477180135708443 -1.9422719797118282
v -0.27541391280078364 0.3705643248521935 -1.908299839989113
v -0.2813727004112868 0.3840589909493346 -1.8692231905531738
v -0.2846054576366562 0.38728237266873766 -1.8277050404858532
v -0.28489187741436683 0.3800148018731154 -1.7865747831022523
v -0.2822124407098988 0.36275155150196103 -1.7486353774720993
v -0.2767497467066831 0.33666908353919855 -1.7164723313912567
v -0.2688760689735102 0.30354487507317385 -1.6922775032981872
v -0.2591279856360281 0.26563628617050394 -1.6776997307435897
v -0.24816981246421688 0.22552672451800038 -1.673732464836152
v -0.23674833085049804 0.1859495904580968 -1.6806460681912485
v -0.22564189589195568 0.149602000272669 -1.6979693901654997
v -0.21560739277676294 0.11896098216562123 -1.724521874994503
v -0.2073286563094197 0.09611467088427209 -1.7584940147172183
v -0.20136986869891657 0.08262000478713094 -1.7975706641531575
v -0.19813711147354718 0.0793966230677279 -1.839088814220478
v -0.19785069169583652 0.08666419386335011 -1.880219071604079
v -0.20053012840030454 0.1039274442345045 -1.9181584772342322
v -0.20599282240352024 0.13000991219726699 -1.9503215233150746
v -0.21386650013669314 0.1631341206632916 -1.9745163514081439
v -0.22361458347417526 0.20104270956596168 -1.9890941239627415
v -0.09763855253111048 0.2749876006771724 -1.9790489196855212
v -0.10903377148767127 0.3147070348636727 -1.9729568570761902
v -0.12113125844477513 0.351137503353317 -1.956492669609223
v -0.13310658965833785 0.3817963299227318 -1.9307783644521375
v -0.14414366609632573 0.40459416620731803 -1.8975663290064904
v -0.15349032923912106 0.4179773773394867 -1.8591199086024188
v -0.16050961943963352 0.4210339195973829 -1.8180591632547465
v -0.1647231836706237 0.4135554946773058 -1.7771823149028274
v -0.1658438744929937 0.39605174487887707 -1.7392750532096588
v -0.16379531867922825 0.3697155218245455 -1.7069206954149183
v -0.15871712192263687 0.3363415955927973 -1.682324137534213
v -0.15095535494006432 0.2982043441033054 -1.6671615943393796
v -0.14103896932444648 0.2579027580202905 -1.662466368091858
v -0.1296437503678857 0.2181833238337902 -1.6685584307011891
v -0.11754626341078184 0.1817528553441458 -1.6850226181681562
v -0.10557093219721911 0.151094028774731 -1.7107369233252419
v -0.09453385575923126 0.12829619249014484 -1.743948958770889
v -0.0851871926164359 0.11491298135797609 -1.7823953791749607
v -0.07816790241592346 0.11185643910007992 -1.8234561245226328
v -0.07395433818493329 0.11933486402015706 -1.864332972874552
v -0.07283364736256323 0.13683861381858578 -1.9022402345677205
v -0.0748822031763287 0.16317483687291734 -1.934594592362461
v -0.07996039993292009 0.19654876310466546 -1.9591911502431663
v -0.08772216691549266 0.2346860145941575 -1.9743536934379997
v 0.03633100638852574 0.3059914001777746 -1.9525449329351663
v 0.025128766192177354 0.34587888375221115 -1.9472443515819493
v 0.012214042107081657 0.3824343195980514 -1.9317038333818952
v -0.0015330487629527244 0.4131665151731154 -1.9069824389684173
v -0.015175664893274772 0.435981122136317 -1.874764890516758
v -0.02778408454009219 0.4493233627260347 -1.8372467607118819
v -0.03849906474087299 0.4522839852951743 -1.79698484809835
v -0.046590397302275995 0.444661228308309 -1.756722935484818
v -0.05150667128180084 0.4269745700568923 -1.7192048056799418
v -0.05291285073226987 0.4004293270721734 -1.6869872572282825
v -0.050713106847954964 0.36683451379547266 -1.6622658628148046
v -0.04505734853932359 0.3284795612335435 -1.6467253446147505
v -0.03633100638852641 0.28797829601892516 -1.6414247632615335
v -0.025128766192178027 0.2480908124444886 -1.6467253446147505
v -0.01221404210708231 0.21153537659864824 -1.6622658628148046
v 0.0015330487629520609 0.18080318102358428 -1.6869872572282825
v 0.015175664893274095 0.1579885740603827 -1.7192048056799416
v 0.02778408454009153 0.144646333470665 -1.756722935484818
v 0.038499064740872314 0.14168571090152543 -1.79698484809835
v 0.04659039730227531 0.14930846788839067 -1.8372467607118819
v 0.051506671281800184 0.1669951261398074 -1.874764890516758
v 0.0529128507322692 0.1935403691245263 -1.9069824389684173
v 0.05071310684795431 0.22713518240122693 -1.9317038333818952
v 0.04505734853932292 0.26549013496315627 -1.9472443515819493
v 0.16607310206662335 0.333833003440181 -1.9141934008459274
v 0.15523200328514158 0.3739107242743092 -1.9096278161132183
v 0.14168534962438664 0.4106323888391594 -1.8950468278002854
v 0.12635632314443523 0.4414954763800572 -1.8714441061644331
v 0.11028957166748207 0.464396718484754 -1.8404281376798026
v 0.09458001775511926 0.4777754333499068 -1.8041126093423103
v 0.08029824154520904 0.480719883666827 -1.764972364393908
v 0.06841752248470565 0.47302941001235077 -1.7256747458455162
v 0.059747511943765846 0.4552281054569221 -1.6888978214588228
v 0.05487905681288477 0.4285290994879467 -1.6571478778540394
v 0.054143934263729515 0.39475188524001664 -1.6325886212185698
v 0.05759224168317752 0.35619832404464274 -1.6168937243060304
v 0.06498898261919087 0.31549577738451723 -1.6111327684039674
v 0.0758300814006726 0.2754180565503891 -1.6156983531366764
v 0.08937673506142757 0.23869639198553877 -1.6302793414496093
v 0.10470576154137896 0.20783330444464104 -1.6538820630854616
v 0.12077251301833213 0.18493206233994425 -1.6848980315700919
v 0.13648206693069495 0.17155334747479148 -1.7212135599075844
v 0.15076384314060517 0.16860889715787125 -1.7603538048559868
v 0.16264456220110854 0.17629937081234745 -1.7996514234043786
v 0.1713145727420484 0.19410067536777614 -1.8364283477910721
v 0.17618302787292944 0.22079968133675154 -1.8681782913958553
v 0.1769181504220847 0.25457689558468155 -1.8927375480313249
v 0.17346984300263668 0.29313045678005556 -1.9084324449438643
v 0.2904345099604886 0.3582121662640104 -1.8647943468861985
v 0.2801208700378484 0.39849742666325905 -1.8608797178985987
v 0.26613576068962763 0.43542432358770605 -1.8472628645892148
v 0.2494322440064217 0.46647635003653287 -1.8248717530081673
v 0.2311486370463245 0.489537361723152 -1.795232300406643
v 0.21253093740857756 0.503035788811244 -1.7603643864979244
v 0.19484791055629003 0.506051735801961 -1.7226442019929387
v 0.17930462554686163 0.49837967089197344 -1.6846423151301482
v 0.16696033156719203 0.48054243262621055 -1.648948491698165
v 0.1586562718520853 0.45375559931505394 -1.6179952067770462
v 0.1549583543480185 0.4198446493813238 -1.5938918755814444
v 0.1561185860217961 0.3811205580225096 -1.5782811002997017
v 0.16205789900222367 0.3402223080701276 -1.5722267294692427
v 0.17237153892486384 0.299937047670879 -1.5761413584568424
v 0.18635664827308462 0.2630101507464319 -1.5897582117662263
v 0.20306016495629056 0.23195812429760512 -1.612149323347274
v 0.22134377191638774 0.208897112610986 -1.6417887759487981
v 0.2399614715541347 0.195398685522894 -1.6766566898575168
v 0.25764449840642223 0.19238273853217705 -1.7143768743625025
v 0.2731877834158506 0.2000548034421645 -1.7523787612252928
v 0.2855320773955202 0.21789204170792742 -1.7880725846572763
v 0.29383613711062695 0.24467887501908403 -1.819025869578395
v 0.29753405461469373 0.27858982495281404 -1.8431292007739968
v 0.2963738229409162 0.3173139163116284 -1.8587399760557395
v 0.40839210681813465 0.37886360029170174 -1.8052861293737206
v 0.39876646744589506 0.4193672734207066 -1.8019101519250365
v 0.3845404255553061 0.4565343801263247 -1.7892285272160289
v 0.3666834623915656 0.487832043508116 -1.7681054870132409
v 0.34641250048425565 0.5111273795284458 -1.7399805315990182
v 0.32510897238801084 0.5248328495348915 -1.7067703302061534
v 0.3042246783368457 0.528014448395874 -1.6707381031771178
v 0.28518284845741915 0.520455355406858 -1.6343393872378695
v 0.26928115198790253 0.502670710263053 -1.6000546947279461
v 0.25760326326389743 0.4758725071404939 -1.5702204707837655
v 0.2509450111033212 0.44188699929585823 -1.5468698684637374
v 0.24976014438763516 0.40303024292505096 -1.5315941927272771
v 0.25412940982542853 0.36195026176091627 -1.5254344556315764
v 0.2637550491976681 0.32144658863191145 -1.5288104330802605
v 0.2779810910882571 0.2842794819262933 -1.5414920577892681
v 0.2958380542519976 0.252981818544502 -1.562615097992056
v 0.31610901615930753 0.22968648252417223 -1.5907400534062788
v 0.33741254425555234 0.21598101251772653 -1.6239502547991436
v 0.3582968383067175 0.21279941365674407 -1.659982481828179
v 0.377338668186144 0.2203585066457601 -1.6963811977674275
v 0.39324036465566065 0.23814315178956497 -1.730665890277351
v 0.40491825337966575 0.2649413549121241 -1.7605001142215315
v 0.411576505540242 0.29892686275675967 -1.7838507165415596
v 0.412761372255928 0.33778361912756716 -1.79912639227802
v 0.5190707348406338 0.3955618364126596 -1.7367248055268876
v 0.5102832261323244 0.4362866352918876 -1.7337468631252428
v 0.4960128122115749 0.47372278358389 -1.721936368572118
v 0.47723199820411055 0.505319069648727 -1.7020981875535437
v 0.4552206655477773 0.5289222588064114 -1.6755842593217913
v 0.43147885018765725 0.5429238327219614 -1.6442014642695169
v 0.4076245176053376 0.5463696072717275 -1.6100884880170119
v 0.38528330114515486 0.5390247586145542 -1.575570073521526
v 0.3659777177882647 0.5213898260484922 -1.542998593686549
v 0.3510234111364542 0.4946666010848142 -1.5145937410359194
v 0.3414394924748839 0.4606762273425777 -1.4922912593365392
v 0.3378790900221656 0.42173509262056763 -1.4776110258596273
v 0.34058483932160866 0.38049697089682105 -1.4715534742564027
v 0.3493723480299181 0.3397721720175931 -1.4745314166580474
v 0.3636427619506676 0.3023360237255906 -1.4863419112111722
v 0.3824235759581319 0.27073973766075365 -1.5061800922297466
v 0.4044349086144651 0.24713654850306924 -1.532694020461499
v 0.4281767239745852 0.23313497458751914 -1.5640768155137734
v 0.45203105655690484 0.22968920003775323 -1.5981897917662784
v 0.47437227301708756 0.23703404869492634 -1.6327082062617644
v 0.49367785637397776 0.25466898126098847 -1.6652796860967414
v 0.5086321630257883 0.28139220622466643 -1.693684538747371
v 0.5182160816873586 0.3153825799669029 -1.715987020446751
v 0.5217764841400769 0.35432371468891305 -1.730667253923663
v 0.6217581351196647 0.40812640077278156 -1.66026079967106
v 0.613943118230073 0.44906503836557893 -1.657512862797568
v 0.5998179623099379 0.4867904747426451 -1.6464734282834497
v 0.5803452733922931 0.5187317837591144 -1.6278948153473138
v 0.556852083046736 0.5427122179910234 -1.6030431257581488
v 0.5309394133709835 0.5570975504750089 -1.5736119610920973
v 0.5043731699807269 0.5609074445751729 -1.5416070065838514
v 0.4789637984602191 0.5538822623047372 -1.5092093469924601
v 0.456442905487611 0.5365007582257695 -1.478626829279413
v 0.4383452527014503 0.5099474531169575 -1.4519436014868534
v 0.42590416523132874 0.47603191084005547 -1.430978081492726
v 0.41996748262846584 0.4370654195531506 -1.4171590348374703
v 0.4209397800014148 0.3957034812422738 -1.411428206713588
v 0.4287547968910066 0.35476484364947647 -1.41417614358708
v 0.4428799528111416 0.3170394072724102 -1.4252155781011984
v 0.46235264172878643 0.2850980982559409 -1.4437941910373342
v 0.48584583207434356 0.26111766402403197 -1.4686458806264993
v 0.5117585017500961 0.24673233154004653 -1.4980770452925507
v 0.5383247451403527 0.2429224374398824 -1.5300819998007964
v 0.5637341166608604 0.24994761971031804 -1.5624796593921877
v 0.5862550096334687 0.26732912378928586 -1.5930621771052353
v 0.6043526624196293 0.2938824288980978 -1.6197454048977946
v 0.6167937498897509 0.32779797117499976 -1.640710924891922
v 0.6227304324926137 0.3667644624619048 -1.6545299715471777
v 0.7159166759710457 0.4164271848321905 -1.5771130515068357
v 0.7091867338741109 0.457560565418986 -1.5744018571439318
v 0.6953826324675607 0.4955842859618352 -1.5639979562199182
v 0.6754450984498954 0.5279070927429121 -1.5466103573895074
v 0.650732841816086 0.5523262398960503 -1.5234239967786258
v 0.6229299620167917 0.5671776028973119 -1.4960189865456328
v 0.5939311793639029 0.5714490859011989 -1.466262932848986
v 0.5657127129724601 0.5648495943999556 -1.436183661573908
v 0.5401976046938192 0.5478288728332167 -1.4078310253494495
v 0.5191246669914596 0.5215468552476827 -1.3831372094793606
v 0.503929985745121 0.4877946177087205 -1.3637850567067271
v 0.49564905337134346 0.4488723194264004 -1.3510933842620603
v 0.49484620172651195 0.40743245070652323 -1.345927108648483
v 0.5015761438234467 0.36629907011972773 -1.3486383030113869
v 0.5153802452299969 0.32827534957687843 -1.3590422039354004
v 0.5353177792476622 0.2959525427958015 -1.3764298027658113
v 0.5600300358814715 0.2715333956426634 -1.3996161633766928
v 0.5878329156807659 0.2566820326414017 -1.4270211736096858
v 0.6168316983336546 0.25241054963751475 -1.4567772273063326
v 0.6450501647250975 0.259010041138758 -1.4868564985814106
v 0.6705652730037385 0.276030762705497 -1.5152091348058692
v 0.691638210706098 0.30231278029103087 -1.539902950675958
v 0.7068328919524366 0.3360650178299931 -1.5592551034485913
v 0.7151138243262142 0.37498731611231334 -1.5719467758932586
v 0.8011915589147562 0.4203897366094531 -1.488540788259741
v 0.7956310328957653 0.46168539090030236 -1.4856516394088688
v 0.7823022623701659 0.5000024304633983 -1.4757145347301532
v 0.7621135810224426 0.532729612374418 -1.4594066714856069
v 0.7364408141230696 0.5576366332703505 -1.4378394036053275
v 0.7070335183099857 0.5730261208379364 -1.4124825047537604
v 0.6758957521949985 0.5778493069317753 -1.3850640056833834
v 0.645149503081253 0.571777499390264 -1.3574524317946306
v 0.6168900770352718 0.5552244818632202 -1.3315294662177373
v 0.5930433072411787 0.5293183151399568 -1.3090617162170426
v 0.5752343116517911 0.49582446167069966 -1.2915803218253812
v 0.5646767438857687 0.4570254722181688 -1.2802766111811748
v 0.5620900847391606 0.4155654337951923 -1.275920913484561
v 0.5676506107581515 0.37426977950434315 -1.2788100623354333
v 0.5809793812837509 0.3359527399412471 -1.2887471670141488
v 0.6011680626314742 0.30322555803022744 -1.3050550302586952
v 0.6268408295308472 0.2783185371342949 -1.3266222981389746
v 0.6562481253439312 0.262929049566709 -1.3519791969905417
v 0.6873858914589183 0.2581058634728701 -1.3793976960609187
v 0.7181321405726637 0.2641776710143814 -1.4070092699496715
v 0.7463915666186451 0.2807306885414253 -1.4329322355265648
v 0.7702383364127381 0.30663685526468865 -1.4553999855272595
v 0.7880473320021257 0.3401307087339457 -1.4728813799189209
v 0.7986048997681481 0.37892969818647665 -1.4841850905631273
v 0.8774150754281205 0.42 -1.3958130949747534
v 0.8730735120145912 0.4614110472164033 -1.3925155671785365
v 0.8603446921458627 0.5 -1.3828477048597758
v 0.8400960638606195 0.5331370849898476 -1.3674683568585968
v 0.8137075377140603 0.5585640646055101 -1.3474256003257057
v 0.782977448153972 0.5745481322062509 -1.3240853159965977
v 0.7500000000000003 0.58 -1.299038105676658
v 0.7170225518460286 0.5745481322062509 -1.2739908953567183
v 0.6862924622859403 0.5585640646055101 -1.2506506110276103
v 0.6599039361393811 0.5331370849898476 -1.2306078544947192
v 0.6396553078541379 0.5 -1.2152285064935402
v 0.6269264879854095 0.46141104721640336 -1.2055606441747795
v 0.6225849245718802 0.42 -1.2022631163785626
v 0.6269264879854095 0.3785889527835967 -1.2055606441747795
v 0.6396553078541379 0.33999999999999997 -1.2152285064935402
v 0.6599039361393811 0.3068629150101524 -1.2306078544947192
v 0.6862924622859402 0.28143593539448986 -1.2506506110276103
v 0.7170225518460287 0.2654518677937491 -1.2739908953567183
v 0.7500000000000003 0.26 -1.299038105676658
v 0.782977448153972 0.2654518677937491 -1.3240853159965977
v 0.8137075377140603 0.2814359353944898 -1.3474256003257057
v 0.8400960638606194 0.30686291501015234 -1.3674683568585968
v 0.8603446921458627 0.3399999999999999 -1.3828477048597758
v 0.8730735120145912 0.37858895278359667 -1.3925155671785365
v 0.9446063231044661 0.4153078150817588 -1.300176611525493
v 0.9414923846138047 0.4567727834480089 -1.2962323144446488
v 0.9294504466121818 0.495593923165912 -1.2866141787537873
v 0.9093011472741646 0.5291256377186596 -1.2719776645055199
v 0.8824176280513474 0.5550827961732603 -1.2533202259578824
v 0.850631956351649 0.5716964610772658 -1.2319133367150212
v 0.8161102731730979 0.5778344386228472 -1.2092158409022806
v 0.7812051741745335 0.5730784357837609 -1.186774535349913
v 0.7482953841693044 0.5577525662938243 -1.1661187579453018
v 0.7196236509602675 0.5329012628315796 -1.1486561657832848
v 0.6971439057833392 0.500218100659258 -1.1355768056614055
v 0.682388106122792 0.4619303832674241 -1.1277720143573056
v 0.67636183534038 0.4206473553228866 -1.1257736755003318
v 0.6794757738310414 0.37918238695663653 -1.129717972581176
v 0.6915177118326643 0.3403612472387334 -1.1393361082720375
v 0.7116670111706815 0.3068295326859858 -1.1539726225203049
v 0.7385505303934987 0.2808723742313851 -1.1726300610679423
v 0.7703362020931971 0.2642587093273796 -1.1940369503108035
v 0.8048578852717481 0.2581207317817982 -1.216734446123544
v 0.8397629842703126 0.26287673462088446 -1.2391757516759117
v 0.8726727742755418 0.27820260411082115 -1.2598315290805229
v 0.9013445074845786 0.30305390757306583 -1.27729412124254
v 0.9238242526615068 0.33573706974538736 -1.2903734813644192
v 0.9385800523220542 0.37402478713722137 -1.2981782726685192
v 1.00296562255765 0.40642832986387595 -1.2028220179850164
v 1.0010421852720082 0.4478721644040572 -1.197994320644256
v 0.9897292212262215 0.4868665874186198 -1.1881938353368955
v 0.9697976902244532 0.5207541934204524 -1.1740884489405639
v 0.9426058931660612 0.5472255980624466 -1.156639420227918
v 0.910006906084006 0.5644768188643153 -1.1370358716698414
v 0.874222296075556 0.5713322136374014 -1.116613752704171
v 0.8376907251759231 0.5673245985569946 -1.0967647969892702
v 0.8029017595706419 0.5527270859679274 -1.0788416780551593
v 0.7722262097742283 0.5285344722296148 -1.064065826837843
v 0.747754563811565 0.4963954439881383 -1.053444193179533
v 0.7311545239137005 0.4585002229058989 -1.0477006238609639
v 0.7235573553668111 0.41743130567483755 -1.0472265336394986
v 0.7254807926524529 0.3759874711346563 -1.052054230980259
v 0.7367937566982395 0.33699304812009356 -1.0618547162876195
v 0.7567252877000079 0.30310544211826107 -1.0759601026839511
v 0.7839170847583997 0.27663403747626686 -1.0934091313965968
v 0.816516071840455 0.2593828166743981 -1.1130126799546736
v 0.8523006818489051 0.25252742190131205 -1.133434798920344
v 0.8888322527485379 0.2565350369817189 -1.1532837546352448
v 0.9236212183538192 0.27113254957078603 -1.171206873569356
v 0.9542967681502328 0.2953251633090986 -1.185982724786672
v 0.978768414112896 0.3274641915505751 -1.196604358444982
v 0.9953684540107606 0.3653594126328146 -1.2023479277635511
v 1.0528628076279576 0.3935404553271817 -1.1048504929759795
v 1.0520440663584532 0.4348769610890167 -1.0989157943201844
v 1.0414520003298071 0.47396715965461195 -1.088700012052201
v 1.0218084413376551 0.5081471185913295 -1.074899334851214
v 0.9944520654647964 0.5350875301826853 -1.0584542560617731
v 0.9612471645184171 0.5529524498998633 -1.0404854806266013
v 0.92445659762432 0.5605244129873135 -1.0222175508967999
v 0.8865875811170512 0.557287402673887 -1.0048953960942737
v 0.8502208258900724 0.5434620158630312 -0.9896994924426007
v 0.8178346662131977 0.5199904298183742 -0.977665415663224
v 0.7916361653477465 0.48847219434022915 -0.9696132682014059
v 0.7734107078326298 0.45105522509008505 -0.9660917905998667
v 0.7644003284785099 0.41028942668787366 -0.9673409657376344
v 0.7652190697480143 0.3689529209260387 -0.9732756643934295
v 0.7758111357766603 0.3298627223604434 -0.9834914466614129
v 0.7954546947688123 0.29568276342372574 -0.9972921238623998
v 0.8228110706416711 0.2687423518323701 -1.0137372026518408
v 0.8560159715880504 0.25087743211519214 -1.0317059780870126
v 0.8928065384821475 0.2433054690277419 -1.049973907816814
v 0.9306755549894162 0.2465424793411684 -1.06729606261934
v 0.9670423102163951 0.2603678661520241 -1.0824919662710133
v 0.9994284698932698 0.28383945219668116 -1.09452604305039
v 1.025626970758721 0.3153576876748261 -1.1025781905122078
v 1.0438524282738377 0.35277465692497034 -1.1060996681137472
v 1.0948187257133886 0.3768817109296769 -1.0072419650796325
v 1.0949700776081899 0.4180175077403711 -1.000001729769028
v 1.0850381259508028 0.4571096648153148 -0.9891501268688585
v 1.0656997168333522 0.4914941162526945 -0.9754266751836491
v 1.0382727308789599 0.5188276185100457 -0.9597666052666706
v 1.0046262718551806 0.5372474385792779 -0.9432371250032757
v 0.9670532903410824 0.545498296162865 -0.9269646911571574
v 0.9281143229345632 0.5430179089516723 -0.9120582432034601
v 0.8904629959146911 0.5299753112351091 -0.8995336309361582
v 0.8566651849961104 0.5072593344936472 -0.890244385983368
v 0.8290241551393993 0.47641803500229063 -0.884823555037419
v 0.8094235968503308 0.43955319635371837 -0.8836405587689311
v 0.7991992557848508 0.3991770963798039 -0.8867760164186078
v 0.7990479038900495 0.3580412995691098 -0.8940162517292124
v 0.8089798555474366 0.31894914249416606 -0.9048678546293818
v 0.8283182646648872 0.28456469105678633 -0.9185913063145912
v 0.8557452506192794 0.25723118879943524 -0.9342513762315697
v 0.8893917096430587 0.23881136873020295 -0.9507808564949646
v 0.926964691157157 0.23056051114661583 -0.9670532903410829
v 0.9659036585636761 0.23304089835780847 -0.9819597382947802
v 1.0035549855835484 0.24608349607437172 -0.9944843505620822
v 1.037352796502129 0.2687994728158336 -1.0037735955148723
v 1.06499382635884 0.2996407723071901 -1.0091944264608212
v 1.0845943846479087 0.3365056109557626 -1.0103774227293092
v 1.1294797960157215 0.35673929307325764 -0.910827535852959
v 1.1304210457718507 0.3975791112018572 -0.9021200104800873
v 1.121036760237104 0.436567190155644 -0.8904382906368735
v 1.1019664629624093 0.47104655678476437 -0.8765784662256779
v 1.0745097631918807 0.49866749923329123 -0.8614850613756806
v 1.040537789640538 0.5175476959191231 -0.846186666684378
v 1.0023656761645643 0.5264004926391208 -0.8317258424681899
v 0.9625947892149471 0.5246225859267547 -0.8190880699998075
v 0.9239354490128048 0.5123351371863428 -0.8091345925880447
v 0.8890222257053327 0.49037551574357513 -0.8025437232696138
v 0.8602343977641057 0.46024023350978593 -0.7997646188966394
v 0.8395338080891833 0.4239829601682995 -0.8009866708394526
v 0.8283311676575695 0.3840745689793607 -0.8061265982776871
v 0.8273899179014403 0.3432347508507612 -0.8148341236505587
v 0.836774203436187 0.30424667189697435 -0.8265158434937725
v 0.8558445007108817 0.269767305267854 -0.8403756679049681
v 0.8833012004814103 0.2421463628193271 -0.8554690727549654
v 0.9172731740327532 0.2232661661334952 -0.870767467446268
v 0.9554452875087268 0.21441336941349756 -0.8852282916624561
v 0.9952161744583439 0.2161912761258637 -0.8978660641308385
v 1.0338755146604863 0.22847872486627555 -0.9078195415426014
v 1.0687887379679584 0.25043834630904316 -0.9144104108610323
v 1.0975765659091852 0.28057362854283235 -0.9171895152340066
v 1.1182771555841078 0.31683090188431895 -0.9159674632911934
v 1.1575863411956904 0.3334378848628613 -0.8162686681712484
v 1.15909836168182 0.3738907622879128 -0.8059790522365797
v 1.1501026551757187 0.4126621797509069 -0.7933120815503414
v 1.1312122642096694 0.4471099292245375 -0.7791309892316417
v 1.103714537710161 0.4748864535097743 -0.764402193286637
v 1.0694834002959932 0.49409882837945507 -0.7501294368184932
v 1.0308516474123128 0.5034377622361618 -0.7372853845936689
v 0.9904519691761523 0.5022668221708777 -0.7267453375454861
v 0.9510375368956808 0.4906658058139821 -0.7192275824620271
v 0.9152943789953836 0.4694253032586115 -0.715244441928552
v 0.8856583326178046 0.43999281965232395 -0.7150673603899661
v 0.8641490453476934 0.4043741301134094 -0.7187084056604829
v 0.8522323395667304 0.364996589471277 -0.7259194465220286
v 0.8507203190806008 0.32454371204622556 -0.7362090624566973
v 0.859716025586702 0.28577229458323133 -0.7488760331429356
v 0.8786064165527515 0.2513245451096008 -0.7630571254616353
v 0.9061041430522598 0.22354802082436404 -0.7777859214066399
v 0.9403352804664276 0.20433564595468323 -0.7920586778747838
v 0.9789670333501078 0.19499671209797653 -0.8049027300996081
v 1.0193667115862683 0.19616765216326054 -0.8154427771477909
v 1.05878114386674 0.20776866852015616 -0.8229605322312499
v 1.0945243017670372 0.22900917107552682 -0.826943672764725
v 1.124160348144616 0.25844165468181424 -0.827120754303311
v 1.1456696354147273 0.29406034422072896 -0.8234797090327941
v 1.1799364725835466 0.3073254261839328 -0.7240453719272872
v 1.1817709451236922 0.3473111552391445 -0.7121133194457417
v 1.172966942932629 0.38575354469695855 -0.6983557785247339
v 1.1541244442103764 0.4200328092448772 -0.6837103028426189
v 1.1265275341061547 0.44781287365312306 -0.6691749573643402
v 1.092056896437516 0.4672005724410011 -0.6557403018634481
v 1.053061648196156 0.47687466597580475 -0.6443218859105106
v 1.012199251107029 0.47617588077033235 -0.6356978556828959
v 0.9722544100034547 0.46515183788153996 -0.6304559245887321
v 0.9359492997946706 0.4445538076142064 -0.6289533215693855
v 0.9057580537443738 0.41578551169119593 -0.6312924465374561
v 0.8837381553774992 0.38080746193780496 -0.6373138919919562
v 0.8713902243781466 0.34200335464076664 -0.6466073063760711
v 0.869555751838001 0.302017625585555 -0.6585393588576166
v 0.8783597540290643 0.2635752361277409 -0.6722968997786245
v 0.8972022527513168 0.22929597157982226 -0.6869423754607394
v 0.9247991628555385 0.20151590717157644 -0.7014777209390182
v 0.9592698005241772 0.18212820838369834 -0.7149123764399102
v 0.998265048765537 0.17245411484889475 -0.7263307923928477
v 1.0391274458546642 0.1731529000543671 -0.7349548226204624
v 1.0790722869582385 0.1841769429431595 -0.7401967537146263
v 1.1153773971670227 0.2047749732104931 -0.7416993567339728
v 1.1455686432173193 0.23354326913350348 -0.7393602317659024
v 1.167588541584194 0.26852131888689457 -0.7333387863114021
v 1.1973482539614437 0.2787585375979795 -0.6344546227867618
v 1.1992396308659234 0.31821362424182925 -0.6208783005553467
v 1.190404597714242 0.35622200487371214 -0.6059818954537692
v 1.1714452474151036 0.39019347116538433 -0.590780572872229
v 1.1436536283595868 0.41781292382957075 -0.5763102778232843
v 1.1089236934585034 0.4371981428105108 -0.5635571370012276
v 1.0696222303814307 0.4470280574702423 -0.5533902558775202
v 1.0284275688883329 0.44663277536940676 -0.5465024905991775
v 0.9881470570825674 0.4360392343299415 -0.5433632309873483
v 0.9515257452770043 0.4159693666670318 -0.5441864123967067
v 0.9210593153516132 0.3877909006948804 -0.5489159363745768
v 0.8988240041576537 0.35342415230237273 -0.5572294936777744
v 0.886335111407405 0.31521115859872106 -0.5685605291148899
v 0.8844437345029252 0.2757560719548714 -0.582136851346305
v 0.8932787676546068 0.2377476913229884 -0.5970332564478824
v 0.9122381179537451 0.20377622503131626 -0.6122345790294227
v 0.9400297370092617 0.17615677236712987 -0.6267048740783674
v 0.9747596719103453 0.1567715533861898 -0.6394580149004241
v 1.014061134987418 0.1469416387264583 -0.6496248960241314
v 1.0552557964805158 0.14733692082729383 -0.6565126613024741
v 1.0955363082862812 0.15793046186675908 -0.6596519209143034
v 1.1321576200918444 0.17800032952966877 -0.6588287395049449
v 1.1626240500172353 0.2061787955018201 -0.6540992155270748
v 1.184859361211195 0.2405455438943279 -0.6457856582238772
v 1.2106233401827264 0.24808935839770493 -0.5476188205054388
v 1.2123018545237596 0.28697183394228104 -0.5324552662013815
v 1.2032009778333859 0.3244554518982073 -0.5164318420229957
v 1.1839409198181448 0.35798576564639484 -0.5006405178480777
v 1.1558342216030237 0.3852777397163682 -0.48615744632275126
v 1.1207963082228685 0.4044714711773782 -0.4739696248370599
v 1.081214955571647 0.41425893894949806 -0.4649076332839262
v 1.0397875674212622 0.41397314327861306 -0.4595890314120471
v 0.9993373518121667 0.4036335606673943 -0.458376273149586
v 0.9626209240909783 0.38394481658382823 -0.4613520059679518
v 0.9321404481301305 0.35624866640002184 -0.46831343859320396
v 0.9099731179949869 0.3224325569809493 -0.47878616089624276
v 0.8976296006010123 0.28480100029975725 -0.49205647415910814
v 0.8959510862599791 0.2459185247551812 -0.5072200284631653
v 0.9050519629503528 0.20843490679925486 -0.5232434526415511
v 0.924312020965594 0.17490459305106731 -0.5390347768164692
v 0.952418719180715 0.147612618981094 -0.5535178483417956
v 0.9874566325608702 0.12841888752008396 -0.5657056698274869
v 1.0270379852120917 0.1186314197479641 -0.5747676613806206
v 1.0684653733624765 0.11891721541884909 -0.5800862632524998
v 1.108915588971572 0.12925679803006784 -0.5812990215149609
v 1.1456320166927605 0.1489455421136339 -0.5783232886965951
v 1.1761124926536082 0.17664169229744026 -0.5713618560713429
v 1.198279822788752 0.2104578017165129 -0.5608891337683041
v 1.2205150680819608 0.21565519674161604 -0.46350263823141713
v 1.2217195467627506 0.2539478340710402 -0.44686470412094487
v 1.2121201336035936 0.2908360473451289 -0.4297852227926126
v 1.1923710127475062 0.32380596578990783 -0.4134281326737687
v 1.1638180541438652 0.35061074394873165 -0.3989081424246429
v 1.1284070947355136 0.36942368048706686 -0.38721476538529465
v 1.0885513328867533 0.37896270486967343 -0.37914488587673634
v 1.0469668729028168 0.37857774834886004 -0.3752484528513698
v 1.0064876270100398 0.3682950450753492 -0.3757910017807137
v 0.9698721889208984 0.3488153442842602 -0.38073555885183774
v 0.9396158402312951 0.3214661553927781 -0.38974516067161175
v 0.917780501103446 0.2881112804271858 -0.40220581776508907
v 0.9058542138143101 0.25102379899485117 -0.4172683569435588
v 0.9046497351335202 0.21273116166542705 -0.433906291054031
v 0.9142491482926771 0.17584294839133824 -0.45098577238236337
v 0.9339982691487646 0.14287302994655937 -0.4673428625012072
v 0.9625512277524055 0.11606825178773555 -0.481862852750333
v 0.9979621871607572 0.09725531524940037 -0.4935562297896813
v 1.0378179490095174 0.08771629086679375 -0.5016261092982396
v 1.079402408993454 0.08810124738760719 -0.505522542323606
v 1.119881654886231 0.09838395066111799 -0.5049799933942622
v 1.1564970929753724 0.11786365145220697 -0.5000354363231382
v 1.1867534416649757 0.14521284034368903 -0.49102583450336423
v 1.2085887807928248 0.17856771530928148 -0.47856517740988685
v 1.2277031075512506 0.1817717489900201 -0.3819355657690112
v 1.2281925222819967 0.21948351072903294 -0.3639861592673756
v 1.2178772338403225 0.2557302955353087 -0.3459760757147569
v 1.1974602120867084 0.2880419449249438 -0.32913267254219586
v 1.168332843312939 0.31421647338955994 -0.3146037998408626
v 1.132480109565694 0.33247013006974696 -0.3033795762752557
v 1.0923453154004041 0.3415589584283441 -0.2962249141324647
v 1.0506635807135507 0.340863569832712 -0.29362739181388264
v 1.0102754468417194 0.33043135386645894 -0.2957640261729123
v 0.9739332983637283 0.3109732488076332 -0.302489209108941
v 0.9441137926401125 0.28381529235995456 -0.3133446305187687
v 0.9228490797068735 0.2508082543746874 -0.3275905113727477
v 0.9115883146088115 0.21420150994381826 -0.3442560184331106
v 0.9110988998780654 0.17648974820480545 -0.36220542493474617
v 0.9214141883197394 0.1402429633985296 -0.3802155084873649
v 0.9418312100733537 0.10793131400889455 -0.39705891165992596
v 0.9709585788471231 0.08175678554427845 -0.4115877843612592
v 1.006811312594368 0.06350312886409137 -0.42281200792686613
v 1.046946106759658 0.05441430050549423 -0.4299666700696571
v 1.0886278414465114 0.05510968910112635 -0.4325641923882392
v 1.1290159753183429 0.06554190506737934 -0.4304275580292095
v 1.1653581237963337 0.08500001012620513 -0.4237023750931808
v 1.1951776295199494 0.11215796657388372 -0.41284695368335317
v 1.2164423424531887 0.14516500455915096 -0.3986010728293741
v 1.2327755354913643 0.14672996406523317 -0.3026370716548473
v 1.2323385738845993 0.1838957638261607 -0.283581623964369
v 1.2211166281296828 0.21948265345504514 -0.26481359492520207
v 1.1998744552846698 0.25106544523379376 -0.24761199470073142
v 1.170059674324598 0.276491824095716 -0.23314908391926617
v 1.1337041133006405 0.2940290243404497 -0.22241048604947308
v 1.0932853436161751 0.30248191475291 -0.2161280187898065
v 1.051557837630023 0.30127444482054944 -0.21472982190174467
v 1.0113652559171764 0.29048890162382013 -0.21831118019257936
v 0.9754466564999837 0.2708603021076263 -0.22662803001326462
v 0.9462498325704349 0.2437263028912021 -0.23911359179276495
v 0.9257644994292956 0.21093604118009301 -0.25491699512917376
v 0.9153866986765209 0.17472411912144145 -0.2729612642014737
v 0.9158236602832858 0.13755831936051396 -0.29201671189195205
v 0.9270456060382024 0.10197142973162945 -0.31078474093111896
v 0.9482877788832152 0.07038863795288088 -0.3279863411555896
v 0.9781025598432872 0.044962259090958634 -0.34244925193705483
v 1.0144581208672447 0.027425058846224926 -0.3531878498068479
v 1.05487689055171 0.018972168433764675 -0.35947031706651456
v 1.0966043965378622 0.020179638366125185 -0.36086851395457636
v 1.136796978250709 0.030965181562854494 -0.3572871556637417
v 1.1727155776679015 0.0505937810790483 -0.34897030584305644
v 1.2019124015974503 0.07772778029547246 -0.3364847440635561
v 1.2223977347385897 0.11051804200658165 -0.32068134072714727
v 1.2362179457851632 0.11079611012097161 -0.22524160729386578
v 1.2346802873103369 0.14747513794703296 -0.20531970431876032
v 1.2223960007567298 0.18241259567164053 -0.1860047348492056
v 1.200202239952227 0.21322755328774112 -0.16861298213505554
v 1.1696114730187317 0.23782002235792277 -0.15432966538254916
v 1.1327084101691287 0.2545140667560292 -0.14412816902407277
v 1.0920079341514237 0.2621720149445423 -0.13870370817768674
v 1.0502837151455064 0.26027199040977267 -0.13842595088572685
v 1.0103791897240983 0.24894347668382577 -0.14331382584862454
v 0.9750137853493217 0.22895849325587092 -0.1530342324652536
v 0.9465975958852237 0.20167898371977638 -0.1669247410884223
v 0.9270671376838093 0.16896400156890617 -0.18403873651061242
v 0.9177533791958965 0.1330430187727777 -0.20320992822601652
v 0.9192910376707228 0.09636399094671638 -0.22313183120112196
v 0.9315753242243299 0.06142653322210873 -0.2424468006706767
v 0.9537690850288326 0.03061157560600815 -0.25983855338482675
v 0.984359851962328 0.006019106535826546 -0.27412187013733313
v 1.021262914811931 -0.010674937862279923 -0.2843233664958095
v 1.061963390829636 -0.018332886050793015 -0.28974782734219556
v 1.103687609835553 -0.01643286151602337 -0.29002558463415545
v 1.1435921352569614 -0.005104347790076499 -0.28513770967125773
v 1.178957539631738 0.014880635637878364 -0.2754173030546287
v 1.207373729095836 0.04216014517397282 -0.26152679443146004
v 1.2269041872972504 0.07487512732484315 -0.24441279900926985
v 1.2384082602815796 0.07421433550975133 -0.14932145159658622
v 1.235637596787111 0.1104872642520773 -0.12879839728553727
v 1.2221760927471974 0.14481460340268876 -0.1091764863229936
v 1.1989411274159718 0.17485700152708172 -0.09179291951431148
v 1.1675161252831612 0.1985671188404891 -0.07783235820980017
v 1.1300426483118455 0.2143291500308237 -0.06824619159144373
v 1.0890744520297708 0.22106893872045225 -0.06368770107239376
v 1.0474034513104153 0.21832717944820412 -0.06446754024826178
v 1.0078694559882182 0.20629071857751152 -0.07053256436795755
v 0.9731666425113711 0.1857798210255201 -0.08146945206065004
v 0.94565995026921 0.15819227056453722 -0.09653287250414377
v 0.9272239148810802 0.12540811316789616 -0.11469627848869388
v 0.9191149216916936 0.08966153498379617 -0.13472186391290097
v 0.9218855851861623 0.05338860624147024 -0.1552449182239499
v 0.9353470892260758 0.019061267090858702 -0.1748668291864936
v 0.9585820545573015 -0.010981131033534222 -0.1922503959951757
v 0.9900070566901119 -0.03469124834694158 -0.20621095729968703
v 1.0274805336614279 -0.0504532795372762 -0.21579712391804348
v 1.0684487299435024 -0.05719306822690477 -0.22035561443709345
v 1.1101197306628579 -0.05445130895465662 -0.2195757752612254
v 1.149653725985055 -0.04241484808396402 -0.21351075114152965
v 1.184356539461902 -0.021903950531972638 -0.20257386344883715
v 1.2118632317040632 0.0056835999290102135 -0.18751044300534345
v 1.230299267092193 0.03846775732565137 -0.1693470370207933
v 1.2396154089590554 0.03721098019854874 -0.07440637000560761
v 1.2355244946097947 0.07317634756729627 -0.05356519768210945
v 1.220814788392839 0.10696034435460477 -0.03389634418004446
v 1.1964887324779356 0.13626064701011364 -0.016740209361261117
v 1.1642041073749765 0.1590804883288895 -0.0032659554618061776
v 1.126161056931863 0.17386473383662862 0.0056081693823299
v 1.0849521521671794 0.17960586163409942 0.009277408228203929
v 1.0433857118397045 0.17591262334956662 0.007491708512173498
v 1.004294420165965 0.16303670706875623 0.0003727627188777477
v 0.9703422840721121 0.1418555852077478 -0.011594284760484332
v 0.9438430855243842 0.11381271621791006 -0.027593899416675297
v 0.9266027011118129 0.08081917527786844 -0.04653573395148905
v 0.9197960345410323 0.045123417678282214 -0.06712893364423973
v 0.9238869488902931 0.009158050309534711 -0.08797010596773787
v 0.9385966551072485 -0.02462594647777388 -0.1076389594698029
v 0.9629227110221521 -0.05392624913328271 -0.12479509428858623
v 0.9952073361251111 -0.07674609045205855 -0.13826934818804115
v 1.033250386568225 -0.09153033595979768 -0.14714347303217723
v 1.074459291332908 -0.09727146375726847 -0.1508127118780513
v 1.116025731660383 -0.09357822547273567 -0.14902701216202086
v 1.1551170233341228 -0.08070230919192528 -0.1419080663687251
v 1.1890691594279756 -0.059521187330916873 -0.12994101888936302
v 1.2155683579757035 -0.031478318341079205 -0.11394140423317209
v 1.2328087423882748 0.001515222598962529 -0.09499956969835827
v 1.24 1.3938130357549615e-16 -2.7812807513070873e-16
v 1.234548132206251 0.03576998884963813 0.02086582682895522
v 1.2185640646055103 0.06910231207187481 0.040309682041926614
v 1.1931370849898477 0.09772542692338336 0.05700649903863994
v 1.1600000000000001 0.11968871542896727 0.06981841733356389
v 1.1214110472164034 0.1334954157730214 0.07787232586759546
v 1.08 0.13820462414374954 0.08061936408385353
v 1.0385889527835968 0.1334954157730214 0.07787232586759546
v 1.0000000000000002 0.1196887154289673 0.06981841733356389
v 0.9668629150101525 0.09772542692338342 0.05700649903863997
v 0.9414359353944899 0.06910231207187484 0.04030968204192664
v 0.9254518677937491 0.0357699888496382 0.020865826828955273
v 0.92 1.861548748681374e-16 -2.410463174834892e-16
v 0.9254518677937491 -0.03576998884963777 -0.020865826828955717
v 0.9414359353944899 -0.06910231207187453 -0.040309682041927156
v 0.9668629150101524 -0.09772542692338305 -0.05700649903864047
v 1 -0.11968871542896693 -0.0698184173335644
v 1.0385889527835968 -0.13349541577302107 -0.07787232586759599
v 1.08 -0.1382046241437492 -0.08061936408385406
v 1.1214110472164034 -0.13349541577302107 -0.07787232586759599
v 1.1600000000000001 -0.11968871542896699 -0.06981841733356442
v 1.1931370849898477 -0.09772542692338311 -0.0570064990386405
v 1.2185640646055103 -0.0691023120718746 -0.04030968204192721
v 1.234548132206251 -0.03576998884963785 -0.020865826828955773
v 1.2396154089590554 -0.03721098019854845 0.07440637000560814
v 1.2328087423882748 -0.0015152225989622375 0.0949995696983588
v 1.2155683579757035 0.031478318341079434 0.11394140423317256
v 1.1890691594279756 0.059521187330917116 0.1299410188893635
v 1.1551170233341228 0.08070230919192559 0.14190806636872555
v 1.116025731660383 0.09357822547273599 0.1490270121620213
v 1.0744592913329083 0.09727146375726879 0.15081271187805168
v 1.0332503865682248 0.091530335959798 0.14714347303217762
v 0.9952073361251113 0.07674609045205888 0.13826934818804154
v 0.9629227110221521 0.053926249133283075 0.12479509428858657
v 0.9385966551072485 0.024625946477774177 0.1076389594698032
v 0.9238869488902931 -0.009158050309534274 0.08797010596773823
v 0.9197960345410323 -0.04512341767828183 0.06712893364424005
v 0.9266027011118129 -0.08081917527786801 0.04653573395148941
v 0.9438430855243842 -0.11381271621790977 0.027593899416675602
v 0.9703422840721121 -0.14185558520774744 0.011594284760484679
v 1.004294420165965 -0.1630367070687559 -0.0003727627188773869
v 1.0433857118397047 -0.1759126233495663 -0.007491708512173109
v 1.0849521521671794 -0.17960586163409908 -0.009277408228203513
v 1.1261610569318627 -0.17386473383662832 -0.005608169382329456
v 1.1642041073749765 -0.15908048832888919 0.0032659554618066494
v 1.1964887324779356 -0.1362606470101134 0.016740209361261596
v 1.220814788392839 -0.10696034435460457 0.03389634418004493
v 1.2355244946097947 -0.07317634756729599 0.053565197682109975
v 1.2384082602815796 -0.07421433550975105 0.14932145159658564
v 1.230299267092193 -0.03846775732565108 0.1693470370207927
v 1.2118632317040632 -0.0056835999290099914 0.18751044300534286
v 1.1843565394619022 0.0219039505319729 0.2025738634488366
v 1.149653725985055 0.04241484808396433 0.2135107511415291
v 1.1101197306628579 0.05445130895465693 0.21957577526122488
v 1.0684487299435024 0.05719306822690508 0.2203556144370929
v 1.0274805336614279 0.050453279537276505 0.21579712391804295
v 0.990007056690112 0.03469124834694194 0.2062109572996865
v 0.9585820545573015 0.010981131033534597 0.1922503959951752
v 0.9353470892260758 -0.019061267090858397 0.17486682918649307
v 0.9218855851861623 -0.05338860624146981 0.15524491822394942
v 0.9191149216916936 -0.08966153498379581 0.13472186391290045
v 0.9272239148810801 -0.12540811316789574 0.1146962784886934
v 0.94565995026921 -0.1581922705645369 0.09653287250414322
v 0.973166642511371 -0.18577982102551976 0.0814694520606495
v 1.0078694559882182 -0.2062907185775112 0.070532564367957
v 1.0474034513104153 -0.2183271794482038 0.06446754024826121
v 1.0890744520297708 -0.22106893872045197 0.06368770107239319
v 1.1300426483118453 -0.21432915003082337 0.06824619159144313
v 1.1675161252831612 -0.19856711884048883 0.07783235820979958
v 1.1989411274159716 -0.1748570015270815 0.09179291951431087
v 1.2221760927471974 -0.14481460340268856 0.10917648632299297
v 1.235637596787111 -0.11048726425207703 0.1287983972855367
v 1.2362179457851632 -0.11079611012097133 0.22524160729386522
v 1.2269041872972504 -0.07487512732484286 0.24441279900926932
v 1.207373729095836 -0.04216014517397261 0.2615267944314595
v 1.178957539631738 -0.014880635637878115 0.27541730305462814
v 1.1435921352569614 0.005104347790076805 0.2851377096712573
v 1.1036876098355533 0.016432861516023703 0.29002558463415495
v 1.061963390829636 0.01833288605079335 0.28974782734219506
v 1.021262914811931 0.010674937862280257 0.284323366495809
v 0.9843598519623281 -0.006019106535826185 0.2741218701373327
v 0.9537690850288327 -0.030611575606007774 0.25983855338482625
v 0.93157532422433 -0.06142653322210841 0.2424468006706762
v 0.919291037670723 -0.09636399094671595 0.2231318312011215
v 0.9177533791958965 -0.13304301877277733 0.20320992822601602
v 0.9270671376838093 -0.16896400156890576 0.18403873651061198
v 0.9465975958852237 -0.2016789837197761 0.16692474108842176
v 0.9750137853493217 -0.2289584932558706 0.15303423246525308
v 1.0103791897240981 -0.2489434766838255 0.14331382584862398
v 1.0502837151455064 -0.2602719904097724 0.1384259508857263
v 1.0920079341514237 -0.262172014944542 0.13870370817768618
v 1.1327084101691285 -0.25451406675602894 0.14412816902407222
v 1.1696114730187317 -0.2378200223579225 0.15432966538254858
v 1.200202239952227 -0.2132275532877409 0.16861298213505496
v 1.2223960007567296 -0.18241259567164034 0.18600473484920502
v 1.2346802873103369 -0.14747513794703268 0.20531970431875976
v 1.2327755354913645 -0.14672996406523356 0.30263707165484777
v 1.22239773473859 -0.11051804200658202 0.32068134072714766
v 1.2019124015974505 -0.07772778029547292 0.3364847440635565
v 1.1727155776679017 -0.050593781079048716 0.34897030584305677
v 1.1367969782507092 -0.030965181562854854 0.35728715566374203
v 1.0966043965378625 -0.020179638366125574 0.36086851395457675
v 1.0548768905517103 -0.01897216843376509 0.3594703170665149
v 1.014458120867245 -0.027425058846225314 0.35318784980684836
v 0.9781025598432875 -0.04496225909095901 0.3424492519370553
v 0.9482877788832155 -0.07038863795288128 0.32798634115559006
v 0.9270456060382025 -0.10197142973162993 0.31078474093111935
v 0.915823660283286 -0.1375583193605143 0.2920167118919525
v 0.9153866986765211 -0.17472411912144187 0.27296126420147415
v 0.9257644994292958 -0.21093604118009338 0.25491699512917426
v 0.946249832570435 -0.24372630289120256 0.23911359179276542
v 0.9754466564999839 -0.27086030210762674 0.22662803001326515
v 1.0113652559171764 -0.2904889016238206 0.2183111801925799
v 1.0515578376300232 -0.3012744448205499 0.21472982190174517
v 1.0932853436161754 -0.30248191475291036 0.21612801878980703
v 1.1337041133006407 -0.29402902434045014 0.22241048604947358
v 1.1700596743245981 -0.27649182409571643 0.23314908391926664
v 1.19987445528467 -0.2510654452337942 0.24761199470073186
v 1.221116628129683 -0.2194826534550456 0.2648135949252025
v 1.2323385738845998 -0.1838957638261611 0.2835816239643694
v 1.2277031075512506 -0.18177174899001924 0.38193556576900956
v 1.2164423424531887 -0.1451650045591501 0.3986010728293725
v 1.1951776295199497 -0.11215796657388294 0.41284695368335156
v 1.165358123796334 -0.08500001012620431 0.42370237509317926
v 1.1290159753183429 -0.0655419050673785 0.430427558029208
v 1.0886278414465114 -0.05510968910112546 0.4325641923882377
v 1.046946106759658 -0.05441430050549337 0.42996667006965567
v 1.0068113125943683 -0.06350312886409049 0.4228120079268647
v 0.9709585788471232 -0.08175678554427752 0.41158778436125776
v 0.9418312100733538 -0.10793131400889361 0.39705891165992446
v 0.9214141883197395 -0.1402429633985287 0.3802155084873634
v 0.9110988998780654 -0.1764897482048044 0.3622054249347447
v 0.9115883146088115 -0.21420150994381726 0.34425601843310905
v 0.9228490797068734 -0.25080825437468635 0.32759051137274614
v 0.9441137926401125 -0.2838152923599536 0.31334463051876704
v 0.9739332983637282 -0.3109732488076322 0.30248920910893934
v 1.0102754468417192 -0.330431353866458 0.2957640261729106
v 1.0506635807135507 -0.34086356983271104 0.2936273918138809
v 1.0923453154004041 -0.34155895842834316 0.29622491413246294
v 1.1324801095656938 -0.332470130069746 0.3033795762752539
v 1.168332843312939 -0.31421647338955894 0.31460379984086084
v 1.1974602120867082 -0.2880419449249429 0.3291326725421941
v 1.2178772338403225 -0.25573029553530785 0.3459760757147552
v 1.2281925222819967 -0.21948351072903205 0.36398615926737393
v 1.2205150680819608 -0.2156551967416158 0.4635026382314166
v 1.2085887807928248 -0.1785677153092812 0.4785651774098863
v 1.1867534416649757 -0.14521284034368884 0.4910258345033636
v 1.1564970929753724 -0.1178636514522067 0.5000354363231376
v 1.119881654886231 -0.09838395066111766 0.5049799933942617
v 1.079402408993454 -0.08810124738760686 0.5055225423236056
v 1.0378179490095174 -0.08771629086679344 0.501626109298239
v 0.9979621871607571 -0.09725531524940004 0.4935562297896808
v 0.9625512277524056 -0.11606825178773521 0.4818628527503326
v 0.9339982691487646 -0.142873029946559 0.46734286250120677
v 0.9142491482926771 -0.17584294839133796 0.4509857723823628
v 0.9046497351335202 -0.21273116166542663 0.43390629105403056
v 0.9058542138143101 -0.25102379899485083 0.41726835694355824
v 0.917780501103446 -0.2881112804271854 0.40220581776508857
v 0.9396158402312951 -0.32146615539277784 0.38974516067161113
v 0.9698721889208983 -0.34881534428426 0.38073555885183713
v 1.0064876270100398 -0.36829504507534894 0.3757910017807131
v 1.0469668729028168 -0.3785777483488598 0.3752484528513692
v 1.0885513328867533 -0.3789627048696732 0.3791448858767357
v 1.1284070947355134 -0.36942368048706664 0.38721476538529404
v 1.1638180541438652 -0.35061074394873143 0.39890814242464223
v 1.192371012747506 -0.32380596578990767 0.41342813267376805
v 1.2121201336035936 -0.2908360473451288 0.42978522279261194
v 1.2217195467627506 -0.25394783407103994 0.4468647041209443
v 1.2106233401827264 -0.2480893583977052 0.5476188205054393
v 1.198279822788752 -0.21045780171651315 0.5608891337683046
v 1.1761124926536082 -0.1766416922974406 0.5713618560713435
v 1.1456320166927605 -0.14894554211363417 0.5783232886965955
v 1.108915588971572 -0.12925679803006807 0.5812990215149614
v 1.0684653733624765 -0.11891721541884934 0.5800862632525003
v 1.0270379852120917 -0.11863141974796435 0.5747676613806212
v 0.9874566325608702 -0.1284188875200842 0.5657056698274875
v 0.9524187191807151 -0.14761261898109423 0.5535178483417961
v 0.924312020965594 -0.17490459305106754 0.5390347768164696
v 0.9050519629503527 -0.20843490679925514 0.5232434526415517
v 0.8959510862599791 -0.24591852475518136 0.5072200284631659
v 0.8976296006010123 -0.28480100029975747 0.4920564741591087
v 0.9099731179949868 -0.3224325569809495 0.4787861608962434
v 0.9321404481301305 -0.3562486664000222 0.4683134385932045
v 0.9626209240909782 -0.3839448165838285 0.4613520059679524
v 0.9993373518121665 -0.40363356066739464 0.4583762731495866
v 1.0397875674212622 -0.41397314327861334 0.4595890314120477
v 1.081214955571647 -0.4142589389494984 0.4649076332839268
v 1.1207963082228685 -0.40447147117737847 0.4739696248370605
v 1.1558342216030237 -0.3852777397163685 0.48615744632275193
v 1.1839409198181448 -0.35798576564639517 0.5006405178480784
v 1.2032009778333859 -0.3244554518982077 0.5164318420229963
v 1.2123018545237596 -0.2869718339422813 0.5324552662013822
v 1.1973482539614437 -0.2787585375979788 0.6344546227867598
v 1.184859361211195 -0.24054554389432714 0.6457856582238752
v 1.1626240500172356 -0.20617879550181947 0.654099215527073
v 1.1321576200918444 -0.1780003295296681 0.658828739504943
v 1.0955363082862812 -0.1579304618667584 0.6596519209143016
v 1.0552557964805158 -0.14733692082729316 0.6565126613024723
v 1.014061134987418 -0.14694163872645763 0.6496248960241296
v 0.9747596719103453 -0.1567715533861892 0.6394580149004224
v 0.9400297370092618 -0.17615677236712918 0.6267048740783657
v 0.9122381179537451 -0.2037762250313156 0.612234579029421
v 0.8932787676546068 -0.23774769132298776 0.5970332564478806
v 0.8844437345029252 -0.2757560719548706 0.5821368513463033
v 0.886335111407405 -0.31521115859872034 0.5685605291148881
v 0.8988240041576536 -0.35342415230237195 0.5572294936777726
v 0.9210593153516132 -0.3877909006948797 0.5489159363745749
v 0.9515257452770043 -0.41596936666703105 0.5441864123967048
v 0.9881470570825674 -0.43603923432994074 0.5433632309873463
v 1.0284275688883329 -0.446632775369406 0.5465024905991755
v 1.0696222303814307 -0.44702805747024155 0.5533902558775182
v 1.1089236934585034 -0.43719814281050995 0.5635571370012254
v 1.1436536283595868 -0.41781292382956997 0.5763102778232821
v 1.1714452474151036 -0.3901934711653836 0.5907805728722269
v 1.190404597714242 -0.3562220048737115 0.6059818954537672
v 1.1992396308659234 -0.3182136242418285 0.6208783005553445
v 1.1799364725835468 -0.30732542618393266 0.7240453719272867
v 1.1675885415841942 -0.2685213188868944 0.7333387863114016
v 1.1455686432173195 -0.2335432691335034 0.7393602317659017
v 1.1153773971670229 -0.20477497321049296 0.7416993567339722
v 1.0790722869582388 -0.18417694294315934 0.7401967537146258
v 1.0391274458546644 -0.17315290005436693 0.7349548226204619
v 0.9982650487655373 -0.17245411484889459 0.7263307923928471
v 0.9592698005241774 -0.18212820838369817 0.7149123764399097
v 0.9247991628555389 -0.20151590717157625 0.7014777209390177
v 0.897202252751317 -0.22929597157982207 0.686942375460739
v 0.8783597540290645 -0.2635752361277408 0.6722968997786241
v 0.8695557518380014 -0.3020176255855548 0.6585393588576162
v 0.8713902243781468 -0.3420033546407665 0.6466073063760706
v 0.8837381553774994 -0.3808074619378047 0.6373138919919558
v 0.9057580537443741 -0.41578551169119576 0.6312924465374554
v 0.9359492997946707 -0.44455380761420615 0.628953321569385
v 0.9722544100034548 -0.4651518378815398 0.6304559245887315
v 1.0121992511070292 -0.47617588077033224 0.6356978556828954
v 1.0530616481961563 -0.4768746659758045 0.6443218859105101
v 1.0920568964375161 -0.467200572441001 0.6557403018634475
v 1.126527534106155 -0.4478128736531229 0.6691749573643395
v 1.1541244442103766 -0.42003280924487707 0.6837103028426182
v 1.172966942932629 -0.38575354469695844 0.6983557785247332
v 1.1817709451236924 -0.3473111552391443 0.7121133194457412
v 1.1575863411956906 -0.333437884862861 0.8162686681712478
v 1.1456696354147275 -0.2940603442207287 0.8234797090327935
v 1.1241603481446165 -0.2584416546818141 0.8271207543033103
v 1.0945243017670374 -0.22900917107552665 0.8269436727647245
v 1.0587811438667403 -0.20776866852015594 0.8229605322312493
v 1.0193667115862688 -0.19616765216326035 0.8154427771477903
v 0.9789670333501082 -0.19499671209797634 0.8049027300996076
v 0.9403352804664277 -0.20433564595468304 0.7920586778747833
v 0.9061041430522602 -0.2235480208243638 0.7777859214066395
v 0.8786064165527516 -0.25132454510960056 0.7630571254616347
v 0.8597160255867022 -0.28577229458323117 0.7488760331429352
v 0.8507203190806009 -0.3245437120462253 0.7362090624566968
v 0.8522323395667306 -0.3649965894712768 0.7259194465220281
v 0.8641490453476935 -0.40437413011340906 0.7187084056604823
v 0.8856583326178047 -0.4399928196523238 0.7150673603899655
v 0.9152943789953838 -0.4694253032586112 0.7152444419285514
v 0.9510375368956809 -0.4906658058139819 0.7192275824620266
v 0.9904519691761525 -0.5022668221708775 0.7267453375454855
v 1.030851647412313 -0.5034377622361615 0.7372853845936683
v 1.0694834002959934 -0.49409882837945485 0.7501294368184925
v 1.1037145377101611 -0.474886453509774 0.7644021932866364
v 1.1312122642096696 -0.4471099292245373 0.7791309892316411
v 1.150102655175719 -0.41266217975090674 0.7933120815503407
v 1.1590983616818205 -0.3738907622879125 0.8059790522365791
v 1.1294797960157226 -0.35673929307325747 0.9108275358529572
v 1.1182771555841087 -0.3168309018843187 0.9159674632911916
v 1.0975765659091863 -0.2805736285428323 0.9171895152340049
v 1.0687887379679595 -0.2504383463090431 0.9144104108610306
v 1.0338755146604874 -0.22847872486627543 0.9078195415425998
v 0.995216174458345 -0.21619127612586356 0.897866064130837
v 0.9554452875087278 -0.21441336941349748 0.8852282916624546
v 0.9172731740327541 -0.22326616613349512 0.8707674674462665
v 0.8833012004814114 -0.24214636281932697 0.8554690727549641
v 0.8558445007108827 -0.2697673052678538 0.8403756679049668
v 0.8367742034361879 -0.30424667189697424 0.8265158434937712
v 0.8273899179014412 -0.343234750850761 0.8148341236505574
v 0.8283311676575705 -0.38407456897936054 0.8061265982776857
v 0.8395338080891842 -0.4239829601682992 0.8009866708394513
v 0.8602343977641066 -0.46024023350978577 0.799764618896638
v 0.8890222257053336 -0.4903755157435749 0.8025437232696122
v 0.9239354490128056 -0.5123351371863425 0.8091345925880431
v 0.962594789214948 -0.5246225859267545 0.819088069999806
v 1.0023656761645652 -0.5264004926391206 0.8317258424681883
v 1.0405377896405388 -0.517547695919123 0.8461866666843763
v 1.0745097631918816 -0.498667499233291 0.8614850613756788
v 1.1019664629624102 -0.4710465567847642 0.8765784662256761
v 1.121036760237105 -0.4365671901556438 0.8904382906368717
v 1.1304210457718518 -0.39757911120185696 0.9021200104800855
v 1.0948187257133888 -0.37688171092967676 1.0072419650796318
v 1.084594384647909 -0.33650561095576237 1.0103774227293085
v 1.0649938263588403 -0.29964077230719 1.0091944264608206
v 1.0373527965021292 -0.2687994728158335 1.0037735955148717
v 1.0035549855835486 -0.24608349607437158 0.9944843505620815
v 0.9659036585636764 -0.2330408983578083 0.9819597382947796
v 0.9269646911571572 -0.23056051114661572 0.9670532903410822
v 0.8893917096430589 -0.23881136873020284 0.9507808564949639
v 0.8557452506192798 -0.2572311887994351 0.9342513762315692
v 0.8283182646648874 -0.28456469105678617 0.9185913063145906
v 0.8089798555474368 -0.31894914249416595 0.9048678546293812
v 0.7990479038900498 -0.3580412995691095 0.8940162517292118
v 0.7991992557848511 -0.39917709637980375 0.8867760164186071
v 0.8094235968503309 -0.4395531963537181 0.8836405587689304
v 0.8290241551393995 -0.4764180350022905 0.8848235550374184
v 0.8566651849961107 -0.507259334493647 0.8902443859833673
v 0.8904629959146912 -0.5299753112351089 0.8995336309361575
v 0.9281143229345635 -0.5430179089516722 0.9120582432034594
v 0.9670532903410827 -0.5454982961628648 0.9269646911571567
v 1.0046262718551808 -0.5372474385792777 0.9432371250032751
v 1.03827273087896 -0.5188276185100454 0.9597666052666698
v 1.0656997168333524 -0.49149411625269435 0.9754266751836483
v 1.085038125950803 -0.4571096648153146 0.9891501268688577
v 1.09497007760819 -0.41801750774037094 1.0000017297690271
v 1.0528628076279576 -0.39354045532718185 1.1048504929759801
v 1.043852428273838 -0.35277465692497045 1.1060996681137478
v 1.0256269707587211 -0.3153576876748263 1.1025781905122085
v 0.9994284698932699 -0.2838394521966813 1.0945260430503907
v 0.9670423102163952 -0.26036786615202423 1.082491966271014
v 0.9306755549894163 -0.2465424793411685 1.0672960626193406
v 0.8928065384821476 -0.243305469027742 1.0499739078168144
v 0.8560159715880505 -0.2508774321151922 1.031705978087013
v 0.8228110706416714 -0.26874235183237016 1.0137372026518414
v 0.7954546947688124 -0.2956827634237258 0.9972921238624005
v 0.7758111357766604 -0.3298627223604435 0.9834914466614135
v 0.7652190697480143 -0.3689529209260387 0.9732756643934302
v 0.7644003284785099 -0.4102894266878737 0.9673409657376351
v 0.7734107078326297 -0.451055225090085 0.9660917905998674
v 0.7916361653477465 -0.48847219434022926 0.9696132682014066
v 0.8178346662131976 -0.5199904298183743 0.9776654156632246
v 0.8502208258900723 -0.5434620158630313 0.9896994924426014
v 0.8865875811170512 -0.5572874026738871 1.0048953960942746
v 0.9244565976243199 -0.5605244129873136 1.0222175508968008
v 0.961247164518417 -0.5529524498998634 1.040485480626602
v 0.9944520654647963 -0.5350875301826854 1.058454256061774
v 1.0218084413376551 -0.5081471185913298 1.0748993348512146
v 1.0414520003298071 -0.47396715965461217 1.0887000120522017
v 1.0520440663584532 -0.43487696108901686 1.098915794320185
v 1.0029656225576504 -0.40642832986387584 1.2028220179850155
v 0.995368454010761 -0.36535941263281446 1.2023479277635505
v 0.9787684141128964 -0.3274641915505751 1.196604358444981
v 0.9542967681502331 -0.2953251633090985 1.1859827247866712
v 0.9236212183538195 -0.2711325495707859 1.1712068735693553
v 0.8888322527485383 -0.25653503698171887 1.1532837546352441
v 0.8523006818489054 -0.252527421901312 1.1334347989203433
v 0.8165160718404554 -0.2593828166743981 1.113012679954673
v 0.7839170847584 -0.2766340374762668 1.0934091313965963
v 0.7567252877000082 -0.303105442118261 1.0759601026839505
v 0.7367937566982399 -0.33699304812009356 1.0618547162876188
v 0.7254807926524531 -0.3759874711346562 1.0520542309802585
v 0.7235573553668114 -0.41743130567483744 1.0472265336394981
v 0.7311545239137007 -0.4585002229058988 1.0477006238609632
v 0.7477545638115654 -0.49639544398813823 1.0534441931795324
v 0.7722262097742286 -0.5285344722296148 1.0640658268378422
v 0.8029017595706421 -0.5527270859679274 1.0788416780551584
v 0.8376907251759235 -0.5673245985569945 1.0967647969892695
v 0.8742222960755563 -0.5713322136374013 1.1166137527041704
v 0.9100069060840064 -0.5644768188643152 1.1370358716698405
v 0.9426058931660617 -0.5472255980624465 1.1566394202279173
v 0.9697976902244535 -0.5207541934204523 1.1740884489405632
v 0.9897292212262219 -0.4868665874186198 1.1881938353368946
v 1.0010421852720086 -0.4478721644040571 1.1979943206442552
v 0.9446063231044667 -0.4153078150817588 1.3001766115254922
v 0.9385800523220548 -0.3740247871372213 1.2981782726685185
v 0.9238242526615075 -0.3357370697453874 1.2903734813644183
v 0.9013445074845793 -0.30305390757306583 1.2772941212425393
v 0.8726727742755424 -0.2782026041108211 1.2598315290805222
v 0.8397629842703132 -0.2628767346208844 1.239175751675911
v 0.8048578852717486 -0.2581207317817981 1.2167344461235434
v 0.7703362020931975 -0.2642587093273796 1.1940369503108028
v 0.7385505303934993 -0.280872374231385 1.1726300610679417
v 0.711667011170682 -0.3068295326859858 1.1539726225203042
v 0.6915177118326647 -0.3403612472387334 1.1393361082720368
v 0.679475773831042 -0.3791823869566364 1.1297179725811752
v 0.6763618353403805 -0.4206473553228866 1.1257736755003311
v 0.6823881061227924 -0.461930383267424 1.127772014357305
v 0.6971439057833397 -0.500218100659258 1.135576805661405
v 0.7196236509602679 -0.5329012628315796 1.148656165783284
v 0.7482953841693049 -0.5577525662938243 1.1661187579453012
v 0.7812051741745341 -0.573078435783761 1.1867745353499124
v 0.8161102731730986 -0.5778344386228473 1.20921584090228
v 0.8506319563516496 -0.5716964610772658 1.2319133367150206
v 0.882417628051348 -0.5550827961732604 1.2533202259578817
v 0.9093011472741652 -0.5291256377186596 1.2719776645055192
v 0.9294504466121825 -0.49559392316591205 1.2866141787537866
v 0.9414923846138052 -0.4567727834480089 1.2962323144446481
v 0.8774150754281199 -0.42000000000000004 1.3958130949747545
v 0.8730735120145907 -0.3785889527835967 1.3925155671785374
v 0.8603446921458623 -0.34 1.3828477048597767
v 0.8400960638606191 -0.3068629150101524 1.3674683568585977
v 0.81370753771406 -0.28143593539448986 1.3474256003257066
v 0.7829774481539716 -0.2654518677937491 1.3240853159965986
v 0.75 -0.26 1.299038105676659
v 0.7170225518460283 -0.2654518677937491 1.2739908953567192
v 0.68629246228594 -0.28143593539448974 1.2506506110276112
v 0.6599039361393808 -0.30686291501015234 1.2306078544947199
v 0.6396553078541376 -0.33999999999999997 1.215228506493541
v 0.6269264879854092 -0.3785889527835966 1.2055606441747804
v 0.6225849245718799 -0.41999999999999993 1.2022631163785633
v 0.6269264879854091 -0.4614110472164032 1.2055606441747804
v 0.6396553078541375 -0.5 1.215228506493541
v 0.6599039361393807 -0.5331370849898476 1.23060785449472
v 0.6862924622859398 -0.5585640646055101 1.2506506110276112
v 0.7170225518460281 -0.5745481322062509 1.2739908953567192
v 0.7499999999999998 -0.58 1.299038105676659
v 0.7829774481539714 -0.5745481322062509 1.3240853159965986
v 0.8137075377140598 -0.5585640646055102 1.3474256003257068
v 0.840096063860619 -0.5331370849898477 1.3674683568585977
v 0.8603446921458622 -0.5000000000000001 1.3828477048597767
v 0.8730735120145907 -0.46141104721640336 1.3925155671785376
v 0.8011915589147579 -0.42038973660945317 1.4885407882597388
v 0.7986048997681496 -0.3789296981864767 1.484185090563125
v 0.7880473320021273 -0.3401307087339458 1.4728813799189189
v 0.7702383364127395 -0.30663685526468876 1.4553999855272575
v 0.7463915666186465 -0.28073068854142535 1.4329322355265628
v 0.7181321405726652 -0.2641776710143815 1.4070092699496695
v 0.6873858914589196 -0.25810586347287023 1.3793976960609167
v 0.6562481253439324 -0.26292904956670915 1.35197919699054
v 0.6268408295308485 -0.278318537134295 1.3266222981389728
v 0.6011680626314754 -0.30322555803022755 1.3050550302586934
v 0.5809793812837521 -0.33595273994124725 1.288747167014147
v 0.5676506107581527 -0.37426977950434315 1.2788100623354315
v 0.5620900847391618 -0.4155654337951924 1.2759209134845593
v 0.56467674388577 -0.45702547221816886 1.280276611181173
v 0.5752343116517924 -0.4958244616706998 1.2915803218253792
v 0.5930433072411802 -0.5293183151399569 1.3090617162170406
v 0.6168900770352731 -0.5552244818632202 1.3315294662177353
v 0.6451495030812545 -0.5717774993902641 1.3574524317946286
v 0.6758957521950001 -0.5778493069317754 1.3850640056833814
v 0.7070335183099873 -0.5730261208379365 1.4124825047537581
v 0.7364408141230713 -0.5576366332703506 1.4378394036053253
v 0.7621135810224443 -0.5327296123744181 1.4594066714856047
v 0.7823022623701675 -0.5000024304633984 1.475714534730151
v 0.795631032895767 -0.46168539090030236 1.4856516394088666
v 0.7159166759710465 -0.41642718483219043 1.577113051506835
v 0.715113824326215 -0.3749873161123133 1.571946775893258
v 0.7068328919524374 -0.3360650178299931 1.5592551034485909
v 0.6916382107060988 -0.30231278029103087 1.5399029506759576
v 0.6705652730037391 -0.276030762705497 1.5152091348058687
v 0.6450501647250982 -0.2590100411387579 1.4868564985814101
v 0.6168316983336553 -0.25241054963751475 1.4567772273063322
v 0.5878329156807666 -0.25668203264140166 1.4270211736096854
v 0.5600300358814722 -0.2715333956426633 1.3996161633766924
v 0.5353177792476628 -0.29595254279580147 1.376429802765811
v 0.5153802452299975 -0.3282753495768785 1.3590422039354
v 0.5015761438234473 -0.3662990701197276 1.3486383030113864
v 0.4948462017265125 -0.4074324507065232 1.3459271086484828
v 0.495649053371344 -0.44887231942640027 1.3510933842620598
v 0.5039299857451216 -0.48779461770872057 1.363785056706727
v 0.5191246669914602 -0.5215468552476827 1.3831372094793601
v 0.5401976046938198 -0.5478288728332167 1.407831025349449
v 0.5657127129724607 -0.5648495943999557 1.4361836615739076
v 0.5939311793639037 -0.5714490859011989 1.4662629328489856
v 0.6229299620167924 -0.567177602897312 1.4960189865456324
v 0.6507328418160868 -0.5523262398960503 1.5234239967786254
v 0.6754450984498962 -0.5279070927429123 1.5466103573895067
v 0.6953826324675615 -0.49558428596183524 1.5639979562199176
v 0.7091867338741117 -0.457560565418986 1.5744018571439313
v 0.6217581351196642 -0.40812640077278156 1.6602607996710603
v 0.6227304324926132 -0.3667644624619048 1.654529971547178
v 0.6167937498897502 -0.32779797117499987 1.6407109248919223
v 0.6043526624196287 -0.2938824288980978 1.6197454048977948
v 0.586255009633468 -0.26732912378928586 1.5930621771052356
v 0.5637341166608599 -0.24994761971031804 1.5624796593921881
v 0.5383247451403521 -0.2429224374398824 1.5300819998007968
v 0.5117585017500955 -0.24673233154004653 1.498077045292551
v 0.4858458320743431 -0.2611176640240319 1.4686458806264995
v 0.462352641728786 -0.2850980982559409 1.4437941910373344
v 0.4428799528111411 -0.3170394072724102 1.4252155781011986
v 0.42875479689100615 -0.35476484364947636 1.4141761435870803
v 0.4209397800014143 -0.3957034812422737 1.4114282067135882
v 0.4199674826284653 -0.4370654195531505 1.4171590348374705
v 0.42590416523132824 -0.47603191084005547 1.4309780814927262
v 0.43834525270144975 -0.5099474531169575 1.4519436014868536
v 0.45644290548761035 -0.5365007582257695 1.478626829279413
v 0.4789637984602186 -0.5538822623047372 1.5092093469924603
v 0.5043731699807263 -0.5609074445751729 1.5416070065838516
v 0.5309394133709828 -0.5570975504750089 1.5736119610920976
v 0.5568520830467354 -0.5427122179910234 1.603043125758149
v 0.5803452733922925 -0.5187317837591144 1.627894815347314
v 0.5998179623099373 -0.4867904747426452 1.64647342828345
v 0.6139431182300723 -0.44906503836557893 1.6575128627975682
v 0.519070734840636 -0.3955618364126599 1.736724805526886
v 0.521776484140079 -0.3543237146889134 1.7306672539236614
v 0.5182160816873607 -0.31538257996690333 1.7159870204467496
v 0.5086321630257904 -0.2813922062246668 1.6936845387473694
v 0.49367785637397976 -0.2546689812609888 1.6652796860967398
v 0.4743722730170895 -0.23703404869492672 1.6327082062617628
v 0.4520310565569068 -0.22968920003775362 1.5981897917662768
v 0.428176723974587 -0.23313497458751953 1.5640768155137719
v 0.40443490861446696 -0.24713654850306963 1.5326940204614974
v 0.3824235759581337 -0.27073973766075404 1.5061800922297452
v 0.3636427619506693 -0.30233602372559104 1.4863419112111709
v 0.3493723480299199 -0.33977217201759335 1.474531416658046
v 0.3405848393216104 -0.38049697089682144 1.4715534742564012
v 0.3378790900221674 -0.42173509262056796 1.4776110258596258
v 0.3414394924748858 -0.4606762273425781 1.4922912593365376
v 0.3510234111364561 -0.4946666010848146 1.5145937410359178
v 0.36597771778826665 -0.5213898260484925 1.5429985936865473
v 0.38528330114515696 -0.5390247586145547 1.5755700735215243
v 0.4076245176053397 -0.5463696072717278 1.6100884880170103
v 0.4314788501876594 -0.5429238327219619 1.6442014642695153
v 0.45522066554777957 -0.5289222588064117 1.6755842593217898
v 0.4772319982041128 -0.5053190696487274 1.702098187553542
v 0.4960128122115771 -0.4737227835838904 1.7219363685721163
v 0.5102832261323266 -0.436286635291888 1.733746863125241
v 0.4083921068181355 -0.3788636002917019 1.80528612937372
v 0.4127613722559288 -0.33778361912756727 1.7991263922780192
v 0.4115765055402428 -0.29892686275675995 1.783850716541559
v 0.4049182533796665 -0.26494135491212434 1.7605001142215309
v 0.39324036465566137 -0.23814315178956513 1.7306658902773502
v 0.37733866818614475 -0.22035850664576026 1.6963811977674268
v 0.3582968383067182 -0.21279941365674424 1.6599824818281785
v 0.337412544255553 -0.2159810125177267 1.623950254799143
v 0.31610901615930825 -0.2296864825241724 1.590740053406278
v 0.2958380542519983 -0.25298181854450214 1.5626150979920554
v 0.27798109108825775 -0.2842794819262935 1.5414920577892675
v 0.2637550491976688 -0.3214465886319115 1.5288104330802599
v 0.25412940982542914 -0.3619502617609164 1.5254344556315758
v 0.24976014438763583 -0.40303024292505096 1.5315941927272765
v 0.25094501110332185 -0.44188699929585845 1.5468698684637368
v 0.2576032632638981 -0.475872507140494 1.5702204707837648
v 0.2692811519879032 -0.5026707102630532 1.6000546947279453
v 0.28518284845741987 -0.5204553554068581 1.6343393872378689
v 0.3042246783368464 -0.5280144483958741 1.6707381031771171
v 0.3251089723880116 -0.5248328495348916 1.7067703302061528
v 0.3464125004842564 -0.5111273795284459 1.7399805315990176
v 0.36668346239156635 -0.4878320435081162 1.7681054870132402
v 0.3845404255553068 -0.4565343801263249 1.7892285272160282
v 0.39876646744589583 -0.4193672734207068 1.8019101519250358
v 0.2904345099604895 -0.3582121662640106 1.8647943468861978
v 0.2963738229409171 -0.3173139163116286 1.8587399760557388
v 0.2975340546146946 -0.2785898249528143 1.8431292007739961
v 0.2938361371106278 -0.24467887501908425 1.8190258695783943
v 0.28553207739552106 -0.21789204170792761 1.7880725846572756
v 0.27318778341585137 -0.20005480344216467 1.7523787612252921
v 0.257644498406423 -0.19238273853217724 1.7143768743625019
v 0.23996147155413539 -0.19539868552289416 1.6766566898575161
v 0.22134377191638846 -0.20889711261098617 1.6417887759487977
v 0.20306016495629123 -0.23195812429760526 1.6121493233472732
v 0.18635664827308523 -0.2630101507464321 1.5897582117662257
v 0.17237153892486454 -0.29993704767087903 1.5761413584568418
v 0.16205789900222434 -0.3402223080701277 1.572226729469242
v 0.15611858602179676 -0.38112055802250966 1.578281100299701
v 0.1549583543480192 -0.41984464938132404 1.5938918755814437
v 0.15865627185208603 -0.45375559931505405 1.6179952067770456
v 0.16696033156719275 -0.48054243262621066 1.6489484916981643
v 0.17930462554686244 -0.49837967089197366 1.6846423151301477
v 0.1948479105562908 -0.5060517358019611 1.722644201992938
v 0.2125309374085784 -0.5030357888112441 1.7603643864979237
v 0.23114863704632538 -0.4895373617231521 1.7952323004066424
v 0.24943224400642255 -0.46647635003653304 1.8248717530081666
v 0.2661357606896285 -0.4354243235877063 1.8472628645892142
v 0.2801208700378493 -0.3984974266632592 1.860879717898598
v 0.166073102066626 -0.33383300344018163 1.914193400845926
v 0.17346984300263935 -0.29313045678005617 1.908432444943863
v 0.1769181504220873 -0.2545768955846822 1.8927375480313238
v 0.17618302787293197 -0.22079968133675215 1.868178291395854
v 0.17131457274205084 -0.1941006753677767 1.8364283477910708
v 0.16264456220111095 -0.176299370812348 1.7996514234043772
v 0.15076384314060748 -0.1686088971578718 1.7603538048559857
v 0.13648206693069717 -0.17155334747479203 1.7212135599075833
v 0.12077251301833432 -0.1849320623399448 1.684898031570091
v 0.10470576154138109 -0.2078333044446416 1.6538820630854605
v 0.08937673506142965 -0.23869639198553938 1.6302793414496082
v 0.07583008140067468 -0.2754180565503896 1.6156983531366755
v 0.06498898261919295 -0.3154957773845178 1.6111327684039665
v 0.05759224168317964 -0.35619832404464324 1.6168937243060295
v 0.05414393426373166 -0.3947518852400173 1.6325886212185687
v 0.05487905681288699 -0.4285290994879473 1.6571478778540385
v 0.05974751194376811 -0.4552281054569227 1.6888978214588217
v 0.06841752248470802 -0.47302941001235144 1.7256747458455153
v 0.08029824154521148 -0.48071988366682766 1.7649723643939068
v 0.09458001775512176 -0.47777543334990746 1.8041126093423092
v 0.11028957166748465 -0.46439671848475467 1.8404281376798015
v 0.12635632314443784 -0.4414954763800579 1.871444106164432
v 0.14168534962438928 -0.41063238883916015 1.8950468278002843
v 0.1552320032851443 -0.3739107242743098 1.909627816113217
v 0.03633100638852675 -0.3059914001777751 1.9525449329351658
v 0.045057348539323916 -0.26549013496315677 1.9472443515819489
v 0.050713106847955276 -0.22713518240122751 1.9317038333818948
v 0.052912850732270145 -0.19354036912452682 1.906982438968417
v 0.05150667128180111 -0.16699512613980788 1.8747648905167575
v 0.0465903973022762 -0.14930846788839114 1.8372467607118814
v 0.03849906474087317 -0.1416857109015259 1.7969848480983495
v 0.027784084540092336 -0.14464633347066547 1.7567229354848175
v 0.015175664893274913 -0.15798857406038314 1.7192048056799414
v 0.0015330487629528439 -0.18080318102358472 1.686987257228282
v -0.012214042107081565 -0.21153537659864877 1.6622658628148042
v -0.025128766192177247 -0.248090812444489 1.64672534461475
v -0.03633100638852565 -0.2879782960189256 1.641424763261533
v -0.045057348539322806 -0.3284795612335439 1.64672534461475
v -0.05071310684795419 -0.3668345137954732 1.6622658628148042
v -0.052912850732269055 -0.4004293270721739 1.686987257228282
v -0.05150667128180001 -0.42697457005689277 1.7192048056799414
v -0.046590397302275106 -0.44466122830830956 1.7567229354848175
v -0.03849906474087208 -0.4522839852951748 1.7969848480983495
v -0.027784084540091254 -0.44932336272603524 1.8372467607118814
v -0.015175664893273802 -0.43598112213631757 1.8747648905167575
v -0.0015330487629517506 -0.413166515173116 1.906982438968417
v 0.012214042107082638 -0.382434319598052 1.9317038333818948
v 0.02512876619217837 -0.34587888375221165 1.9472443515819489
v -0.09763855253111134 -0.274987600677172 1.9790489196855214
v -0.0877221669154935 -0.23468601459415717 1.974353693438
v -0.07996039993292092 -0.1965487631046652 1.9591911502431665
v -0.0748822031763295 -0.16317483687291703 1.9345945923624612
v -0.07283364736256401 -0.13683861381858542 1.9022402345677207
v -0.07395433818493402 -0.1193348640201567 1.8643329728745521
v -0.07816790241592417 -0.11185643910007959 1.823456124522633
v -0.08518719261643659 -0.11491298135797573 1.7823953791749607
v -0.0945338557592319 -0.1282961924901445 1.7439489587708894
v -0.10557093219721973 -0.15109402877473063 1.710736923325242
v -0.11754626341078248 -0.18175285534414548 1.6850226181681565
v -0.1296437503678863 -0.21818332383378977 1.6685584307011894
v -0.14103896932444712 -0.2579027580202901 1.6624663680918583
v -0.15095535494006496 -0.29820434410330493 1.6671615943393798
v -0.15871712192263754 -0.33634159559279697 1.6823241375342133
v -0.16379531867922897 -0.36971552182454515 1.7069206954149185
v -0.16584387449299445 -0.3960517448788767 1.7392750532096588
v -0.16472318367062444 -0.41355549467730546 1.7771823149028276
v -0.1605096194396343 -0.42103391959738257 1.8180591632547467
v -0.15349032923912187 -0.4179773773394864 1.8591199086024188
v -0.14414366609632656 -0.40459416620731764 1.8975663290064906
v -0.13310658965833871 -0.3817963299227315 1.9307783644521377
v -0.12113125844477601 -0.3511375033533167 1.956492669609223
v -0.10903377148767214 -0.31470703486367235 1.9729568570761904
v -0.23457275664598543 -0.2411522712184654 1.9930613898701792
v -0.2236145834741742 -0.2010427095659619 1.9890941239627415
v -0.21386650013669212 -0.16313412066329191 1.9745163514081439
v -0.20599282240351924 -0.13000991219726724 1.9503215233150746
v -0.20053012840030354 -0.10392744423450473 1.918158477234232
v -0.19785069169583555 -0.08666419386335034 1.880219071604079
v -0.19813711147354623 -0.07939662306772813 1.839088814220478
v -0.20136986869891565 -0.08262000478713116 1.7975706641531575
v -0.20732865630941885 -0.09611467088427228 1.7584940147172183
v -0.21560739277676208 -0.11896098216562143 1.724521874994503
v -0.22564189589195485 -0.14960200027266923 1.6979693901654995
v -0.23674833085049718 -0.1859495904580969 1.6806460681912485
v -0.24816981246421604 -0.22552672451800054 1.673732464836152
v -0.25912798563602724 -0.26563628617050405 1.6776997307435897
v -0.26887606897350935 -0.30354487507317407 1.6922775032981874
v -0.27674974670668223 -0.3366690835391988 1.7164723313912567
v -0.2822124407098979 -0.36275155150196126 1.748635377472099
v -0.28489187741436595 -0.38001480187311565 1.7865747831022523
v -0.28460545763665523 -0.3872823726687379 1.8277050404858532
v -0.2813727004112858 -0.3840589909493348 1.8692231905531735
v -0.27541391280078265 -0.3705643248521937 1.908299839989113
v -0.26713517633343936 -0.3477180135708446 1.942271979711828
v -0.25710067321824664 -0.3170769954637968 1.9688244645408315
v -0.24599423825970426 -0.28072940527836904 1.9861477865150827
v -0.37312200995896794 -0.20484225697464495 1.9941089681971966
v -0.3612763591548489 -0.16491201718675277 1.9909698279473813
v -0.34967753698468174 -0.12723575756737288 1.9771653185624873
v -0.33911598401140347 -0.09438105294660304 1.953636194544065
v -0.3303114526163514 -0.06858689714938221 1.9219859268102535
v -0.3238639570639223 -0.05161111926643308 1.884371428802572
v -0.320212883521024 -0.04461059050667923 1.8433560663993465
v -0.3196070466159207 -0.04806238533617713 1.8017349687672661
v -0.3220877331325024 -0.06173126964165715 1.762344544927841
v -0.32748588838419235 -0.0846857315466002 1.7278691871699747
v -0.33543363701146117 -0.11536146240622629 1.7006583341516432
v -0.3453893530796362 -0.15166796185649395 1.6825663605379853
v -0.35667457099127 -0.19113100195919483 1.6748262044323716
v -0.368520221795389 -0.23106124174708695 1.677965344682187
v -0.3801190439655562 -0.26873750136646696 1.691769854067081
v -0.39068059693883445 -0.30159220598723674 1.7152989780855032
v -0.3994851283338865 -0.32738636178445757 1.7469492458193148
v -0.4059326238863156 -0.3443621396674067 1.7845637438269963
v -0.4095836974292139 -0.3513626684271606 1.8255791062302216
v -0.4101895343343172 -0.34791087359766265 1.8672002038623021
v -0.40770884781773553 -0.33424198929218263 1.9065906277017273
v -0.40231069256604557 -0.3112875273872396 1.9410659854595935
v -0.39436294393877674 -0.2806117965276136 1.968276838477925
v -0.3844072278706017 -0.24430529707734577 1.986368812091583
v -0.5118746603419969 -0.16643656717555572 1.9818999852737071
v -0.499299572490224 -0.12666876709569352 1.9796668403325963
v -0.4859992768362324 -0.08922198213888599 1.9668045650317514
v -0.4728801665490639 -0.05664814881620145 1.9441897021770096
v -0.4608362873144341 -0.031167120037776053 1.9133634172990939
v -0.4506884095987315 -0.014515385805468517 1.8764264707695897
v -0.4431280944981206 -0.007827734288918614 1.8358960544532925
v -0.4386705649926963 -0.011559917887112525 1.7945342492424783
v -0.43761959435183767 -0.025457594455558397 1.7551597938086487
v -0.440046804487908 -0.04857366030311305 1.7204559922202554
v -0.44578678504128866 -0.07933279374337071 1.6927878512048031
v -0.4544483658230329 -0.11563881066424912 1.6740409088487307
v -0.46544127441680405 -0.15501751601112038 1.6654927382928169
v -0.47801636226857697 -0.19478531609098254 1.6677258832339277
v -0.49131665792256857 -0.23223210104779016 1.6805881585347726
v -0.5044357682097371 -0.26480593437047467 1.7032030213895144
v -0.5164796474443669 -0.2902869631489 1.7340293062674301
v -0.5266275251600694 -0.3069386973812076 1.7709662527969343
v -0.5341878402606804 -0.31362634889775753 1.8114966691132313
v -0.5386453697661047 -0.3098941652995636 1.8528584743240457
v -0.5396963404069633 -0.2959964887311177 1.8922329297578753
v -0.537269130270893 -0.27288042288356307 1.9269367313462686
v -0.5315291497175123 -0.2421212894433055 1.9546048723617206
v -0.522867568935768 -0.20581527252242693 1.9733518147177933
v -0.6493831586684423 -0.12633252396407335 1.9563319189916386
v -0.6362383318429462 -0.08670683797179192 1.9550606081057689
v -0.6213974418845473 -0.04948084109700543 1.9432889966646458
v -0.6058718709181802 -0.017191423507862028 1.921819300534474
v -0.5907196609479837 0.007960944347723709 1.892114644026174
v -0.5769734100432157 0.024262170166646835 1.856199350391521
v -0.5655699024862826 0.030601352348397087 1.8165209875388875
v -0.5572862684720019 0.026546486103282085 1.7757835703250853
v -0.5526870239690946 0.012373903864923097 1.7367632864114702
v -0.5520855998898229 -0.010950556308435236 1.702119303662687
v -0.5555229822912887 -0.0418373710014715 1.6742125522511764
v -0.5627649192433752 -0.07818165483572986 1.6549448311675463
v -0.5733178847106645 -0.1175066049296746 1.6456292037622309
v -0.5864627115361606 -0.157132290921956 1.6469005146481006
v -0.6013036014945595 -0.19435828779674258 1.6586721260892237
v -0.6168291724609266 -0.22664770538588597 1.6801418222193956
v -0.6319813824311231 -0.2518000732414717 1.7098464787276955
v -0.6457276333358911 -0.2681012990603948 1.7457617723623484
v -0.6571311408928242 -0.27444048124214504 1.785440135214982
v -0.6654147749071048 -0.27038561499703007 1.8261775524287842
v -0.6700140194100122 -0.2562130327586711 1.8651978363423993
v -0.6706154434892839 -0.23288857258531276 1.8998418190911825
v -0.6671780610878181 -0.20200175789227653 1.9277485705026929
v -0.6599361241357315 -0.16565747405801806 1.9470162915863234
v -0.7841911273781964 -0.08494201893773021 1.9174949843907272
v -0.7706360267833097 -0.04543529637398813 1.9172196407259805
v -0.7544250377745978 -0.00841616832596348 1.9066656989067794
v -0.7366629124630786 0.023592572806872533 1.886552392626889
v -0.7185601103354322 0.04840958421326291 1.8582504104704731
v -0.7013503074403625 0.0643436275779126 1.823688485750255
v -0.6862063234046247 0.0703088241777724 1.7852219565196363
v -0.6741601957136374 0.06589865572251538 1.7454722531767386
v -0.6660328480623741 0.05141366790421931 1.7071482523148893
v -0.6623781457621913 0.027840988705126954 1.6728616712594178
v -0.6634451507351653 -0.003212942743037933 1.644949083848
v -0.6691611483556972 -0.0396318523311309 1.6253126867849927
v -0.6791366028320803 -0.07893385155581735 1.6152906680795591
v -0.6926917034269671 -0.11844057411955938 1.6155660117443058
v -0.7089026924356789 -0.15545970216758412 1.626119953563507
v -0.7266648177471982 -0.18746844330042012 1.6462332598433973
v -0.7447676198748445 -0.21228545470681046 1.674535241999813
v -0.7619774227699142 -0.22821949807146016 1.7090971667200312
v -0.777121406805652 -0.23418469467131997 1.74756369595065
v -0.7891675344966392 -0.22977452621606295 1.7873133992935477
v -0.7972948821479027 -0.21528953839776688 1.825637400155397
v -0.8009495844480854 -0.19171685919867454 1.8599239812108685
v -0.7998825794751114 -0.16066292775050972 1.8878365686222862
v -0.7941665818545796 -0.12424401816241662 1.9074729656852936
v -0.9148607665668588 -0.04268783443999192 1.8656717617787084
v -0.9010528555590278 -0.0032746207596794433 1.8664051613898036
v -0.8836499105864503 0.033556276338198396 1.8571736815925732
v -0.8638379135892807 0.06529489208235656 1.8386064324794569
v -0.8429670194220034 0.08977829226037311 1.811968741393683
v -0.8224595450313347 0.10533797361084803 1.7790759229618816
v -0.803713040906795 0.11091356956333566 1.7421695684022271
v -0.7880050503244087 0.10612511246778202 1.7037647847873256
v -0.7764060468836838 0.09129892776194949 1.6664787946536268
v -0.7697064835008459 0.06744539543211195 1.63285257661073
v -0.7683629243488838 0.03619009428672172 1.605177701848306
v -0.772466930763667 -0.00033697855299003043 1.585340167346521
v -0.7817388214902193 -0.03964656343683909 1.5746918682985958
v -0.7955467324980503 -0.07905977711715154 1.5739584686875006
v -0.8129496774706279 -0.11589067421502945 1.583189948484731
v -0.8327616744677974 -0.1476292899591876 1.6017571975978473
v -0.8536325686350746 -0.1721126901372041 1.628394888683621
v -0.8741400430257434 -0.18767237148767907 1.6612877071154226
v -0.8928865471502831 -0.1932479674401667 1.698194061675077
v -0.9085945377326694 -0.18845951034461306 1.7365988452899785
v -0.9201935411733944 -0.17363332563878053 1.7738848354236774
v -0.9268931045562322 -0.14977979330894298 1.8075110534665741
v -0.9282366637081944 -0.11852449216355283 1.8351859282289982
v -0.9241326572934111 -0.08199741932384094 1.8550234627307831
v -1.0399999999999985 -2.1127881739830098e-16 1.8013328398716333
v -1.0260930377177513 0.039347015607537825 1.8030667536122842
v -1.0076819441389484 0.07601259712543988 1.7952395919820157
v -0.9860214048652145 0.1074980457659993 1.7783847631109346
v -0.9625875498523209 0.13165768023652605 1.7536508957326833
v -0.9389773575931198 0.1468450613735374 1.7227235620344412
v -0.9167998236723883 0.15202519425088 1.687710408697908
v -0.8975663103767165 0.1468450613735374 1.6509975242609969
v -0.882587549852321 0.13165768023652605 1.615086831127173
v -0.8728843198753671 0.10749804576599933 1.5824255836882801
v -0.8691178795334384 0.07601259712543988 1.5552395919820154
v -0.8715449055115005 0.03934701560753789 1.5353815364161854
v -0.8799999999999987 -1.8158479036230016e-16 1.524204710660613
v -0.8939069622822458 -0.039347015607538185 1.522470796919962
v -0.9123180558610486 -0.07601259712544033 1.5302979585502305
v -0.9339785951347825 -0.10749804576599972 1.5471527874213116
v -0.9574124501476762 -0.1316576802365264 1.571886654799563
v -0.9810226424068772 -0.14684506137353778 1.602813988497805
v -1.0032001763276086 -0.1520251942508804 1.637827141834338
v -1.0224336896232804 -0.14684506137353778 1.6745400262712493
v -1.037412450147676 -0.13165768023652644 1.710450719405073
v -1.04711568012463 -0.10749804576599976 1.743111966843966
v -1.0508821204665586 -0.07601259712544038 1.7702979585502305
v -1.0484550944884965 -0.03934701560753825 1.7901560141160608
v -1.1582887575402012 0.0426878344399915 1.7251285456619592
v -1.1444311146943282 0.08199741932384053 1.7278340890483044
v -1.1251993026599405 0.11852449216355233 1.7214694956099084
v -1.1019039376451096 0.14977979330894253 1.7064685018716101
v -1.0761325602781853 0.17363332563878012 1.6838534007663601
v -1.0496414473375086 0.18845951034461264 1.6551653740612597
v -1.0242359243913526 0.19324796744016629 1.622359463367056
v -1.0016473358438862 0.18767237148767865 1.5876713372832274
v -0.9834150566752116 0.17211269013720373 1.5534649342775488
v -0.9707815865804078 0.14762928995918723 1.5220713641861032
v -0.9646078756686396 0.11589067421502904 1.4956300469302952
v -0.9653146521360041 0.07905977711715124 1.4759429145847651
v -0.9728537503342537 0.039646563436838735 1.4643516126843366
v -0.9867113931801267 0.00033697855298974594 1.4616460692979913
v -1.0059432052145145 -0.03619009428672214 1.4680106627363871
v -1.0292385702293454 -0.06744539543211232 1.4830116564746856
v -1.0550099475962698 -0.09129892776194987 1.5056267575799354
v -1.0815010605369464 -0.10612511246778242 1.534314784285036
v -1.1069065834831022 -0.11091356956333606 1.5671206949792398
v -1.1294951720305688 -0.10533797361084843 1.601808821063068
v -1.1477274511992435 -0.08977829226037351 1.6360152240687469
v -1.160360921294047 -0.065294892082357 1.6674087941601923
v -1.1665346322058154 -0.033556276338198895 1.6938501114160005
v -1.165827855738451 0.003274620759679034 1.7135372437615306
v -1.2685038044225168 0.0849420189377298 1.6378769299272402
v -1.2548367543882168 0.12424401816241623 1.6415049175653664
v -1.2349731368825885 0.16066292775050925 1.6366369181812146
v -1.21026662461246 0.1917168591986741 1.6236046778880657
v -1.1824009255595989 0.21528953839776652 1.6032963223251022
v -1.1532750410642123 0.2297745262160626 1.5770958323627957
v -1.124873852021861 0.2341846946713196 1.5467887280937205
v -1.0991328525305977 0.2282194980714598 1.5144403885889564
v -1.0778062491667382 0.21228545470681012 1.482255299727594
v -1.0623474147056515 0.18746844330041978 1.4524268221271612
v -1.053809843168929 0.15545970216758373 1.4269877172422378
v -1.0527753559477937 0.1184405741195591 1.4076716180306226
v -1.0593144516367954 0.07893385155581702 1.3957948847322237
v -1.0729815016710953 0.03963185233113063 1.3921668970940975
v -1.0928451191767237 0.003212942743037517 1.397034896478249
v -1.117551631446852 -0.027840988705127315 1.4100671367713982
v -1.1454173304997133 -0.051413667904219695 1.4303754923343617
v -1.1745432149950998 -0.0658986557225158 1.4565759822966682
v -1.202944404037451 -0.07030882417777282 1.4868830865657432
v -1.2286854035287145 -0.06434362757791301 1.5192314260705075
v -1.250012006892574 -0.04840958421326333 1.55141651493187
v -1.2654708413536606 -0.023592572806872977 1.5812449925323024
v -1.2740084128903832 0.00841616832596298 1.606684097417226
v -1.2750429001115184 0.04543529637398773 1.6260001966288413
v -1.3695415607468955 0.12633252396407293 1.540548271692474
v -1.3561975080280573 0.16565747405801765 1.5450295941697487
v -1.3358902036205573 0.20200175789227606 1.5416674350010457
v -1.3100035567603592 0.23288857258531231 1.5306909197774814
v -1.2803016996512788 0.2562130327586707 1.5128480798719928
v -1.2488087647706605 0.2703856149970297 1.4893548753374515
v -1.2176709435860829 0.27444048124214465 1.4618123292385303
v -1.1890102271535918 0.2681012990603944 1.4320974205756616
v -1.164779795933989 0.25180007324147136 1.4022351712680112
v -1.1466309137722088 0.2266477053858856 1.3742606442561953
v -1.1358003969951311 0.19435828779674216 1.3500802573259771
v -1.1330263274228385 0.15713229092195574 1.3313418638866727
v -1.1384977533123157 0.11750660492967425 1.319322454484511
v -1.151841806031154 0.07818165483572959 1.3148411320072364
v -1.1721491104386539 0.041837371001471085 1.3182032911759394
v -1.198035757298852 0.010950556308434861 1.3291798063995037
v -1.2277376144079324 -0.012373903864923472 1.3470226463049924
v -1.2592305492885507 -0.026546486103282516 1.3705158508395336
v -1.2903683704731284 -0.03060135234839749 1.3980583969384548
v -1.3190290869056192 -0.024262170166647265 1.4277733056013235
v -1.3432595181252223 -0.007960944347724166 1.457635554908974
v -1.3614084002870024 0.017191423507861556 1.4856100819207898
v -1.37223891706408 0.04948084109700493 1.509790468851008
v -1.3750129866363727 0.0867068379717915 1.5285288622903124
v -1.4604384048360344 0.1664365671755546 1.434246452046557
v -1.4475390176818455 0.20581527252242582 1.4394925048722862
v -1.4269728989673318 0.2421212894433043 1.4376201826881714
v -1.40014159569577 0.2728804228835619 1.4287570811569017
v -1.3688736168442914 0.2959964887311166 1.4135072060008649
v -1.335299823498846 0.3098941652995625 1.3929098110103348
v -1.3017082141926095 0.3136263488977564 1.3683685746151115
v -1.2703880015870423 0.3069386973812065 1.3415559415192186
v -1.2434736064121157 0.29028696314889896 1.31429914835817
v -1.2227992002208596 0.2648059343704736 1.2884557005419108
v -1.2097737096291366 0.23223210104778907 1.265786786330802
v -1.2052848002951313 0.1947853160909816 1.2478372547661791
v -1.2096383839716833 0.15501751601111935 1.2358303367611674
v -1.2225377711258723 0.11563881066424819 1.2305842839354382
v -1.243103889840386 0.07933279374336964 1.232456606119553
v -1.2699351931119478 0.04857366030311204 1.2413197076508227
v -1.3012031719634263 0.02545759445555737 1.2565695828068595
v -1.3347769653088717 0.011559917887111498 1.2771669777973895
v -1.3683685746151082 0.00782773428891756 1.3017082141926128
v -1.3996887872206751 0.014515385805467435 1.3285208472885057
v -1.426603182395602 0.031167120037774998 1.3557776404495543
v -1.447277588586858 0.056648148816200325 1.3816210882658135
v -1.4603030791785812 0.08922198213888481 1.4042900024769223
v -1.4647919885125864 0.12666876709569241 1.4222395340415452
v -1.5403880193936639 0.20484225697464456 1.3201876234341754
v -1.5280422386211283 0.2443052970773454 1.3260908307800865
v -1.5073962718330152 0.28061179652761314 1.325666747001162
v -1.4798571075468614 0.3112875273872392 1.318944272706104
v -1.4473014942981473 0.33424198929218224 1.3063815334087068
v -1.411948043329078 0.34791087359766226 1.2888346590311794
v -1.3762060338988558 0.35136266842716013 1.2674994400647697
v -1.3425112248836863 0.34436213966740636 1.2438298364239218
v -1.3131598618346496 0.3273863617844572 1.21943889248089
v -1.290152191638116 0.3015922059872364 1.1959888107574517
v -1.2750561489960066 0.26873750136646657 1.1750776755699663
v -1.2689005042669914 0.2310612417470867 1.1581305462241764
v -1.2721047544666686 0.1911310019591945 1.146302341578542
v -1.2844505352392042 0.15166796185649373 1.140399134232631
v -1.3050965020273173 0.11536146240622591 1.1408232180115554
v -1.332635666313471 0.08468573154659986 1.1475456923066134
v -1.3651912795621852 0.061731269641656844 1.1601084316040107
v -1.4005447305312544 0.048062385336176766 1.177655305981538
v -1.4362867399614767 0.0446105905066789 1.1989905249479478
v -1.469981548976646 0.05161111926643272 1.2226601285887957
v -1.4993329120256829 0.06858689714938188 1.2470510725318273
v -1.5223405822222165 0.09438105294660265 1.2705011542552658
v -1.5374366248643259 0.12723575756737243 1.291412289442751
v -1.543592269593341 0.1649120171867524 1.308359418788541
v -1.6087554166065026 0.24115227121846508 1.1996766612262597
v -1.5970573196624402 0.2807294052783687 1.2061111527750488
v -1.5765016652755304 0.3170769954637964 1.2070679466075005
v -1.548489287322416 0.3477180135708442 1.2024818388051097
v -1.5149291830679588 0.37056432485219337 1.192665365035708
v -1.4781084181564048 0.3840589909493345 1.17828750176419
v -1.440536266867286 0.3872823726687375 1.1603280766119675
v -1.4047732092200398 0.3800148018731153 1.1400109947238106
v -1.373256438492079 0.3627515515019609 1.1187208316548323
v -1.3481337705245877 0.33666908353919844 1.0979084768345253
v -1.3311172736223786 0.30354487507317374 1.078992257849851
v -1.3233665939282466 0.26563628617050383 1.063261283764085
v -1.3254099274547433 0.22552672451800027 1.0517875944645083
v -1.3371080243988056 0.1859495904580967 1.0453531029157193
v -1.3576636787857155 0.1496020002726689 1.0443963090832675
v -1.3856760567388298 0.11896098216562113 1.0489824168856583
v -1.419236160993287 0.09611467088427197 1.05879889065506
v -1.456056925904841 0.08262000478713083 1.073176753926578
v -1.4936290771939598 0.07939662306772782 1.0911361790788006
v -1.5293921348412058 0.08666419386335 1.1114532609669574
v -1.560908905569167 0.1039274442345044 1.1327434240359358
v -1.5860315735366581 0.13000991219726687 1.1535557788562427
v -1.6030480704388672 0.1631341206632915 1.172471997840917
v -1.6107987501329992 0.20104270956596157 1.1882029719266831
v -1.665087363514255 0.2749876006771723 1.0740819267234445
v -1.6541138730548486 0.31470703486367263 1.0809044445168465
v -1.6338067249772337 0.35113750335331695 1.083149081810166
v -1.605549817863751 0.38179632992273177 1.080662870281301
v -1.5712688132374375 0.4045941662073179 1.0736152411372857
v -1.5332999049115374 0.4179773773394867 1.0624864786575263
v -1.4942306112418733 0.42103391959738284 1.048034989613869
v -1.4567234400269722 0.41355549467730573 1.0312456191024244
v -1.4233344430015986 0.396051744878877 1.0132625349778006
v -1.3963390251351049 0.3697155218245454 0.9953112547046392
v -1.3775768795430556 0.3363415955927972 0.9786151283676627
v -1.3683266154416371 0.2982043441033053 0.9643119693850828
v -1.3692186230425771 0.25790275802029045 0.9533765144044745
v -1.3801921135019835 0.21818332383379013 0.9465539966110723
v -1.4004992615795984 0.18175285534414573 0.9443093593177531
v -1.428756168693081 0.15109402877473094 0.9467955708466178
v -1.4630371733193945 0.1282961924901448 0.9538431999906332
v -1.5010060816452946 0.11491298135797601 0.9649719624703925
v -1.5400753753149587 0.11185643910007986 0.9794234515140497
v -1.5775825465298596 0.11933486402015697 0.9962128220254944
v -1.6109715435552334 0.13683861381858572 1.0141959061501182
v -1.6379669614217272 0.16317483687291728 1.0321471864232796
v -1.6567291070137764 0.1965487631046654 1.048843312760256
v -1.665979371115195 0.23468601459415744 1.063146471742836
v -1.7091190171467003 0.30599140017777476 0.9448088919900643
v -1.6989274589418142 0.3458788837522114 0.9518600259027887
v -1.6790116133500452 0.38243431959805163 0.9552742459433213
v -1.6507287123359813 0.41316651517311564 0.9548188786581653
v -1.6160061888640274 0.43598112213631723 0.9505249565752739
v -1.5772103255271137 0.44932336272603496 0.9426851033885545
v -1.5369849962984556 0.45228398529517455 0.931833592136712
v -1.4980714908894863 0.4446612283083093 0.9187099353785892
v -1.463121700386219 0.42697457005689254 0.9042084886343841
v -1.4345173952541914 0.4004293270721736 0.8893175015349403
v -1.4142079116173023 0.36683451379547294 0.8750517702425652
v -1.403577307222397 0.3284795612335437 0.8623834807695985
v -1.4033500401910834 0.2879782960189254 0.8521759561082848
v -1.4135415983959696 0.24809081244448883 0.8451248221955603
v -1.4334574439877386 0.21153537659864846 0.8417106021550277
v -1.4617403450018025 0.1808031810235845 0.8421659694401837
v -1.4964628684737564 0.1579885740603829 0.8464598915230751
v -1.53525873181067 0.1446463334706652 0.8542997447097945
v -1.5754840610393281 0.14168571090152562 0.865151255961637
v -1.6143975664482975 0.14930846788839086 0.8782749127197598
v -1.6493473569515649 0.1669951261398076 0.8927763594639649
v -1.6779516620835921 0.1935403691245265 0.9076673465634088
v -1.6982611457204815 0.22713518240122715 0.9219330778557838
v -1.7088917501153869 0.26549013496315643 0.9346013673287505
v -1.7407766639224131 0.33383300344018096 0.8132731751479826
v -1.731402202170016 0.37391072427430916 0.8203790497313277
v -1.7120013690483546 0.4106323888391594 0.8248203017813447
v -1.6838962992732782 0.44149547638005715 0.8262942673103407
v -1.6490023069041342 0.464396718484754 0.8247004980033581
v -1.6096973598558306 0.47777543334990674 0.8201476066048393
v -1.5686600253152136 0.48071988366682694 0.8129458651395846
v -1.5286869298138241 0.47302941001235077 0.8035860603870106
v -1.4925021737514181 0.45522810545692205 0.7927060475731966
v -1.4625716884555122 0.42852909948794665 0.7810472815913326
v -1.4409351870365563 0.3947518852400166 0.7694042880760611
v -1.4290671613102433 0.3561983240446427 0.758570517794491
v -1.4277763976169815 0.3154957773845172 0.7492842742876596
v -1.4371508593693787 0.27541805655038903 0.7421783997043145
v -1.45655169249104 0.23869639198553871 0.7377371476542975
v -1.4846567622661164 0.20783330444464096 0.7362631821253015
v -1.5195507546352605 0.18493206233994416 0.7378569514322841
v -1.558855701683564 0.1715533474747914 0.7424098428308029
v -1.599893036224181 0.16860889715787117 0.7496115842960577
v -1.6398661317255705 0.17629937081234737 0.7589713890486316
v -1.6760508877879765 0.1941006753677761 0.7698514018624456
v -1.7059813730838824 0.22079968133675149 0.7815101678443096
v -1.7276178745028383 0.25457689558468144 0.7931531613595811
v -1.7394859002291514 0.2931304567800555 0.8039869316411512
v -1.7601765322173026 0.3582121662640103 0.6808735096816324
v -1.75162954410633 0.39849742666325894 0.6878480693663243
v -1.732844448546687 0.4354243235877059 0.6931511026818947
v -1.705101418756925 0.46647635003653276 0.6964212166715644
v -1.6702910963696915 0.4895373617231519 0.6974355584710564
v -1.630785747328899 0.5030357888112439 0.6961250023630143
v -1.5892775958860015 0.5060517358019607 0.6925788605804049
v -1.5485953539663686 0.4983796708919733 0.6870387968254364
v -1.51151144912624 0.48054243262621044 0.6798823572876219
v -1.4805530881964202 0.4537555993150538 0.671597241494888
v -1.4578300323131654 0.4198446493813237 0.662748066396708
v -1.4448908201832948 0.3811205580225095 0.6539378886520699
v -1.4426172377303996 0.34022230807012743 0.6457671073147634
v -1.4511642258413722 0.29993704767087886 0.6387925476300715
v -1.4699493214010153 0.2630101507464318 0.6334895143145011
v -1.4976923511907774 0.23195812429760498 0.6302194003248314
v -1.5325026735780107 0.20889711261098592 0.6292050585253394
v -1.5720080226188033 0.19539868552289388 0.6305156146333815
v -1.6135161740617008 0.19238273853217697 0.6340617564159909
v -1.6541984159813334 0.2000548034421644 0.6396018201709593
v -1.6912823208214622 0.21789204170792734 0.6467582597087739
v -1.722240681751282 0.24467887501908392 0.6550433755015078
v -1.7449637376345366 0.2785898249528139 0.6638925505996878
v -1.7579029497644074 0.3173139163116283 0.672702728344326
v -1.76761970254639 0.3788636002917017 0.5489651254773085
v -1.7598832006271063 0.41936727342070657 0.5556131849769936
v -1.741787570522551 0.45653438012632463 0.5615924862950414
v -1.7145659995199063 0.48783204350811593 0.5664955499278896
v -1.6800735926972297 0.5111273795284457 0.5699882401916554
v -1.6406609505780891 0.5248328495348914 0.5718325360168065
v -1.5990139795904335 0.5280144483958739 0.5719027516907019
v -1.5579708519821975 0.5204553554068578 0.5701941021312027
v -1.5203285890729075 0.502670710263053 0.5668230289821117
v -1.4886524488730506 0.47587250714049384 0.5620192653075776
v -1.4651011079899503 0.4418869992958582 0.5561101796634252
v -1.451279551384359 0.40303024292505085 0.5494984664710778
v -1.4481296952977456 0.3619502617609162 0.542634703058221
v -1.4558661972170293 0.3214465886319114 0.5359866435585359
v -1.4739618273215847 0.28427948192629326 0.530007342240488
v -1.5011833983242293 0.25298181854450197 0.5251042786076399
v -1.5356758051469057 0.22968648252417218 0.5216115883438741
v -1.5750884472660465 0.21598101251772647 0.519767292518723
v -1.6167354182537022 0.212799413656744 0.5196970768448276
v -1.657778545861938 0.22035850664576004 0.5214057264043268
v -1.6954208087712281 0.2381431517895649 0.5247767995534178
v -1.727096948971085 0.26494135491212406 0.5295805632279519
v -1.7506482898541853 0.2989268627567596 0.5354896488721043
v -1.7644698464597766 0.33778361912756705 0.5421013620644517
v -1.763583168389191 0.3955618364126595 0.4188339600303979
v -1.7566104402642049 0.43628663529188755 0.42495519460694847
v -1.7392470449895663 0.4737227835838899 0.4314084883082742
v -1.7126762692588746 0.5053190696487269 0.4377540598332018
v -1.678708867527893 0.5289222588064113 0.4435594689688602
v -1.6396596620908028 0.5429238327219614 0.4484290866765466
v -1.5981897917662784 0.5463696072717273 0.4520310565569058
v -1.557125359684735 0.5390247586145542 0.454119910315128
v -1.5192648390303474 0.521389826048492 0.4545532960195845
v -1.487188361718243 0.4946666010848141 0.4533016791507202
v -1.463081886668357 0.4606762273425776 0.4504503553297537
v -1.4485882303175055 0.4217350926205676 0.4461936375630483
v -1.4446951113940993 0.380496970896821 0.44082161413184634
v -1.4516678395190854 0.339772172017593 0.4347003795552958
v -1.469031234793724 0.30233602372559054 0.42824708585397003
v -1.4956020105244157 0.27073973766075365 0.42190151432904244
v -1.529569412255397 0.2471365485030692 0.416096105193384
v -1.5686186176924874 0.2331349745875191 0.4112264874856977
v -1.6100884880170119 0.2296892000377532 0.40762451760533847
v -1.6511529200985553 0.2370340486949263 0.40553566384711626
v -1.6890134407529431 0.25466898126098847 0.40510227814265976
v -1.7210899180650472 0.2813922062246664 0.406353895011524
v -1.7451963931149332 0.31538257996690283 0.40920521883249056
v -1.7596900494657848 0.354323714688913 0.41346193659919594
v -1.7487070969824372 0.4081264007727817 0.291672059812262
v -1.742419805397201 0.44906503836557904 0.29706609453290694
v -1.7257967967044925 0.4867904747426452 0.3037791211351008
v -1.6999709014758981 0.5187317837591146 0.3113536579497051
v -1.6667021117919376 0.5427122179910235 0.3192735128103184
v -1.6282576406902978 0.5570975504750089 0.32699896069636897
v -1.5872574153440633 0.560907444575173 0.33400352510132875
v -1.5464955333545038 0.5538822623047375 0.3398098565365897
v -1.5087498496170133 0.5365007582257696 0.3440222631102551
v -1.4765926701006094 0.5099474531169577 0.3463536762756607
v -1.4522154534470837 0.4760319108400556 0.34664521407842663
v -1.4372794666861186 0.4370654195531507 0.3448770086990833
v -1.4328025726325886 0.3957034812422739 0.34116956041213536
v -1.4390898642178247 0.3547648436494766 0.33577552569149044
v -1.4557128729105333 0.3170394072724103 0.3290624990892966
v -1.4815387681391277 0.28509809825594107 0.3214879622746923
v -1.5148075578230882 0.2611176640240321 0.313568107414079
v -1.553252028924728 0.24673233154004665 0.3058426595280284
v -1.5942522542709625 0.2429224374398825 0.29883809512306864
v -1.6350141362605217 0.24994761971031815 0.29303176368780776
v -1.6727598199980125 0.26732912378928597 0.2888193571141423
v -1.7049169995144162 0.2938824288980979 0.28648794394873667
v -1.729294216167942 0.32779797117499987 0.28619640614597075
v -1.7442302029289072 0.3667644624619049 0.2879646115253141
v -1.7237783052304378 0.41642718483219054 0.168554497369579
v -1.7180653709890985 0.45756056541898604 0.17302720101007088
v -1.7021532777871713 0.4955842859618353 0.17977995304255304
v -1.6771264084803903 0.5279070927429123 0.18835256457546215
v -1.6446903028531554 0.5523262398960505 0.19816082629974088
v -1.6070554279007638 0.5671776028973121 0.20853632138779854
v -1.5667865381566495 0.571449085901199 0.21877197699570028
v -1.526627891909387 0.5648495943999559 0.2281702501089883
v -1.4893162345354265 0.5478288728332168 0.23609066394637268
v -1.4573942938243742 0.521546855247683 0.24199345539393846
v -1.433037497282187 0.4877946177087207 0.24547635896935804
v -1.4179057203417056 0.44887231942640055 0.24630202054973693
v -1.41303016859498 0.40743245070652334 0.2444141726628426
v -1.4187431028363193 0.3662990701197279 0.23994146902235072
v -1.4346551960382465 0.32827534957687854 0.23318871698986857
v -1.4596820653450275 0.29595254279580163 0.22461610545695945
v -1.4921181709722624 0.2715333956426635 0.21480784373268072
v -1.529753045924654 0.25668203264140177 0.20443234864462306
v -1.5700219356687684 0.25241054963751486 0.19419669303672132
v -1.6101805819160309 0.25901004113875803 0.18479841992343332
v -1.6474922392899913 0.2760307627054971 0.1768780060860489
v -1.6794141800010436 0.3023127802910309 0.17097521463848317
v -1.7037709765432307 0.3360650178299931 0.16749231106306356
v -1.7189027534837122 0.3749873161123134 0.16666664948268467
v -1.6897099166596277 0.42038973660945306 0.05041815081203573
v -1.6844275773499622 0.46168539090030225 0.05378913317745009
v -1.6691574069953297 0.5000024304633982 0.06036363471447476
v -1.6449400424702483 0.5327296123744178 0.06969361400823898
v -1.6134258571460156 0.5576366332703504 0.08114324838839251
v -1.5767624906728241 0.5730261208379364 0.09393226419334338
v -1.537448490886744 0.5778493069317752 0.10718911113083204
v -1.4981630419037404 0.5717774993902639 0.12001035699004409
v -1.4615833821497306 0.5552244818632199 0.13152225505378476
v -1.4302023549862044 0.5293183151399566 0.14094028849332124
v -1.406158525554757 0.4958244616706995 0.14762263389378527
v -1.3910904410968348 0.45702547221816864 0.15111390045923306
v -1.3860249666670577 0.4155654337951921 0.15117616414282023
v -1.3913073059767231 0.374269779504343 0.14780518177740587
v -1.4065774763313557 0.3359527399412469 0.1412306802403812
v -1.430794840856437 0.3032255580302273 0.131900700946617
v -1.4623090261806697 0.2783185371342948 0.12045106656646347
v -1.4989723926538612 0.2629290495667089 0.10766205076151258
v -1.5382863924399413 0.25810586347287 0.09440520382402394
v -1.577571841422945 0.2641776710143813 0.08158395796481191
v -1.6141515011769547 0.28073068854142524 0.07007205990107118
v -1.645532528340481 0.30663685526468853 0.06065402646153471
v -1.6695763577719283 0.3401307087339456 0.05397168106107071
v -1.6846444422298508 0.3789296981864766 0.050480414495622884
v -1.6475171368971782 0.42 -0.061957197496814075
v -1.6424906123492042 0.4614110472164033 -0.05984605718666511
v -1.627753588046503 0.5 -0.053656506979530526
v -1.604310367841219 0.5331370849898476 -0.043810354493311235
v -1.573758568448589 0.5585640646055101 -0.030978598748406735
v -1.5381802445079855 0.5745481322062509 -0.016035702693353263
v -1.5000000000000002 0.58 5.843305946425942e-16
v -1.4618197554920147 0.5745481322062509 0.016035702693354442
v -1.4262414315514114 0.5585640646055101 0.030978598748407877
v -1.3956896321587815 0.5331370849898476 0.04381035449331238
v -1.3722464119534974 0.49999999999999994 0.053656506979531664
v -1.3575093876507962 0.46141104721640336 0.059846057186666204
v -1.3524828631028223 0.42 0.06195719749681517
v -1.3575093876507962 0.3785889527835967 0.059846057186666204
v -1.3722464119534974 0.33999999999999997 0.05365650697953162
v -1.3956896321587815 0.3068629150101524 0.04381035449331234
v -1.4262414315514111 0.28143593539448986 0.03097859874840786
v -1.461819755492015 0.2654518677937491 0.01603570269335436
v -1.5000000000000002 0.26 5.254390929498852e-16
v -1.5381802445079855 0.2654518677937491 -0.016035702693353304
v -1.573758568448589 0.2814359353944898 -0.030978598748406798
v -1.604310367841219 0.3068629150101524 -0.043810354493311277
v -1.627753588046503 0.3399999999999999 -0.053656506979530554
v -1.6424906123492042 0.37858895278359667 -0.05984605718666512
v -1.5982891365396805 0.4153078150817587 -0.16796476662113347
v -1.5933163058222661 0.45677278344800887 -0.16724016532282054
v -1.5789657869761229 0.4955939231659119 -0.1616206089480487
v -1.5562155441452616 0.5291256377186595 -0.15148906097700257
v -1.526615968782052 0.5550827961732603 -0.13753596966073434
v -1.4921842230318854 0.5716964610772657 -0.12071221511387399
v -1.4552667734664855 0.5778344386228472 -0.10216430840622116
v -1.418379483264764 0.5730784357837609 -0.08315625872803727
v -1.3840361602948397 0.5577525662938243 -0.06498343325260325
v -1.3545772452620874 0.5329012628315796 -0.04888428000405583
v -1.3320103145428308 0.500218100659258 -0.03595592967117485
v -1.3178732671719706 0.4619303832674241 -0.02707942796403709
v -1.313129519565256 0.4206473553228866 -0.02285969380487128
v -1.3181023502826703 0.3791823869566365 -0.02358429510318419
v -1.3324528691288136 0.34036124723873334 -0.029203851477956053
v -1.3552031119596748 0.3068295326859858 -0.039335399449002155
v -1.3848026873228845 0.280872374231385 -0.053288490765270376
v -1.419234433073051 0.26425870932737955 -0.07011224531213076
v -1.456151882638451 0.25812073178179806 -0.08866015201978356
v -1.4930391728401722 0.26287673462088434 -0.10766820169796743
v -1.5273824958100968 0.27820260411082104 -0.1258410271734015
v -1.556841410842849 0.3030539075730657 -0.1419401804219489
v -1.5794083415621056 0.33573706974538725 -0.15486853075482987
v -1.5935453889329658 0.37402478713722126 -0.16374503246196767
v -1.5431572350851142 0.40642832986387634 -0.2671826992648896
v -1.5380146079034123 0.4478721644040576 -0.26793080238331785
v -1.5238706566349285 0.4868665874186202 -0.26303373078124676
v -1.501689268184626 0.5207541934204527 -0.25282521179556405
v -1.4729820675189145 0.547225598062447 -0.2380009391247686
v -1.4397054029222707 0.5644768188643157 -0.21957116245310632
v -1.404127024094667 0.5713322136374017 -0.19879184060410499
v -1.3686715387571542 0.5673245985569948 -0.17707905002232102
v -1.3357551796425235 0.5527270859679276 -0.15591248150382006
v -1.3076211422275816 0.528534472229615 -0.1367346017137295
v -1.2861867146684618 0.4963954439881384 -0.12085235146679923
v -1.2729126177812518 0.4585002229058991 -0.10934807987069804
v -1.2687034593323323 0.4174313056748377 -0.10300578402299243
v -1.2738460865140342 0.37598747113465647 -0.10225768090456416
v -1.287990037782518 0.3369930481200938 -0.10715475250663525
v -1.3101714262328206 0.3031054421182613 -0.11736327149231798
v -1.338878626898532 0.276634037476267 -0.13218754416311337
v -1.3721552914951758 0.25938281667439833 -0.1506173208347757
v -1.4077336703227792 0.25252742190131233 -0.17139664268377702
v -1.443189155660292 0.2565350369817192 -0.19310943326556093
v -1.476105514774923 0.27113254957078636 -0.21427600178406198
v -1.5042395521898648 0.2953251633090989 -0.2334538815741525
v -1.5256739797489847 0.3274641915505755 -0.24933613182108277
v -1.5389480766361947 0.36535941263281496 -0.260840403417184
v -1.4832599981149388 0.39354045532718196 -0.3593806916176283
v -1.4777110276804626 0.43487696108901697 -0.36163899020700824
v -1.4635678677025354 0.4739671596546122 -0.35757388308163035
v -1.441794351160976 0.5081471185913299 -0.347462400574182
v -1.413874307225654 0.5350875301826855 -0.33199362350753087
v -1.381710440750708 0.5529524498998635 -0.31222172347540644
v -1.3474946660831024 0.5605244129873137 -0.2894941227903883
v -1.3135587317221937 0.5572874026738872 -0.2653596698800244
v -1.2822153155128946 0.5434620158630314 -0.2414630878260869
v -1.2556004194724246 0.5199904298183744 -0.2194328892045825
v -1.2355278047827463 0.48847219434022937 -0.20077039564494226
v -1.223365386963397 0.4510552250900852 -0.18674742524202675
v -1.2199420146894198 0.4102894266878738 -0.17831962025474035
v -1.225490985123896 0.3689529209260389 -0.17606132166536043
v -1.2396341451018231 0.32986272236044356 -0.1801264287907383
v -1.2614076616433825 0.2956827634237259 -0.19023791129818668
v -1.2893277055787042 0.2687423518323703 -0.2057066883648378
v -1.3214915720536506 0.2508774321151923 -0.22547858839696225
v -1.3557073467212561 0.2433054690277421 -0.2482061890819804
v -1.3896432810821648 0.2465424793411686 -0.27234064199234426
v -1.420986697291464 0.26036786615202434 -0.2962372240462818
v -1.447601593331934 0.2838394521966814 -0.3182674226677861
v -1.4676742080216123 0.31535768767482636 -0.3369299162274264
v -1.4798366258409617 0.3527746569249706 -0.35095288663034196
v -1.4197064923734144 0.376881710929677 -0.444519846466885
v -1.4135119406124546 0.41801750774037116 -0.44827103870799623
v -1.3991482010004332 0.4571096648153148 -0.44509551771362477
v -1.3775941386547084 0.49149411625269457 -0.4352096899917406
v -1.3503186273043684 0.5188276185100457 -0.4192872583644872
v -1.3191804479730254 0.5372474385792779 -0.3984133102341996
v -1.2863016161238359 0.545498296162865 -0.37401037067012666
v -1.2539227698124837 0.5430179089516725 -0.3477414596757954
v -1.224250473906514 0.5299753112351092 -0.32139676012404167
v -1.1993068463361312 0.5072593344936472 -0.2967716197526429
v -1.180791754098963 0.47641803500229074 -0.2755442011829413
v -1.169966970133336 0.43955319635371837 -0.25916111791049434
v -1.1675701855777063 0.399177096379804 -0.24873884998599394
v -1.1737647373386662 0.35804129956910985 -0.24498765774488274
v -1.1881284769506875 0.3189491424941661 -0.24816317873925417
v -1.2096825392964123 0.2845646910567864 -0.2580490064611384
v -1.2369580506467523 0.2572311887994353 -0.27397143808839175
v -1.2680962299780953 0.238811368730203 -0.29484538621867934
v -1.3009750618272848 0.23056051114661588 -0.3192483257827523
v -1.3333539081386367 0.23304089835780853 -0.3455172367770835
v -1.3630262040446066 0.24608349607437177 -0.37186193632883735
v -1.3879698316149895 0.2687994728158337 -0.3964870767002361
v -1.4064849238521577 0.29964077230719016 -0.41771449526993765
v -1.4173097078177848 0.3365056109557626 -0.4340975785423846
v -1.353539682522905 0.3567392930732577 -0.5227444284844016
v -1.346469369223965 0.39757911120185724 -0.5279133373709514
v -1.3316605603124758 0.43656719015564405 -0.5256271676231007
v -1.3101224516430414 0.4710465567847645 -0.5160417179310918
v -1.283322829728076 0.49866749923329134 -0.49981022085073024
v -1.2530880445126156 0.5175476959191232 -0.4780388260842256
v -1.2214785466437488 0.5264004926391208 -0.45221121820598414
v -1.1906484711640735 0.5246225859267547 -0.42408750601076795
v -1.162698836768421 0.5123351371863428 -0.3955842740080491
v -1.1395343648519005 0.4903755157435752 -0.36864397035499474
v -1.1227336758945228 0.460240233509786 -0.34510253222460385
v -1.113441709084282 0.4239829601682995 -0.3265642697213966
v -1.1122916966035947 0.38407456897936076 -0.31429253479903924
v -1.1193620099025345 0.34323475085076127 -0.3091236259124896
v -1.1341708188140238 0.3042466718969744 -0.31140979566034016
v -1.1557089274834582 0.269767305267854 -0.32099524535234913
v -1.1825085493984235 0.24214636281932717 -0.3372267424327106
v -1.212743334613884 0.22326616613349526 -0.3589981371992153
v -1.2443528324827509 0.21441336941349762 -0.3848257450774567
v -1.2751829079624262 0.21619127612586375 -0.4129494572726729
v -1.3031325423580786 0.2284787248662756 -0.4414526892753919
v -1.3262970142745991 0.25043834630904327 -0.46839299292844616
v -1.3430977032319769 0.2805736285428324 -0.491934431058837
v -1.3523896700422176 0.316830901884319 -0.5104726935620443
v -1.2857025735474368 0.3334378848628613 -0.5943648444637252
v -1.2775475149958933 0.3738907622879128 -0.6008191005830903
v -1.2620797433395674 0.4126621797509069 -0.5993620755669368
v -1.2403533616551365 0.4471099292245375 -0.5900930632622676
v -1.213848986949851 0.4748864535097743 -0.5736437315398791
v -1.184372848559326 0.49409882837945507 -0.551135075172846
v -1.1539336966032538 0.5034377622361618 -0.5241010218952681
v -1.124605908984364 0.5022668221708777 -0.4943838977621271
v -1.0983881259624233 0.4906658058139821 -0.4640088756732269
v -1.0770670461234417 0.4694253032586114 -0.4350459631868286
v -1.0620956658236955 0.43999281965232395 -0.4094689349254043
v -1.0544942598892368 0.4043741301134094 -0.3890208230969324
v -1.0547808515725814 0.364996589471277 -0.3750951327304207
v -1.062935910124125 0.32454371204622556 -0.3686408766110556
v -1.0784036817804508 0.28577229458323133 -0.3700979016272091
v -1.1001300634648816 0.2513245451096008 -0.37936691393187827
v -1.1266344381701672 0.22354802082436404 -0.39581624565426676
v -1.1561105765606923 0.20433564595468323 -0.4183249020212999
v -1.1865497285167643 0.19499671209797653 -0.44535895529887776
v -1.215877516135654 0.19616765216326054 -0.47507607943201874
v -1.2420952991575949 0.20776866852015616 -0.505451101520919
v -1.2634163789965764 0.22900917107552685 -0.5344140140073173
v -1.2783877592963226 0.25844165468181424 -0.5599910422687415
v -1.2859891652307813 0.29406034422072896 -0.5804391540972135
v -1.2170099218733554 0.30732542618393244 -0.6598322741455086
v -1.2075936975751207 0.3473111552391441 -0.6673870002085924
v -1.1912773165483923 0.3857535446969581 -0.6666412811166618
v -1.1691727131960472 0.4200328092448768 -0.6576459363934728
v -1.1427862797069637 0.4478128736531226 -0.6410139839164006
v -1.1139162079177793 0.4672005724410007 -0.6178788637611569
v -1.0845299455108781 0.4768746659758043 -0.5898171961337275
v -1.0566301177061954 0.476175880770332 -0.5587413373088235
v -1.0321180516619748 0.4651518378815396 -0.5267690557100771
v -1.0126642041710254 0.444553807614206 -0.49607920949174955
v -0.9995943227908525 0.4157855116911955 -0.46876326095625076
v -0.9937990983385148 0.38080746193780457 -0.4466827468545358
v -0.9956734657833777 0.3420033546407663 -0.4313424177328616
v -1.0050896900816124 0.30201762558555467 -0.4237876916697778
v -1.0214060711083408 0.2635752361277406 -0.4245334107617084
v -1.043510674460686 0.2292959715798219 -0.43352875548489744
v -1.0698971079497694 0.20151590717157608 -0.45016070796196955
v -1.0987671797389538 0.18212820838369798 -0.4732958281172134
v -1.128153442145855 0.17245411484889442 -0.5013574957446427
v -1.1560532699505377 0.17315290005436673 -0.5324333545695468
v -1.1805653359947583 0.18417694294315914 -0.5644056361682931
v -1.2000191834857077 0.2047749732104927 -0.5950954823866207
v -1.2130890648658805 0.2335432691335031 -0.6224114309221195
v -1.2188842893182184 0.2685213188868942 -0.6444919450238344
v -1.1481279478625313 0.27875853759797964 -0.7197066937141706
v -1.137316196372402 0.31821362424182936 -0.7281328352772888
v -1.1199980145535313 0.35622200487371225 -0.7279296746754434
v -1.0973536078772261 0.39019347116538444 -0.7191110569679118
v -1.0709261552368254 0.41781292382957086 -0.702277956378007
v -1.0425166438563422 0.43719814281051084 -0.6785775208929172
v -1.014061134987419 0.44702805747024243 -0.6496248960241299
v -0.9874988245345209 0.4466327753694069 -0.6173931553099778
v -0.9646398900587195 0.4360392343299416 -0.5840788386146607
v -0.9470421301683654 0.41596936666703194 -0.5519522615664527
v -0.9359048031183129 0.38779090069488054 -0.5232027972995107
v -0.93198689934172 0.3534241523023729 -0.4997896742928904
v -0.9355554175063192 0.3152111585987212 -0.4833084581874779
v -0.9463671689964483 0.2757560719548715 -0.47488231662435976
v -0.9636853508153193 0.23774769132298854 -0.47508547722620503
v -0.9863297574916243 0.20377622503131637 -0.48390409493373676
v -1.012757210132025 0.17615677236712998 -0.5007371955236415
v -1.0411667215125082 0.15677155338618995 -0.5244376310087313
v -1.0696222303814316 0.1469416387264584 -0.5533902558775187
v -1.0961845408343296 0.14733692082729397 -0.5856219965916706
v -1.119043475310131 0.1579304618667592 -0.6189363132869878
v -1.136641235200485 0.17800032952966888 -0.6510628903351957
v -1.1477785622505376 0.20617879550182022 -0.6798123546021378
v -1.1516964660271305 0.240545543894328 -0.7032254776087582
v -1.0795634802395446 0.24808935839770554 -0.774621156759892
v -1.0672707141710829 0.28697183394228165 -0.7836565699718717
v -1.0488435834318002 0.3244554518982079 -0.7837866916504914
v -1.0255378665293053 0.3579857656463955 -0.7750026542183893
v -0.998941809555985 0.38527773971636886 -0.7579030753102551
v -0.9708678898425088 0.4044714711773789 -0.7336532629702877
v -0.9432292986230044 0.4142589389494987 -0.7039058018347463
v -0.9179095602141492 0.4139731432786138 -0.670687932220014
v -0.8966341729456606 0.403633560667395 -0.6362633970452101
v -0.8808530193006463 0.38394481658382895 -0.6029781714932628
v -0.8716415588204245 0.3562486664000225 -0.5731005886791016
v -0.8696275373140642 0.3224325569809499 -0.5486667564964716
v -0.8749482070188959 0.28480100029975786 -0.5313418002298018
v -0.8872409730873576 0.24591852475518178 -0.5223063870178221
v -0.9056681038266403 0.20843490679925541 -0.5221762653392024
v -0.9289738207291353 0.17490459305106784 -0.5309603027713043
v -0.9555698777024555 0.14761261898109454 -0.5480598816794386
v -0.9836437974159317 0.12841888752008448 -0.5723096940194061
v -1.011282388635436 0.11863141974796462 -0.6020571551549475
v -1.0366021270442913 0.11891721541884964 -0.6352750247696797
v -1.0578775143127799 0.1292567980300684 -0.6696995599444838
v -1.0736586679577942 0.14894554211363442 -0.702984785496431
v -1.082870128438016 0.1766416922974408 -0.732862368310592
v -1.0848841499443762 0.2104578017165135 -0.7572962004932222
v -1.0116625934704953 0.2156551967416155 -0.8252457355449632
v -0.9978559592047296 0.25394783407103966 -0.8346078117360801
v -0.9782649879113534 0.2908360473451284 -0.8348342167429937
v -0.9542247719083994 0.3238059657899073 -0.8259095214386348
v -0.9273736121881335 0.3506107439487311 -0.8084419290592392
v -0.8995413709118525 0.3694236804870663 -0.7836218271589013
v -0.8726247693275815 0.3789627048696729 -0.7531406646649714
v -0.8484581293515011 0.3785777483488595 -0.7190756824289082
v -0.8286883675607205 0.3682950450753486 -0.6837483526950545
v -0.8146627605502051 0.34881534428425964 -0.6495661746035998
v -0.8073371302593103 0.3214661553927775 -0.6188586071027562
v -0.807210706286184 0.2881112804271852 -0.593718320171052
v -0.8142921042156691 0.2510237989948506 -0.5758585828165939
v -0.8280987384814349 0.21273116166542647 -0.5664965066254769
v -0.8476897097748111 0.17584294839133766 -0.5662701016185633
v -0.8717299257777651 0.1428730299465588 -0.5751947969229221
v -0.8985810854980308 0.116068251787735 -0.5926623893023177
v -0.926413326774312 0.09725531524939982 -0.6174824912026557
v -0.953329928358583 0.0877162908667932 -0.6479636536965856
v -0.9774965683346634 0.08810124738760666 -0.6820286359326487
v -0.9972663301254441 0.09838395066111744 -0.7173559656665025
v -1.0112919371359592 0.11786365145220642 -0.7515381437579572
v -1.0186175674268543 0.1452128403436885 -0.7822457112588007
v -1.0187439913999805 0.17856771530928095 -0.8073859981905052
v -0.9446174563403726 0.18177174899002085 -0.8722542965599753
v -0.9293175216924757 0.2194835107290337 -0.8816528454006055
v -0.9085626875907906 0.25573029553530946 -0.8817245853390612
v -0.8837673616803622 0.28804194492494456 -0.8724646274170922
v -0.8566213044457727 0.3142164733895607 -0.8545040224642769
v -0.8289744748265786 0.33247013006974774 -0.8290667560268465
v -0.802710958572782 0.34155895842834494 -0.7978863357754417
v -0.779620570914566 0.3408635698327128 -0.7630876558221147
v -0.7612768836121687 0.33043135386645983 -0.7270421886981472
v -0.7489299886408716 0.310973248807634 -0.6922063734200865
v -0.74342130648876 0.2838152923599554 -0.660954213230226
v -0.7451262447409726 0.25080825437468823 -0.635415491198868
v -0.7539286146731647 0.21420150994381906 -0.6173306290277156
v -0.7692285493210617 0.17648974820480626 -0.6079320801870854
v -0.7899833834227468 0.14024296339853043 -0.6078603402486298
v -0.8147787093331751 0.10793131400889534 -0.6171202981705988
v -0.8419247665677646 0.08175678554427923 -0.635080903123414
v -0.8695715961869588 0.06350312886409215 -0.6605181695608444
v -0.8958351124407554 0.05441430050549498 -0.6916985898122493
v -0.9189255000989712 0.055109689101127096 -0.7264972697655763
v -0.9372691874013687 0.06554190506738009 -0.7625427368895439
v -0.9496160823726658 0.08500001012620587 -0.7973785521676044
v -0.9551247645247773 0.11215796657388445 -0.8286307123574649
v -0.9534198262725648 0.1451650045591517 -0.854169434388823
v -0.8784791599257111 0.14672996406523328 -0.9162963950720633
v -0.8617581773418889 0.18389576382616082 -0.9254456990653657
v -0.8398936145375481 0.21948265345504525 -0.9251112234813004
v -0.8143755053349059 0.25106544523379387 -0.9153157622781746
v -0.7869428667054532 0.2764918240957161 -0.8967268599492162
v -0.7594651876372082 0.2940290243404498 -0.8706113194685302
v -0.7338150265496602 0.3024819147529101 -0.838748871761904
v -0.7117403995320303 0.30127444482054955 -0.80331088998536
v -0.6947456559355238 0.29048890162382024 -0.7667124140329356
v -0.683988959451101 0.2708603021076264 -0.7314475695589472
v -0.6802033611678939 0.2437263028912022 -0.6999195974363863
v -0.6836468433529062 0.21093604118009313 -0.6742770768629681
v -0.6940847383858524 0.17472411912144156 -0.656267503239502
v -0.7108057209696746 0.13755831936051408 -0.6471181992461997
v -0.7326702837740154 0.10197142973162956 -0.6474526748302649
v -0.7581883929766576 0.07038863795288099 -0.6572481360333907
v -0.7856210316061103 0.044962259090958745 -0.6758370383623491
v -0.8130987106743554 0.027425058846225037 -0.7019525788430352
v -0.8387488717619033 0.018972168433764786 -0.7338150265496612
v -0.8608234987795331 0.020179638366125296 -0.7692530083262052
v -0.8778182423760397 0.030965181562854605 -0.8058514842786297
v -0.8885749388604625 0.05059378107904841 -0.841116328752618
v -0.8923605371436696 0.07772778029547257 -0.8726443008751789
v -0.8889170549586574 0.11051804200658176 -0.8982868214485972
v -0.8131739267983062 0.11079611012097106 -0.9579753420172332
v -0.795152223492723 0.14747513794703238 -0.9666046422032418
v -0.7722828259819642 0.18241259567163998 -0.9656236227152278
v -0.7461242459129219 0.21322755328774057 -0.9550991384100882
v -0.7184591472882038 0.23782002235792218 -0.9357484155006853
v -0.6911728608603473 0.2545140667560286 -0.9088901737747136
v -0.6661249019566905 0.2621720149445417 -0.8763547580204548
v -0.6450222475828084 0.26027199040977206 -0.840359403054245
v -0.6293030087604956 0.24894347668382516 -0.8033571328318947
v -0.6200384256382225 0.22895849325587025 -0.7678695909199142
v -0.6178598642453245 0.20167898371977575 -0.7363151946536693
v -0.6229157899404845 0.1689640015689055 -0.7108443239925993
v -0.6348616497428898 0.13304301877277702 -0.6931927766796517
v -0.6528833530484731 0.09636399094671573 -0.6845634764936432
v -0.6757527505592319 0.06142653322210808 -0.6855444959816571
v -0.7019113306282742 0.030611575606007496 -0.6960689802867968
v -0.7295764292529923 0.006019106535825922 -0.7154197031961995
v -0.7568627156808487 -0.010674937862280534 -0.7422779449221714
v -0.7819106745845055 -0.018332886050793626 -0.7748133606764301
v -0.8030133289583877 -0.016432861516023953 -0.8108087156426399
v -0.8187325677807005 -0.00510434779007711 -0.8478109858649904
v -0.8279971509029735 0.014880635637877795 -0.8832985277769707
v -0.8301757122958717 0.04216014517397225 -0.9148529240432155
v -0.8251197866007116 0.07487512732484258 -0.9403237947042857
v -0.7485203005534024 0.07421433550975143 -0.9978322878620457
v -0.7293614824095519 0.11048726425207742 -1.0056943500460223
v -0.705637657025236 0.14481460340268887 -1.0038473010555822
v -0.6789655638949205 0.17485700152708183 -0.992417014227031
v -0.6511628620877183 0.19856711884048922 -0.9721824447182926
v -0.6241242597856533 0.2143291500308238 -0.9445225450021802
v -0.5996923930522083 0.22106893872045236 -0.9113222915342014
v -0.5795322532296986 0.21832717944820423 -0.8748442267221859
v -0.5650177205308219 0.20629071857751163 -0.8375742704002203
v -0.5571379363726073 0.18577982102552024 -0.8020523085001313
v -0.5564298950234783 0.15819227056453733 -0.7706991040225927
v -0.562941848331284 0.1254081131678963 -0.7456513260391283
v -0.5762300174396094 0.0896615349837963 -0.728615939225901
v -0.5953888355834598 0.05338860624147035 -0.7207538770419244
v -0.6191126609677758 0.019061267090858813 -0.7226009260323646
v -0.6457847540980913 -0.010981131033534125 -0.7340312128609157
v -0.6735874559052935 -0.03469124834694147 -0.754265782369654
v -0.7006260582073585 -0.05045327953727609 -0.7819256820857665
v -0.7250579249408035 -0.05719306822690466 -0.8151259355537452
v -0.7452180647633132 -0.05445130895465651 -0.8516040003657607
v -0.7597325974621899 -0.042414848083963924 -0.8888739566877264
v -0.7676123816204045 -0.02190395053197254 -0.9243959185878153
v -0.7683204229695335 0.005683599929010297 -0.955749123065354
v -0.7618084696617278 0.03846775732565147 -0.9807969010488184
v -0.6842455111077688 0.03721098019854883 -1.036335250078374
v -0.6641510692563399 0.07317634756729637 -1.043213000488957
v -0.6397624893517594 0.10696034435460487 -1.0403084479739002
v -0.6127418128104904 0.13626064701011373 -1.0278195329871047
v -0.5849304540850414 0.1590804883288896 -1.0065973544460127
v -0.5582237113121081 0.1738647338366287 -0.9780881687468915
v -0.5344416048766869 0.17960586163409953 -0.9442348297814792
v -0.5152048460305624 0.1759126233495667 -0.9073443866549807
v -0.5018243880988511 0.16303670706875634 -0.8699308621021273
v -0.4952120871773467 0.14185558520774788 -0.8345439259924231
v -0.495818560646506 0.11381271621791018 -0.8035951395420675
v -0.5036024783416504 0.08081917527786855 -0.7791936114023646
v -0.518033379135388 0.045123417678282325 -0.763002265390603
v -0.538127820986817 0.00915805030953483 -0.7561245149800201
v -0.5625164008913975 -0.02462594647777376 -0.7590290674950769
v -0.5895370774326665 -0.05392624913328259 -0.7715179824818723
v -0.6173484361581154 -0.07674609045205844 -0.7927401610229643
v -0.6440551789310488 -0.09153033595979758 -0.8212493467220855
v -0.66783728536647 -0.09727146375726838 -0.8551026856874978
v -0.6870740442125944 -0.09357822547273557 -0.8919931288139962
v -0.7004545021443058 -0.08070230919192518 -0.9294066533668498
v -0.7070668030658103 -0.05952118733091677 -0.9647935894765539
v -0.706460329596651 -0.031478318341079115 -0.9957423759269094
v -0.6986764119015065 0.0015152225989626261 -1.0201439040666125
v -0.6199999999999998 2.258489118381577e-16 -1.0738715006927042
v -0.5992037299982829 0.035769988849638217 -1.079582958099721
v -0.5743728236359728 0.06910231207187491 -1.0754622771081574
v -0.5471994661466479 0.09772542692338344 -1.0617902753178412
v -0.5195354769371094 0.11968871542896736 -1.0394986770567312
v -0.4932661111550835 0.13349541577302146 -1.0101066179077138
v -0.47018158266643567 0.1382046241437496 -0.9756171181291208
v -0.4518550639386802 0.13349541577302146 -0.9383805801342696
v -0.43953547693710954 0.11968871542896739 -0.9009346124512209
v -0.43406238115680046 0.09772542692338353 -0.8658310958951869
v -0.4358087590304627 0.06910231207187496 -0.8354622771081573
v -0.44465559779203206 0.035769988849638314 -0.8118977409036223
v -0.45999999999999985 3.0542792886223123e-16 -0.7967433714816836
v -0.48079627000171676 -0.035769988849637654 -0.7910319140746669
v -0.5056271763640269 -0.0691023120718744 -0.7951525950662304
v -0.5328005338533517 -0.09772542692338292 -0.8088245968565466
v -0.5604645230628902 -0.11968871542896681 -0.8311161951176567
v -0.5867338888449162 -0.13349541577302096 -0.860508254266674
v -0.6098184173335639 -0.1382046241437491 -0.894997754045267
v -0.6281449360613194 -0.13349541577302096 -0.9322342920401182
v -0.6404645230628901 -0.11968871542896686 -0.969680259723167
v -0.6459376188431991 -0.097725426923383 -1.004783776279201
v -0.644191240969537 -0.0691023120718745 -1.0351525950662304
v -0.6353444022079675 -0.03576998884963776 -1.0587171312707655
v -0.555369897851288 -0.03721098019854837 -1.1107416200839815
v -0.5341323304867698 -0.0015152225989621543 -1.1151434737649706
v -0.509108028379054 0.03147831834107952 -1.1096837801600814
v -0.4820023563621669 0.059521187330917213 -1.0947346083659169
v -0.4546625211898183 0.08070230919192567 -1.0713147197355748
v -0.42895168744779 0.09357822547273609 -1.041020140976017
v -0.40662200596643955 0.09727146375726889 -1.005915397565549
v -0.38919520763717746 0.09153033595979809 -0.9683928197542626
v -0.3778588999669971 0.07674609045205899 -0.9310095092110054
v -0.373385633589487 0.05392624913328317 -0.8963130767704586
v -0.37608025421585234 0.024625946477774288 -0.8666680269648797
v -0.3857591279034774 -0.009158050309534163 -0.8440946209477578
v -0.40176265540564554 -0.04512341767828173 -0.8301311990348427
v -0.42300022277016375 -0.0808191752778679 -0.8257293453538536
v -0.4480245248778796 -0.11381271621790966 -0.8311890389587426
v -0.4751301968947667 -0.14185558520774733 -0.8461382107529072
v -0.5024700320671153 -0.16303670706875578 -0.8695580993832492
v -0.5281808658091436 -0.1759126233495662 -0.899852678142807
v -0.550510547290494 -0.179605861634099 -0.934957421553275
v -0.5679373456197561 -0.1738647338366282 -0.9724799993645613
v -0.5792736532899365 -0.1590804883288891 -1.0098633099078187
v -0.5837469196674465 -0.1362606470101133 -1.0445597423483655
v -0.5810522990410812 -0.10696034435460447 -1.0742047921539444
v -0.5713734253534561 -0.07317634756729591 -1.0967781981710663
v -0.4898879597281787 -0.07421433550975097 -1.1471537394586317
v -0.46849079743046673 -0.03846775732565101 -1.1501439380696117
v -0.4435428087345311 -0.005683599929009908 -1.1432595660706975
v -0.4167441578414992 0.02190395053197297 -1.1269697820366524
v -0.3899211285228665 0.04241484808396441 -1.1023847078292561
v -0.36490166589954603 0.054451308954657024 -1.071179775626986
v -0.34339080500270025 0.057193068226905175 -1.0354815499908387
v -0.3268544754540707 0.0504532795372766 -0.9977228060038099
v -0.3164196007848199 0.03469124834694204 -0.9604767396693411
v -0.3127973004592114 0.01098113103353468 -0.9262816088560915
v -0.3162344282583012 -0.019061267090858286 -0.8974677552188581
v -0.32649674960270364 -0.0533886062414697 -0.8759987952658743
v -0.34288490425208545 -0.0896615349837957 -0.8633378031388019
v -0.3642820665497974 -0.12540811316789563 -0.860347604527822
v -0.38923005524573306 -0.15819227056453677 -0.8672319765267362
v -0.41602870613876497 -0.18577982102551965 -0.8835217605607812
v -0.44285173545739764 -0.20629071857751108 -0.9081068347681776
v -0.46787119808071814 -0.2183271794482037 -0.9393117669704475
v -0.4893820589775639 -0.22106893872045186 -0.9750099926065949
v -0.5059183885261934 -0.21432915003082328 -1.0127687365936238
v -0.5163532631954443 -0.19856711884048872 -1.0500148029280927
v -0.5199755635210528 -0.1748570015270814 -1.0842099337413422
v -0.516538435721963 -0.14481460340268848 -1.1130237873785755
v -0.5062761143775605 -0.11048726425207693 -1.1344927473315594
v -0.4230440189868563 -0.1107961101209706 -1.1832169493110973
v -0.4017844006965382 -0.07487512732484214 -1.1847365937135539
v -0.3771980167999637 -0.042160145173971875 -1.1763797184746738
v -0.3509603887287638 -0.014880635637877393 -1.1587158308315977
v -0.3248595674762604 0.00510434779007754 -1.1329486955362464
v -0.30067428087716497 0.01643286151602444 -1.100834300276794
v -0.28005271624513 0.01833288605079411 -1.064561188018624
v -0.26440019913108187 0.010674937862281048 -1.0266013114179793
v -0.2547834227093354 -0.006019106535825394 -0.9895415733335312
v -0.2518577544005581 -0.03061157560600697 -0.955907533671622
v -0.25582257366509764 -0.06142653322210759 -0.9279912966523323
v -0.2664076846222494 -0.0963639909467151 -0.9076953076947636
v -0.28289172945300634 -0.13304301877277647 -0.8964027049056666
v -0.3041513477433244 -0.1689640015689049 -0.8948830605032101
v -0.32873773163989894 -0.20167898371977525 -0.90323993574209
v -0.3549753597110988 -0.2289584932558697 -0.9209038233851662
v -0.3810761809636022 -0.24894347668382463 -0.9466709586805174
v -0.40526146756269765 -0.26027199040977156 -0.9787853539399701
v -0.42588303219473256 -0.26217201494454123 -1.0150584661981399
v -0.4415355493087807 -0.25451406675602817 -1.0530183427987845
v -0.4511523257305272 -0.2378200223579217 -1.0900780808832329
v -0.45407799403930454 -0.21322755328774012 -1.123712120545142
v -0.450113174774765 -0.1824125956716396 -1.1516283575644317
v -0.4395280638176132 -0.14747513794703193 -1.1719243465220004
v -0.3542963755656533 -0.14672996406523411 -1.2189334667269103
v -0.33348067977993234 -0.11051804200658258 -1.2189681621757442
v -0.3095518644537809 -0.07772778029547346 -1.2091290449387349
v -0.2841406388074392 -0.05059378107904927 -1.1900866345956742
v -0.2589787358746694 -0.03096518156285541 -1.163138639942371
v -0.23578089775832914 -0.02017963836612613 -1.1301215222807814
v -0.21612801878980692 -0.018972168433765646 -1.0932853436161756
v -0.20135941019288944 -0.02742505884622587 -1.0551404286498829
v -0.19248152823717696 -0.044962259090959605 -1.0182862902994039
v -0.19009938590655762 -0.07038863795288186 -0.9852344771889803
v -0.19437532226418686 -0.10197142973163052 -0.9582374157613839
v -0.20501793931361112 -0.1375583193605149 -0.9391349111381517
v -0.2213019602906684 -0.17472411912144248 -0.9292287674409757
v -0.2421176560763893 -0.21093604118009399 -0.9291940719921419
v -0.2660464714025408 -0.24372630289120317 -0.9390331892291514
v -0.29145769704888247 -0.27086030210762735 -0.9580755995722119
v -0.3166195999816523 -0.2904889016238212 -0.9850235942255149
v -0.3398174380979926 -0.3012744448205505 -1.0180407118871047
v -0.3594703170665148 -0.302481914752911 -1.0548768905517105
v -0.3742389256634322 -0.29402902434045075 -1.0930218055180032
v -0.38311680761914474 -0.27649182409571704 -1.1298759438684822
v -0.3854989499497641 -0.25106544523379476 -1.1629277569789058
v -0.38122301359213484 -0.21948265345504617 -1.189924818406502
v -0.3705803965427106 -0.18389576382616166 -1.2090273230297344
v -0.2830856512108794 -0.18177174899002038 -1.2541898623289875
v -0.2630225161806253 -0.14516500455915127 -1.252770507218198
v -0.24005286499517353 -0.11215796657388406 -1.241477666040819
v -0.2157420414236694 -0.08500001012620545 -1.2210809272607863
v -0.19174678791697536 -0.06554190506737961 -1.1929702949187544
v -0.1697023413475413 -0.0551096891011266 -1.1590614621538164
v -0.1511109943189037 -0.054414300505494506 -1.1216652598819075
v -0.1372397164074106 -0.06350312886409168 -1.0833301774877115
v -0.12903381227935967 -0.08175678554427872 -1.0466686874846742
v -0.12705250074017976 -0.10793131400889483 -1.0141792098305258
v -0.1314308048969939 -0.14024296339852993 -0.9880758487359957
v -0.14187035055700492 -0.17648974820480567 -0.9701375051218326
v -0.157659699935648 -0.21420150994381854 -0.9615866474608272
v -0.17772283496590213 -0.2508082543746876 -0.9630060025716166
v -0.20069248615135388 -0.2838152923599549 -0.9742988437489957
v -0.22500330972285798 -0.3109732488076335 -0.9946955825290285
v -0.248998563229552 -0.3304313538664593 -1.0228062148710604
v -0.2710430097989861 -0.3408635698327123 -1.0567150476359983
v -0.2896343568276237 -0.34155895842834444 -1.0941112499079073
v -0.3035056347391168 -0.3324701300697473 -1.1324463323021032
v -0.31171153886716774 -0.3142164733895602 -1.1691078223051405
v -0.31369285040634765 -0.2880419449249441 -1.201597299959289
v -0.30931454624953353 -0.25573029553530907 -1.227700661053819
v -0.2988750005895225 -0.21948351072903322 -1.2456390046679822
v -0.2088524746114647 -0.2156551967416157 -1.28874837377638
v -0.18984478939284355 -0.17856771530928112 -1.2859511756003916
v -0.16813587423812087 -0.14521284034368875 -1.2732715457621646
v -0.14520515583941243 -0.11786365145220662 -1.2515735800810952
v -0.12261532476078632 -0.09838395066111758 -1.2223359590607643
v -0.10190584065878996 -0.08810124738760677 -1.1875511782562547
v -0.0844880206509338 -0.08771629086679336 -1.1495897629948248
v -0.07154886038644466 -0.09725531524939995 -1.1110387209923367
v -0.06397014225437417 -0.11606825178773512 -1.0745252420526505
v -0.06226834337099896 -0.14287302994655893 -1.0425376594241291
v -0.0665594385178655 -0.17584294839133788 -1.0172558740009263
v -0.0765509966520848 -0.21273116166542655 -1.0004027976795076
v -0.09156210959864038 -0.2510237989948508 -0.9931269397601522
v -0.1105697948172615 -0.2881112804271853 -0.9959241379361405
v -0.13227870997198424 -0.3214661553927778 -1.0086037677743676
v -0.15520942837069265 -0.34881534428425987 -1.030301733455437
v -0.17779925944931874 -0.3682950450753489 -1.0595393544757676
v -0.19850874355131512 -0.3785777483488597 -1.0943241352802775
v -0.21592656355917128 -0.3789627048696731 -1.1322855505417073
v -0.22886572382366038 -0.36942368048706653 -1.1708365925441955
v -0.23644444195573094 -0.3506107439487314 -1.2073500714838816
v -0.23814624083910613 -0.3238059657899076 -1.239337654112403
v -0.2338551456922396 -0.2908360473451287 -1.2646194395356058
v -0.22386358755802027 -0.2539478340710399 -1.2814725158570246
v -0.13105985994318356 -0.24808935839770402 -1.3222399772653302
v -0.11339567284437727 -0.210457801716512 -1.3181853342615257
v -0.0932423642155939 -0.17664169229743942 -1.3042242243819344
v -0.07197334873496786 -0.14894554211363303 -1.2813080741930254
v -0.05103807465879381 -0.12925679803006696 -1.250998581459444
v -0.031863246318186794 -0.1189172154188482 -1.215361288022179
v -0.015755596576657135 -0.11863141974796321 -1.1768248165355675
v -0.003812835144940227 -0.12841888752008307 -1.1380153638468924
v 0.0031511585217387783 -0.14761261898109307 -1.1015777300212337
v 0.004661799763539476 -0.17490459305106637 -1.0699950795877728
v 0.0006161408762857812 -0.20843490679925392 -1.045419717980753
v -0.008710113172623352 -0.2459185247551801 -1.0295264154809867
v -0.02268139358211836 -0.28480100029975625 -1.0233982743889092
v -0.04034558068092465 -0.3224325569809482 -1.0274529173927136
v -0.06049888930970805 -0.35624866640002084 -1.041414027272305
v -0.08176790479033408 -0.38394481658382723 -1.064330177461214
v -0.1027031788665081 -0.4036335606673933 -1.0946396701947951
v -0.12187800720711514 -0.41397314327861207 -1.1302769636320604
v -0.13798565694864479 -0.41425893894949706 -1.1688134351186716
v -0.14992841838036167 -0.40447147117737725 -1.207622887807347
v -0.15689241204704074 -0.3852777397163672 -1.2440605216330056
v -0.1584030532888414 -0.35798576564639395 -1.2756431720664665
v -0.15435739440158774 -0.3244554518982064 -1.3002185336734864
v -0.14503114035267856 -0.2869718339422801 -1.3161118361732527
v -0.04922030609891408 -0.27875853759797925 -1.3541613165009323
v -0.03316289518406602 -0.24054554389432758 -1.3490111358326353
v -0.014845487766699412 -0.2061787955018199 -1.3339115701292128
v 0.00448361510863921 -0.17800032952966854 -1.3098916298401406
v 0.02350716702384834 -0.15793046186675883 -1.2785882342012913
v 0.040928744353812455 -0.14733692082729355 -1.2421346578941448
v 0.05556109539401228 -0.14694163872645805 -1.20301515190165
v 0.06640704960216164 -0.1567715533861896 -1.1638956459091554
v 0.0727274731227619 -0.17615677236712957 -1.127442069602009
v 0.07409163953787795 -0.20377622503131598 -1.0961386739631596
v 0.07040658316071118 -0.23774769132298817 -1.0721187336740874
v 0.06192343449352191 -0.27575607195487106 -1.0570191679706649
v 0.04922030609891306 -0.31521115859872073 -1.0518689873023679
v 0.03316289518406501 -0.3534241523023724 -1.0570191679706649
v 0.01484548776669837 -0.38779090069488015 -1.0721187336740874
v -0.004483615108640234 -0.4159693666670315 -1.0961386739631596
v -0.023507167023849352 -0.4360392343299412 -1.1274420696020089
v -0.04092874435381349 -0.4466327753694065 -1.1638956459091554
v -0.0555610953940133 -0.447028057470242 -1.20301515190165
v -0.06640704960216263 -0.4371981428105105 -1.2421346578941446
v -0.07272747312276294 -0.41781292382957047 -1.2785882342012913
v -0.07409163953787898 -0.39019347116538405 -1.3098916298401406
v -0.07040658316071222 -0.3562220048737119 -1.3339115701292128
v -0.06192343449352292 -0.3182136242418289 -1.3490111358326353
v 0.03707344928980978 -0.30732542618393255 -1.3838776460727955
v 0.05129574773402528 -0.2685213188868943 -1.3778307313352363
v 0.06752042164856209 -0.23354326913350332 -1.3617716626880216
v 0.08464178631868591 -0.20477497321049287 -1.3367948391205933
v 0.10149304903652073 -0.18417694294315928 -1.304602389882919
v 0.11692582409587444 -0.17315290005436684 -1.2673881771900088
v 0.12988839338031874 -0.17245411484889453 -1.2276882881374902
v 0.13949737921477734 -0.1821282083836981 -1.1882082045571234
v 0.14509794509423177 -0.2015159071715762 -1.1516384289009876
v 0.14630842170936997 -0.229295971579822 -1.1204711309456366
v 0.14304631707927745 -0.2635752361277407 -1.0968303105403325
v 0.13553393824361226 -0.30201762558555467 -1.082327050527394
v 0.12428324140523189 -0.34200335464076637 -1.0779497241089324
v 0.1100609429610164 -0.38080746193780457 -1.0839966388464917
v 0.09383626904647957 -0.41578551169119565 -1.1000557074937063
v 0.07671490437635575 -0.44455380761420604 -1.1250325310611347
v 0.059863641658520955 -0.46515183788153963 -1.1572249802988086
v 0.044430866599167215 -0.47617588077033207 -1.194439192991719
v 0.031468297314722934 -0.4768746659758044 -1.2341390820442377
v 0.02185931148026435 -0.4672005724410008 -1.2736191656246045
v 0.01625874560080988 -0.4478128736531227 -1.3101889412807404
v 0.015048268985671673 -0.4200328092448769 -1.3413562392360914
v 0.01831037361576418 -0.3857535446969583 -1.3649970596413952
v 0.02582275245142942 -0.3473111552391442 -1.3795003196543338
v 0.12811623235174363 -0.33343788486286097 -1.4106335126349732
v 0.1403195298160514 -0.29406034422072863 -1.403918863130007
v 0.15422741115170377 -0.258441654681814 -1.387111796572052
v 0.1688920772295367 -0.2290091710755266 -1.3613576867720418
v 0.18331415529085238 -0.20776866852015585 -1.3284116337521685
v 0.1965108045493831 -0.19616765216326026 -1.2905188565798094
v 0.20758269516665398 -0.19499671209797625 -1.2502616853984856
v 0.21577529609426238 -0.20433564595468295 -1.2103835798960834
v 0.22053029511790495 -0.22354802082436376 -1.1736021670609065
v 0.22152364691212795 -0.2513245451096005 -1.1424240393935132
v 0.21868765619374644 -0.2857722945832311 -1.1189739347701446
v 0.21221559104352195 -0.32454371204622523 -1.1048499390677526
v 0.20254851200584884 -0.3649965894712767 -1.101014579252449
v 0.1903452145415411 -0.40437413011340906 -1.1077292287574152
v 0.1764373332058887 -0.43999281965232373 -1.1245362953153701
v 0.1617726671280558 -0.46942530325861115 -1.1502904051153802
v 0.1473505890667401 -0.4906658058139819 -1.1832364581352537
v 0.13415393980820936 -0.5022668221708775 -1.2211292353076129
v 0.12308204919093849 -0.5034377622361614 -1.2613864064889366
v 0.1148894482633301 -0.4940988283794548 -1.3012645119913386
v 0.11013444923968749 -0.474886453509774 -1.3380459248265157
v 0.10914109744546452 -0.4471099292245373 -1.369224052493909
v 0.11197708816384601 -0.4126621797509067 -1.3926741571172776
v 0.11844915331407053 -0.37389076228791246 -1.4067981528196696
v 0.22405988650718073 -0.3567392930732574 -1.4335719643373601
v 0.23411251445810732 -0.31683090188431867 -1.4264401568532372
v 0.24552113732278896 -0.2805736285428322 -1.409123946292843
v 0.2575082763066383 -0.25043834630904305 -1.3828034037894779
v 0.2692570276975898 -0.22847872486627535 -1.3492722308179927
v 0.2799667335040798 -0.21619127612586347 -1.310815521403511
v 0.2889075449740217 -0.2144133694134974 -1.2700540367399125
v 0.2954701605811285 -0.22326616613349504 -1.2297656046454828
v 0.29920734891701095 -0.2421463628193269 -1.1926958151876759
v 0.29986442677257436 -0.26976730526785375 -1.161370913257317
v 0.2973966153778346 -0.3042466718969742 -1.1379256391541124
v 0.2919720920010921 -0.34323475085076094 -1.123957749563048
v 0.283960528946023 -0.3840745689793605 -1.120419133076726
v 0.27390790099509643 -0.42398296016829917 -1.1275509405608488
v 0.2624992781304148 -0.4602402335097857 -1.144867151121243
v 0.25051213914656545 -0.49037551574357485 -1.171187693624608
v 0.23876338775561398 -0.5123351371863425 -1.204718866596093
v 0.22805368194912393 -0.5246225859267544 -1.243175576010575
v 0.21911287047918204 -0.5264004926391205 -1.2839370606741736
v 0.21255025487207524 -0.5175476959191229 -1.324225492768603
v 0.2088130665361928 -0.498667499233291 -1.3612952822264104
v 0.20815598868062937 -0.47104655678476415 -1.3926201841567691
v 0.2106238000753691 -0.4365671901556438 -1.4160654582599737
v 0.21604832345211167 -0.3975791112018569 -1.430033347851038
v 0.32488776666002445 -0.37688171092967676 -1.4517618115465178
v 0.3327153231698747 -0.33650561095576237 -1.444475001271694
v 0.3414910974933162 -0.29964077230719 -1.4269089217307591
v 0.3506170351128592 -0.2687994728158335 -1.4002606722151087
v 0.3594712184610569 -0.2460834960743716 -1.3663462868909197
v 0.36745024957495936 -0.2330408983578083 -1.327476975071864
v 0.37401037067012655 -0.23056051114661572 -1.2863016161238354
v 0.3787045203350355 -0.23881136873020284 -1.2456262427136442
v 0.38121280002747177 -0.2572311887994351 -1.2082228143199618
v 0.381364274631524 -0.2845646910567862 -1.17664031277573
v 0.3791486214032497 -0.31894914249416595 -1.1530310333686362
v 0.3747168334486156 -0.3580412995691096 -1.1390039094740954
v 0.3683709297928542 -0.39917709637980375 -1.135514866404602
v 0.36054337328300395 -0.4395531963537181 -1.1428016766794258
v 0.35176759895956244 -0.4764180350022905 -1.1603677562203607
v 0.34264166134001944 -0.507259334493647 -1.187016005736011
v 0.33378747799182173 -0.5299753112351089 -1.2209303910602
v 0.32580844687791927 -0.5430179089516722 -1.2597997028792558
v 0.3192483257827521 -0.5454982961628648 -1.3009750618272844
v 0.31455417611784314 -0.5372474385792777 -1.3416504352374756
v 0.31204589642540687 -0.5188276185100454 -1.379053863631158
v 0.31189442182135463 -0.49149411625269435 -1.41063636517539
v 0.31411007504962896 -0.4571096648153146 -1.4342456445824836
v 0.318541863004263 -0.4180175077403709 -1.4482727684770245
v 0.4303971904869798 -0.39354045532718157 -1.4642311845936093
v 0.4359841975671224 -0.35277465692497023 -1.4570525547440905
v 0.44204723726289 -0.3153576876748261 -1.4395081067396358
v 0.44817312343866283 -0.28383945219668105 -1.4127934657181775
v 0.45394438707506757 -0.260367866152024 -1.3787291903172965
v 0.4589677260927473 -0.24654247934116827 -1.3396367046116857
v 0.4629008082391074 -0.2433054690277418 -1.2981800968987955
v 0.465475600465599 -0.2508774321151921 -1.257184566483976
v 0.466516634937032 -0.26874235183237 -1.2194438910166798
v 0.46595296687456905 -0.2956827634237256 -1.187530035160588
v 0.4638230093251616 -0.32986272236044334 -1.1636178754521525
v 0.4602719153758803 -0.36895292092603854 -1.1493369860587912
v 0.4555416862109086 -0.41028942668787355 -1.145660585992376
v 0.449954679130766 -0.45105522509008483 -1.152839215841895
v 0.4438916394349984 -0.4884721943402291 -1.1703836638463496
v 0.43776575325922557 -0.5199904298183741 -1.1970983048678079
v 0.43199448962282083 -0.5434620158630311 -1.231162580268689
v 0.4269711506051411 -0.5572874026738869 -1.2702550659742997
v 0.423038068458781 -0.5605244129873133 -1.3117116736871899
v 0.42046327623228946 -0.552952449899863 -1.3527072041020094
v 0.4194222417608564 -0.5350875301826852 -1.3904478795693056
v 0.41998590982331935 -0.5081471185913295 -1.4223617354253975
v 0.4221158673727268 -0.4739671596546119 -1.446273895133833
v 0.4256669613220081 -0.4348769610890165 -1.4605547845271942
v 0.540191612527462 -0.4064283298638758 -1.4700047172499073
v 0.5435796226254319 -0.3653594126328144 -1.4631883311807365
v 0.5469055656360864 -0.32746419155057505 -1.445940490266066
v 0.5499427840396298 -0.29532516330909847 -1.4194366063608257
v 0.5524842964211015 -0.2711325495707859 -1.385482875353419
v 0.5543569029117521 -0.2565350369817188 -1.3463931879008066
v 0.5554329884738721 -0.25252742190131194 -1.304831441604122
v 0.5556392196547187 -0.25938281667439805 -1.26363000078945
v 0.5549615421401302 -0.27663403747626675 -1.2255966755597112
v 0.5534461385328107 -0.303105442118261 -1.19332337417627
v 0.5511962810842763 -0.33699304812009356 -1.1690094687942558
v 0.5483652938615794 -0.37598747113465614 -1.1543119118848242
v 0.545146103965519 -0.41743130567483744 -1.1502323176624922
v 0.541758093867549 -0.45850022290589876 -1.157048703731663
v 0.5384321508568946 -0.4963954439881382 -1.1742965446463336
v 0.5353949324533511 -0.5285344722296147 -1.2008004285515739
v 0.5328534200718794 -0.5527270859679273 -1.2347541595589806
v 0.5309808135812288 -0.5673245985569944 -1.273843847011593
v 0.5299047280191088 -0.5713322136374013 -1.3154055933082776
v 0.5296984968382622 -0.5644768188643152 -1.3566070341229493
v 0.5303761743528508 -0.5472255980624465 -1.3946403593526884
v 0.5318915779601703 -0.5207541934204523 -1.4269136607361295
v 0.5341414354087046 -0.48686658741861977 -1.4512275661181437
v 0.5369724226314015 -0.447872164404057 -1.4659251230275754
v 0.6536828134352152 -0.41530781508175885 -1.4681413781466262
v 0.6549653366109123 -0.3740247871372214 -1.4619233051304867
v 0.6555840889005995 -0.33573706974538753 -1.4452420121192489
v 0.6554969033582709 -0.30305390757306594 -1.4192343016644888
v 0.6547097215345556 -0.27820260411082115 -1.3856725562539245
v 0.6532761885698602 -0.26287673462088446 -1.346843953373879
v 0.6512939973667035 -0.2581207317817982 -1.3053945981433277
v 0.6488982309798547 -0.2642587093273796 -1.264149195622934
v 0.6462521569293863 -0.280872374231385 -1.2259185518332127
v 0.6435361007889938 -0.3068295326859858 -1.193308021969307
v 0.6409351572961499 -0.3403612472387334 -1.1685399597499935
v 0.6386265764516296 -0.3791823869566364 -1.15330226768436
v 0.6367676842248765 -0.4206473553228866 -1.148633369305203
v 0.6354851610491794 -0.461930383267424 -1.1548514423213425
v 0.6348664087594922 -0.5002181006592581 -1.1715327353325804
v 0.6349535943018206 -0.5329012628315796 -1.1975404457873404
v 0.635740776125536 -0.5577525662938243 -1.2311021911979048
v 0.6371743090902314 -0.573078435783761 -1.2699307940779503
v 0.6391565002933882 -0.5778344386228473 -1.3113801493085016
v 0.641552266680237 -0.5716964610772659 -1.352625551828895
v 0.6441983407307054 -0.5550827961732605 -1.3908561956186165
v 0.6469143968710979 -0.5291256377186597 -1.4234667254825222
v 0.6495153403639418 -0.49559392316591216 -1.4482347877018358
v 0.6518239212084621 -0.45677278344800903 -1.4634724797674692
v 0.7701020614690557 -0.41999999999999993 -1.4577702924715679
v 0.7694171003346112 -0.3785889527835966 -1.452361624365202
v 0.7674088959006383 -0.33999999999999997 -1.4365042118393068
v 0.7642143039805976 -0.30686291501015234 -1.4112787113519085
v 0.7600510307345271 -0.28143593539448974 -1.3784041990741127
v 0.7552027963540119 -0.265451867793749 -1.3401210186899513
v 0.7499999999999982 -0.26 -1.2990381056766578
v 0.7447972036459846 -0.2654518677937491 -1.257955192663364
v 0.7399489692654695 -0.28143593539448986 -1.2196720122792026
v 0.7357856960193988 -0.3068629150101524 -1.186797500001407
v 0.732591104099358 -0.3400000000000001 -1.1615719995140088
v 0.730582899665385 -0.37858895278359667 -1.1457145869881136
v 0.7298979385309405 -0.42000000000000004 -1.1403059188817477
v 0.730582899665385 -0.4614110472164033 -1.1457145869881136
v 0.7325911040993579 -0.5 -1.1615719995140088
v 0.7357856960193986 -0.5331370849898476 -1.186797500001407
v 0.7399489692654692 -0.5585640646055101 -1.2196720122792026
v 0.7447972036459843 -0.5745481322062509 -1.2579551926633643
v 0.749999999999998 -0.58 -1.2990381056766578
v 0.7552027963540117 -0.5745481322062509 -1.3401210186899513
v 0.7600510307345267 -0.5585640646055101 -1.378404199074113
v 0.7642143039805974 -0.5331370849898476 -1.4112787113519085
v 0.7674088959006382 -0.5 -1.4365042118393068
v 0.7694171003346112 -0.46141104721640325 -1.452361624365202
v 0.8885183577448694 -0.4203897366094531 -1.438122637447707
v 0.8860395424617006 -0.37892969818647665 -1.433704676067506
v 0.8815290257698005 -0.3401307087339457 -1.4189096988578518
v 0.8752941919277407 -0.30663685526468865 -1.3947459590657265
v 0.8677599345583077 -0.28073068854142524 -1.362860175625495
v 0.8594397008502792 -0.26417767101438133 -1.325425311984861
v 0.8509005009810211 -0.25810586347287 -1.2849924922368963
v 0.8427242673099282 -0.26292904956670893 -1.2443171462290306
v 0.8354681966498206 -0.2783185371342948 -1.2061712315725126
v 0.829626778224961 -0.3032255580302273 -1.1731543293120794
v 0.825598095047603 -0.335952739941247 -1.1475164867737688
v 0.8236566952185699 -0.3742697795043429 -1.1310048805580288
v 0.8239348819278953 -0.4155654337951922 -1.1247447493417422
v 0.8264136972110642 -0.4570254722181686 -1.129162710721943
v 0.8309242139029642 -0.4958244616706996 -1.1439576879315974
v 0.837159047745024 -0.5293183151399566 -1.1681214277237226
v 0.8446933051144571 -0.5552244818632199 -1.200007211163954
v 0.8530135388224855 -0.571777499390264 -1.2374420748045882
v 0.8615527386917436 -0.5778493069317753 -1.2778748945525529
v 0.8697289723628365 -0.5730261208379364 -1.3185502405604186
v 0.8769850430229441 -0.5576366332703505 -1.3566961552169365
v 0.8828264614478037 -0.532729612374418 -1.3897130574773695
v 0.8868551446251618 -0.5000024304633983 -1.4153509000156803
v 0.8887965444541949 -0.4616853909003023 -1.4318625062314205
v 1.007861629259393 -0.4164271848321904 -1.4085585541372563
v 1.0037889291574986 -0.37498731611231323 -1.4052801264105734
v 0.9969380845907949 -0.33606501782999304 -1.3917627923855276
v 0.9877759692949464 -0.3023127802910308 -1.3689277360374748
v 0.9769269662862536 -0.27603076270549687 -1.3383311287198199
v 0.965130417190934 -0.25901004113875786 -1.302058078657977
v 0.9531902373351144 -0.25241054963751464 -1.262580534269611
v 0.9419201302438888 -0.2566820326414016 -1.2225888249650625
v 0.9320881350907916 -0.2715333956426632 -1.184808319644012
v 0.9243642860973661 -0.29595254279580135 -1.1518136973088517
v 0.9192749508082503 -0.3282753495768784 -1.1258534869455317
v 0.9171669590128733 -0.3662990701197275 -1.108696833989036
v 0.9181839668684687 -0.40743245070652306 -1.1015129359856402
v 0.9222566669703628 -0.44887231942640016 -1.104791363712323
v 0.9291075115370666 -0.4877946177087204 -1.1183086977373689
v 0.9382696268329151 -0.5215468552476826 -1.1411437540854217
v 0.9491186298416079 -0.5478288728332166 -1.1717403614030764
v 0.9609151789369276 -0.5648495943999556 -1.2080134114649195
v 0.9728553587927471 -0.5714490859011988 -1.2474909558532854
v 0.9841254658839728 -0.5671776028973119 -1.287482665157834
v 0.99395746103707 -0.5523262398960502 -1.3252631704788844
v 1.0016813100304955 -0.5279070927429121 -1.3582577928140447
v 1.0067706453196112 -0.4955842859618352 -1.3842180031773648
v 1.0088786371149883 -0.4575605654189859 -1.4013746561338605
v 1.126948961862769 -0.40812640077278195 -1.3685887398587984
v 1.1214997704362901 -0.3667644624619052 -1.366565360021864
v 1.1125004662781879 -0.32779797117500026 -1.3545145187459517
v 1.100564337094784 -0.2938824288980982 -1.3332574609490584
v 1.086504810364541 -0.2673291237892862 -1.3042428199910931
v 1.0712800195996586 -0.2499476197103184 -1.2694478957043804
v 1.055927509130607 -0.24292243743988282 -1.2312439046777282
v 1.0414935271746293 -0.24673233154004695 -1.1922343857645226
v 1.028961725748742 -0.26111766402403236 -1.1550777732124204
v 1.0191861264103386 -0.28509809825594135 -1.1223062287626422
v 1.012832920099389 -0.3170394072724107 -1.096153079011902
v 1.0103350673268154 -0.35476484364947686 -1.0784006178955898
v 1.0118627926311712 -0.3957034812422742 -1.070258646301453
v 1.01731198405765 -0.437065419553151 -1.0722820261383874
v 1.0263112882157523 -0.476031910840056 -1.0843328674142996
v 1.0382474173991563 -0.509947453116958 -1.105589925211193
v 1.0523069441293993 -0.5365007582257699 -1.134604566169158
v 1.0675317348942819 -0.5538822623047378 -1.1693994904558709
v 1.0828842453633332 -0.5609074445751734 -1.2076034814825232
v 1.097318227319311 -0.5570975504750093 -1.2466130003957288
v 1.1098500287451982 -0.5427122179910239 -1.2837696129478309
v 1.1196256280836017 -0.5187317837591149 -1.3165411573976091
v 1.1259788343945512 -0.4867904747426456 -1.3426943071483493
v 1.1284766871671248 -0.4490650383655793 -1.3604467682646615
v 1.244512433548553 -0.39556183641266024 -1.3178908454964902
v 1.2379135653257036 -0.35432371468891366 -1.3172053173244673
v 1.2269803114275706 -0.3153825799669036 -1.3067818016142607
v 1.2124577550392548 -0.2813922062246671 -1.2873306437358472
v 1.1953355843789613 -0.25466898126098914 -1.2601774079540817
v 1.176780647081464 -0.23703404869492703 -1.2271725424146482
v 1.1580574314601033 -0.22968920003775392 -1.1905652741609398
v 1.1404418937178986 -0.23313497458751983 -1.1528503280280755
v 1.1251345036409286 -0.24713654850306993 -1.1165979152681147
v 1.1131784345662803 -0.2707397376607544 -1.084278577900704
v 1.1053884728430527 -0.3023360237255914 -1.058094825357202
v 1.1022954914891638 -0.33977217201759374 -1.0398310371027515
v 1.1041102720724871 -0.38049697089682183 -1.030731860124556
v 1.1107091402953364 -0.4217350926205683 -1.031417388296579
v 1.1216423941934694 -0.4606762273425785 -1.0418409040067855
v 1.1361649505817852 -0.49466660108481497 -1.061292061885199
v 1.1532871212420788 -0.5213898260484929 -1.0884452976669645
v 1.1718420585395761 -0.539024758614555 -1.121450163206398
v 1.1905652741609367 -0.5463696072717281 -1.1580574314601064
v 1.2081808119031414 -0.5429238327219622 -1.1957723775929707
v 1.2234882019801114 -0.5289222588064122 -1.2320247903529316
v 1.2354442710547597 -0.5053190696487277 -1.2643441277203422
v 1.2432342327779873 -0.47372278358389075 -1.2905278802638442
v 1.2463272141318762 -0.43628663529188827 -1.3087916685182948
v 1.3592275957282562 -0.37886360029170196 -1.2563210038964119
v 1.3517084742038494 -0.3377836191275673 -1.2570250302135677
v 1.3390717843139441 -0.29892686275675995 -1.2483610676694548
v 1.32217869559142 -0.2649413549121244 -1.2309195509935793
v 1.3021804441155684 -0.2381431517895652 -1.2058890907239326
v 1.2804398776757948 -0.22035850664576032 -1.1749754713631002
v 1.2584385799469855 -0.2127994136567443 -1.140285404983351
v 1.237675903010495 -0.21598101251772675 -1.10418296228042
v 1.2195667889875992 -0.22968648252417245 -1.0691284650624042
v 1.2053453440722324 -0.2529818185445022 -1.0375108193844158
v 1.1959807362333281 -0.2842794819262936 -1.0114847155487796
v 1.1921111480193618 -0.32144658863191156 -0.9928237895217241
v 1.1940002854723177 -0.36195026176091644 -0.9827997525733548
v 1.2015194069967245 -0.4030302429250511 -0.9820957262561988
v 1.2141560968866298 -0.4418869992958585 -0.9907596888003117
v 1.2310491856091537 -0.47587250714049406 -1.0082012054761873
v 1.2510474370850055 -0.5026707102630532 -1.0332316657458338
v 1.2727880035247792 -0.5204553554068582 -1.0641452851066664
v 1.2947893012535885 -0.5280144483958742 -1.0988353514864155
v 1.315551978190079 -0.5248328495348917 -1.1349377941893466
v 1.333661092212975 -0.511127379528446 -1.1699922914073624
v 1.3478825371283416 -0.48783204350811626 -1.2016099370853508
v 1.3572471449672456 -0.45653438012632497 -1.227636040920987
v 1.3611167331812122 -0.41936727342070684 -1.2462969669480426
v 1.4697420222568125 -0.35821216626401065 -1.183920837204568
v 1.4615291268234898 -0.31731391631162864 -1.1860372477114156
v 1.4474296830198417 -0.27858982495281437 -1.1792366501743108
v 1.428404544640654 -0.2446788750190843 -1.1639824940768888
v 1.4057502434259406 -0.21789204170792767 -1.141314324948504
v 1.3810106325654816 -0.20005480344216472 -1.1127769410543351
v 1.3558716756552773 -0.1923827385321773 -1.0803151179465131
v 1.3320465510646673 -0.19539868552289422 -1.046141075224137
v 1.3111589016616219 -0.20889711261098623 -1.0125837174234604
v 1.2946321862344856 -0.23195812429760532 -0.9819299230224441
v 1.2835926731279295 -0.2630101507464322 -0.9562686974517267
v 1.2787926869165074 -0.2999370476708791 -0.9373488108267723
v 1.280559338728175 -0.34022230807012777 -0.9264596221544806
v 1.2887722341614978 -0.3811205580225097 -0.9243432116476332
v 1.302871677965146 -0.41984464938132404 -0.9311438091847379
v 1.3218968163443336 -0.4537555993150541 -0.9463979652821599
v 1.3445511175590468 -0.4805424326262107 -0.9690661344105446
v 1.369290728419506 -0.49837967089197366 -0.9976035183047135
v 1.3944296853297102 -0.5060517358019612 -1.0300653414125356
v 1.41825480992032 -0.5030357888112442 -1.0642393841349118
v 1.4391424593233657 -0.4895373617231522 -1.0977967419355883
v 1.455669174750502 -0.4664763500365331 -1.1284505363366046
v 1.466708687857058 -0.43542432358770633 -1.154111761907322
v 1.4715086740684804 -0.39849742666325927 -1.1730316485322765
v 1.5747035618557883 -0.33383300344018174 -1.1009202256979462
v 1.5660160572265132 -0.2931304567800563 -1.1044455133027147
v 1.550699724080752 -0.25457689558468233 -1.0995843866717452
v 1.5297983452109516 -0.22079968133675226 -1.0866681235515472
v 1.5047363150459265 -0.1941006753677768 -1.0665769459286278
v 1.4772215695244604 -0.17629937081234812 -1.0406800343557483
v 1.4491291930835744 -0.16860889715787192 -1.0107422205599303
v 1.4223736347528675 -0.17155334747479214 -0.9788037170767826
v 1.398778241616927 -0.1849320623399449 -0.9470410801378091
v 1.3799510007247362 -0.20783330444464168 -0.9176188809601612
v 1.367174957429611 -0.2386963919855395 -0.8925421937953127
v 1.3613207779687049 -0.2754180565503897 -0.8735199534323632
v 1.3627874149977892 -0.3154957773845179 -0.8618484941163089
v 1.3714749196270644 -0.35619832404464336 -0.8583232065115406
v 1.3867912527728254 -0.3947518852400174 -0.86318433314251
v 1.407692631642626 -0.42852909948794743 -0.8761005962627081
v 1.432754661807651 -0.4552281054569228 -0.8961917738856273
v 1.4602694073291171 -0.47302941001235155 -0.922088685458507
v 1.4883617837700032 -0.4807198836668278 -0.9520264992543248
v 1.5151173421007098 -0.4777754333499076 -0.9839650027374724
v 1.5387127352366505 -0.4643967184847548 -1.015727639676446
v 1.5575399761288413 -0.44149547638005804 -1.0451498388540938
v 1.5703160194239665 -0.4106323888391603 -1.0702265260189423
v 1.5761701988848726 -0.37391072427430994 -1.089248766381892
v 1.6727880107581747 -0.30599140017777404 -1.0077360409451015
v 1.6638344015760642 -0.26549013496315577 -1.0126429842531983
v 1.6475480388725272 -0.22713518240122652 -1.009770755526111
v 1.6250388113513232 -0.19354036912452585 -0.9993150924050083
v 1.597840685669765 -0.1669951261398069 -0.9819885310527928
v 1.5678071691460223 -0.1493084678883902 -0.9589718479921218
v 1.536984996298456 -0.14168571090152496 -0.9318335921367126
v 1.5074746472705787 -0.14464633347066452 -0.9024231907750232
v 1.4812872035804825 -0.15798857406038222 -0.8727449141568664
v 1.4602072962388504 -0.18080318102358378 -0.8448212877880985
v 1.445671486094821 -0.2115353765986478 -0.8205552606597766
v 1.4386703645881478 -0.248090812444488 -0.80160052241919
v 1.43968104657961 -0.2879782960189246 -0.7892488071532486
v 1.4486346557617205 -0.3284795612335429 -0.7843418638451518
v 1.4649210184652575 -0.3668345137954722 -0.7872140925722391
v 1.4874302459864615 -0.4004293270721728 -0.7976697556933419
v 1.5146283716680198 -0.42697457005689177 -0.8149963170455573
v 1.5446618881917624 -0.4446612283083085 -0.8380130001062284
v 1.5754840610393286 -0.4522839852951738 -0.8651512559616376
v 1.604994410067206 -0.4493233627260342 -0.8945616573233269
v 1.6311818537573024 -0.43598112213631646 -0.9242399339414837
v 1.6522617610989343 -0.4131665151731149 -0.9521635603102516
v 1.6667975712429637 -0.38243431959805096 -0.9764295874385734
v 1.6737986927496369 -0.34587888375221065 -0.9953843256791601
v 1.7627259160453648 -0.2749876006771727 -0.9049669929620789
v 1.7537015380306866 -0.23468601459415783 -0.9112072216951659
v 1.7366895069466957 -0.19654876310466585 -0.9103478374829123
v 1.712849164598055 -0.16317483687291767 -0.9024474059391835
v 1.683805190917796 -0.13683861381858609 -0.8880443284176045
v 1.6515368847147924 -0.11933486402015733 -0.8681201508490596
v 1.6182432777308815 -0.1118564391000802 -0.8440326730085851
v 1.5861932742617297 -0.11491298135797637 -0.81742341670457
v 1.5575710290786253 -0.12829619249014512 -0.7901057587802577
v 1.5343271008902994 -0.15109402877473127 -0.7639413524786259
v 1.5180455249903795 -0.18175285534414612 -0.7407132588504051
v 1.5098358638698686 -0.2181833238337904 -0.7220044340901187
v 1.510257592367023 -0.2579027580202908 -0.7090898536873855
v 1.519281970381701 -0.2982043441033056 -0.7028496249542986
v 1.536294001465692 -0.33634159559279764 -0.7037090091665522
v 1.5601343438143327 -0.3697155218245458 -0.711609440710281
v 1.5891783174945917 -0.3960517448788774 -0.72601251823186
v 1.6214466236975953 -0.4135554946773061 -0.7459366958004049
v 1.6547402306815062 -0.4210339195973833 -0.7700241736408794
v 1.6867902341506578 -0.41797737733948714 -0.7966334299448945
v 1.7154124793337626 -0.40459416620731836 -0.8239510878692068
v 1.7386564075220883 -0.3817963299227322 -0.8501154941708385
v 1.7549379834220082 -0.35113750335331745 -0.8733435877990594
v 1.7631476445425192 -0.314707034863673 -0.8920524125593459
v 1.8433281732524884 -0.24115227121846614 -0.793384728643922
v 1.8344133336071735 -0.20104270956596262 -0.8008911520360606
v 1.8169145705755596 -0.16313412066329264 -0.8020443535672291
v 1.7920243959401778 -0.13000991219726796 -0.7967657444588341
v 1.7614390339694708 -0.10392744423450542 -0.7854150531982984
v 1.7272428265370419 -0.08666419386335103 -0.7687658106371236
v 1.6917661886675064 -0.07939662306772885 -0.7479526351416793
v 1.6574267946037569 -0.08262000478713186 -0.7243939102265814
v 1.6265648173027063 -0.09611467088427297 -0.6996951240621601
v 1.601283449515592 -0.11896098216562212 -0.6755394581088465
v 1.5833055746776705 -0.14960200027266993 -0.6535730810822338
v 1.5738563552493032 -0.18594959045809759 -0.635292965275531
v 1.5735797399189595 -0.2255267245180012 -0.6219448703716453
v 1.5824945795642742 -0.2656362861705047 -0.6144384469795066
v 1.5999933425958883 -0.30354487507317474 -0.6132852454483381
v 1.6248835172312701 -0.33666908353919944 -0.6185638545567331
v 1.6554688792019772 -0.3627515515019619 -0.6299145458172688
v 1.689665086634406 -0.3800148018731163 -0.6465637883784436
v 1.7251417245039415 -0.38728237266873855 -0.6673769638738879
v 1.759481118567691 -0.3840589909493355 -0.6909356887889858
v 1.7903430958687416 -0.37056432485219437 -0.7156344749534072
v 1.8156244636558558 -0.34771801357084525 -0.7397901409067207
v 1.8336023384937774 -0.31707699546379753 -0.7617565179333334
v 1.843051557922145 -0.28072940527836976 -0.7800366337400363
v 1.9135100293526317 -0.204842256974645 -0.6739213447630209
v 1.90486862874819 -0.16491201718675283 -0.68261040915884
v 1.8871141618490075 -0.12723575756737293 -0.6857530291197358
v 1.8614565662336198 -0.09438105294660311 -0.6831350402887987
v 1.8296443646420342 -0.06858689714938226 -0.6749348542784257
v 1.7938455060405682 -0.051611119266433136 -0.6617113002137757
v 1.7564996234825008 -0.04461059050667929 -0.6443655414513982
v 1.720151777147175 -0.04806238533617718 -0.6240796627857276
v 1.6872790126946875 -0.061731269641657205 -0.6022361133238298
v 1.6601215546976633 -0.08468573154660024 -0.5803234948633608
v 1.6405301390387783 -0.11536146240622633 -0.5598351161400873
v 1.6298398883188403 -0.151667961856494 -0.5421672263053539
v 1.6287793254579384 -0.19113100195919486 -0.528523862853829
v 1.63742072606238 -0.231061241747087 -0.5198347984580101
v 1.6551751929615626 -0.268737501366467 -0.516692178497114
v 1.6808327885769503 -0.3015922059872368 -0.5193101673280512
v 1.7126449901685359 -0.32738636178445757 -0.5275103533384242
v 1.748443848770002 -0.34436213966740675 -0.5407339074030743
v 1.7857897313280693 -0.3513626684271606 -0.5580796661654517
v 1.822137577663395 -0.3479108735976627 -0.5783655448311222
v 1.8550103421158826 -0.3342419892921827 -0.6002090942930202
v 1.8821678001129067 -0.31128752738723964 -0.6221217127534892
v 1.9017592157717917 -0.28061179652761364 -0.6426100914767625
v 1.9124494664917298 -0.24430529707734583 -0.6602779813114961
v 1.972313065178034 -0.16643656717555513 -0.5476535332271526
v 1.9640915610028131 -0.1266687670956929 -0.5574273062910536
v 1.9463023560148163 -0.0892219821388854 -0.5625145625548317
v 1.9201577551359246 -0.05664814881620085 -0.5625686139111985
v 1.8874394697100385 -0.031167120037775498 -0.5575857768495419
v 1.8503771968194092 -0.014515385805467934 -0.5479056234810863
v 1.811496669113231 -0.007827734288918031 -0.534187840260682
v 1.7734475303015702 -0.011559917887111942 -0.5173672714450909
v 1.7388227663152662 -0.02545759445555784 -0.4985902110017914
v 1.709981997599858 -0.0485736603031125 -0.4791362845694347
v 1.6888906748816765 -0.07933279374337014 -0.46033124508525236
v 1.6769861369489074 -0.11563881066424855 -0.44345662491329446
v 1.6750796583884895 -0.1550175160111198 -0.42966240153165147
v 1.6833011625637104 -0.19478531609098199 -0.41988862846775044
v 1.7010903675517073 -0.23223210104778957 -0.41480137220397245
v 1.727234968430599 -0.2648059343704741 -0.41474732084760557
v 1.7599532538564848 -0.29028696314889946 -0.4197301579092621
v 1.7970155267471144 -0.30693869738120705 -0.4294103112777178
v 1.8358960544532923 -0.3136263488977569 -0.44312809449812207
v 1.8739451932649533 -0.30989416529956304 -0.45994866331371315
v 1.9085699572512573 -0.2959964887311171 -0.4787257237570127
v 1.9374107259666655 -0.27288042288356246 -0.4981796501893694
v 1.958502048684847 -0.24212128944330488 -0.5169846896735517
v 1.9704065866176161 -0.20581527252242635 -0.5338593098455097
v 2.018924719415341 -0.12633252396407346 -0.41578364729916645
v 2.0112513184793217 -0.08670683797179202 -0.42653174581545844
v 1.9936363589486301 -0.049480841097005526 -0.4334985278136397
v 1.9672802712051853 -0.017191423507862125 -0.4362092186136858
v 1.9339791790732086 0.007960944347723611 -0.43447908911720196
v 1.8960024969488376 0.024262170166646738 -0.4284260447901993
v 1.8559382729594136 0.03060135234839699 -0.41846259060043445
v 1.816516817760555 0.026546486103281988 -0.40526771948555323
v 1.7804246383770295 0.012373903864923 -0.38974064010647935
v 1.7501213571886773 -0.010950556308435333 -0.37293949726318476
v 1.7276720927299452 -0.0418373710014716 -0.3560092610752386
v 1.7146067252745316 -0.07818165483572996 -0.3401036991603113
v 1.7118156380229825 -0.1175066049296747 -0.3263067492777213
v 1.7194890389590014 -0.1571322909219561 -0.3155586507614293
v 1.7371039984896932 -0.1943582877967427 -0.308591868763248
v 1.763460086233138 -0.22664770538588605 -0.3058811779632019
v 1.7967611783651145 -0.25180007324147174 -0.30761130745968573
v 1.8347378604894857 -0.2681012990603949 -0.3136643517866884
v 1.8748020844789097 -0.27444048124214515 -0.32362780597645324
v 1.914223539677768 -0.2703856149970302 -0.3368226770913344
v 1.9503157190612939 -0.2562130327586712 -0.35234975647040834
v 1.980619000249646 -0.23288857258531287 -0.36915089931370293
v 2.003068264708378 -0.20200175789227665 -0.3860811355016491
v 2.016133632163792 -0.16565747405801817 -0.4019866974165764
v 2.0526949318007137 -0.08494201893773032 -0.2796180544634859
v 2.0456789268948286 -0.04543529637398825 -0.2912194440971382
v 2.0284334506649815 -0.008416168325963605 -0.29998160148955244
v 2.00213375381674 0.023592572806872422 -0.30530740009458535
v 1.9685721172280066 0.048409584213262774 -0.3068338955386023
v 1.9300357109690776 0.06434362757791248 -0.30445705967974657
v 1.8891507274420762 0.07030882417777229 -0.29833886995389214
v 1.8487034107087377 0.06589865572251527 -0.2888962708800694
v 1.811450178562088 0.051413667904219196 -0.27677275998052664
v 1.7799297772090439 0.027840988705126843 -0.26279453448801865
v 1.7562902699118894 -0.0032129427430380303 -0.24791418736974993
v 1.742142650026793 -0.03963185233113101 -0.23314578969089428
v 1.738451054468876 -0.07893385155581746 -0.21949578334733455
v 1.7454670593747612 -0.1184405741195595 -0.20789439371368232
v 1.762712535604608 -0.1554597021675842 -0.19913223632126803
v 1.78901223245285 -0.18746844330042023 -0.19380643771623512
v 1.8225738690415831 -0.21228545470681054 -0.19227994227221815
v 1.8611102753005122 -0.22821949807146028 -0.1946567781310739
v 1.9019952588275135 -0.23418469467132008 -0.20077496785692836
v 1.9424425755608519 -0.22977452621606306 -0.21021756693075105
v 1.979695807707502 -0.21528953839776702 -0.22234107783029383
v 2.011216209060546 -0.19171685919867465 -0.23631930332280185
v 2.0348557163577 -0.16066292775050983 -0.2511996504410705
v 2.049003336242797 -0.12424401816241673 -0.2659680481199262
v 2.07314952410706 -0.04268783443999203 -0.140543216116752
v 2.066880711297479 -0.0032746207596795474 -0.15286791762827603
v 2.0501845427922656 0.03355627633819829 -0.16332357017657567
v 2.024198834883328 0.06529489208235645 -0.17119763831926715
v 1.9906944706212468 0.08977829226037298 -0.1759535173249389
v 1.9519547170619034 0.1053379736108479 -0.177267101898816
v 1.9106196243898972 0.11091356956333556 -0.17504887342298994
v 1.869506110861355 0.10612511246778189 -0.16945000050229234
v 1.8314159944799533 0.09129892776194937 -0.16085203707369378
v 1.7989450537301912 0.06744539543211184 -0.14984092013604688
v 1.7743061295633982 0.03619009428672162 -0.13716703911192113
v 1.7591783239437937 -0.00033697855299014146 -0.12369409804853208
v 1.754592571824473 -0.03964656343683919 -0.11034025561426178
v 1.7608613846340544 -0.07905977711715162 -0.09801555410273777
v 1.7775575531392676 -0.11589067421502955 -0.08755990155443807
v 1.8035432610482052 -0.14762928995918767 -0.07968583341174662
v 1.8370476253102863 -0.17211269013720418 -0.07492995440607489
v 1.8757873788696298 -0.18767237148767912 -0.07361636983219777
v 1.917122471541636 -0.19324796744016678 -0.07583459830802383
v 1.958235985070178 -0.1884595103446131 -0.08143347122872142
v 1.9963261014515798 -0.1736333256387806 -0.09003143465732
v 2.028797042201342 -0.1497797933089431 -0.10104255159496689
v 2.053435966368135 -0.11852449216355293 -0.11371643261909262
v 2.0685637719877397 -0.08199741932384105 -0.1271893736824817
vt 0 0
vt 0 0.005208333333333333
vt 0.041666666666666664 0.005208333333333333
vt 0.041666666666666664 0
vt 0.08333333333333333 0.005208333333333333
vt 0.08333333333333333 0
vt 0.125 0.005208333333333333
vt 0.125 0
vt 0.16666666666666666 0.005208333333333333
vt 0.16666666666666666 0
vt 0.20833333333333334 0.005208333333333333
vt 0.20833333333333334 0
vt 0.25 0.005208333333333333
vt 0.25 0
vt 0.2916666666666667 0.005208333333333333
vt 0.2916666666666667 0
vt 0.3333333333333333 0.005208333333333333
vt 0.3333333333333333 0
vt 0.375 0.005208333333333333
vt 0.375 0
vt 0.4166666666666667 0.005208333333333333
vt 0.4166666666666667 0
vt 0.4583333333333333 0.005208333333333333
vt 0.4583333333333333 0
vt 0.5 0.005208333333333333
vt 0.5 0
vt 0.5416666666666666 0.005208333333333333
vt 0.5416666666666666 0
vt 0.5833333333333334 0.005208333333333333
vt 0.5833333333333334 0
vt 0.625 0.005208333333333333
vt 0.625 0
vt 0.6666666666666666 0.005208333333333333
vt 0.6666666666666666 0
vt 0.7083333333333334 0.005208333333333333
vt 0.7083333333333334 0
vt 0.75 0.005208333333333333
vt 0.75 0
vt 0.7916666666666666 0.005208333333333333
vt 0.7916666666666666 0
vt 0.8333333333333334 0.005208333333333333
vt 0.8333333333333334 0
vt 0.875 0.005208333333333333
vt 0.875 0
vt 0.9166666666666666 0.005208333333333333
vt 0.9166666666666666 0
vt 0.9583333333333334 0.005208333333333333
vt 0.9583333333333334 0
vt 1 0.005208333333333333
vt 1 0
vt 0 0.010416666666666666
vt 0.041666666666666664 0.010416666666666666
vt 0.08333333333333333 0.010416666666666666
vt 0.125 0.010416666666666666
vt 0.16666666666666666 0.010416666666666666
vt 0.20833333333333334 0.010416666666666666
vt 0.25 0.010416666666666666
vt 0.2916666666666667 0.010416666666666666
vt 0.3333333333333333 0.010416666666666666
vt 0.375 0.010416666666666666
vt 0.4166666666666667 0.010416666666666666
vt 0.4583333333333333 0.010416666666666666
vt 0.5 0.010416666666666666
vt 0.5416666666666666 0.010416666666666666
vt 0.5833333333333334 0.010416666666666666
vt 0.625 0.010416666666666666
vt 0.6666666666666666 0.010416666666666666
vt 0.7083333333333334 0.010416666666666666
vt 0.75 0.010416666666666666
vt 0.7916666666666666 0.010416666666666666
vt 0.8333333333333334 0.010416666666666666
vt 0.875 0.010416666666666666
vt 0.9166666666666666 0.010416666666666666
vt 0.9583333333333334 0.010416666666666666
vt 1 0.010416666666666666
vt 0 0.015625
vt 0.041666666666666664 0.015625
vt 0.08333333333333333 0.015625
vt 0.125 0.015625
vt 0.16666666666666666 0.015625
vt 0.20833333333333334 0.015625
vt 0.25 0.015625
vt 0.2916666666666667 0.015625
vt 0.3333333333333333 0.015625
vt 0.375 0.015625
vt 0.4166666666666667 0.015625
vt 0.4583333333333333 0.015625
vt 0.5 0.015625
vt 0.5416666666666666 0.015625
vt 0.5833333333333334 0.015625
vt 0.625 0.015625
vt 0.6666666666666666 0.015625
vt 0.7083333333333334 0.015625
vt 0.75 0.015625
vt 0.7916666666666666 0.015625
vt 0.8333333333333334 0.015625
vt 0.875 0.015625
vt 0.9166666666666666 0.015625
vt 0.9583333333333334 0.015625
vt 1 0.015625
vt 0 0.020833333333333332
vt 0.041666666666666664 0.020833333333333332
vt 0.08333333333333333 0.020833333333333332
vt 0.125 0.020833333333333332
vt 0.16666666666666666 0.020833333333333332
vt 0.20833333333333334 0.020833333333333332
vt 0.25 0.020833333333333332
vt 0.2916666666666667 0.020833333333333332
vt 0.3333333333333333 0.020833333333333332
vt 0.375 0.020833333333333332
vt 0.4166666666666667 0.020833333333333332
vt 0.4583333333333333 0.020833333333333332
vt 0.5 0.020833333333333332
vt 0.5416666666666666 0.020833333333333332
vt 0.5833333333333334 0.020833333333333332
vt 0.625 0.020833333333333332
vt 0.6666666666666666 0.020833333333333332
vt 0.7083333333333334 0.020833333333333332
vt 0.75 0.020833333333333332
vt 0.7916666666666666 0.020833333333333332
vt 0.8333333333333334 0.020833333333333332
vt 0.875 0.020833333333333332
vt 0.9166666666666666 0.020833333333333332
vt 0.9583333333333334 0.020833333333333332
vt 1 0.020833333333333332
vt 0 0.026041666666666668
vt 0.041666666666666664 0.026041666666666668
vt 0.08333333333333333 0.026041666666666668
vt 0.125 0.026041666666666668
vt 0.16666666666666666 0.026041666666666668
vt 0.20833333333333334 0.026041666666666668
vt 0.25 0.026041666666666668
vt 0.2916666666666667 0.026041666666666668
vt 0.3333333333333333 0.026041666666666668
vt 0.375 0.026041666666666668
vt 0.4166666666666667 0.026041666666666668
vt 0.4583333333333333 0.026041666666666668
vt 0.5 0.026041666666666668
vt 0.5416666666666666 0.026041666666666668
vt 0.5833333333333334 0.026041666666666668
vt 0.625 0.026041666666666668
vt 0.6666666666666666 0.026041666666666668
vt 0.7083333333333334 0.026041666666666668
vt 0.75 0.026041666666666668
vt 0.7916666666666666 0.026041666666666668
vt 0.8333333333333334 0.026041666666666668
vt 0.875 0.026041666666666668
vt 0.9166666666666666 0.026041666666666668
vt 0.9583333333333334 0.026041666666666668
vt 1 0.026041666666666668
vt 0 0.03125
vt 0.041666666666666664 0.03125
vt 0.08333333333333333 0.03125
vt 0.125 0.03125
vt 0.16666666666666666 0.03125
vt 0.20833333333333334 0.03125
vt 0.25 0.03125
vt 0.2916666666666667 0.03125
vt 0.3333333333333333 0.03125
vt 0.375 0.03125
vt 0.4166666666666667 0.03125
vt 0.4583333333333333 0.03125
vt 0.5 0.03125
vt 0.5416666666666666 0.03125
vt 0.5833333333333334 0.03125
vt 0.625 0.03125
vt 0.6666666666666666 0.03125
vt 0.7083333333333334 0.03125
vt 0.75 0.03125
vt 0.7916666666666666 0.03125
vt 0.8333333333333334 0.03125
vt 0.875 0.03125
vt 0.9166666666666666 0.03125
vt 0.9583333333333334 0.03125
vt 1 0.03125
vt 0 0.036458333333333336
vt 0.041666666666666664 0.036458333333333336
vt 0.08333333333333333 0.036458333333333336
vt 0.125 0.036458333333333336
vt 0.16666666666666666 0.036458333333333336
vt 0.20833333333333334 0.036458333333333336
vt 0.25 0.036458333333333336
vt 0.2916666666666667 0.036458333333333336
vt 0.3333333333333333 0.036458333333333336
vt 0.375 0.036458333333333336
vt 0.4166666666666667 0.036458333333333336
vt 0.4583333333333333 0.036458333333333336
vt 0.5 0.036458333333333336
vt 0.5416666666666666 0.036458333333333336
vt 0.5833333333333334 0.036458333333333336
vt 0.625 0.036458333333333336
vt 0.6666666666666666 0.036458333333333336
vt 0.7083333333333334 0.036458333333333336
vt 0.75 0.036458333333333336
vt 0.7916666666666666 0.036458333333333336
vt 0.8333333333333334 0.036458333333333336
vt 0.875 0.036458333333333336
vt 0.9166666666666666 0.036458333333333336
vt 0.9583333333333334 0.036458333333333336
vt 1 0.036458333333333336
vt 0 0.041666666666666664
vt 0.041666666666666664 0.041666666666666664
vt 0.08333333333333333 0.041666666666666664
vt 0.125 0.041666666666666664
vt 0.16666666666666666 0.041666666666666664
vt 0.20833333333333334 0.041666666666666664
vt 0.25 0.041666666666666664
vt 0.2916666666666667 0.041666666666666664
vt 0.3333333333333333 0.041666666666666664
vt 0.375 0.041666666666666664
vt 0.4166666666666667 0.041666666666666664
vt 0.4583333333333333 0.041666666666666664
vt 0.5 0.041666666666666664
vt 0.5416666666666666 0.041666666666666664
vt 0.5833333333333334 0.041666666666666664
vt 0.625 0.041666666666666664
vt 0.6666666666666666 0.041666666666666664
vt 0.7083333333333334 0.041666666666666664
vt 0.75 0.041666666666666664
vt 0.7916666666666666 0.041666666666666664
vt 0.8333333333333334 0.041666666666666664
vt 0.875 0.041666666666666664
vt 0.9166666666666666 0.041666666666666664
vt 0.9583333333333334 0.041666666666666664
vt 1 0.041666666666666664
vt 0 0.046875
vt 0.041666666666666664 0.046875
vt 0.08333333333333333 0.046875
vt 0.125 0.046875
vt 0.16666666666666666 0.046875
vt 0.20833333333333334 0.046875
vt 0.25 0.046875
vt 0.2916666666666667 0.046875
vt 0.3333333333333333 0.046875
vt 0.375 0.046875
vt 0.4166666666666667 0.046875
vt 0.4583333333333333 0.046875
vt 0.5 0.046875
vt 0.5416666666666666 0.046875
vt 0.5833333333333334 0.046875
vt 0.625 0.046875
vt 0.6666666666666666 0.046875
vt 0.7083333333333334 0.046875
vt 0.75 0.046875
vt 0.7916666666666666 0.046875
vt 0.8333333333333334 0.046875
vt 0.875 0.046875
vt 0.9166666666666666 0.046875
vt 0.9583333333333334 0.046875
vt 1 0.046875
vt 0 0.052083333333333336
vt 0.041666666666666664 0.052083333333333336
vt 0.08333333333333333 0.052083333333333336
vt 0.125 0.052083333333333336
vt 0.16666666666666666 0.052083333333333336
vt 0.20833333333333334 0.052083333333333336
vt 0.25 0.052083333333333336
vt 0.2916666666666667 0.052083333333333336
vt 0.3333333333333333 0.052083333333333336
vt 0.375 0.052083333333333336
vt 0.4166666666666667 0.052083333333333336
vt 0.4583333333333333 0.052083333333333336
vt 0.5 0.052083333333333336
vt 0.5416666666666666 0.052083333333333336
vt 0.5833333333333334 0.052083333333333336
vt 0.625 0.052083333333333336
vt 0.6666666666666666 0.052083333333333336
vt 0.7083333333333334 0.052083333333333336
vt 0.75 0.052083333333333336
vt 0.7916666666666666 0.052083333333333336
vt 0.8333333333333334 0.052083333333333336
vt 0.875 0.052083333333333336
vt 0.9166666666666666 0.052083333333333336
vt 0.9583333333333334 0.052083333333333336
vt 1 0.052083333333333336
vt 0 0.057291666666666664
vt 0.041666666666666664 0.057291666666666664
vt 0.08333333333333333 0.057291666666666664
vt 0.125 0.057291666666666664
vt 0.16666666666666666 0.057291666666666664
vt 0.20833333333333334 0.057291666666666664
vt 0.25 0.057291666666666664
vt 0.2916666666666667 0.057291666666666664
vt 0.3333333333333333 0.057291666666666664
vt 0.375 0.057291666666666664
vt 0.4166666666666667 0.057291666666666664
vt 0.4583333333333333 0.057291666666666664
vt 0.5 0.057291666666666664
vt 0.5416666666666666 0.057291666666666664
vt 0.5833333333333334 0.057291666666666664
vt 0.625 0.057291666666666664
vt 0.6666666666666666 0.057291666666666664
vt 0.7083333333333334 0.057291666666666664
vt 0.75 0.057291666666666664
vt 0.7916666666666666 0.057291666666666664
vt 0.8333333333333334 0.057291666666666664
vt 0.875 0.057291666666666664
vt 0.9166666666666666 0.057291666666666664
vt 0.9583333333333334 0.057291666666666664
vt 1 0.057291666666666664
vt 0 0.0625
vt 0.041666666666666664 0.0625
vt 0.08333333333333333 0.0625
vt 0.125 0.0625
vt 0.16666666666666666 0.0625
vt 0.20833333333333334 0.0625
vt 0.25 0.0625
vt 0.2916666666666667 0.0625
vt 0.3333333333333333 0.0625
vt 0.375 0.0625
vt 0.4166666666666667 0.0625
vt 0.4583333333333333 0.0625
vt 0.5 0.0625
vt 0.5416666666666666 0.0625
vt 0.5833333333333334 0.0625
vt 0.625 0.0625
vt 0.6666666666666666 0.0625
vt 0.7083333333333334 0.0625
vt 0.75 0.0625
vt 0.7916666666666666 0.0625
vt 0.8333333333333334 0.0625
vt 0.875 0.0625
vt 0.9166666666666666 0.0625
vt 0.9583333333333334 0.0625
vt 1 0.0625
vt 0 0.06770833333333333
vt 0.041666666666666664 0.06770833333333333
vt 0.08333333333333333 0.06770833333333333
vt 0.125 0.06770833333333333
vt 0.16666666666666666 0.06770833333333333
vt 0.20833333333333334 0.06770833333333333
vt 0.25 0.06770833333333333
vt 0.2916666666666667 0.06770833333333333
vt 0.3333333333333333 0.06770833333333333
vt 0.375 0.06770833333333333
vt 0.4166666666666667 0.06770833333333333
vt 0.4583333333333333 0.06770833333333333
vt 0.5 0.06770833333333333
vt 0.5416666666666666 0.06770833333333333
vt 0.5833333333333334 0.06770833333333333
vt 0.625 0.06770833333333333
vt 0.6666666666666666 0.06770833333333333
vt 0.7083333333333334 0.06770833333333333
vt 0.75 0.06770833333333333
vt 0.7916666666666666 0.06770833333333333
vt 0.8333333333333334 0.06770833333333333
vt 0.875 0.06770833333333333
vt 0.9166666666666666 0.06770833333333333
vt 0.9583333333333334 0.06770833333333333
vt 1 0.06770833333333333
vt 0 0.07291666666666667
vt 0.041666666666666664 0.07291666666666667
vt 0.08333333333333333 0.07291666666666667
vt 0.125 0.07291666666666667
vt 0.16666666666666666 0.07291666666666667
vt 0.20833333333333334 0.07291666666666667
vt 0.25 0.07291666666666667
vt 0.2916666666666667 0.07291666666666667
vt 0.3333333333333333 0.07291666666666667
vt 0.375 0.07291666666666667
vt 0.4166666666666667 0.07291666666666667
vt 0.4583333333333333 0.07291666666666667
vt 0.5 0.07291666666666667
vt 0.5416666666666666 0.07291666666666667
vt 0.5833333333333334 0.07291666666666667
vt 0.625 0.07291666666666667
vt 0.6666666666666666 0.07291666666666667
vt 0.7083333333333334 0.07291666666666667
vt 0.75 0.07291666666666667
vt 0.7916666666666666 0.07291666666666667
vt 0.8333333333333334 0.07291666666666667
vt 0.875 0.07291666666666667
vt 0.9166666666666666 0.07291666666666667
vt 0.9583333333333334 0.07291666666666667
vt 1 0.07291666666666667
vt 0 0.078125
vt 0.041666666666666664 0.078125
vt 0.08333333333333333 0.078125
vt 0.125 0.078125
vt 0.16666666666666666 0.078125
vt 0.20833333333333334 0.078125
vt 0.25 0.078125
vt 0.2916666666666667 0.078125
vt 0.3333333333333333 0.078125
vt 0.375 0.078125
vt 0.4166666666666667 0.078125
vt 0.4583333333333333 0.078125
vt 0.5 0.078125
vt 0.5416666666666666 0.078125
vt 0.5833333333333334 0.078125
vt 0.625 0.078125
vt 0.6666666666666666 0.078125
vt 0.7083333333333334 0.078125
vt 0.75 0.078125
vt 0.7916666666666666 0.078125
vt 0.8333333333333334 0.078125
vt 0.875 0.078125
vt 0.9166666666666666 0.078125
vt 0.9583333333333334 0.078125
vt 1 0.078125
vt 0 0.08333333333333333
vt 0.041666666666666664 0.08333333333333333
vt 0.08333333333333333 0.08333333333333333
vt 0.125 0.08333333333333333
vt 0.16666666666666666 0.08333333333333333
vt 0.20833333333333334 0.08333333333333333
vt 0.25 0.08333333333333333
vt 0.2916666666666667 0.08333333333333333
vt 0.3333333333333333 0.08333333333333333
vt 0.375 0.08333333333333333
vt 0.4166666666666667 0.08333333333333333
vt 0.4583333333333333 0.08333333333333333
vt 0.5 0.08333333333333333
vt 0.5416666666666666 0.08333333333333333
vt 0.5833333333333334 0.08333333333333333
vt 0.625 0.08333333333333333
vt 0.6666666666666666 0.08333333333333333
vt 0.7083333333333334 0.08333333333333333
vt 0.75 0.08333333333333333
vt 0.7916666666666666 0.08333333333333333
vt 0.8333333333333334 0.08333333333333333
vt 0.875 0.08333333333333333
vt 0.9166666666666666 0.08333333333333333
vt 0.9583333333333334 0.08333333333333333
vt 1 0.08333333333333333
vt 0 0.08854166666666667
vt 0.041666666666666664 0.08854166666666667
vt 0.08333333333333333 0.08854166666666667
vt 0.125 0.08854166666666667
vt 0.16666666666666666 0.08854166666666667
vt 0.20833333333333334 0.08854166666666667
vt 0.25 0.08854166666666667
vt 0.2916666666666667 0.08854166666666667
vt 0.3333333333333333 0.08854166666666667
vt 0.375 0.08854166666666667
vt 0.4166666666666667 0.08854166666666667
vt 0.4583333333333333 0.08854166666666667
vt 0.5 0.08854166666666667
vt 0.5416666666666666 0.08854166666666667
vt 0.5833333333333334 0.08854166666666667
vt 0.625 0.08854166666666667
vt 0.6666666666666666 0.08854166666666667
vt 0.7083333333333334 0.08854166666666667
vt 0.75 0.08854166666666667
vt 0.7916666666666666 0.08854166666666667
vt 0.8333333333333334 0.08854166666666667
vt 0.875 0.08854166666666667
vt 0.9166666666666666 0.08854166666666667
vt 0.9583333333333334 0.08854166666666667
vt 1 0.08854166666666667
vt 0 0.09375
vt 0.041666666666666664 0.09375
vt 0.08333333333333333 0.09375
vt 0.125 0.09375
vt 0.16666666666666666 0.09375
vt 0.20833333333333334 0.09375
vt 0.25 0.09375
vt 0.2916666666666667 0.09375
vt 0.3333333333333333 0.09375
vt 0.375 0.09375
vt 0.4166666666666667 0.09375
vt 0.4583333333333333 0.09375
vt 0.5 0.09375
vt 0.5416666666666666 0.09375
vt 0.5833333333333334 0.09375
vt 0.625 0.09375
vt 0.6666666666666666 0.09375
vt 0.7083333333333334 0.09375
vt 0.75 0.09375
vt 0.7916666666666666 0.09375
vt 0.8333333333333334 0.09375
vt 0.875 0.09375
vt 0.9166666666666666 0.09375
vt 0.9583333333333334 0.09375
vt 1 0.09375
vt 0 0.09895833333333333
vt 0.041666666666666664 0.09895833333333333
vt 0.08333333333333333 0.09895833333333333
vt 0.125 0.09895833333333333
vt 0.16666666666666666 0.09895833333333333
vt 0.20833333333333334 0.09895833333333333
vt 0.25 0.09895833333333333
vt 0.2916666666666667 0.09895833333333333
vt 0.3333333333333333 0.09895833333333333
vt 0.375 0.09895833333333333
vt 0.4166666666666667 0.09895833333333333
vt 0.4583333333333333 0.09895833333333333
vt 0.5 0.09895833333333333
vt 0.5416666666666666 0.09895833333333333
vt 0.5833333333333334 0.09895833333333333
vt 0.625 0.09895833333333333
vt 0.6666666666666666 0.09895833333333333
vt 0.7083333333333334 0.09895833333333333
vt 0.75 0.09895833333333333
vt 0.7916666666666666 0.09895833333333333
vt 0.8333333333333334 0.09895833333333333
vt 0.875 0.09895833333333333
vt 0.9166666666666666 0.09895833333333333
vt 0.9583333333333334 0.09895833333333333
vt 1 0.09895833333333333
vt 0 0.10416666666666667
vt 0.041666666666666664 0.10416666666666667
vt 0.08333333333333333 0.10416666666666667
vt 0.125 0.10416666666666667
vt 0.16666666666666666 0.10416666666666667
vt 0.20833333333333334 0.10416666666666667
vt 0.25 0.10416666666666667
vt 0.2916666666666667 0.10416666666666667
vt 0.3333333333333333 0.10416666666666667
vt 0.375 0.10416666666666667
vt 0.4166666666666667 0.10416666666666667
vt 0.4583333333333333 0.10416666666666667
vt 0.5 0.10416666666666667
vt 0.5416666666666666 0.10416666666666667
vt 0.5833333333333334 0.10416666666666667
vt 0.625 0.10416666666666667
vt 0.6666666666666666 0.10416666666666667
vt 0.7083333333333334 0.10416666666666667
vt 0.75 0.10416666666666667
vt 0.7916666666666666 0.10416666666666667
vt 0.8333333333333334 0.10416666666666667
vt 0.875 0.10416666666666667
vt 0.9166666666666666 0.10416666666666667
vt 0.9583333333333334 0.10416666666666667
vt 1 0.10416666666666667
vt 0 0.109375
vt 0.041666666666666664 0.109375
vt 0.08333333333333333 0.109375
vt 0.125 0.109375
vt 0.16666666666666666 0.109375
vt 0.20833333333333334 0.109375
vt 0.25 0.109375
vt 0.2916666666666667 0.109375
vt 0.3333333333333333 0.109375
vt 0.375 0.109375
vt 0.4166666666666667 0.109375
vt 0.4583333333333333 0.109375
vt 0.5 0.109375
vt 0.5416666666666666 0.109375
vt 0.5833333333333334 0.109375
vt 0.625 0.109375
vt 0.6666666666666666 0.109375
vt 0.7083333333333334 0.109375
vt 0.75 0.109375
vt 0.7916666666666666 0.109375
vt 0.8333333333333334 0.109375
vt 0.875 0.109375
vt 0.9166666666666666 0.109375
vt 0.9583333333333334 0.109375
vt 1 0.109375
vt 0 0.11458333333333333
vt 0.041666666666666664 0.11458333333333333
vt 0.08333333333333333 0.11458333333333333
vt 0.125 0.11458333333333333
vt 0.16666666666666666 0.11458333333333333
vt 0.20833333333333334 0.11458333333333333
vt 0.25 0.11458333333333333
vt 0.2916666666666667 0.11458333333333333
vt 0.3333333333333333 0.11458333333333333
vt 0.375 0.11458333333333333
vt 0.4166666666666667 0.11458333333333333
vt 0.4583333333333333 0.11458333333333333
vt 0.5 0.11458333333333333
vt 0.5416666666666666 0.11458333333333333
vt 0.5833333333333334 0.11458333333333333
vt 0.625 0.11458333333333333
vt 0.6666666666666666 0.11458333333333333
vt 0.7083333333333334 0.11458333333333333
vt 0.75 0.11458333333333333
vt 0.7916666666666666 0.11458333333333333
vt 0.8333333333333334 0.11458333333333333
vt 0.875 0.11458333333333333
vt 0.9166666666666666 0.11458333333333333
vt 0.9583333333333334 0.11458333333333333
vt 1 0.11458333333333333
vt 0 0.11979166666666667
vt 0.041666666666666664 0.11979166666666667
vt 0.08333333333333333 0.11979166666666667
vt 0.125 0.11979166666666667
vt 0.16666666666666666 0.11979166666666667
vt 0.20833333333333334 0.11979166666666667
vt 0.25 0.11979166666666667
vt 0.2916666666666667 0.11979166666666667
vt 0.3333333333333333 0.11979166666666667
vt 0.375 0.11979166666666667
vt 0.4166666666666667 0.11979166666666667
vt 0.4583333333333333 0.11979166666666667
vt 0.5 0.11979166666666667
vt 0.5416666666666666 0.11979166666666667
vt 0.5833333333333334 0.11979166666666667
vt 0.625 0.11979166666666667
vt 0.6666666666666666 0.11979166666666667
vt 0.7083333333333334 0.11979166666666667
vt 0.75 0.11979166666666667
vt 0.7916666666666666 0.11979166666666667
vt 0.8333333333333334 0.11979166666666667
vt 0.875 0.11979166666666667
vt 0.9166666666666666 0.11979166666666667
vt 0.9583333333333334 0.11979166666666667
vt 1 0.11979166666666667
vt 0 0.125
vt 0.041666666666666664 0.125
vt 0.08333333333333333 0.125
vt 0.125 0.125
vt 0.16666666666666666 0.125
vt 0.20833333333333334 0.125
vt 0.25 0.125
vt 0.2916666666666667 0.125
vt 0.3333333333333333 0.125
vt 0.375 0.125
vt 0.4166666666666667 0.125
vt 0.4583333333333333 0.125
vt 0.5 0.125
vt 0.5416666666666666 0.125
vt 0.5833333333333334 0.125
vt 0.625 0.125
vt 0.6666666666666666 0.125
vt 0.7083333333333334 0.125
vt 0.75 0.125
vt 0.7916666666666666 0.125
vt 0.8333333333333334 0.125
vt 0.875 0.125
vt 0.9166666666666666 0.125
vt 0.9583333333333334 0.125
vt 1 0.125
vt 0 0.13020833333333334
vt 0.041666666666666664 0.13020833333333334
vt 0.08333333333333333 0.13020833333333334
vt 0.125 0.13020833333333334
vt 0.16666666666666666 0.13020833333333334
vt 0.20833333333333334 0.13020833333333334
vt 0.25 0.13020833333333334
vt 0.2916666666666667 0.13020833333333334
vt 0.3333333333333333 0.13020833333333334
vt 0.375 0.13020833333333334
vt 0.4166666666666667 0.13020833333333334
vt 0.4583333333333333 0.13020833333333334
vt 0.5 0.13020833333333334
vt 0.5416666666666666 0.13020833333333334
vt 0.5833333333333334 0.13020833333333334
vt 0.625 0.13020833333333334
vt 0.6666666666666666 0.13020833333333334
vt 0.7083333333333334 0.13020833333333334
vt 0.75 0.13020833333333334
vt 0.7916666666666666 0.13020833333333334
vt 0.8333333333333334 0.13020833333333334
vt 0.875 0.13020833333333334
vt 0.9166666666666666 0.13020833333333334
vt 0.9583333333333334 0.13020833333333334
vt 1 0.13020833333333334
vt 0 0.13541666666666666
vt 0.041666666666666664 0.13541666666666666
vt 0.08333333333333333 0.13541666666666666
vt 0.125 0.13541666666666666
vt 0.16666666666666666 0.13541666666666666
vt 0.20833333333333334 0.13541666666666666
vt 0.25 0.13541666666666666
vt 0.2916666666666667 0.13541666666666666
vt 0.3333333333333333 0.13541666666666666
vt 0.375 0.13541666666666666
vt 0.4166666666666667 0.13541666666666666
vt 0.4583333333333333 0.13541666666666666
vt 0.5 0.13541666666666666
vt 0.5416666666666666 0.13541666666666666
vt 0.5833333333333334 0.13541666666666666
vt 0.625 0.13541666666666666
vt 0.6666666666666666 0.13541666666666666
vt 0.7083333333333334 0.13541666666666666
vt 0.75 0.13541666666666666
vt 0.7916666666666666 0.13541666666666666
vt 0.8333333333333334 0.13541666666666666
vt 0.875 0.13541666666666666
vt 0.9166666666666666 0.13541666666666666
vt 0.9583333333333334 0.13541666666666666
vt 1 0.13541666666666666
vt 0 0.140625
vt 0.041666666666666664 0.140625
vt 0.08333333333333333 0.140625
vt 0.125 0.140625
vt 0.16666666666666666 0.140625
vt 0.20833333333333334 0.140625
vt 0.25 0.140625
vt 0.2916666666666667 0.140625
vt 0.3333333333333333 0.140625
vt 0.375 0.140625
vt 0.4166666666666667 0.140625
vt 0.4583333333333333 0.140625
vt 0.5 0.140625
vt 0.5416666666666666 0.140625
vt 0.5833333333333334 0.140625
vt 0.625 0.140625
vt 0.6666666666666666 0.140625
vt 0.7083333333333334 0.140625
vt 0.75 0.140625
vt 0.7916666666666666 0.140625
vt 0.8333333333333334 0.140625
vt 0.875 0.140625
vt 0.9166666666666666 0.140625
vt 0.9583333333333334 0.140625
vt 1 0.140625
vt 0 0.14583333333333334
vt 0.041666666666666664 0.14583333333333334
vt 0.08333333333333333 0.14583333333333334
vt 0.125 0.14583333333333334
vt 0.16666666666666666 0.14583333333333334
vt 0.20833333333333334 0.14583333333333334
vt 0.25 0.14583333333333334
vt 0.2916666666666667 0.14583333333333334
vt 0.3333333333333333 0.14583333333333334
vt 0.375 0.14583333333333334
vt 0.4166666666666667 0.14583333333333334
vt 0.4583333333333333 0.14583333333333334
vt 0.5 0.14583333333333334
vt 0.5416666666666666 0.14583333333333334
vt 0.5833333333333334 0.14583333333333334
vt 0.625 0.14583333333333334
vt 0.6666666666666666 0.14583333333333334
vt 0.7083333333333334 0.14583333333333334
vt 0.75 0.14583333333333334
vt 0.7916666666666666 0.14583333333333334
vt 0.8333333333333334 0.14583333333333334
vt 0.875 0.14583333333333334
vt 0.9166666666666666 0.14583333333333334
vt 0.9583333333333334 0.14583333333333334
vt 1 0.14583333333333334
vt 0 0.15104166666666666
vt 0.041666666666666664 0.15104166666666666
vt 0.08333333333333333 0.15104166666666666
vt 0.125 0.15104166666666666
vt 0.16666666666666666 0.15104166666666666
vt 0.20833333333333334 0.15104166666666666
vt 0.25 0.15104166666666666
vt 0.2916666666666667 0.15104166666666666
vt 0.3333333333333333 0.15104166666666666
vt 0.375 0.15104166666666666
vt 0.4166666666666667 0.15104166666666666
vt 0.4583333333333333 0.15104166666666666
vt 0.5 0.15104166666666666
vt 0.5416666666666666 0.15104166666666666
vt 0.5833333333333334 0.15104166666666666
vt 0.625 0.15104166666666666
vt 0.6666666666666666 0.15104166666666666
vt 0.7083333333333334 0.15104166666666666
vt 0.75 0.15104166666666666
vt 0.7916666666666666 0.15104166666666666
vt 0.8333333333333334 0.15104166666666666
vt 0.875 0.15104166666666666
vt 0.9166666666666666 0.15104166666666666
vt 0.9583333333333334 0.15104166666666666
vt 1 0.15104166666666666
vt 0 0.15625
vt 0.041666666666666664 0.15625
vt 0.08333333333333333 0.15625
vt 0.125 0.15625
vt 0.16666666666666666 0.15625
vt 0.20833333333333334 0.15625
vt 0.25 0.15625
vt 0.2916666666666667 0.15625
vt 0.3333333333333333 0.15625
vt 0.375 0.15625
vt 0.4166666666666667 0.15625
vt 0.4583333333333333 0.15625
vt 0.5 0.15625
vt 0.5416666666666666 0.15625
vt 0.5833333333333334 0.15625
vt 0.625 0.15625
vt 0.6666666666666666 0.15625
vt 0.7083333333333334 0.15625
vt 0.75 0.15625
vt 0.7916666666666666 0.15625
vt 0.8333333333333334 0.15625
vt 0.875 0.15625
vt 0.9166666666666666 0.15625
vt 0.9583333333333334 0.15625
vt 1 0.15625
vt 0 0.16145833333333334
vt 0.041666666666666664 0.16145833333333334
vt 0.08333333333333333 0.16145833333333334
vt 0.125 0.16145833333333334
vt 0.16666666666666666 0.16145833333333334
vt 0.20833333333333334 0.16145833333333334
vt 0.25 0.16145833333333334
vt 0.2916666666666667 0.16145833333333334
vt 0.3333333333333333 0.16145833333333334
vt 0.375 0.16145833333333334
vt 0.4166666666666667 0.16145833333333334
vt 0.4583333333333333 0.16145833333333334
vt 0.5 0.16145833333333334
vt 0.5416666666666666 0.16145833333333334
vt 0.5833333333333334 0.16145833333333334
vt 0.625 0.16145833333333334
vt 0.6666666666666666 0.16145833333333334
vt 0.7083333333333334 0.16145833333333334
vt 0.75 0.16145833333333334
vt 0.7916666666666666 0.16145833333333334
vt 0.8333333333333334 0.16145833333333334
vt 0.875 0.16145833333333334
vt 0.9166666666666666 0.16145833333333334
vt 0.9583333333333334 0.16145833333333334
vt 1 0.16145833333333334
vt 0 0.16666666666666666
vt 0.041666666666666664 0.16666666666666666
vt 0.08333333333333333 0.16666666666666666
vt 0.125 0.16666666666666666
vt 0.16666666666666666 0.16666666666666666
vt 0.20833333333333334 0.16666666666666666
vt 0.25 0.16666666666666666
vt 0.2916666666666667 0.16666666666666666
vt 0.3333333333333333 0.16666666666666666
vt 0.375 0.16666666666666666
vt 0.4166666666666667 0.16666666666666666
vt 0.4583333333333333 0.16666666666666666
vt 0.5 0.16666666666666666
vt 0.5416666666666666 0.16666666666666666
vt 0.5833333333333334 0.16666666666666666
vt 0.625 0.16666666666666666
vt 0.6666666666666666 0.16666666666666666
vt 0.7083333333333334 0.16666666666666666
vt 0.75 0.16666666666666666
vt 0.7916666666666666 0.16666666666666666
vt 0.8333333333333334 0.16666666666666666
vt 0.875 0.16666666666666666
vt 0.9166666666666666 0.16666666666666666
vt 0.9583333333333334 0.16666666666666666
vt 1 0.16666666666666666
vt 0 0.171875
vt 0.041666666666666664 0.171875
vt 0.08333333333333333 0.171875
vt 0.125 0.171875
vt 0.16666666666666666 0.171875
vt 0.20833333333333334 0.171875
vt 0.25 0.171875
vt 0.2916666666666667 0.171875
vt 0.3333333333333333 0.171875
vt 0.375 0.171875
vt 0.4166666666666667 0.171875
vt 0.4583333333333333 0.171875
vt 0.5 0.171875
vt 0.5416666666666666 0.171875
vt 0.5833333333333334 0.171875
vt 0.625 0.171875
vt 0.6666666666666666 0.171875
vt 0.7083333333333334 0.171875
vt 0.75 0.171875
vt 0.7916666666666666 0.171875
vt 0.8333333333333334 0.171875
vt 0.875 0.171875
vt 0.9166666666666666 0.171875
vt 0.9583333333333334 0.171875
vt 1 0.171875
vt 0 0.17708333333333334
vt 0.041666666666666664 0.17708333333333334
vt 0.08333333333333333 0.17708333333333334
vt 0.125 0.17708333333333334
vt 0.16666666666666666 0.17708333333333334
vt 0.20833333333333334 0.17708333333333334
vt 0.25 0.17708333333333334
vt 0.2916666666666667 0.17708333333333334
vt 0.3333333333333333 0.17708333333333334
vt 0.375 0.17708333333333334
vt 0.4166666666666667 0.17708333333333334
vt 0.4583333333333333 0.17708333333333334
vt 0.5 0.17708333333333334
vt 0.5416666666666666 0.17708333333333334
vt 0.5833333333333334 0.17708333333333334
vt 0.625 0.17708333333333334
vt 0.6666666666666666 0.17708333333333334
vt 0.7083333333333334 0.17708333333333334
vt 0.75 0.17708333333333334
vt 0.7916666666666666 0.17708333333333334
vt 0.8333333333333334 0.17708333333333334
vt 0.875 0.17708333333333334
vt 0.9166666666666666 0.17708333333333334
vt 0.9583333333333334 0.17708333333333334
vt 1 0.17708333333333334
vt 0 0.18229166666666666
vt 0.041666666666666664 0.18229166666666666
vt 0.08333333333333333 0.18229166666666666
vt 0.125 0.18229166666666666
vt 0.16666666666666666 0.18229166666666666
vt 0.20833333333333334 0.18229166666666666
vt 0.25 0.18229166666666666
vt 0.2916666666666667 0.18229166666666666
vt 0.3333333333333333 0.18229166666666666
vt 0.375 0.18229166666666666
vt 0.4166666666666667 0.18229166666666666
vt 0.4583333333333333 0.18229166666666666
vt 0.5 0.18229166666666666
vt 0.5416666666666666 0.18229166666666666
vt 0.5833333333333334 0.18229166666666666
vt 0.625 0.18229166666666666
vt 0.6666666666666666 0.18229166666666666
vt 0.7083333333333334 0.18229166666666666
vt 0.75 0.18229166666666666
vt 0.7916666666666666 0.18229166666666666
vt 0.8333333333333334 0.18229166666666666
vt 0.875 0.18229166666666666
vt 0.9166666666666666 0.18229166666666666
vt 0.9583333333333334 0.18229166666666666
vt 1 0.18229166666666666
vt 0 0.1875
vt 0.041666666666666664 0.1875
vt 0.08333333333333333 0.1875
vt 0.125 0.1875
vt 0.16666666666666666 0.1875
vt 0.20833333333333334 0.1875
vt 0.25 0.1875
vt 0.2916666666666667 0.1875
vt 0.3333333333333333 0.1875
vt 0.375 0.1875
vt 0.4166666666666667 0.1875
vt 0.4583333333333333 0.1875
vt 0.5 0.1875
vt 0.5416666666666666 0.1875
vt 0.5833333333333334 0.1875
vt 0.625 0.1875
vt 0.6666666666666666 0.1875
vt 0.7083333333333334 0.1875
vt 0.75 0.1875
vt 0.7916666666666666 0.1875
vt 0.8333333333333334 0.1875
vt 0.875 0.1875
vt 0.9166666666666666 0.1875
vt 0.9583333333333334 0.1875
vt 1 0.1875
vt 0 0.19270833333333334
vt 0.041666666666666664 0.19270833333333334
vt 0.08333333333333333 0.19270833333333334
vt 0.125 0.19270833333333334
vt 0.16666666666666666 0.19270833333333334
vt 0.20833333333333334 0.19270833333333334
vt 0.25 0.19270833333333334
vt 0.2916666666666667 0.19270833333333334
vt 0.3333333333333333 0.19270833333333334
vt 0.375 0.19270833333333334
vt 0.4166666666666667 0.19270833333333334
vt 0.4583333333333333 0.19270833333333334
vt 0.5 0.19270833333333334
vt 0.5416666666666666 0.19270833333333334
vt 0.5833333333333334 0.19270833333333334
vt 0.625 0.19270833333333334
vt 0.6666666666666666 0.19270833333333334
vt 0.7083333333333334 0.19270833333333334
vt 0.75 0.19270833333333334
vt 0.7916666666666666 0.19270833333333334
vt 0.8333333333333334 0.19270833333333334
vt 0.875 0.19270833333333334
vt 0.9166666666666666 0.19270833333333334
vt 0.9583333333333334 0.19270833333333334
vt 1 0.19270833333333334
vt 0 0.19791666666666666
vt 0.041666666666666664 0.19791666666666666
vt 0.08333333333333333 0.19791666666666666
vt 0.125 0.19791666666666666
vt 0.16666666666666666 0.19791666666666666
vt 0.20833333333333334 0.19791666666666666
vt 0.25 0.19791666666666666
vt 0.2916666666666667 0.19791666666666666
vt 0.3333333333333333 0.19791666666666666
vt 0.375 0.19791666666666666
vt 0.4166666666666667 0.19791666666666666
vt 0.4583333333333333 0.19791666666666666
vt 0.5 0.19791666666666666
vt 0.5416666666666666 0.19791666666666666
vt 0.5833333333333334 0.19791666666666666
vt 0.625 0.19791666666666666
vt 0.6666666666666666 0.19791666666666666
vt 0.7083333333333334 0.19791666666666666
vt 0.75 0.19791666666666666
vt 0.7916666666666666 0.19791666666666666
vt 0.8333333333333334 0.19791666666666666
vt 0.875 0.19791666666666666
vt 0.9166666666666666 0.19791666666666666
vt 0.9583333333333334 0.19791666666666666
vt 1 0.19791666666666666
vt 0 0.203125
vt 0.041666666666666664 0.203125
vt 0.08333333333333333 0.203125
vt 0.125 0.203125
vt 0.16666666666666666 0.203125
vt 0.20833333333333334 0.203125
vt 0.25 0.203125
vt 0.2916666666666667 0.203125
vt 0.3333333333333333 0.203125
vt 0.375 0.203125
vt 0.4166666666666667 0.203125
vt 0.4583333333333333 0.203125
vt 0.5 0.203125
vt 0.5416666666666666 0.203125
vt 0.5833333333333334 0.203125
vt 0.625 0.203125
vt 0.6666666666666666 0.203125
vt 0.7083333333333334 0.203125
vt 0.75 0.203125
vt 0.7916666666666666 0.203125
vt 0.8333333333333334 0.203125
vt 0.875 0.203125
vt 0.9166666666666666 0.203125
vt 0.9583333333333334 0.203125
vt 1 0.203125
vt 0 0.20833333333333334
vt 0.041666666666666664 0.20833333333333334
vt 0.08333333333333333 0.20833333333333334
vt 0.125 0.20833333333333334
vt 0.16666666666666666 0.20833333333333334
vt 0.20833333333333334 0.20833333333333334
vt 0.25 0.20833333333333334
vt 0.2916666666666667 0.20833333333333334
vt 0.3333333333333333 0.20833333333333334
vt 0.375 0.20833333333333334
vt 0.4166666666666667 0.20833333333333334
vt 0.4583333333333333 0.20833333333333334
vt 0.5 0.20833333333333334
vt 0.5416666666666666 0.20833333333333334
vt 0.5833333333333334 0.20833333333333334
vt 0.625 0.20833333333333334
vt 0.6666666666666666 0.20833333333333334
vt 0.7083333333333334 0.20833333333333334
vt 0.75 0.20833333333333334
vt 0.7916666666666666 0.20833333333333334
vt 0.8333333333333334 0.20833333333333334
vt 0.875 0.20833333333333334
vt 0.9166666666666666 0.20833333333333334
vt 0.9583333333333334 0.20833333333333334
vt 1 0.20833333333333334
vt 0 0.21354166666666666
vt 0.041666666666666664 0.21354166666666666
vt 0.08333333333333333 0.21354166666666666
vt 0.125 0.21354166666666666
vt 0.16666666666666666 0.21354166666666666
vt 0.20833333333333334 0.21354166666666666
vt 0.25 0.21354166666666666
vt 0.2916666666666667 0.21354166666666666
vt 0.3333333333333333 0.21354166666666666
vt 0.375 0.21354166666666666
vt 0.4166666666666667 0.21354166666666666
vt 0.4583333333333333 0.21354166666666666
vt 0.5 0.21354166666666666
vt 0.5416666666666666 0.21354166666666666
vt 0.5833333333333334 0.21354166666666666
vt 0.625 0.21354166666666666
vt 0.6666666666666666 0.21354166666666666
vt 0.7083333333333334 0.21354166666666666
vt 0.75 0.21354166666666666
vt 0.7916666666666666 0.21354166666666666
vt 0.8333333333333334 0.21354166666666666
vt 0.875 0.21354166666666666
vt 0.9166666666666666 0.21354166666666666
vt 0.9583333333333334 0.21354166666666666
vt 1 0.21354166666666666
vt 0 0.21875
vt 0.041666666666666664 0.21875
vt 0.08333333333333333 0.21875
vt 0.125 0.21875
vt 0.16666666666666666 0.21875
vt 0.20833333333333334 0.21875
vt 0.25 0.21875
vt 0.2916666666666667 0.21875
vt 0.3333333333333333 0.21875
vt 0.375 0.21875
vt 0.4166666666666667 0.21875
vt 0.4583333333333333 0.21875
vt 0.5 0.21875
vt 0.5416666666666666 0.21875
vt 0.5833333333333334 0.21875
vt 0.625 0.21875
vt 0.6666666666666666 0.21875
vt 0.7083333333333334 0.21875
vt 0.75 0.21875
vt 0.7916666666666666 0.21875
vt 0.8333333333333334 0.21875
vt 0.875 0.21875
vt 0.9166666666666666 0.21875
vt 0.9583333333333334 0.21875
vt 1 0.21875
vt 0 0.22395833333333334
vt 0.041666666666666664 0.22395833333333334
vt 0.08333333333333333 0.22395833333333334
vt 0.125 0.22395833333333334
vt 0.16666666666666666 0.22395833333333334
vt 0.20833333333333334 0.22395833333333334
vt 0.25 0.22395833333333334
vt 0.2916666666666667 0.22395833333333334
vt 0.3333333333333333 0.22395833333333334
vt 0.375 0.22395833333333334
vt 0.4166666666666667 0.22395833333333334
vt 0.4583333333333333 0.22395833333333334
vt 0.5 0.22395833333333334
vt 0.5416666666666666 0.22395833333333334
vt 0.5833333333333334 0.22395833333333334
vt 0.625 0.22395833333333334
vt 0.6666666666666666 0.22395833333333334
vt 0.7083333333333334 0.22395833333333334
vt 0.75 0.22395833333333334
vt 0.7916666666666666 0.22395833333333334
vt 0.8333333333333334 0.22395833333333334
vt 0.875 0.22395833333333334
vt 0.9166666666666666 0.22395833333333334
vt 0.9583333333333334 0.22395833333333334
vt 1 0.22395833333333334
vt 0 0.22916666666666666
vt 0.041666666666666664 0.22916666666666666
vt 0.08333333333333333 0.22916666666666666
vt 0.125 0.22916666666666666
vt 0.16666666666666666 0.22916666666666666
vt 0.20833333333333334 0.22916666666666666
vt 0.25 0.22916666666666666
vt 0.2916666666666667 0.22916666666666666
vt 0.3333333333333333 0.22916666666666666
vt 0.375 0.22916666666666666
vt 0.4166666666666667 0.22916666666666666
vt 0.4583333333333333 0.22916666666666666
vt 0.5 0.22916666666666666
vt 0.5416666666666666 0.22916666666666666
vt 0.5833333333333334 0.22916666666666666
vt 0.625 0.22916666666666666
vt 0.6666666666666666 0.22916666666666666
vt 0.7083333333333334 0.22916666666666666
vt 0.75 0.22916666666666666
vt 0.7916666666666666 0.22916666666666666
vt 0.8333333333333334 0.22916666666666666
vt 0.875 0.22916666666666666
vt 0.9166666666666666 0.22916666666666666
vt 0.9583333333333334 0.22916666666666666
vt 1 0.22916666666666666
vt 0 0.234375
vt 0.041666666666666664 0.234375
vt 0.08333333333333333 0.234375
vt 0.125 0.234375
vt 0.16666666666666666 0.234375
vt 0.20833333333333334 0.234375
vt 0.25 0.234375
vt 0.2916666666666667 0.234375
vt 0.3333333333333333 0.234375
vt 0.375 0.234375
vt 0.4166666666666667 0.234375
vt 0.4583333333333333 0.234375
vt 0.5 0.234375
vt 0.5416666666666666 0.234375
vt 0.5833333333333334 0.234375
vt 0.625 0.234375
vt 0.6666666666666666 0.234375
vt 0.7083333333333334 0.234375
vt 0.75 0.234375
vt 0.7916666666666666 0.234375
vt 0.8333333333333334 0.234375
vt 0.875 0.234375
vt 0.9166666666666666 0.234375
vt 0.9583333333333334 0.234375
vt 1 0.234375
vt 0 0.23958333333333334
vt 0.041666666666666664 0.23958333333333334
vt 0.08333333333333333 0.23958333333333334
vt 0.125 0.23958333333333334
vt 0.16666666666666666 0.23958333333333334
vt 0.20833333333333334 0.23958333333333334
vt 0.25 0.23958333333333334
vt 0.2916666666666667 0.23958333333333334
vt 0.3333333333333333 0.23958333333333334
vt 0.375 0.23958333333333334
vt 0.4166666666666667 0.23958333333333334
vt 0.4583333333333333 0.23958333333333334
vt 0.5 0.23958333333333334
vt 0.5416666666666666 0.23958333333333334
vt 0.5833333333333334 0.23958333333333334
vt 0.625 0.23958333333333334
vt 0.6666666666666666 0.23958333333333334
vt 0.7083333333333334 0.23958333333333334
vt 0.75 0.23958333333333334
vt 0.7916666666666666 0.23958333333333334
vt 0.8333333333333334 0.23958333333333334
vt 0.875 0.23958333333333334
vt 0.9166666666666666 0.23958333333333334
vt 0.9583333333333334 0.23958333333333334
vt 1 0.23958333333333334
vt 0 0.24479166666666666
vt 0.041666666666666664 0.24479166666666666
vt 0.08333333333333333 0.24479166666666666
vt 0.125 0.24479166666666666
vt 0.16666666666666666 0.24479166666666666
vt 0.20833333333333334 0.24479166666666666
vt 0.25 0.24479166666666666
vt 0.2916666666666667 0.24479166666666666
vt 0.3333333333333333 0.24479166666666666
vt 0.375 0.24479166666666666
vt 0.4166666666666667 0.24479166666666666
vt 0.4583333333333333 0.24479166666666666
vt 0.5 0.24479166666666666
vt 0.5416666666666666 0.24479166666666666
vt 0.5833333333333334 0.24479166666666666
vt 0.625 0.24479166666666666
vt 0.6666666666666666 0.24479166666666666
vt 0.7083333333333334 0.24479166666666666
vt 0.75 0.24479166666666666
vt 0.7916666666666666 0.24479166666666666
vt 0.8333333333333334 0.24479166666666666
vt 0.875 0.24479166666666666
vt 0.9166666666666666 0.24479166666666666
vt 0.9583333333333334 0.24479166666666666
vt 1 0.24479166666666666
vt 0 0.25
vt 0.041666666666666664 0.25
vt 0.08333333333333333 0.25
vt 0.125 0.25
vt 0.16666666666666666 0.25
vt 0.20833333333333334 0.25
vt 0.25 0.25
vt 0.2916666666666667 0.25
vt 0.3333333333333333 0.25
vt 0.375 0.25
vt 0.4166666666666667 0.25
vt 0.4583333333333333 0.25
vt 0.5 0.25
vt 0.5416666666666666 0.25
vt 0.5833333333333334 0.25
vt 0.625 0.25
vt 0.6666666666666666 0.25
vt 0.7083333333333334 0.25
vt 0.75 0.25
vt 0.7916666666666666 0.25
vt 0.8333333333333334 0.25
vt 0.875 0.25
vt 0.9166666666666666 0.25
vt 0.9583333333333334 0.25
vt 1 0.25
vt 0 0.2552083333333333
vt 0.041666666666666664 0.2552083333333333
vt 0.08333333333333333 0.2552083333333333
vt 0.125 0.2552083333333333
vt 0.16666666666666666 0.2552083333333333
vt 0.20833333333333334 0.2552083333333333
vt 0.25 0.2552083333333333
vt 0.2916666666666667 0.2552083333333333
vt 0.3333333333333333 0.2552083333333333
vt 0.375 0.2552083333333333
vt 0.4166666666666667 0.2552083333333333
vt 0.4583333333333333 0.2552083333333333
vt 0.5 0.2552083333333333
vt 0.5416666666666666 0.2552083333333333
vt 0.5833333333333334 0.2552083333333333
vt 0.625 0.2552083333333333
vt 0.6666666666666666 0.2552083333333333
vt 0.7083333333333334 0.2552083333333333
vt 0.75 0.2552083333333333
vt 0.7916666666666666 0.2552083333333333
vt 0.8333333333333334 0.2552083333333333
vt 0.875 0.2552083333333333
vt 0.9166666666666666 0.2552083333333333
vt 0.9583333333333334 0.2552083333333333
vt 1 0.2552083333333333
vt 0 0.2604166666666667
vt 0.041666666666666664 0.2604166666666667
vt 0.08333333333333333 0.2604166666666667
vt 0.125 0.2604166666666667
vt 0.16666666666666666 0.2604166666666667
vt 0.20833333333333334 0.2604166666666667
vt 0.25 0.2604166666666667
vt 0.2916666666666667 0.2604166666666667
vt 0.3333333333333333 0.2604166666666667
vt 0.375 0.2604166666666667
vt 0.4166666666666667 0.2604166666666667
vt 0.4583333333333333 0.2604166666666667
vt 0.5 0.2604166666666667
vt 0.5416666666666666 0.2604166666666667
vt 0.5833333333333334 0.2604166666666667
vt 0.625 0.2604166666666667
vt 0.6666666666666666 0.2604166666666667
vt 0.7083333333333334 0.2604166666666667
vt 0.75 0.2604166666666667
vt 0.7916666666666666 0.2604166666666667
vt 0.8333333333333334 0.2604166666666667
vt 0.875 0.2604166666666667
vt 0.9166666666666666 0.2604166666666667
vt 0.9583333333333334 0.2604166666666667
vt 1 0.2604166666666667
vt 0 0.265625
vt 0.041666666666666664 0.265625
vt 0.08333333333333333 0.265625
vt 0.125 0.265625
vt 0.16666666666666666 0.265625
vt 0.20833333333333334 0.265625
vt 0.25 0.265625
vt 0.2916666666666667 0.265625
vt 0.3333333333333333 0.265625
vt 0.375 0.265625
vt 0.4166666666666667 0.265625
vt 0.4583333333333333 0.265625
vt 0.5 0.265625
vt 0.5416666666666666 0.265625
vt 0.5833333333333334 0.265625
vt 0.625 0.265625
vt 0.6666666666666666 0.265625
vt 0.7083333333333334 0.265625
vt 0.75 0.265625
vt 0.7916666666666666 0.265625
vt 0.8333333333333334 0.265625
vt 0.875 0.265625
vt 0.9166666666666666 0.265625
vt 0.9583333333333334 0.265625
vt 1 0.265625
vt 0 0.2708333333333333
vt 0.041666666666666664 0.2708333333333333
vt 0.08333333333333333 0.2708333333333333
vt 0.125 0.2708333333333333
vt 0.16666666666666666 0.2708333333333333
vt 0.20833333333333334 0.2708333333333333
vt 0.25 0.2708333333333333
vt 0.2916666666666667 0.2708333333333333
vt 0.3333333333333333 0.2708333333333333
vt 0.375 0.2708333333333333
vt 0.4166666666666667 0.2708333333333333
vt 0.4583333333333333 0.2708333333333333
vt 0.5 0.2708333333333333
vt 0.5416666666666666 0.2708333333333333
vt 0.5833333333333334 0.2708333333333333
vt 0.625 0.2708333333333333
vt 0.6666666666666666 0.2708333333333333
vt 0.7083333333333334 0.2708333333333333
vt 0.75 0.2708333333333333
vt 0.7916666666666666 0.2708333333333333
vt 0.8333333333333334 0.2708333333333333
vt 0.875 0.2708333333333333
vt 0.9166666666666666 0.2708333333333333
vt 0.9583333333333334 0.2708333333333333
vt 1 0.2708333333333333
vt 0 0.2760416666666667
vt 0.041666666666666664 0.2760416666666667
vt 0.08333333333333333 0.2760416666666667
vt 0.125 0.2760416666666667
vt 0.16666666666666666 0.2760416666666667
vt 0.20833333333333334 0.2760416666666667
vt 0.25 0.2760416666666667
vt 0.2916666666666667 0.2760416666666667
vt 0.3333333333333333 0.2760416666666667
vt 0.375 0.2760416666666667
vt 0.4166666666666667 0.2760416666666667
vt 0.4583333333333333 0.2760416666666667
vt 0.5 0.2760416666666667
vt 0.5416666666666666 0.2760416666666667
vt 0.5833333333333334 0.2760416666666667
vt 0.625 0.2760416666666667
vt 0.6666666666666666 0.2760416666666667
vt 0.7083333333333334 0.2760416666666667
vt 0.75 0.2760416666666667
vt 0.7916666666666666 0.2760416666666667
vt 0.8333333333333334 0.2760416666666667
vt 0.875 0.2760416666666667
vt 0.9166666666666666 0.2760416666666667
vt 0.9583333333333334 0.2760416666666667
vt 1 0.2760416666666667
vt 0 0.28125
vt 0.041666666666666664 0.28125
vt 0.08333333333333333 0.28125
vt 0.125 0.28125
vt 0.16666666666666666 0.28125
vt 0.20833333333333334 0.28125
vt 0.25 0.28125
vt 0.2916666666666667 0.28125
vt 0.3333333333333333 0.28125
vt 0.375 0.28125
vt 0.4166666666666667 0.28125
vt 0.4583333333333333 0.28125
vt 0.5 0.28125
vt 0.5416666666666666 0.28125
vt 0.5833333333333334 0.28125
vt 0.625 0.28125
vt 0.6666666666666666 0.28125
vt 0.7083333333333334 0.28125
vt 0.75 0.28125
vt 0.7916666666666666 0.28125
vt 0.8333333333333334 0.28125
vt 0.875 0.28125
vt 0.9166666666666666 0.28125
vt 0.9583333333333334 0.28125
vt 1 0.28125
vt 0 0.2864583333333333
vt 0.041666666666666664 0.2864583333333333
vt 0.08333333333333333 0.2864583333333333
vt 0.125 0.2864583333333333
vt 0.16666666666666666 0.2864583333333333
vt 0.20833333333333334 0.2864583333333333
vt 0.25 0.2864583333333333
vt 0.2916666666666667 0.2864583333333333
vt 0.3333333333333333 0.2864583333333333
vt 0.375 0.2864583333333333
vt 0.4166666666666667 0.2864583333333333
vt 0.4583333333333333 0.2864583333333333
vt 0.5 0.2864583333333333
vt 0.5416666666666666 0.2864583333333333
vt 0.5833333333333334 0.2864583333333333
vt 0.625 0.2864583333333333
vt 0.6666666666666666 0.2864583333333333
vt 0.7083333333333334 0.2864583333333333
vt 0.75 0.2864583333333333
vt 0.7916666666666666 0.2864583333333333
vt 0.8333333333333334 0.2864583333333333
vt 0.875 0.2864583333333333
vt 0.9166666666666666 0.2864583333333333
vt 0.9583333333333334 0.2864583333333333
vt 1 0.2864583333333333
vt 0 0.2916666666666667
vt 0.041666666666666664 0.2916666666666667
vt 0.08333333333333333 0.2916666666666667
vt 0.125 0.2916666666666667
vt 0.16666666666666666 0.2916666666666667
vt 0.20833333333333334 0.2916666666666667
vt 0.25 0.2916666666666667
vt 0.2916666666666667 0.2916666666666667
vt 0.3333333333333333 0.2916666666666667
vt 0.375 0.2916666666666667
vt 0.4166666666666667 0.2916666666666667
vt 0.4583333333333333 0.2916666666666667
vt 0.5 0.2916666666666667
vt 0.5416666666666666 0.2916666666666667
vt 0.5833333333333334 0.2916666666666667
vt 0.625 0.2916666666666667
vt 0.6666666666666666 0.2916666666666667
vt 0.7083333333333334 0.2916666666666667
vt 0.75 0.2916666666666667
vt 0.7916666666666666 0.2916666666666667
vt 0.8333333333333334 0.2916666666666667
vt 0.875 0.2916666666666667
vt 0.9166666666666666 0.2916666666666667
vt 0.9583333333333334 0.2916666666666667
vt 1 0.2916666666666667
vt 0 0.296875
vt 0.041666666666666664 0.296875
vt 0.08333333333333333 0.296875
vt 0.125 0.296875
vt 0.16666666666666666 0.296875
vt 0.20833333333333334 0.296875
vt 0.25 0.296875
vt 0.2916666666666667 0.296875
vt 0.3333333333333333 0.296875
vt 0.375 0.296875
vt 0.4166666666666667 0.296875
vt 0.4583333333333333 0.296875
vt 0.5 0.296875
vt 0.5416666666666666 0.296875
vt 0.5833333333333334 0.296875
vt 0.625 0.296875
vt 0.6666666666666666 0.296875
vt 0.7083333333333334 0.296875
vt 0.75 0.296875
vt 0.7916666666666666 0.296875
vt 0.8333333333333334 0.296875
vt 0.875 0.296875
vt 0.9166666666666666 0.296875
vt 0.9583333333333334 0.296875
vt 1 0.296875
vt 0 0.3020833333333333
vt 0.041666666666666664 0.3020833333333333
vt 0.08333333333333333 0.3020833333333333
vt 0.125 0.3020833333333333
vt 0.16666666666666666 0.3020833333333333
vt 0.20833333333333334 0.3020833333333333
vt 0.25 0.3020833333333333
vt 0.2916666666666667 0.3020833333333333
vt 0.3333333333333333 0.3020833333333333
vt 0.375 0.3020833333333333
vt 0.4166666666666667 0.3020833333333333
vt 0.4583333333333333 0.3020833333333333
vt 0.5 0.3020833333333333
vt 0.5416666666666666 0.3020833333333333
vt 0.5833333333333334 0.3020833333333333
vt 0.625 0.3020833333333333
vt 0.6666666666666666 0.3020833333333333
vt 0.7083333333333334 0.3020833333333333
vt 0.75 0.3020833333333333
vt 0.7916666666666666 0.3020833333333333
vt 0.8333333333333334 0.3020833333333333
vt 0.875 0.3020833333333333
vt 0.9166666666666666 0.3020833333333333
vt 0.9583333333333334 0.3020833333333333
vt 1 0.3020833333333333
vt 0 0.3072916666666667
vt 0.041666666666666664 0.3072916666666667
vt 0.08333333333333333 0.3072916666666667
vt 0.125 0.3072916666666667
vt 0.16666666666666666 0.3072916666666667
vt 0.20833333333333334 0.3072916666666667
vt 0.25 0.3072916666666667
vt 0.2916666666666667 0.3072916666666667
vt 0.3333333333333333 0.3072916666666667
vt 0.375 0.3072916666666667
vt 0.4166666666666667 0.3072916666666667
vt 0.4583333333333333 0.3072916666666667
vt 0.5 0.3072916666666667
vt 0.5416666666666666 0.3072916666666667
vt 0.5833333333333334 0.3072916666666667
vt 0.625 0.3072916666666667
vt 0.6666666666666666 0.3072916666666667
vt 0.7083333333333334 0.3072916666666667
vt 0.75 0.3072916666666667
vt 0.7916666666666666 0.3072916666666667
vt 0.8333333333333334 0.3072916666666667
vt 0.875 0.3072916666666667
vt 0.9166666666666666 0.3072916666666667
vt 0.9583333333333334 0.3072916666666667
vt 1 0.3072916666666667
vt 0 0.3125
vt 0.041666666666666664 0.3125
vt 0.08333333333333333 0.3125
vt 0.125 0.3125
vt 0.16666666666666666 0.3125
vt 0.20833333333333334 0.3125
vt 0.25 0.3125
vt 0.2916666666666667 0.3125
vt 0.3333333333333333 0.3125
vt 0.375 0.3125
vt 0.4166666666666667 0.3125
vt 0.4583333333333333 0.3125
vt 0.5 0.3125
vt 0.5416666666666666 0.3125
vt 0.5833333333333334 0.3125
vt 0.625 0.3125
vt 0.6666666666666666 0.3125
vt 0.7083333333333334 0.3125
vt 0.75 0.3125
vt 0.7916666666666666 0.3125
vt 0.8333333333333334 0.3125
vt 0.875 0.3125
vt 0.9166666666666666 0.3125
vt 0.9583333333333334 0.3125
vt 1 0.3125
vt 0 0.3177083333333333
vt 0.041666666666666664 0.3177083333333333
vt 0.08333333333333333 0.3177083333333333
vt 0.125 0.3177083333333333
vt 0.16666666666666666 0.3177083333333333
vt 0.20833333333333334 0.3177083333333333
vt 0.25 0.3177083333333333
vt 0.2916666666666667 0.3177083333333333
vt 0.3333333333333333 0.3177083333333333
vt 0.375 0.3177083333333333
vt 0.4166666666666667 0.3177083333333333
vt 0.4583333333333333 0.3177083333333333
vt 0.5 0.3177083333333333
vt 0.5416666666666666 0.3177083333333333
vt 0.5833333333333334 0.3177083333333333
vt 0.625 0.3177083333333333
vt 0.6666666666666666 0.3177083333333333
vt 0.7083333333333334 0.3177083333333333
vt 0.75 0.3177083333333333
vt 0.7916666666666666 0.3177083333333333
vt 0.8333333333333334 0.3177083333333333
vt 0.875 0.3177083333333333
vt 0.9166666666666666 0.3177083333333333
vt 0.9583333333333334 0.3177083333333333
vt 1 0.3177083333333333
vt 0 0.3229166666666667
vt 0.041666666666666664 0.3229166666666667
vt 0.08333333333333333 0.3229166666666667
vt 0.125 0.3229166666666667
vt 0.16666666666666666 0.3229166666666667
vt 0.20833333333333334 0.3229166666666667
vt 0.25 0.3229166666666667
vt 0.2916666666666667 0.3229166666666667
vt 0.3333333333333333 0.3229166666666667
vt 0.375 0.3229166666666667
vt 0.4166666666666667 0.3229166666666667
vt 0.4583333333333333 0.3229166666666667
vt 0.5 0.3229166666666667
vt 0.5416666666666666 0.3229166666666667
vt 0.5833333333333334 0.3229166666666667
vt 0.625 0.3229166666666667
vt 0.6666666666666666 0.3229166666666667
vt 0.7083333333333334 0.3229166666666667
vt 0.75 0.3229166666666667
vt 0.7916666666666666 0.3229166666666667
vt 0.8333333333333334 0.3229166666666667
vt 0.875 0.3229166666666667
vt 0.9166666666666666 0.3229166666666667
vt 0.9583333333333334 0.3229166666666667
vt 1 0.3229166666666667
vt 0 0.328125
vt 0.041666666666666664 0.328125
vt 0.08333333333333333 0.328125
vt 0.125 0.328125
vt 0.16666666666666666 0.328125
vt 0.20833333333333334 0.328125
vt 0.25 0.328125
vt 0.2916666666666667 0.328125
vt 0.3333333333333333 0.328125
vt 0.375 0.328125
vt 0.4166666666666667 0.328125
vt 0.4583333333333333 0.328125
vt 0.5 0.328125
vt 0.5416666666666666 0.328125
vt 0.5833333333333334 0.328125
vt 0.625 0.328125
vt 0.6666666666666666 0.328125
vt 0.7083333333333334 0.328125
vt 0.75 0.328125
vt 0.7916666666666666 0.328125
vt 0.8333333333333334 0.328125
vt 0.875 0.328125
vt 0.9166666666666666 0.328125
vt 0.9583333333333334 0.328125
vt 1 0.328125
vt 0 0.3333333333333333
vt 0.041666666666666664 0.3333333333333333
vt 0.08333333333333333 0.3333333333333333
vt 0.125 0.3333333333333333
vt 0.16666666666666666 0.3333333333333333
vt 0.20833333333333334 0.3333333333333333
vt 0.25 0.3333333333333333
vt 0.2916666666666667 0.3333333333333333
vt 0.3333333333333333 0.3333333333333333
vt 0.375 0.3333333333333333
vt 0.4166666666666667 0.3333333333333333
vt 0.4583333333333333 0.3333333333333333
vt 0.5 0.3333333333333333
vt 0.5416666666666666 0.3333333333333333
vt 0.5833333333333334 0.3333333333333333
vt 0.625 0.3333333333333333
vt 0.6666666666666666 0.3333333333333333
vt 0.7083333333333334 0.3333333333333333
vt 0.75 0.3333333333333333
vt 0.7916666666666666 0.3333333333333333
vt 0.8333333333333334 0.3333333333333333
vt 0.875 0.3333333333333333
vt 0.9166666666666666 0.3333333333333333
vt 0.9583333333333334 0.3333333333333333
vt 1 0.3333333333333333
vt 0 0.3385416666666667
vt 0.041666666666666664 0.3385416666666667
vt 0.08333333333333333 0.3385416666666667
vt 0.125 0.3385416666666667
vt 0.16666666666666666 0.3385416666666667
vt 0.20833333333333334 0.3385416666666667
vt 0.25 0.3385416666666667
vt 0.2916666666666667 0.3385416666666667
vt 0.3333333333333333 0.3385416666666667
vt 0.375 0.3385416666666667
vt 0.4166666666666667 0.3385416666666667
vt 0.4583333333333333 0.3385416666666667
vt 0.5 0.3385416666666667
vt 0.5416666666666666 0.3385416666666667
vt 0.5833333333333334 0.3385416666666667
vt 0.625 0.3385416666666667
vt 0.6666666666666666 0.3385416666666667
vt 0.7083333333333334 0.3385416666666667
vt 0.75 0.3385416666666667
vt 0.7916666666666666 0.3385416666666667
vt 0.8333333333333334 0.3385416666666667
vt 0.875 0.3385416666666667
vt 0.9166666666666666 0.3385416666666667
vt 0.9583333333333334 0.3385416666666667
vt 1 0.3385416666666667
vt 0 0.34375
vt 0.041666666666666664 0.34375
vt 0.08333333333333333 0.34375
vt 0.125 0.34375
vt 0.16666666666666666 0.34375
vt 0.20833333333333334 0.34375
vt 0.25 0.34375
vt 0.2916666666666667 0.34375
vt 0.3333333333333333 0.34375
vt 0.375 0.34375
vt 0.4166666666666667 0.34375
vt 0.4583333333333333 0.34375
vt 0.5 0.34375
vt 0.5416666666666666 0.34375
vt 0.5833333333333334 0.34375
vt 0.625 0.34375
vt 0.6666666666666666 0.34375
vt 0.7083333333333334 0.34375
vt 0.75 0.34375
vt 0.7916666666666666 0.34375
vt 0.8333333333333334 0.34375
vt 0.875 0.34375
vt 0.9166666666666666 0.34375
vt 0.9583333333333334 0.34375
vt 1 0.34375
vt 0 0.3489583333333333
vt 0.041666666666666664 0.3489583333333333
vt 0.08333333333333333 0.3489583333333333
vt 0.125 0.3489583333333333
vt 0.16666666666666666 0.3489583333333333
vt 0.20833333333333334 0.3489583333333333
vt 0.25 0.3489583333333333
vt 0.2916666666666667 0.3489583333333333
vt 0.3333333333333333 0.3489583333333333
vt 0.375 0.3489583333333333
vt 0.4166666666666667 0.3489583333333333
vt 0.4583333333333333 0.3489583333333333
vt 0.5 0.3489583333333333
vt 0.5416666666666666 0.3489583333333333
vt 0.5833333333333334 0.3489583333333333
vt 0.625 0.3489583333333333
vt 0.6666666666666666 0.3489583333333333
vt 0.7083333333333334 0.3489583333333333
vt 0.75 0.3489583333333333
vt 0.7916666666666666 0.3489583333333333
vt 0.8333333333333334 0.3489583333333333
vt 0.875 0.3489583333333333
vt 0.9166666666666666 0.3489583333333333
vt 0.9583333333333334 0.3489583333333333
vt 1 0.3489583333333333
vt 0 0.3541666666666667
vt 0.041666666666666664 0.3541666666666667
vt 0.08333333333333333 0.3541666666666667
vt 0.125 0.3541666666666667
vt 0.16666666666666666 0.3541666666666667
vt 0.20833333333333334 0.3541666666666667
vt 0.25 0.3541666666666667
vt 0.2916666666666667 0.3541666666666667
vt 0.3333333333333333 0.3541666666666667
vt 0.375 0.3541666666666667
vt 0.4166666666666667 0.3541666666666667
vt 0.4583333333333333 0.3541666666666667
vt 0.5 0.3541666666666667
vt 0.5416666666666666 0.3541666666666667
vt 0.5833333333333334 0.3541666666666667
vt 0.625 0.3541666666666667
vt 0.6666666666666666 0.3541666666666667
vt 0.7083333333333334 0.3541666666666667
vt 0.75 0.3541666666666667
vt 0.7916666666666666 0.3541666666666667
vt 0.8333333333333334 0.3541666666666667
vt 0.875 0.3541666666666667
vt 0.9166666666666666 0.3541666666666667
vt 0.9583333333333334 0.3541666666666667
vt 1 0.3541666666666667
vt 0 0.359375
vt 0.041666666666666664 0.359375
vt 0.08333333333333333 0.359375
vt 0.125 0.359375
vt 0.16666666666666666 0.359375
vt 0.20833333333333334 0.359375
vt 0.25 0.359375
vt 0.2916666666666667 0.359375
vt 0.3333333333333333 0.359375
vt 0.375 0.359375
vt 0.4166666666666667 0.359375
vt 0.4583333333333333 0.359375
vt 0.5 0.359375
vt 0.5416666666666666 0.359375
vt 0.5833333333333334 0.359375
vt 0.625 0.359375
vt 0.6666666666666666 0.359375
vt 0.7083333333333334 0.359375
vt 0.75 0.359375
vt 0.7916666666666666 0.359375
vt 0.8333333333333334 0.359375
vt 0.875 0.359375
vt 0.9166666666666666 0.359375
vt 0.9583333333333334 0.359375
vt 1 0.359375
vt 0 0.3645833333333333
vt 0.041666666666666664 0.3645833333333333
vt 0.08333333333333333 0.3645833333333333
vt 0.125 0.3645833333333333
vt 0.16666666666666666 0.3645833333333333
vt 0.20833333333333334 0.3645833333333333
vt 0.25 0.3645833333333333
vt 0.2916666666666667 0.3645833333333333
vt 0.3333333333333333 0.3645833333333333
vt 0.375 0.3645833333333333
vt 0.4166666666666667 0.3645833333333333
vt 0.4583333333333333 0.3645833333333333
vt 0.5 0.3645833333333333
vt 0.5416666666666666 0.3645833333333333
vt 0.5833333333333334 0.3645833333333333
vt 0.625 0.3645833333333333
vt 0.6666666666666666 0.3645833333333333
vt 0.7083333333333334 0.3645833333333333
vt 0.75 0.3645833333333333
vt 0.7916666666666666 0.3645833333333333
vt 0.8333333333333334 0.3645833333333333
vt 0.875 0.3645833333333333
vt 0.9166666666666666 0.3645833333333333
vt 0.9583333333333334 0.3645833333333333
vt 1 0.3645833333333333
vt 0 0.3697916666666667
vt 0.041666666666666664 0.3697916666666667
vt 0.08333333333333333 0.3697916666666667
vt 0.125 0.3697916666666667
vt 0.16666666666666666 0.3697916666666667
vt 0.20833333333333334 0.3697916666666667
vt 0.25 0.3697916666666667
vt 0.2916666666666667 0.3697916666666667
vt 0.3333333333333333 0.3697916666666667
vt 0.375 0.3697916666666667
vt 0.4166666666666667 0.3697916666666667
vt 0.4583333333333333 0.3697916666666667
vt 0.5 0.3697916666666667
vt 0.5416666666666666 0.3697916666666667
vt 0.5833333333333334 0.3697916666666667
vt 0.625 0.3697916666666667
vt 0.6666666666666666 0.3697916666666667
vt 0.7083333333333334 0.3697916666666667
vt 0.75 0.3697916666666667
vt 0.7916666666666666 0.3697916666666667
vt 0.8333333333333334 0.3697916666666667
vt 0.875 0.3697916666666667
vt 0.9166666666666666 0.3697916666666667
vt 0.9583333333333334 0.3697916666666667
vt 1 0.3697916666666667
vt 0 0.375
vt 0.041666666666666664 0.375
vt 0.08333333333333333 0.375
vt 0.125 0.375
vt 0.16666666666666666 0.375
vt 0.20833333333333334 0.375
vt 0.25 0.375
vt 0.2916666666666667 0.375
vt 0.3333333333333333 0.375
vt 0.375 0.375
vt 0.4166666666666667 0.375
vt 0.4583333333333333 0.375
vt 0.5 0.375
vt 0.5416666666666666 0.375
vt 0.5833333333333334 0.375
vt 0.625 0.375
vt 0.6666666666666666 0.375
vt 0.7083333333333334 0.375
vt 0.75 0.375
vt 0.7916666666666666 0.375
vt 0.8333333333333334 0.375
vt 0.875 0.375
vt 0.9166666666666666 0.375
vt 0.9583333333333334 0.375
vt 1 0.375
vt 0 0.3802083333333333
vt 0.041666666666666664 0.3802083333333333
vt 0.08333333333333333 0.3802083333333333
vt 0.125 0.3802083333333333
vt 0.16666666666666666 0.3802083333333333
vt 0.20833333333333334 0.3802083333333333
vt 0.25 0.3802083333333333
vt 0.2916666666666667 0.3802083333333333
vt 0.3333333333333333 0.3802083333333333
vt 0.375 0.3802083333333333
vt 0.4166666666666667 0.3802083333333333
vt 0.4583333333333333 0.3802083333333333
vt 0.5 0.3802083333333333
vt 0.5416666666666666 0.3802083333333333
vt 0.5833333333333334 0.3802083333333333
vt 0.625 0.3802083333333333
vt 0.6666666666666666 0.3802083333333333
vt 0.7083333333333334 0.3802083333333333
vt 0.75 0.3802083333333333
vt 0.7916666666666666 0.3802083333333333
vt 0.8333333333333334 0.3802083333333333
vt 0.875 0.3802083333333333
vt 0.9166666666666666 0.3802083333333333
vt 0.9583333333333334 0.3802083333333333
vt 1 0.3802083333333333
vt 0 0.3854166666666667
vt 0.041666666666666664 0.3854166666666667
vt 0.08333333333333333 0.3854166666666667
vt 0.125 0.3854166666666667
vt 0.16666666666666666 0.3854166666666667
vt 0.20833333333333334 0.3854166666666667
vt 0.25 0.3854166666666667
vt 0.2916666666666667 0.3854166666666667
vt 0.3333333333333333 0.3854166666666667
vt 0.375 0.3854166666666667
vt 0.4166666666666667 0.3854166666666667
vt 0.4583333333333333 0.3854166666666667
vt 0.5 0.3854166666666667
vt 0.5416666666666666 0.3854166666666667
vt 0.5833333333333334 0.3854166666666667
vt 0.625 0.3854166666666667
vt 0.6666666666666666 0.3854166666666667
vt 0.7083333333333334 0.3854166666666667
vt 0.75 0.3854166666666667
vt 0.7916666666666666 0.3854166666666667
vt 0.8333333333333334 0.3854166666666667
vt 0.875 0.3854166666666667
vt 0.9166666666666666 0.3854166666666667
vt 0.9583333333333334 0.3854166666666667
vt 1 0.3854166666666667
vt 0 0.390625
vt 0.041666666666666664 0.390625
vt 0.08333333333333333 0.390625
vt 0.125 0.390625
vt 0.16666666666666666 0.390625
vt 0.20833333333333334 0.390625
vt 0.25 0.390625
vt 0.2916666666666667 0.390625
vt 0.3333333333333333 0.390625
vt 0.375 0.390625
vt 0.4166666666666667 0.390625
vt 0.4583333333333333 0.390625
vt 0.5 0.390625
vt 0.5416666666666666 0.390625
vt 0.5833333333333334 0.390625
vt 0.625 0.390625
vt 0.6666666666666666 0.390625
vt 0.7083333333333334 0.390625
vt 0.75 0.390625
vt 0.7916666666666666 0.390625
vt 0.8333333333333334 0.390625
vt 0.875 0.390625
vt 0.9166666666666666 0.390625
vt 0.9583333333333334 0.390625
vt 1 0.390625
vt 0 0.3958333333333333
vt 0.041666666666666664 0.3958333333333333
vt 0.08333333333333333 0.3958333333333333
vt 0.125 0.3958333333333333
vt 0.16666666666666666 0.3958333333333333
vt 0.20833333333333334 0.3958333333333333
vt 0.25 0.3958333333333333
vt 0.2916666666666667 0.3958333333333333
vt 0.3333333333333333 0.3958333333333333
vt 0.375 0.3958333333333333
vt 0.4166666666666667 0.3958333333333333
vt 0.4583333333333333 0.3958333333333333
vt 0.5 0.3958333333333333
vt 0.5416666666666666 0.3958333333333333
vt 0.5833333333333334 0.3958333333333333
vt 0.625 0.3958333333333333
vt 0.6666666666666666 0.3958333333333333
vt 0.7083333333333334 0.3958333333333333
vt 0.75 0.3958333333333333
vt 0.7916666666666666 0.3958333333333333
vt 0.8333333333333334 0.3958333333333333
vt 0.875 0.3958333333333333
vt 0.9166666666666666 0.3958333333333333
vt 0.9583333333333334 0.3958333333333333
vt 1 0.3958333333333333
vt 0 0.4010416666666667
vt 0.041666666666666664 0.4010416666666667
vt 0.08333333333333333 0.4010416666666667
vt 0.125 0.4010416666666667
vt 0.16666666666666666 0.4010416666666667
vt 0.20833333333333334 0.4010416666666667
vt 0.25 0.4010416666666667
vt 0.2916666666666667 0.4010416666666667
vt 0.3333333333333333 0.4010416666666667
vt 0.375 0.4010416666666667
vt 0.4166666666666667 0.4010416666666667
vt 0.4583333333333333 0.4010416666666667
vt 0.5 0.4010416666666667
vt 0.5416666666666666 0.4010416666666667
vt 0.5833333333333334 0.4010416666666667
vt 0.625 0.4010416666666667
vt 0.6666666666666666 0.4010416666666667
vt 0.7083333333333334 0.4010416666666667
vt 0.75 0.4010416666666667
vt 0.7916666666666666 0.4010416666666667
vt 0.8333333333333334 0.4010416666666667
vt 0.875 0.4010416666666667
vt 0.9166666666666666 0.4010416666666667
vt 0.9583333333333334 0.4010416666666667
vt 1 0.4010416666666667
vt 0 0.40625
vt 0.041666666666666664 0.40625
vt 0.08333333333333333 0.40625
vt 0.125 0.40625
vt 0.16666666666666666 0.40625
vt 0.20833333333333334 0.40625
vt 0.25 0.40625
vt 0.2916666666666667 0.40625
vt 0.3333333333333333 0.40625
vt 0.375 0.40625
vt 0.4166666666666667 0.40625
vt 0.4583333333333333 0.40625
vt 0.5 0.40625
vt 0.5416666666666666 0.40625
vt 0.5833333333333334 0.40625
vt 0.625 0.40625
vt 0.6666666666666666 0.40625
vt 0.7083333333333334 0.40625
vt 0.75 0.40625
vt 0.7916666666666666 0.40625
vt 0.8333333333333334 0.40625
vt 0.875 0.40625
vt 0.9166666666666666 0.40625
vt 0.9583333333333334 0.40625
vt 1 0.40625
vt 0 0.4114583333333333
vt 0.041666666666666664 0.4114583333333333
vt 0.08333333333333333 0.4114583333333333
vt 0.125 0.4114583333333333
vt 0.16666666666666666 0.4114583333333333
vt 0.20833333333333334 0.4114583333333333
vt 0.25 0.4114583333333333
vt 0.2916666666666667 0.4114583333333333
vt 0.3333333333333333 0.4114583333333333
vt 0.375 0.4114583333333333
vt 0.4166666666666667 0.4114583333333333
vt 0.4583333333333333 0.4114583333333333
vt 0.5 0.4114583333333333
vt 0.5416666666666666 0.4114583333333333
vt 0.5833333333333334 0.4114583333333333
vt 0.625 0.4114583333333333
vt 0.6666666666666666 0.4114583333333333
vt 0.7083333333333334 0.4114583333333333
vt 0.75 0.4114583333333333
vt 0.7916666666666666 0.4114583333333333
vt 0.8333333333333334 0.4114583333333333
vt 0.875 0.4114583333333333
vt 0.9166666666666666 0.4114583333333333
vt 0.9583333333333334 0.4114583333333333
vt 1 0.4114583333333333
vt 0 0.4166666666666667
vt 0.041666666666666664 0.4166666666666667
vt 0.08333333333333333 0.4166666666666667
vt 0.125 0.4166666666666667
vt 0.16666666666666666 0.4166666666666667
vt 0.20833333333333334 0.4166666666666667
vt 0.25 0.4166666666666667
vt 0.2916666666666667 0.4166666666666667
vt 0.3333333333333333 0.4166666666666667
vt 0.375 0.4166666666666667
vt 0.4166666666666667 0.4166666666666667
vt 0.4583333333333333 0.4166666666666667
vt 0.5 0.4166666666666667
vt 0.5416666666666666 0.4166666666666667
vt 0.5833333333333334 0.4166666666666667
vt 0.625 0.4166666666666667
vt 0.6666666666666666 0.4166666666666667
vt 0.7083333333333334 0.4166666666666667
vt 0.75 0.4166666666666667
vt 0.7916666666666666 0.4166666666666667
vt 0.8333333333333334 0.4166666666666667
vt 0.875 0.4166666666666667
vt 0.9166666666666666 0.4166666666666667
vt 0.9583333333333334 0.4166666666666667
vt 1 0.4166666666666667
vt 0 0.421875
vt 0.041666666666666664 0.421875
vt 0.08333333333333333 0.421875
vt 0.125 0.421875
vt 0.16666666666666666 0.421875
vt 0.20833333333333334 0.421875
vt 0.25 0.421875
vt 0.2916666666666667 0.421875
vt 0.3333333333333333 0.421875
vt 0.375 0.421875
vt 0.4166666666666667 0.421875
vt 0.4583333333333333 0.421875
vt 0.5 0.421875
vt 0.5416666666666666 0.421875
vt 0.5833333333333334 0.421875
vt 0.625 0.421875
vt 0.6666666666666666 0.421875
vt 0.7083333333333334 0.421875
vt 0.75 0.421875
vt 0.7916666666666666 0.421875
vt 0.8333333333333334 0.421875
vt 0.875 0.421875
vt 0.9166666666666666 0.421875
vt 0.9583333333333334 0.421875
vt 1 0.421875
vt 0 0.4270833333333333
vt 0.041666666666666664 0.4270833333333333
vt 0.08333333333333333 0.4270833333333333
vt 0.125 0.4270833333333333
vt 0.16666666666666666 0.4270833333333333
vt 0.20833333333333334 0.4270833333333333
vt 0.25 0.4270833333333333
vt 0.2916666666666667 0.4270833333333333
vt 0.3333333333333333 0.4270833333333333
vt 0.375 0.4270833333333333
vt 0.4166666666666667 0.4270833333333333
vt 0.4583333333333333 0.4270833333333333
vt 0.5 0.4270833333333333
vt 0.5416666666666666 0.4270833333333333
vt 0.5833333333333334 0.4270833333333333
vt 0.625 0.4270833333333333
vt 0.6666666666666666 0.4270833333333333
vt 0.7083333333333334 0.4270833333333333
vt 0.75 0.4270833333333333
vt 0.7916666666666666 0.4270833333333333
vt 0.8333333333333334 0.4270833333333333
vt 0.875 0.4270833333333333
vt 0.9166666666666666 0.4270833333333333
vt 0.9583333333333334 0.4270833333333333
vt 1 0.4270833333333333
vt 0 0.4322916666666667
vt 0.041666666666666664 0.4322916666666667
vt 0.08333333333333333 0.4322916666666667
vt 0.125 0.4322916666666667
vt 0.16666666666666666 0.4322916666666667
vt 0.20833333333333334 0.4322916666666667
vt 0.25 0.4322916666666667
vt 0.2916666666666667 0.4322916666666667
vt 0.3333333333333333 0.4322916666666667
vt 0.375 0.4322916666666667
vt 0.4166666666666667 0.4322916666666667
vt 0.4583333333333333 0.4322916666666667
vt 0.5 0.4322916666666667
vt 0.5416666666666666 0.4322916666666667
vt 0.5833333333333334 0.4322916666666667
vt 0.625 0.4322916666666667
vt 0.6666666666666666 0.4322916666666667
vt 0.7083333333333334 0.4322916666666667
vt 0.75 0.4322916666666667
vt 0.7916666666666666 0.4322916666666667
vt 0.8333333333333334 0.4322916666666667
vt 0.875 0.4322916666666667
vt 0.9166666666666666 0.4322916666666667
vt 0.9583333333333334 0.4322916666666667
vt 1 0.4322916666666667
vt 0 0.4375
vt 0.041666666666666664 0.4375
vt 0.08333333333333333 0.4375
vt 0.125 0.4375
vt 0.16666666666666666 0.4375
vt 0.20833333333333334 0.4375
vt 0.25 0.4375
vt 0.2916666666666667 0.4375
vt 0.3333333333333333 0.4375
vt 0.375 0.4375
vt 0.4166666666666667 0.4375
vt 0.4583333333333333 0.4375
vt 0.5 0.4375
vt 0.5416666666666666 0.4375
vt 0.5833333333333334 0.4375
vt 0.625 0.4375
vt 0.6666666666666666 0.4375
vt 0.7083333333333334 0.4375
vt 0.75 0.4375
vt 0.7916666666666666 0.4375
vt 0.8333333333333334 0.4375
vt 0.875 0.4375
vt 0.9166666666666666 0.4375
vt 0.9583333333333334 0.4375
vt 1 0.4375
vt 0 0.4427083333333333
vt 0.041666666666666664 0.4427083333333333
vt 0.08333333333333333 0.4427083333333333
vt 0.125 0.4427083333333333
vt 0.16666666666666666 0.4427083333333333
vt 0.20833333333333334 0.4427083333333333
vt 0.25 0.4427083333333333
vt 0.2916666666666667 0.4427083333333333
vt 0.3333333333333333 0.4427083333333333
vt 0.375 0.4427083333333333
vt 0.4166666666666667 0.4427083333333333
vt 0.4583333333333333 0.4427083333333333
vt 0.5 0.4427083333333333
vt 0.5416666666666666 0.4427083333333333
vt 0.5833333333333334 0.4427083333333333
vt 0.625 0.4427083333333333
vt 0.6666666666666666 0.4427083333333333
vt 0.7083333333333334 0.4427083333333333
vt 0.75 0.4427083333333333
vt 0.7916666666666666 0.4427083333333333
vt 0.8333333333333334 0.4427083333333333
vt 0.875 0.4427083333333333
vt 0.9166666666666666 0.4427083333333333
vt 0.9583333333333334 0.4427083333333333
vt 1 0.4427083333333333
vt 0 0.4479166666666667
vt 0.041666666666666664 0.4479166666666667
vt 0.08333333333333333 0.4479166666666667
vt 0.125 0.4479166666666667
vt 0.16666666666666666 0.4479166666666667
vt 0.20833333333333334 0.4479166666666667
vt 0.25 0.4479166666666667
vt 0.2916666666666667 0.4479166666666667
vt 0.3333333333333333 0.4479166666666667
vt 0.375 0.4479166666666667
vt 0.4166666666666667 0.4479166666666667
vt 0.4583333333333333 0.4479166666666667
vt 0.5 0.4479166666666667
vt 0.5416666666666666 0.4479166666666667
vt 0.5833333333333334 0.4479166666666667
vt 0.625 0.4479166666666667
vt 0.6666666666666666 0.4479166666666667
vt 0.7083333333333334 0.4479166666666667
vt 0.75 0.4479166666666667
vt 0.7916666666666666 0.4479166666666667
vt 0.8333333333333334 0.4479166666666667
vt 0.875 0.4479166666666667
vt 0.9166666666666666 0.4479166666666667
vt 0.9583333333333334 0.4479166666666667
vt 1 0.4479166666666667
vt 0 0.453125
vt 0.041666666666666664 0.453125
vt 0.08333333333333333 0.453125
vt 0.125 0.453125
vt 0.16666666666666666 0.453125
vt 0.20833333333333334 0.453125
vt 0.25 0.453125
vt 0.2916666666666667 0.453125
vt 0.3333333333333333 0.453125
vt 0.375 0.453125
vt 0.4166666666666667 0.453125
vt 0.4583333333333333 0.453125
vt 0.5 0.453125
vt 0.5416666666666666 0.453125
vt 0.5833333333333334 0.453125
vt 0.625 0.453125
vt 0.6666666666666666 0.453125
vt 0.7083333333333334 0.453125
vt 0.75 0.453125
vt 0.7916666666666666 0.453125
vt 0.8333333333333334 0.453125
vt 0.875 0.453125
vt 0.9166666666666666 0.453125
vt 0.9583333333333334 0.453125
vt 1 0.453125
vt 0 0.4583333333333333
vt 0.041666666666666664 0.4583333333333333
vt 0.08333333333333333 0.4583333333333333
vt 0.125 0.4583333333333333
vt 0.16666666666666666 0.4583333333333333
vt 0.20833333333333334 0.4583333333333333
vt 0.25 0.4583333333333333
vt 0.2916666666666667 0.4583333333333333
vt 0.3333333333333333 0.4583333333333333
vt 0.375 0.4583333333333333
vt 0.4166666666666667 0.4583333333333333
vt 0.4583333333333333 0.4583333333333333
vt 0.5 0.4583333333333333
vt 0.5416666666666666 0.4583333333333333
vt 0.5833333333333334 0.4583333333333333
vt 0.625 0.4583333333333333
vt 0.6666666666666666 0.4583333333333333
vt 0.7083333333333334 0.4583333333333333
vt 0.75 0.4583333333333333
vt 0.7916666666666666 0.4583333333333333
vt 0.8333333333333334 0.4583333333333333
vt 0.875 0.4583333333333333
vt 0.9166666666666666 0.4583333333333333
vt 0.9583333333333334 0.4583333333333333
vt 1 0.4583333333333333
vt 0 0.4635416666666667
vt 0.041666666666666664 0.4635416666666667
vt 0.08333333333333333 0.4635416666666667
vt 0.125 0.4635416666666667
vt 0.16666666666666666 0.4635416666666667
vt 0.20833333333333334 0.4635416666666667
vt 0.25 0.4635416666666667
vt 0.2916666666666667 0.4635416666666667
vt 0.3333333333333333 0.4635416666666667
vt 0.375 0.4635416666666667
vt 0.4166666666666667 0.4635416666666667
vt 0.4583333333333333 0.4635416666666667
vt 0.5 0.4635416666666667
vt 0.5416666666666666 0.4635416666666667
vt 0.5833333333333334 0.4635416666666667
vt 0.625 0.4635416666666667
vt 0.6666666666666666 0.4635416666666667
vt 0.7083333333333334 0.4635416666666667
vt 0.75 0.4635416666666667
vt 0.7916666666666666 0.4635416666666667
vt 0.8333333333333334 0.4635416666666667
vt 0.875 0.4635416666666667
vt 0.9166666666666666 0.4635416666666667
vt 0.9583333333333334 0.4635416666666667
vt 1 0.4635416666666667
vt 0 0.46875
vt 0.041666666666666664 0.46875
vt 0.08333333333333333 0.46875
vt 0.125 0.46875
vt 0.16666666666666666 0.46875
vt 0.20833333333333334 0.46875
vt 0.25 0.46875
vt 0.2916666666666667 0.46875
vt 0.3333333333333333 0.46875
vt 0.375 0.46875
vt 0.4166666666666667 0.46875
vt 0.4583333333333333 0.46875
vt 0.5 0.46875
vt 0.5416666666666666 0.46875
vt 0.5833333333333334 0.46875
vt 0.625 0.46875
vt 0.6666666666666666 0.46875
vt 0.7083333333333334 0.46875
vt 0.75 0.46875
vt 0.7916666666666666 0.46875
vt 0.8333333333333334 0.46875
vt 0.875 0.46875
vt 0.9166666666666666 0.46875
vt 0.9583333333333334 0.46875
vt 1 0.46875
vt 0 0.4739583333333333
vt 0.041666666666666664 0.4739583333333333
vt 0.08333333333333333 0.4739583333333333
vt 0.125 0.4739583333333333
vt 0.16666666666666666 0.4739583333333333
vt 0.20833333333333334 0.4739583333333333
vt 0.25 0.4739583333333333
vt 0.2916666666666667 0.4739583333333333
vt 0.3333333333333333 0.4739583333333333
vt 0.375 0.4739583333333333
vt 0.4166666666666667 0.4739583333333333
vt 0.4583333333333333 0.4739583333333333
vt 0.5 0.4739583333333333
vt 0.5416666666666666 0.4739583333333333
vt 0.5833333333333334 0.4739583333333333
vt 0.625 0.4739583333333333
vt 0.6666666666666666 0.4739583333333333
vt 0.7083333333333334 0.4739583333333333
vt 0.75 0.4739583333333333
vt 0.7916666666666666 0.4739583333333333
vt 0.8333333333333334 0.4739583333333333
vt 0.875 0.4739583333333333
vt 0.9166666666666666 0.4739583333333333
vt 0.9583333333333334 0.4739583333333333
vt 1 0.4739583333333333
vt 0 0.4791666666666667
vt 0.041666666666666664 0.4791666666666667
vt 0.08333333333333333 0.4791666666666667
vt 0.125 0.4791666666666667
vt 0.16666666666666666 0.4791666666666667
vt 0.20833333333333334 0.4791666666666667
vt 0.25 0.4791666666666667
vt 0.2916666666666667 0.4791666666666667
vt 0.3333333333333333 0.4791666666666667
vt 0.375 0.4791666666666667
vt 0.4166666666666667 0.4791666666666667
vt 0.4583333333333333 0.4791666666666667
vt 0.5 0.4791666666666667
vt 0.5416666666666666 0.4791666666666667
vt 0.5833333333333334 0.4791666666666667
vt 0.625 0.4791666666666667
vt 0.6666666666666666 0.4791666666666667
vt 0.7083333333333334 0.4791666666666667
vt 0.75 0.4791666666666667
vt 0.7916666666666666 0.4791666666666667
vt 0.8333333333333334 0.4791666666666667
vt 0.875 0.4791666666666667
vt 0.9166666666666666 0.4791666666666667
vt 0.9583333333333334 0.4791666666666667
vt 1 0.4791666666666667
vt 0 0.484375
vt 0.041666666666666664 0.484375
vt 0.08333333333333333 0.484375
vt 0.125 0.484375
vt 0.16666666666666666 0.484375
vt 0.20833333333333334 0.484375
vt 0.25 0.484375
vt 0.2916666666666667 0.484375
vt 0.3333333333333333 0.484375
vt 0.375 0.484375
vt 0.4166666666666667 0.484375
vt 0.4583333333333333 0.484375
vt 0.5 0.484375
vt 0.5416666666666666 0.484375
vt 0.5833333333333334 0.484375
vt 0.625 0.484375
vt 0.6666666666666666 0.484375
vt 0.7083333333333334 0.484375
vt 0.75 0.484375
vt 0.7916666666666666 0.484375
vt 0.8333333333333334 0.484375
vt 0.875 0.484375
vt 0.9166666666666666 0.484375
vt 0.9583333333333334 0.484375
vt 1 0.484375
vt 0 0.4895833333333333
vt 0.041666666666666664 0.4895833333333333
vt 0.08333333333333333 0.4895833333333333
vt 0.125 0.4895833333333333
vt 0.16666666666666666 0.4895833333333333
vt 0.20833333333333334 0.4895833333333333
vt 0.25 0.4895833333333333
vt 0.2916666666666667 0.4895833333333333
vt 0.3333333333333333 0.4895833333333333
vt 0.375 0.4895833333333333
vt 0.4166666666666667 0.4895833333333333
vt 0.4583333333333333 0.4895833333333333
vt 0.5 0.4895833333333333
vt 0.5416666666666666 0.4895833333333333
vt 0.5833333333333334 0.4895833333333333
vt 0.625 0.4895833333333333
vt 0.6666666666666666 0.4895833333333333
vt 0.7083333333333334 0.4895833333333333
vt 0.75 0.4895833333333333
vt 0.7916666666666666 0.4895833333333333
vt 0.8333333333333334 0.4895833333333333
vt 0.875 0.4895833333333333
vt 0.9166666666666666 0.4895833333333333
vt 0.9583333333333334 0.4895833333333333
vt 1 0.4895833333333333
vt 0 0.4947916666666667
vt 0.041666666666666664 0.4947916666666667
vt 0.08333333333333333 0.4947916666666667
vt 0.125 0.4947916666666667
vt 0.16666666666666666 0.4947916666666667
vt 0.20833333333333334 0.4947916666666667
vt 0.25 0.4947916666666667
vt 0.2916666666666667 0.4947916666666667
vt 0.3333333333333333 0.4947916666666667
vt 0.375 0.4947916666666667
vt 0.4166666666666667 0.4947916666666667
vt 0.4583333333333333 0.4947916666666667
vt 0.5 0.4947916666666667
vt 0.5416666666666666 0.4947916666666667
vt 0.5833333333333334 0.4947916666666667
vt 0.625 0.4947916666666667
vt 0.6666666666666666 0.4947916666666667
vt 0.7083333333333334 0.4947916666666667
vt 0.75 0.4947916666666667
vt 0.7916666666666666 0.4947916666666667
vt 0.8333333333333334 0.4947916666666667
vt 0.875 0.4947916666666667
vt 0.9166666666666666 0.4947916666666667
vt 0.9583333333333334 0.4947916666666667
vt 1 0.4947916666666667
vt 0 0.5
vt 0.041666666666666664 0.5
vt 0.08333333333333333 0.5
vt 0.125 0.5
vt 0.16666666666666666 0.5
vt 0.20833333333333334 0.5
vt 0.25 0.5
vt 0.2916666666666667 0.5
vt 0.3333333333333333 0.5
vt 0.375 0.5
vt 0.4166666666666667 0.5
vt 0.4583333333333333 0.5
vt 0.5 0.5
vt 0.5416666666666666 0.5
vt 0.5833333333333334 0.5
vt 0.625 0.5
vt 0.6666666666666666 0.5
vt 0.7083333333333334 0.5
vt 0.75 0.5
vt 0.7916666666666666 0.5
vt 0.8333333333333334 0.5
vt 0.875 0.5
vt 0.9166666666666666 0.5
vt 0.9583333333333334 0.5
vt 1 0.5
vt 0 0.5052083333333334
vt 0.041666666666666664 0.5052083333333334
vt 0.08333333333333333 0.5052083333333334
vt 0.125 0.5052083333333334
vt 0.16666666666666666 0.5052083333333334
vt 0.20833333333333334 0.5052083333333334
vt 0.25 0.5052083333333334
vt 0.2916666666666667 0.5052083333333334
vt 0.3333333333333333 0.5052083333333334
vt 0.375 0.5052083333333334
vt 0.4166666666666667 0.5052083333333334
vt 0.4583333333333333 0.5052083333333334
vt 0.5 0.5052083333333334
vt 0.5416666666666666 0.5052083333333334
vt 0.5833333333333334 0.5052083333333334
vt 0.625 0.5052083333333334
vt 0.6666666666666666 0.5052083333333334
vt 0.7083333333333334 0.5052083333333334
vt 0.75 0.5052083333333334
vt 0.7916666666666666 0.5052083333333334
vt 0.8333333333333334 0.5052083333333334
vt 0.875 0.5052083333333334
vt 0.9166666666666666 0.5052083333333334
vt 0.9583333333333334 0.5052083333333334
vt 1 0.5052083333333334
vt 0 0.5104166666666666
vt 0.041666666666666664 0.5104166666666666
vt 0.08333333333333333 0.5104166666666666
vt 0.125 0.5104166666666666
vt 0.16666666666666666 0.5104166666666666
vt 0.20833333333333334 0.5104166666666666
vt 0.25 0.5104166666666666
vt 0.2916666666666667 0.5104166666666666
vt 0.3333333333333333 0.5104166666666666
vt 0.375 0.5104166666666666
vt 0.4166666666666667 0.5104166666666666
vt 0.4583333333333333 0.5104166666666666
vt 0.5 0.5104166666666666
vt 0.5416666666666666 0.5104166666666666
vt 0.5833333333333334 0.5104166666666666
vt 0.625 0.5104166666666666
vt 0.6666666666666666 0.5104166666666666
vt 0.7083333333333334 0.5104166666666666
vt 0.75 0.5104166666666666
vt 0.7916666666666666 0.5104166666666666
vt 0.8333333333333334 0.5104166666666666
vt 0.875 0.5104166666666666
vt 0.9166666666666666 0.5104166666666666
vt 0.9583333333333334 0.5104166666666666
vt 1 0.5104166666666666
vt 0 0.515625
vt 0.041666666666666664 0.515625
vt 0.08333333333333333 0.515625
vt 0.125 0.515625
vt 0.16666666666666666 0.515625
vt 0.20833333333333334 0.515625
vt 0.25 0.515625
vt 0.2916666666666667 0.515625
vt 0.3333333333333333 0.515625
vt 0.375 0.515625
vt 0.4166666666666667 0.515625
vt 0.4583333333333333 0.515625
vt 0.5 0.515625
vt 0.5416666666666666 0.515625
vt 0.5833333333333334 0.515625
vt 0.625 0.515625
vt 0.6666666666666666 0.515625
vt 0.7083333333333334 0.515625
vt 0.75 0.515625
vt 0.7916666666666666 0.515625
vt 0.8333333333333334 0.515625
vt 0.875 0.515625
vt 0.9166666666666666 0.515625
vt 0.9583333333333334 0.515625
vt 1 0.515625
vt 0 0.5208333333333334
vt 0.041666666666666664 0.5208333333333334
vt 0.08333333333333333 0.5208333333333334
vt 0.125 0.5208333333333334
vt 0.16666666666666666 0.5208333333333334
vt 0.20833333333333334 0.5208333333333334
vt 0.25 0.5208333333333334
vt 0.2916666666666667 0.5208333333333334
vt 0.3333333333333333 0.5208333333333334
vt 0.375 0.5208333333333334
vt 0.4166666666666667 0.5208333333333334
vt 0.4583333333333333 0.5208333333333334
vt 0.5 0.5208333333333334
vt 0.5416666666666666 0.5208333333333334
vt 0.5833333333333334 0.5208333333333334
vt 0.625 0.5208333333333334
vt 0.6666666666666666 0.5208333333333334
vt 0.7083333333333334 0.5208333333333334
vt 0.75 0.5208333333333334
vt 0.7916666666666666 0.5208333333333334
vt 0.8333333333333334 0.5208333333333334
vt 0.875 0.5208333333333334
vt 0.9166666666666666 0.5208333333333334
vt 0.9583333333333334 0.5208333333333334
vt 1 0.5208333333333334
vt 0 0.5260416666666666
vt 0.041666666666666664 0.5260416666666666
vt 0.08333333333333333 0.5260416666666666
vt 0.125 0.5260416666666666
vt 0.16666666666666666 0.5260416666666666
vt 0.20833333333333334 0.5260416666666666
vt 0.25 0.5260416666666666
vt 0.2916666666666667 0.5260416666666666
vt 0.3333333333333333 0.5260416666666666
vt 0.375 0.5260416666666666
vt 0.4166666666666667 0.5260416666666666
vt 0.4583333333333333 0.5260416666666666
vt 0.5 0.5260416666666666
vt 0.5416666666666666 0.5260416666666666
vt 0.5833333333333334 0.5260416666666666
vt 0.625 0.5260416666666666
vt 0.6666666666666666 0.5260416666666666
vt 0.7083333333333334 0.5260416666666666
vt 0.75 0.5260416666666666
vt 0.7916666666666666 0.5260416666666666
vt 0.8333333333333334 0.5260416666666666
vt 0.875 0.5260416666666666
vt 0.9166666666666666 0.5260416666666666
vt 0.9583333333333334 0.5260416666666666
vt 1 0.5260416666666666
vt 0 0.53125
vt 0.041666666666666664 0.53125
vt 0.08333333333333333 0.53125
vt 0.125 0.53125
vt 0.16666666666666666 0.53125
vt 0.20833333333333334 0.53125
vt 0.25 0.53125
vt 0.2916666666666667 0.53125
vt 0.3333333333333333 0.53125
vt 0.375 0.53125
vt 0.4166666666666667 0.53125
vt 0.4583333333333333 0.53125
vt 0.5 0.53125
vt 0.5416666666666666 0.53125
vt 0.5833333333333334 0.53125
vt 0.625 0.53125
vt 0.6666666666666666 0.53125
vt 0.7083333333333334 0.53125
vt 0.75 0.53125
vt 0.7916666666666666 0.53125
vt 0.8333333333333334 0.53125
vt 0.875 0.53125
vt 0.9166666666666666 0.53125
vt 0.9583333333333334 0.53125
vt 1 0.53125
vt 0 0.5364583333333334
vt 0.041666666666666664 0.5364583333333334
vt 0.08333333333333333 0.5364583333333334
vt 0.125 0.5364583333333334
vt 0.16666666666666666 0.5364583333333334
vt 0.20833333333333334 0.5364583333333334
vt 0.25 0.5364583333333334
vt 0.2916666666666667 0.5364583333333334
vt 0.3333333333333333 0.5364583333333334
vt 0.375 0.5364583333333334
vt 0.4166666666666667 0.5364583333333334
vt 0.4583333333333333 0.5364583333333334
vt 0.5 0.5364583333333334
vt 0.5416666666666666 0.5364583333333334
vt 0.5833333333333334 0.5364583333333334
vt 0.625 0.5364583333333334
vt 0.6666666666666666 0.5364583333333334
vt 0.7083333333333334 0.5364583333333334
vt 0.75 0.5364583333333334
vt 0.7916666666666666 0.5364583333333334
vt 0.8333333333333334 0.5364583333333334
vt 0.875 0.5364583333333334
vt 0.9166666666666666 0.5364583333333334
vt 0.9583333333333334 0.5364583333333334
vt 1 0.5364583333333334
vt 0 0.5416666666666666
vt 0.041666666666666664 0.5416666666666666
vt 0.08333333333333333 0.5416666666666666
vt 0.125 0.5416666666666666
vt 0.16666666666666666 0.5416666666666666
vt 0.20833333333333334 0.5416666666666666
vt 0.25 0.5416666666666666
vt 0.2916666666666667 0.5416666666666666
vt 0.3333333333333333 0.5416666666666666
vt 0.375 0.5416666666666666
vt 0.4166666666666667 0.5416666666666666
vt 0.4583333333333333 0.5416666666666666
vt 0.5 0.5416666666666666
vt 0.5416666666666666 0.5416666666666666
vt 0.5833333333333334 0.5416666666666666
vt 0.625 0.5416666666666666
vt 0.6666666666666666 0.5416666666666666
vt 0.7083333333333334 0.5416666666666666
vt 0.75 0.5416666666666666
vt 0.7916666666666666 0.5416666666666666
vt 0.8333333333333334 0.5416666666666666
vt 0.875 0.5416666666666666
vt 0.9166666666666666 0.5416666666666666
vt 0.9583333333333334 0.5416666666666666
vt 1 0.5416666666666666
vt 0 0.546875
vt 0.041666666666666664 0.546875
vt 0.08333333333333333 0.546875
vt 0.125 0.546875
vt 0.16666666666666666 0.546875
vt 0.20833333333333334 0.546875
vt 0.25 0.546875
vt 0.2916666666666667 0.546875
vt 0.3333333333333333 0.546875
vt 0.375 0.546875
vt 0.4166666666666667 0.546875
vt 0.4583333333333333 0.546875
vt 0.5 0.546875
vt 0.5416666666666666 0.546875
vt 0.5833333333333334 0.546875
vt 0.625 0.546875
vt 0.6666666666666666 0.546875
vt 0.7083333333333334 0.546875
vt 0.75 0.546875
vt 0.7916666666666666 0.546875
vt 0.8333333333333334 0.546875
vt 0.875 0.546875
vt 0.9166666666666666 0.546875
vt 0.9583333333333334 0.546875
vt 1 0.546875
vt 0 0.5520833333333334
vt 0.041666666666666664 0.5520833333333334
vt 0.08333333333333333 0.5520833333333334
vt 0.125 0.5520833333333334
vt 0.16666666666666666 0.5520833333333334
vt 0.20833333333333334 0.5520833333333334
vt 0.25 0.5520833333333334
vt 0.2916666666666667 0.5520833333333334
vt 0.3333333333333333 0.5520833333333334
vt 0.375 0.5520833333333334
vt 0.4166666666666667 0.5520833333333334
vt 0.4583333333333333 0.5520833333333334
vt 0.5 0.5520833333333334
vt 0.5416666666666666 0.5520833333333334
vt 0.5833333333333334 0.5520833333333334
vt 0.625 0.5520833333333334
vt 0.6666666666666666 0.5520833333333334
vt 0.7083333333333334 0.5520833333333334
vt 0.75 0.5520833333333334
vt 0.7916666666666666 0.5520833333333334
vt 0.8333333333333334 0.5520833333333334
vt 0.875 0.5520833333333334
vt 0.9166666666666666 0.5520833333333334
vt 0.9583333333333334 0.5520833333333334
vt 1 0.5520833333333334
vt 0 0.5572916666666666
vt 0.041666666666666664 0.5572916666666666
vt 0.08333333333333333 0.5572916666666666
vt 0.125 0.5572916666666666
vt 0.16666666666666666 0.5572916666666666
vt 0.20833333333333334 0.5572916666666666
vt 0.25 0.5572916666666666
vt 0.2916666666666667 0.5572916666666666
vt 0.3333333333333333 0.5572916666666666
vt 0.375 0.5572916666666666
vt 0.4166666666666667 0.5572916666666666
vt 0.4583333333333333 0.5572916666666666
vt 0.5 0.5572916666666666
vt 0.5416666666666666 0.5572916666666666
vt 0.5833333333333334 0.5572916666666666
vt 0.625 0.5572916666666666
vt 0.6666666666666666 0.5572916666666666
vt 0.7083333333333334 0.5572916666666666
vt 0.75 0.5572916666666666
vt 0.7916666666666666 0.5572916666666666
vt 0.8333333333333334 0.5572916666666666
vt 0.875 0.5572916666666666
vt 0.9166666666666666 0.5572916666666666
vt 0.9583333333333334 0.5572916666666666
vt 1 0.5572916666666666
vt 0 0.5625
vt 0.041666666666666664 0.5625
vt 0.08333333333333333 0.5625
vt 0.125 0.5625
vt 0.16666666666666666 0.5625
vt 0.20833333333333334 0.5625
vt 0.25 0.5625
vt 0.2916666666666667 0.5625
vt 0.3333333333333333 0.5625
vt 0.375 0.5625
vt 0.4166666666666667 0.5625
vt 0.4583333333333333 0.5625
vt 0.5 0.5625
vt 0.5416666666666666 0.5625
vt 0.5833333333333334 0.5625
vt 0.625 0.5625
vt 0.6666666666666666 0.5625
vt 0.7083333333333334 0.5625
vt 0.75 0.5625
vt 0.7916666666666666 0.5625
vt 0.8333333333333334 0.5625
vt 0.875 0.5625
vt 0.9166666666666666 0.5625
vt 0.9583333333333334 0.5625
vt 1 0.5625
vt 0 0.5677083333333334
vt 0.041666666666666664 0.5677083333333334
vt 0.08333333333333333 0.5677083333333334
vt 0.125 0.5677083333333334
vt 0.16666666666666666 0.5677083333333334
vt 0.20833333333333334 0.5677083333333334
vt 0.25 0.5677083333333334
vt 0.2916666666666667 0.5677083333333334
vt 0.3333333333333333 0.5677083333333334
vt 0.375 0.5677083333333334
vt 0.4166666666666667 0.5677083333333334
vt 0.4583333333333333 0.5677083333333334
vt 0.5 0.5677083333333334
vt 0.5416666666666666 0.5677083333333334
vt 0.5833333333333334 0.5677083333333334
vt 0.625 0.5677083333333334
vt 0.6666666666666666 0.5677083333333334
vt 0.7083333333333334 0.5677083333333334
vt 0.75 0.5677083333333334
vt 0.7916666666666666 0.5677083333333334
vt 0.8333333333333334 0.5677083333333334
vt 0.875 0.5677083333333334
vt 0.9166666666666666 0.5677083333333334
vt 0.9583333333333334 0.5677083333333334
vt 1 0.5677083333333334
vt 0 0.5729166666666666
vt 0.041666666666666664 0.5729166666666666
vt 0.08333333333333333 0.5729166666666666
vt 0.125 0.5729166666666666
vt 0.16666666666666666 0.5729166666666666
vt 0.20833333333333334 0.5729166666666666
vt 0.25 0.5729166666666666
vt 0.2916666666666667 0.5729166666666666
vt 0.3333333333333333 0.5729166666666666
vt 0.375 0.5729166666666666
vt 0.4166666666666667 0.5729166666666666
vt 0.4583333333333333 0.5729166666666666
vt 0.5 0.5729166666666666
vt 0.5416666666666666 0.5729166666666666
vt 0.5833333333333334 0.5729166666666666
vt 0.625 0.5729166666666666
vt 0.6666666666666666 0.5729166666666666
vt 0.7083333333333334 0.5729166666666666
vt 0.75 0.5729166666666666
vt 0.7916666666666666 0.5729166666666666
vt 0.8333333333333334 0.5729166666666666
vt 0.875 0.5729166666666666
vt 0.9166666666666666 0.5729166666666666
vt 0.9583333333333334 0.5729166666666666
vt 1 0.5729166666666666
vt 0 0.578125
vt 0.041666666666666664 0.578125
vt 0.08333333333333333 0.578125
vt 0.125 0.578125
vt 0.16666666666666666 0.578125
vt 0.20833333333333334 0.578125
vt 0.25 0.578125
vt 0.2916666666666667 0.578125
vt 0.3333333333333333 0.578125
vt 0.375 0.578125
vt 0.4166666666666667 0.578125
vt 0.4583333333333333 0.578125
vt 0.5 0.578125
vt 0.5416666666666666 0.578125
vt 0.5833333333333334 0.578125
vt 0.625 0.578125
vt 0.6666666666666666 0.578125
vt 0.7083333333333334 0.578125
vt 0.75 0.578125
vt 0.7916666666666666 0.578125
vt 0.8333333333333334 0.578125
vt 0.875 0.578125
vt 0.9166666666666666 0.578125
vt 0.9583333333333334 0.578125
vt 1 0.578125
vt 0 0.5833333333333334
vt 0.041666666666666664 0.5833333333333334
vt 0.08333333333333333 0.5833333333333334
vt 0.125 0.5833333333333334
vt 0.16666666666666666 0.5833333333333334
vt 0.20833333333333334 0.5833333333333334
vt 0.25 0.5833333333333334
vt 0.2916666666666667 0.5833333333333334
vt 0.3333333333333333 0.5833333333333334
vt 0.375 0.5833333333333334
vt 0.4166666666666667 0.5833333333333334
vt 0.4583333333333333 0.5833333333333334
vt 0.5 0.5833333333333334
vt 0.5416666666666666 0.5833333333333334
vt 0.5833333333333334 0.5833333333333334
vt 0.625 0.5833333333333334
vt 0.6666666666666666 0.5833333333333334
vt 0.7083333333333334 0.5833333333333334
vt 0.75 0.5833333333333334
vt 0.7916666666666666 0.5833333333333334
vt 0.8333333333333334 0.5833333333333334
vt 0.875 0.5833333333333334
vt 0.9166666666666666 0.5833333333333334
vt 0.9583333333333334 0.5833333333333334
vt 1 0.5833333333333334
vt 0 0.5885416666666666
vt 0.041666666666666664 0.5885416666666666
vt 0.08333333333333333 0.5885416666666666
vt 0.125 0.5885416666666666
vt 0.16666666666666666 0.5885416666666666
vt 0.20833333333333334 0.5885416666666666
vt 0.25 0.5885416666666666
vt 0.2916666666666667 0.5885416666666666
vt 0.3333333333333333 0.5885416666666666
vt 0.375 0.5885416666666666
vt 0.4166666666666667 0.5885416666666666
vt 0.4583333333333333 0.5885416666666666
vt 0.5 0.5885416666666666
vt 0.5416666666666666 0.5885416666666666
vt 0.5833333333333334 0.5885416666666666
vt 0.625 0.5885416666666666
vt 0.6666666666666666 0.5885416666666666
vt 0.7083333333333334 0.5885416666666666
vt 0.75 0.5885416666666666
vt 0.7916666666666666 0.5885416666666666
vt 0.8333333333333334 0.5885416666666666
vt 0.875 0.5885416666666666
vt 0.9166666666666666 0.5885416666666666
vt 0.9583333333333334 0.5885416666666666
vt 1 0.5885416666666666
vt 0 0.59375
vt 0.041666666666666664 0.59375
vt 0.08333333333333333 0.59375
vt 0.125 0.59375
vt 0.16666666666666666 0.59375
vt 0.20833333333333334 0.59375
vt 0.25 0.59375
vt 0.2916666666666667 0.59375
vt 0.3333333333333333 0.59375
vt 0.375 0.59375
vt 0.4166666666666667 0.59375
vt 0.4583333333333333 0.59375
vt 0.5 0.59375
vt 0.5416666666666666 0.59375
vt 0.5833333333333334 0.59375
vt 0.625 0.59375
vt 0.6666666666666666 0.59375
vt 0.7083333333333334 0.59375
vt 0.75 0.59375
vt 0.7916666666666666 0.59375
vt 0.8333333333333334 0.59375
vt 0.875 0.59375
vt 0.9166666666666666 0.59375
vt 0.9583333333333334 0.59375
vt 1 0.59375
vt 0 0.5989583333333334
vt 0.041666666666666664 0.5989583333333334
vt 0.08333333333333333 0.5989583333333334
vt 0.125 0.5989583333333334
vt 0.16666666666666666 0.5989583333333334
vt 0.20833333333333334 0.5989583333333334
vt 0.25 0.5989583333333334
vt 0.2916666666666667 0.5989583333333334
vt 0.3333333333333333 0.5989583333333334
vt 0.375 0.5989583333333334
vt 0.4166666666666667 0.5989583333333334
vt 0.4583333333333333 0.5989583333333334
vt 0.5 0.5989583333333334
vt 0.5416666666666666 0.5989583333333334
vt 0.5833333333333334 0.5989583333333334
vt 0.625 0.5989583333333334
vt 0.6666666666666666 0.5989583333333334
vt 0.7083333333333334 0.5989583333333334
vt 0.75 0.5989583333333334
vt 0.7916666666666666 0.5989583333333334
vt 0.8333333333333334 0.5989583333333334
vt 0.875 0.5989583333333334
vt 0.9166666666666666 0.5989583333333334
vt 0.9583333333333334 0.5989583333333334
vt 1 0.5989583333333334
vt 0 0.6041666666666666
vt 0.041666666666666664 0.6041666666666666
vt 0.08333333333333333 0.6041666666666666
vt 0.125 0.6041666666666666
vt 0.16666666666666666 0.6041666666666666
vt 0.20833333333333334 0.6041666666666666
vt 0.25 0.6041666666666666
vt 0.2916666666666667 0.6041666666666666
vt 0.3333333333333333 0.6041666666666666
vt 0.375 0.6041666666666666
vt 0.4166666666666667 0.6041666666666666
vt 0.4583333333333333 0.6041666666666666
vt 0.5 0.6041666666666666
vt 0.5416666666666666 0.6041666666666666
vt 0.5833333333333334 0.6041666666666666
vt 0.625 0.6041666666666666
vt 0.6666666666666666 0.6041666666666666
vt 0.7083333333333334 0.6041666666666666
vt 0.75 0.6041666666666666
vt 0.7916666666666666 0.6041666666666666
vt 0.8333333333333334 0.6041666666666666
vt 0.875 0.6041666666666666
vt 0.9166666666666666 0.6041666666666666
vt 0.9583333333333334 0.6041666666666666
vt 1 0.6041666666666666
vt 0 0.609375
vt 0.041666666666666664 0.609375
vt 0.08333333333333333 0.609375
vt 0.125 0.609375
vt 0.16666666666666666 0.609375
vt 0.20833333333333334 0.609375
vt 0.25 0.609375
vt 0.2916666666666667 0.609375
vt 0.3333333333333333 0.609375
vt 0.375 0.609375
vt 0.4166666666666667 0.609375
vt 0.4583333333333333 0.609375
vt 0.5 0.609375
vt 0.5416666666666666 0.609375
vt 0.5833333333333334 0.609375
vt 0.625 0.609375
vt 0.6666666666666666 0.609375
vt 0.7083333333333334 0.609375
vt 0.75 0.609375
vt 0.7916666666666666 0.609375
vt 0.8333333333333334 0.609375
vt 0.875 0.609375
vt 0.9166666666666666 0.609375
vt 0.9583333333333334 0.609375
vt 1 0.609375
vt 0 0.6145833333333334
vt 0.041666666666666664 0.6145833333333334
vt 0.08333333333333333 0.6145833333333334
vt 0.125 0.6145833333333334
vt 0.16666666666666666 0.6145833333333334
vt 0.20833333333333334 0.6145833333333334
vt 0.25 0.6145833333333334
vt 0.2916666666666667 0.6145833333333334
vt 0.3333333333333333 0.6145833333333334
vt 0.375 0.6145833333333334
vt 0.4166666666666667 0.6145833333333334
vt 0.4583333333333333 0.6145833333333334
vt 0.5 0.6145833333333334
vt 0.5416666666666666 0.6145833333333334
vt 0.5833333333333334 0.6145833333333334
vt 0.625 0.6145833333333334
vt 0.6666666666666666 0.6145833333333334
vt 0.7083333333333334 0.6145833333333334
vt 0.75 0.6145833333333334
vt 0.7916666666666666 0.6145833333333334
vt 0.8333333333333334 0.6145833333333334
vt 0.875 0.6145833333333334
vt 0.9166666666666666 0.6145833333333334
vt 0.9583333333333334 0.6145833333333334
vt 1 0.6145833333333334
vt 0 0.6197916666666666
vt 0.041666666666666664 0.6197916666666666
vt 0.08333333333333333 0.6197916666666666
vt 0.125 0.6197916666666666
vt 0.16666666666666666 0.6197916666666666
vt 0.20833333333333334 0.6197916666666666
vt 0.25 0.6197916666666666
vt 0.2916666666666667 0.6197916666666666
vt 0.3333333333333333 0.6197916666666666
vt 0.375 0.6197916666666666
vt 0.4166666666666667 0.6197916666666666
vt 0.4583333333333333 0.6197916666666666
vt 0.5 0.6197916666666666
vt 0.5416666666666666 0.6197916666666666
vt 0.5833333333333334 0.6197916666666666
vt 0.625 0.6197916666666666
vt 0.6666666666666666 0.6197916666666666
vt 0.7083333333333334 0.6197916666666666
vt 0.75 0.6197916666666666
vt 0.7916666666666666 0.6197916666666666
vt 0.8333333333333334 0.6197916666666666
vt 0.875 0.6197916666666666
vt 0.9166666666666666 0.6197916666666666
vt 0.9583333333333334 0.6197916666666666
vt 1 0.6197916666666666
vt 0 0.625
vt 0.041666666666666664 0.625
vt 0.08333333333333333 0.625
vt 0.125 0.625
vt 0.16666666666666666 0.625
vt 0.20833333333333334 0.625
vt 0.25 0.625
vt 0.2916666666666667 0.625
vt 0.3333333333333333 0.625
vt 0.375 0.625
vt 0.4166666666666667 0.625
vt 0.4583333333333333 0.625
vt 0.5 0.625
vt 0.5416666666666666 0.625
vt 0.5833333333333334 0.625
vt 0.625 0.625
vt 0.6666666666666666 0.625
vt 0.7083333333333334 0.625
vt 0.75 0.625
vt 0.7916666666666666 0.625
vt 0.8333333333333334 0.625
vt 0.875 0.625
vt 0.9166666666666666 0.625
vt 0.9583333333333334 0.625
vt 1 0.625
vt 0 0.6302083333333334
vt 0.041666666666666664 0.6302083333333334
vt 0.08333333333333333 0.6302083333333334
vt 0.125 0.6302083333333334
vt 0.16666666666666666 0.6302083333333334
vt 0.20833333333333334 0.6302083333333334
vt 0.25 0.6302083333333334
vt 0.2916666666666667 0.6302083333333334
vt 0.3333333333333333 0.6302083333333334
vt 0.375 0.6302083333333334
vt 0.4166666666666667 0.6302083333333334
vt 0.4583333333333333 0.6302083333333334
vt 0.5 0.6302083333333334
vt 0.5416666666666666 0.6302083333333334
vt 0.5833333333333334 0.6302083333333334
vt 0.625 0.6302083333333334
vt 0.6666666666666666 0.6302083333333334
vt 0.7083333333333334 0.6302083333333334
vt 0.75 0.6302083333333334
vt 0.7916666666666666 0.6302083333333334
vt 0.8333333333333334 0.6302083333333334
vt 0.875 0.6302083333333334
vt 0.9166666666666666 0.6302083333333334
vt 0.9583333333333334 0.6302083333333334
vt 1 0.6302083333333334
vt 0 0.6354166666666666
vt 0.041666666666666664 0.6354166666666666
vt 0.08333333333333333 0.6354166666666666
vt 0.125 0.6354166666666666
vt 0.16666666666666666 0.6354166666666666
vt 0.20833333333333334 0.6354166666666666
vt 0.25 0.6354166666666666
vt 0.2916666666666667 0.6354166666666666
vt 0.3333333333333333 0.6354166666666666
vt 0.375 0.6354166666666666
vt 0.4166666666666667 0.6354166666666666
vt 0.4583333333333333 0.6354166666666666
vt 0.5 0.6354166666666666
vt 0.5416666666666666 0.6354166666666666
vt 0.5833333333333334 0.6354166666666666
vt 0.625 0.6354166666666666
vt 0.6666666666666666 0.6354166666666666
vt 0.7083333333333334 0.6354166666666666
vt 0.75 0.6354166666666666
vt 0.7916666666666666 0.6354166666666666
vt 0.8333333333333334 0.6354166666666666
vt 0.875 0.6354166666666666
vt 0.9166666666666666 0.6354166666666666
vt 0.9583333333333334 0.6354166666666666
vt 1 0.6354166666666666
vt 0 0.640625
vt 0.041666666666666664 0.640625
vt 0.08333333333333333 0.640625
vt 0.125 0.640625
vt 0.16666666666666666 0.640625
vt 0.20833333333333334 0.640625
vt 0.25 0.640625
vt 0.2916666666666667 0.640625
vt 0.3333333333333333 0.640625
vt 0.375 0.640625
vt 0.4166666666666667 0.640625
vt 0.4583333333333333 0.640625
vt 0.5 0.640625
vt 0.5416666666666666 0.640625
vt 0.5833333333333334 0.640625
vt 0.625 0.640625
vt 0.6666666666666666 0.640625
vt 0.7083333333333334 0.640625
vt 0.75 0.640625
vt 0.7916666666666666 0.640625
vt 0.8333333333333334 0.640625
vt 0.875 0.640625
vt 0.9166666666666666 0.640625
vt 0.9583333333333334 0.640625
vt 1 0.640625
vt 0 0.6458333333333334
vt 0.041666666666666664 0.6458333333333334
vt 0.08333333333333333 0.6458333333333334
vt 0.125 0.6458333333333334
vt 0.16666666666666666 0.6458333333333334
vt 0.20833333333333334 0.6458333333333334
vt 0.25 0.6458333333333334
vt 0.2916666666666667 0.6458333333333334
vt 0.3333333333333333 0.6458333333333334
vt 0.375 0.6458333333333334
vt 0.4166666666666667 0.6458333333333334
vt 0.4583333333333333 0.6458333333333334
vt 0.5 0.6458333333333334
vt 0.5416666666666666 0.6458333333333334
vt 0.5833333333333334 0.6458333333333334
vt 0.625 0.6458333333333334
vt 0.6666666666666666 0.6458333333333334
vt 0.7083333333333334 0.6458333333333334
vt 0.75 0.6458333333333334
vt 0.7916666666666666 0.6458333333333334
vt 0.8333333333333334 0.6458333333333334
vt 0.875 0.6458333333333334
vt 0.9166666666666666 0.6458333333333334
vt 0.9583333333333334 0.6458333333333334
vt 1 0.6458333333333334
vt 0 0.6510416666666666
vt 0.041666666666666664 0.6510416666666666
vt 0.08333333333333333 0.6510416666666666
vt 0.125 0.6510416666666666
vt 0.16666666666666666 0.6510416666666666
vt 0.20833333333333334 0.6510416666666666
vt 0.25 0.6510416666666666
vt 0.2916666666666667 0.6510416666666666
vt 0.3333333333333333 0.6510416666666666
vt 0.375 0.6510416666666666
vt 0.4166666666666667 0.6510416666666666
vt 0.4583333333333333 0.6510416666666666
vt 0.5 0.6510416666666666
vt 0.5416666666666666 0.6510416666666666
vt 0.5833333333333334 0.6510416666666666
vt 0.625 0.6510416666666666
vt 0.6666666666666666 0.6510416666666666
vt 0.7083333333333334 0.6510416666666666
vt 0.75 0.6510416666666666
vt 0.7916666666666666 0.6510416666666666
vt 0.8333333333333334 0.6510416666666666
vt 0.875 0.6510416666666666
vt 0.9166666666666666 0.6510416666666666
vt 0.9583333333333334 0.6510416666666666
vt 1 0.6510416666666666
vt 0 0.65625
vt 0.041666666666666664 0.65625
vt 0.08333333333333333 0.65625
vt 0.125 0.65625
vt 0.16666666666666666 0.65625
vt 0.20833333333333334 0.65625
vt 0.25 0.65625
vt 0.2916666666666667 0.65625
vt 0.3333333333333333 0.65625
vt 0.375 0.65625
vt 0.4166666666666667 0.65625
vt 0.4583333333333333 0.65625
vt 0.5 0.65625
vt 0.5416666666666666 0.65625
vt 0.5833333333333334 0.65625
vt 0.625 0.65625
vt 0.6666666666666666 0.65625
vt 0.7083333333333334 0.65625
vt 0.75 0.65625
vt 0.7916666666666666 0.65625
vt 0.8333333333333334 0.65625
vt 0.875 0.65625
vt 0.9166666666666666 0.65625
vt 0.9583333333333334 0.65625
vt 1 0.65625
vt 0 0.6614583333333334
vt 0.041666666666666664 0.6614583333333334
vt 0.08333333333333333 0.6614583333333334
vt 0.125 0.6614583333333334
vt 0.16666666666666666 0.6614583333333334
vt 0.20833333333333334 0.6614583333333334
vt 0.25 0.6614583333333334
vt 0.2916666666666667 0.6614583333333334
vt 0.3333333333333333 0.6614583333333334
vt 0.375 0.6614583333333334
vt 0.4166666666666667 0.6614583333333334
vt 0.4583333333333333 0.6614583333333334
vt 0.5 0.6614583333333334
vt 0.5416666666666666 0.6614583333333334
vt 0.5833333333333334 0.6614583333333334
vt 0.625 0.6614583333333334
vt 0.6666666666666666 0.6614583333333334
vt 0.7083333333333334 0.6614583333333334
vt 0.75 0.6614583333333334
vt 0.7916666666666666 0.6614583333333334
vt 0.8333333333333334 0.6614583333333334
vt 0.875 0.6614583333333334
vt 0.9166666666666666 0.6614583333333334
vt 0.9583333333333334 0.6614583333333334
vt 1 0.6614583333333334
vt 0 0.6666666666666666
vt 0.041666666666666664 0.6666666666666666
vt 0.08333333333333333 0.6666666666666666
vt 0.125 0.6666666666666666
vt 0.16666666666666666 0.6666666666666666
vt 0.20833333333333334 0.6666666666666666
vt 0.25 0.6666666666666666
vt 0.2916666666666667 0.6666666666666666
vt 0.3333333333333333 0.6666666666666666
vt 0.375 0.6666666666666666
vt 0.4166666666666667 0.6666666666666666
vt 0.4583333333333333 0.6666666666666666
vt 0.5 0.6666666666666666
vt 0.5416666666666666 0.6666666666666666
vt 0.5833333333333334 0.6666666666666666
vt 0.625 0.6666666666666666
vt 0.6666666666666666 0.6666666666666666
vt 0.7083333333333334 0.6666666666666666
vt 0.75 0.6666666666666666
vt 0.7916666666666666 0.6666666666666666
vt 0.8333333333333334 0.6666666666666666
vt 0.875 0.6666666666666666
vt 0.9166666666666666 0.6666666666666666
vt 0.9583333333333334 0.6666666666666666
vt 1 0.6666666666666666
vt 0 0.671875
vt 0.041666666666666664 0.671875
vt 0.08333333333333333 0.671875
vt 0.125 0.671875
vt 0.16666666666666666 0.671875
vt 0.20833333333333334 0.671875
vt 0.25 0.671875
vt 0.2916666666666667 0.671875
vt 0.3333333333333333 0.671875
vt 0.375 0.671875
vt 0.4166666666666667 0.671875
vt 0.4583333333333333 0.671875
vt 0.5 0.671875
vt 0.5416666666666666 0.671875
vt 0.5833333333333334 0.671875
vt 0.625 0.671875
vt 0.6666666666666666 0.671875
vt 0.7083333333333334 0.671875
vt 0.75 0.671875
vt 0.7916666666666666 0.671875
vt 0.8333333333333334 0.671875
vt 0.875 0.671875
vt 0.9166666666666666 0.671875
vt 0.9583333333333334 0.671875
vt 1 0.671875
vt 0 0.6770833333333334
vt 0.041666666666666664 0.6770833333333334
vt 0.08333333333333333 0.6770833333333334
vt 0.125 0.6770833333333334
vt 0.16666666666666666 0.6770833333333334
vt 0.20833333333333334 0.6770833333333334
vt 0.25 0.6770833333333334
vt 0.2916666666666667 0.6770833333333334
vt 0.3333333333333333 0.6770833333333334
vt 0.375 0.6770833333333334
vt 0.4166666666666667 0.6770833333333334
vt 0.4583333333333333 0.6770833333333334
vt 0.5 0.6770833333333334
vt 0.5416666666666666 0.6770833333333334
vt 0.5833333333333334 0.6770833333333334
vt 0.625 0.6770833333333334
vt 0.6666666666666666 0.6770833333333334
vt 0.7083333333333334 0.6770833333333334
vt 0.75 0.6770833333333334
vt 0.7916666666666666 0.6770833333333334
vt 0.8333333333333334 0.6770833333333334
vt 0.875 0.6770833333333334
vt 0.9166666666666666 0.6770833333333334
vt 0.9583333333333334 0.6770833333333334
vt 1 0.6770833333333334
vt 0 0.6822916666666666
vt 0.041666666666666664 0.6822916666666666
vt 0.08333333333333333 0.6822916666666666
vt 0.125 0.6822916666666666
vt 0.16666666666666666 0.6822916666666666
vt 0.20833333333333334 0.6822916666666666
vt 0.25 0.6822916666666666
vt 0.2916666666666667 0.6822916666666666
vt 0.3333333333333333 0.6822916666666666
vt 0.375 0.6822916666666666
vt 0.4166666666666667 0.6822916666666666
vt 0.4583333333333333 0.6822916666666666
vt 0.5 0.6822916666666666
vt 0.5416666666666666 0.6822916666666666
vt 0.5833333333333334 0.6822916666666666
vt 0.625 0.6822916666666666
vt 0.6666666666666666 0.6822916666666666
vt 0.7083333333333334 0.6822916666666666
vt 0.75 0.6822916666666666
vt 0.7916666666666666 0.6822916666666666
vt 0.8333333333333334 0.6822916666666666
vt 0.875 0.6822916666666666
vt 0.9166666666666666 0.6822916666666666
vt 0.9583333333333334 0.6822916666666666
vt 1 0.6822916666666666
vt 0 0.6875
vt 0.041666666666666664 0.6875
vt 0.08333333333333333 0.6875
vt 0.125 0.6875
vt 0.16666666666666666 0.6875
vt 0.20833333333333334 0.6875
vt 0.25 0.6875
vt 0.2916666666666667 0.6875
vt 0.3333333333333333 0.6875
vt 0.375 0.6875
vt 0.4166666666666667 0.6875
vt 0.4583333333333333 0.6875
vt 0.5 0.6875
vt 0.5416666666666666 0.6875
vt 0.5833333333333334 0.6875
vt 0.625 0.6875
vt 0.6666666666666666 0.6875
vt 0.7083333333333334 0.6875
vt 0.75 0.6875
vt 0.7916666666666666 0.6875
vt 0.8333333333333334 0.6875
vt 0.875 0.6875
vt 0.9166666666666666 0.6875
vt 0.9583333333333334 0.6875
vt 1 0.6875
vt 0 0.6927083333333334
vt 0.041666666666666664 0.6927083333333334
vt 0.08333333333333333 0.6927083333333334
vt 0.125 0.6927083333333334
vt 0.16666666666666666 0.6927083333333334
vt 0.20833333333333334 0.6927083333333334
vt 0.25 0.6927083333333334
vt 0.2916666666666667 0.6927083333333334
vt 0.3333333333333333 0.6927083333333334
vt 0.375 0.6927083333333334
vt 0.4166666666666667 0.6927083333333334
vt 0.4583333333333333 0.6927083333333334
vt 0.5 0.6927083333333334
vt 0.5416666666666666 0.6927083333333334
vt 0.5833333333333334 0.6927083333333334
vt 0.625 0.6927083333333334
vt 0.6666666666666666 0.6927083333333334
vt 0.7083333333333334 0.6927083333333334
vt 0.75 0.6927083333333334
vt 0.7916666666666666 0.6927083333333334
vt 0.8333333333333334 0.6927083333333334
vt 0.875 0.6927083333333334
vt 0.9166666666666666 0.6927083333333334
vt 0.9583333333333334 0.6927083333333334
vt 1 0.6927083333333334
vt 0 0.6979166666666666
vt 0.041666666666666664 0.6979166666666666
vt 0.08333333333333333 0.6979166666666666
vt 0.125 0.6979166666666666
vt 0.16666666666666666 0.6979166666666666
vt 0.20833333333333334 0.6979166666666666
vt 0.25 0.6979166666666666
vt 0.2916666666666667 0.6979166666666666
vt 0.3333333333333333 0.6979166666666666
vt 0.375 0.6979166666666666
vt 0.4166666666666667 0.6979166666666666
vt 0.4583333333333333 0.6979166666666666
vt 0.5 0.6979166666666666
vt 0.5416666666666666 0.6979166666666666
vt 0.5833333333333334 0.6979166666666666
vt 0.625 0.6979166666666666
vt 0.6666666666666666 0.6979166666666666
vt 0.7083333333333334 0.6979166666666666
vt 0.75 0.6979166666666666
vt 0.7916666666666666 0.6979166666666666
vt 0.8333333333333334 0.6979166666666666
vt 0.875 0.6979166666666666
vt 0.9166666666666666 0.6979166666666666
vt 0.9583333333333334 0.6979166666666666
vt 1 0.6979166666666666
vt 0 0.703125
vt 0.041666666666666664 0.703125
vt 0.08333333333333333 0.703125
vt 0.125 0.703125
vt 0.16666666666666666 0.703125
vt 0.20833333333333334 0.703125
vt 0.25 0.703125
vt 0.2916666666666667 0.703125
vt 0.3333333333333333 0.703125
vt 0.375 0.703125
vt 0.4166666666666667 0.703125
vt 0.4583333333333333 0.703125
vt 0.5 0.703125
vt 0.5416666666666666 0.703125
vt 0.5833333333333334 0.703125
vt 0.625 0.703125
vt 0.6666666666666666 0.703125
vt 0.7083333333333334 0.703125
vt 0.75 0.703125
vt 0.7916666666666666 0.703125
vt 0.8333333333333334 0.703125
vt 0.875 0.703125
vt 0.9166666666666666 0.703125
vt 0.9583333333333334 0.703125
vt 1 0.703125
vt 0 0.7083333333333334
vt 0.041666666666666664 0.7083333333333334
vt 0.08333333333333333 0.7083333333333334
vt 0.125 0.7083333333333334
vt 0.16666666666666666 0.7083333333333334
vt 0.20833333333333334 0.7083333333333334
vt 0.25 0.7083333333333334
vt 0.2916666666666667 0.7083333333333334
vt 0.3333333333333333 0.7083333333333334
vt 0.375 0.7083333333333334
vt 0.4166666666666667 0.7083333333333334
vt 0.4583333333333333 0.7083333333333334
vt 0.5 0.7083333333333334
vt 0.5416666666666666 0.7083333333333334
vt 0.5833333333333334 0.7083333333333334
vt 0.625 0.7083333333333334
vt 0.6666666666666666 0.7083333333333334
vt 0.7083333333333334 0.7083333333333334
vt 0.75 0.7083333333333334
vt 0.7916666666666666 0.7083333333333334
vt 0.8333333333333334 0.7083333333333334
vt 0.875 0.7083333333333334
vt 0.9166666666666666 0.7083333333333334
vt 0.9583333333333334 0.7083333333333334
vt 1 0.7083333333333334
vt 0 0.7135416666666666
vt 0.041666666666666664 0.7135416666666666
vt 0.08333333333333333 0.7135416666666666
vt 0.125 0.7135416666666666
vt 0.16666666666666666 0.7135416666666666
vt 0.20833333333333334 0.7135416666666666
vt 0.25 0.7135416666666666
vt 0.2916666666666667 0.7135416666666666
vt 0.3333333333333333 0.7135416666666666
vt 0.375 0.7135416666666666
vt 0.4166666666666667 0.7135416666666666
vt 0.4583333333333333 0.7135416666666666
vt 0.5 0.7135416666666666
vt 0.5416666666666666 0.7135416666666666
vt 0.5833333333333334 0.7135416666666666
vt 0.625 0.7135416666666666
vt 0.6666666666666666 0.7135416666666666
vt 0.7083333333333334 0.7135416666666666
vt 0.75 0.7135416666666666
vt 0.7916666666666666 0.7135416666666666
vt 0.8333333333333334 0.7135416666666666
vt 0.875 0.7135416666666666
vt 0.9166666666666666 0.7135416666666666
vt 0.9583333333333334 0.7135416666666666
vt 1 0.7135416666666666
vt 0 0.71875
vt 0.041666666666666664 0.71875
vt 0.08333333333333333 0.71875
vt 0.125 0.71875
vt 0.16666666666666666 0.71875
vt 0.20833333333333334 0.71875
vt 0.25 0.71875
vt 0.2916666666666667 0.71875
vt 0.3333333333333333 0.71875
vt 0.375 0.71875
vt 0.4166666666666667 0.71875
vt 0.4583333333333333 0.71875
vt 0.5 0.71875
vt 0.5416666666666666 0.71875
vt 0.5833333333333334 0.71875
vt 0.625 0.71875
vt 0.6666666666666666 0.71875
vt 0.7083333333333334 0.71875
vt 0.75 0.71875
vt 0.7916666666666666 0.71875
vt 0.8333333333333334 0.71875
vt 0.875 0.71875
vt 0.9166666666666666 0.71875
vt 0.9583333333333334 0.71875
vt 1 0.71875
vt 0 0.7239583333333334
vt 0.041666666666666664 0.7239583333333334
vt 0.08333333333333333 0.7239583333333334
vt 0.125 0.7239583333333334
vt 0.16666666666666666 0.7239583333333334
vt 0.20833333333333334 0.7239583333333334
vt 0.25 0.7239583333333334
vt 0.2916666666666667 0.7239583333333334
vt 0.3333333333333333 0.7239583333333334
vt 0.375 0.7239583333333334
vt 0.4166666666666667 0.7239583333333334
vt 0.4583333333333333 0.7239583333333334
vt 0.5 0.7239583333333334
vt 0.5416666666666666 0.7239583333333334
vt 0.5833333333333334 0.7239583333333334
vt 0.625 0.7239583333333334
vt 0.6666666666666666 0.7239583333333334
vt 0.7083333333333334 0.7239583333333334
vt 0.75 0.7239583333333334
vt 0.7916666666666666 0.7239583333333334
vt 0.8333333333333334 0.7239583333333334
vt 0.875 0.7239583333333334
vt 0.9166666666666666 0.7239583333333334
vt 0.9583333333333334 0.7239583333333334
vt 1 0.7239583333333334
vt 0 0.7291666666666666
vt 0.041666666666666664 0.7291666666666666
vt 0.08333333333333333 0.7291666666666666
vt 0.125 0.7291666666666666
vt 0.16666666666666666 0.7291666666666666
vt 0.20833333333333334 0.7291666666666666
vt 0.25 0.7291666666666666
vt 0.2916666666666667 0.7291666666666666
vt 0.3333333333333333 0.7291666666666666
vt 0.375 0.7291666666666666
vt 0.4166666666666667 0.7291666666666666
vt 0.4583333333333333 0.7291666666666666
vt 0.5 0.7291666666666666
vt 0.5416666666666666 0.7291666666666666
vt 0.5833333333333334 0.7291666666666666
vt 0.625 0.7291666666666666
vt 0.6666666666666666 0.7291666666666666
vt 0.7083333333333334 0.7291666666666666
vt 0.75 0.7291666666666666
vt 0.7916666666666666 0.7291666666666666
vt 0.8333333333333334 0.7291666666666666
vt 0.875 0.7291666666666666
vt 0.9166666666666666 0.7291666666666666
vt 0.9583333333333334 0.7291666666666666
vt 1 0.7291666666666666
vt 0 0.734375
vt 0.041666666666666664 0.734375
vt 0.08333333333333333 0.734375
vt 0.125 0.734375
vt 0.16666666666666666 0.734375
vt 0.20833333333333334 0.734375
vt 0.25 0.734375
vt 0.2916666666666667 0.734375
vt 0.3333333333333333 0.734375
vt 0.375 0.734375
vt 0.4166666666666667 0.734375
vt 0.4583333333333333 0.734375
vt 0.5 0.734375
vt 0.5416666666666666 0.734375
vt 0.5833333333333334 0.734375
vt 0.625 0.734375
vt 0.6666666666666666 0.734375
vt 0.7083333333333334 0.734375
vt 0.75 0.734375
vt 0.7916666666666666 0.734375
vt 0.8333333333333334 0.734375
vt 0.875 0.734375
vt 0.9166666666666666 0.734375
vt 0.9583333333333334 0.734375
vt 1 0.734375
vt 0 0.7395833333333334
vt 0.041666666666666664 0.7395833333333334
vt 0.08333333333333333 0.7395833333333334
vt 0.125 0.7395833333333334
vt 0.16666666666666666 0.7395833333333334
vt 0.20833333333333334 0.7395833333333334
vt 0.25 0.7395833333333334
vt 0.2916666666666667 0.7395833333333334
vt 0.3333333333333333 0.7395833333333334
vt 0.375 0.7395833333333334
vt 0.4166666666666667 0.7395833333333334
vt 0.4583333333333333 0.7395833333333334
vt 0.5 0.7395833333333334
vt 0.5416666666666666 0.7395833333333334
vt 0.5833333333333334 0.7395833333333334
vt 0.625 0.7395833333333334
vt 0.6666666666666666 0.7395833333333334
vt 0.7083333333333334 0.7395833333333334
vt 0.75 0.7395833333333334
vt 0.7916666666666666 0.7395833333333334
vt 0.8333333333333334 0.7395833333333334
vt 0.875 0.7395833333333334
vt 0.9166666666666666 0.7395833333333334
vt 0.9583333333333334 0.7395833333333334
vt 1 0.7395833333333334
vt 0 0.7447916666666666
vt 0.041666666666666664 0.7447916666666666
vt 0.08333333333333333 0.7447916666666666
vt 0.125 0.7447916666666666
vt 0.16666666666666666 0.7447916666666666
vt 0.20833333333333334 0.7447916666666666
vt 0.25 0.7447916666666666
vt 0.2916666666666667 0.7447916666666666
vt 0.3333333333333333 0.7447916666666666
vt 0.375 0.7447916666666666
vt 0.4166666666666667 0.7447916666666666
vt 0.4583333333333333 0.7447916666666666
vt 0.5 0.7447916666666666
vt 0.5416666666666666 0.7447916666666666
vt 0.5833333333333334 0.7447916666666666
vt 0.625 0.7447916666666666
vt 0.6666666666666666 0.7447916666666666
vt 0.7083333333333334 0.7447916666666666
vt 0.75 0.7447916666666666
vt 0.7916666666666666 0.7447916666666666
vt 0.8333333333333334 0.7447916666666666
vt 0.875 0.7447916666666666
vt 0.9166666666666666 0.7447916666666666
vt 0.9583333333333334 0.7447916666666666
vt 1 0.7447916666666666
vt 0 0.75
vt 0.041666666666666664 0.75
vt 0.08333333333333333 0.75
vt 0.125 0.75
vt 0.16666666666666666 0.75
vt 0.20833333333333334 0.75
vt 0.25 0.75
vt 0.2916666666666667 0.75
vt 0.3333333333333333 0.75
vt 0.375 0.75
vt 0.4166666666666667 0.75
vt 0.4583333333333333 0.75
vt 0.5 0.75
vt 0.5416666666666666 0.75
vt 0.5833333333333334 0.75
vt 0.625 0.75
vt 0.6666666666666666 0.75
vt 0.7083333333333334 0.75
vt 0.75 0.75
vt 0.7916666666666666 0.75
vt 0.8333333333333334 0.75
vt 0.875 0.75
vt 0.9166666666666666 0.75
vt 0.9583333333333334 0.75
vt 1 0.75
vt 0 0.7552083333333334
vt 0.041666666666666664 0.7552083333333334
vt 0.08333333333333333 0.7552083333333334
vt 0.125 0.7552083333333334
vt 0.16666666666666666 0.7552083333333334
vt 0.20833333333333334 0.7552083333333334
vt 0.25 0.7552083333333334
vt 0.2916666666666667 0.7552083333333334
vt 0.3333333333333333 0.7552083333333334
vt 0.375 0.7552083333333334
vt 0.4166666666666667 0.7552083333333334
vt 0.4583333333333333 0.7552083333333334
vt 0.5 0.7552083333333334
vt 0.5416666666666666 0.7552083333333334
vt 0.5833333333333334 0.7552083333333334
vt 0.625 0.7552083333333334
vt 0.6666666666666666 0.7552083333333334
vt 0.7083333333333334 0.7552083333333334
vt 0.75 0.7552083333333334
vt 0.7916666666666666 0.7552083333333334
vt 0.8333333333333334 0.7552083333333334
vt 0.875 0.7552083333333334
vt 0.9166666666666666 0.7552083333333334
vt 0.9583333333333334 0.7552083333333334
vt 1 0.7552083333333334
vt 0 0.7604166666666666
vt 0.041666666666666664 0.7604166666666666
vt 0.08333333333333333 0.7604166666666666
vt 0.125 0.7604166666666666
vt 0.16666666666666666 0.7604166666666666
vt 0.20833333333333334 0.7604166666666666
vt 0.25 0.7604166666666666
vt 0.2916666666666667 0.7604166666666666
vt 0.3333333333333333 0.7604166666666666
vt 0.375 0.7604166666666666
vt 0.4166666666666667 0.7604166666666666
vt 0.4583333333333333 0.7604166666666666
vt 0.5 0.7604166666666666
vt 0.5416666666666666 0.7604166666666666
vt 0.5833333333333334 0.7604166666666666
vt 0.625 0.7604166666666666
vt 0.6666666666666666 0.7604166666666666
vt 0.7083333333333334 0.7604166666666666
vt 0.75 0.7604166666666666
vt 0.7916666666666666 0.7604166666666666
vt 0.8333333333333334 0.7604166666666666
vt 0.875 0.7604166666666666
vt 0.9166666666666666 0.7604166666666666
vt 0.9583333333333334 0.7604166666666666
vt 1 0.7604166666666666
vt 0 0.765625
vt 0.041666666666666664 0.765625
vt 0.08333333333333333 0.765625
vt 0.125 0.765625
vt 0.16666666666666666 0.765625
vt 0.20833333333333334 0.765625
vt 0.25 0.765625
vt 0.2916666666666667 0.765625
vt 0.3333333333333333 0.765625
vt 0.375 0.765625
vt 0.4166666666666667 0.765625
vt 0.4583333333333333 0.765625
vt 0.5 0.765625
vt 0.5416666666666666 0.765625
vt 0.5833333333333334 0.765625
vt 0.625 0.765625
vt 0.6666666666666666 0.765625
vt 0.7083333333333334 0.765625
vt 0.75 0.765625
vt 0.7916666666666666 0.765625
vt 0.8333333333333334 0.765625
vt 0.875 0.765625
vt 0.9166666666666666 0.765625
vt 0.9583333333333334 0.765625
vt 1 0.765625
vt 0 0.7708333333333334
vt 0.041666666666666664 0.7708333333333334
vt 0.08333333333333333 0.7708333333333334
vt 0.125 0.7708333333333334
vt 0.16666666666666666 0.7708333333333334
vt 0.20833333333333334 0.7708333333333334
vt 0.25 0.7708333333333334
vt 0.2916666666666667 0.7708333333333334
vt 0.3333333333333333 0.7708333333333334
vt 0.375 0.7708333333333334
vt 0.4166666666666667 0.7708333333333334
vt 0.4583333333333333 0.7708333333333334
vt 0.5 0.7708333333333334
vt 0.5416666666666666 0.7708333333333334
vt 0.5833333333333334 0.7708333333333334
vt 0.625 0.7708333333333334
vt 0.6666666666666666 0.7708333333333334
vt 0.7083333333333334 0.7708333333333334
vt 0.75 0.7708333333333334
vt 0.7916666666666666 0.7708333333333334
vt 0.8333333333333334 0.7708333333333334
vt 0.875 0.7708333333333334
vt 0.9166666666666666 0.7708333333333334
vt 0.9583333333333334 0.7708333333333334
vt 1 0.7708333333333334
vt 0 0.7760416666666666
vt 0.041666666666666664 0.7760416666666666
vt 0.08333333333333333 0.7760416666666666
vt 0.125 0.7760416666666666
vt 0.16666666666666666 0.7760416666666666
vt 0.20833333333333334 0.7760416666666666
vt 0.25 0.7760416666666666
vt 0.2916666666666667 0.7760416666666666
vt 0.3333333333333333 0.7760416666666666
vt 0.375 0.7760416666666666
vt 0.4166666666666667 0.7760416666666666
vt 0.4583333333333333 0.7760416666666666
vt 0.5 0.7760416666666666
vt 0.5416666666666666 0.7760416666666666
vt 0.5833333333333334 0.7760416666666666
vt 0.625 0.7760416666666666
vt 0.6666666666666666 0.7760416666666666
vt 0.7083333333333334 0.7760416666666666
vt 0.75 0.7760416666666666
vt 0.7916666666666666 0.7760416666666666
vt 0.8333333333333334 0.7760416666666666
vt 0.875 0.7760416666666666
vt 0.9166666666666666 0.7760416666666666
vt 0.9583333333333334 0.7760416666666666
vt 1 0.7760416666666666
vt 0 0.78125
vt 0.041666666666666664 0.78125
vt 0.08333333333333333 0.78125
vt 0.125 0.78125
vt 0.16666666666666666 0.78125
vt 0.20833333333333334 0.78125
vt 0.25 0.78125
vt 0.2916666666666667 0.78125
vt 0.3333333333333333 0.78125
vt 0.375 0.78125
vt 0.4166666666666667 0.78125
vt 0.4583333333333333 0.78125
vt 0.5 0.78125
vt 0.5416666666666666 0.78125
vt 0.5833333333333334 0.78125
vt 0.625 0.78125
vt 0.6666666666666666 0.78125
vt 0.7083333333333334 0.78125
vt 0.75 0.78125
vt 0.7916666666666666 0.78125
vt 0.8333333333333334 0.78125
vt 0.875 0.78125
vt 0.9166666666666666 0.78125
vt 0.9583333333333334 0.78125
vt 1 0.78125
vt 0 0.7864583333333334
vt 0.041666666666666664 0.7864583333333334
vt 0.08333333333333333 0.7864583333333334
vt 0.125 0.7864583333333334
vt 0.16666666666666666 0.7864583333333334
vt 0.20833333333333334 0.7864583333333334
vt 0.25 0.7864583333333334
vt 0.2916666666666667 0.7864583333333334
vt 0.3333333333333333 0.7864583333333334
vt 0.375 0.7864583333333334
vt 0.4166666666666667 0.7864583333333334
vt 0.4583333333333333 0.7864583333333334
vt 0.5 0.7864583333333334
vt 0.5416666666666666 0.7864583333333334
vt 0.5833333333333334 0.7864583333333334
vt 0.625 0.7864583333333334
vt 0.6666666666666666 0.7864583333333334
vt 0.7083333333333334 0.7864583333333334
vt 0.75 0.7864583333333334
vt 0.7916666666666666 0.7864583333333334
vt 0.8333333333333334 0.7864583333333334
vt 0.875 0.7864583333333334
vt 0.9166666666666666 0.7864583333333334
vt 0.9583333333333334 0.7864583333333334
vt 1 0.7864583333333334
vt 0 0.7916666666666666
vt 0.041666666666666664 0.7916666666666666
vt 0.08333333333333333 0.7916666666666666
vt 0.125 0.7916666666666666
vt 0.16666666666666666 0.7916666666666666
vt 0.20833333333333334 0.7916666666666666
vt 0.25 0.7916666666666666
vt 0.2916666666666667 0.7916666666666666
vt 0.3333333333333333 0.7916666666666666
vt 0.375 0.7916666666666666
vt 0.4166666666666667 0.7916666666666666
vt 0.4583333333333333 0.7916666666666666
vt 0.5 0.7916666666666666
vt 0.5416666666666666 0.7916666666666666
vt 0.5833333333333334 0.7916666666666666
vt 0.625 0.7916666666666666
vt 0.6666666666666666 0.7916666666666666
vt 0.7083333333333334 0.7916666666666666
vt 0.75 0.7916666666666666
vt 0.7916666666666666 0.7916666666666666
vt 0.8333333333333334 0.7916666666666666
vt 0.875 0.7916666666666666
vt 0.9166666666666666 0.7916666666666666
vt 0.9583333333333334 0.7916666666666666
vt 1 0.7916666666666666
vt 0 0.796875
vt 0.041666666666666664 0.796875
vt 0.08333333333333333 0.796875
vt 0.125 0.796875
vt 0.16666666666666666 0.796875
vt 0.20833333333333334 0.796875
vt 0.25 0.796875
vt 0.2916666666666667 0.796875
vt 0.3333333333333333 0.796875
vt 0.375 0.796875
vt 0.4166666666666667 0.796875
vt 0.4583333333333333 0.796875
vt 0.5 0.796875
vt 0.5416666666666666 0.796875
vt 0.5833333333333334 0.796875
vt 0.625 0.796875
vt 0.6666666666666666 0.796875
vt 0.7083333333333334 0.796875
vt 0.75 0.796875
vt 0.7916666666666666 0.796875
vt 0.8333333333333334 0.796875
vt 0.875 0.796875
vt 0.9166666666666666 0.796875
vt 0.9583333333333334 0.796875
vt 1 0.796875
vt 0 0.8020833333333334
vt 0.041666666666666664 0.8020833333333334
vt 0.08333333333333333 0.8020833333333334
vt 0.125 0.8020833333333334
vt 0.16666666666666666 0.8020833333333334
vt 0.20833333333333334 0.8020833333333334
vt 0.25 0.8020833333333334
vt 0.2916666666666667 0.8020833333333334
vt 0.3333333333333333 0.8020833333333334
vt 0.375 0.8020833333333334
vt 0.4166666666666667 0.8020833333333334
vt 0.4583333333333333 0.8020833333333334
vt 0.5 0.8020833333333334
vt 0.5416666666666666 0.8020833333333334
vt 0.5833333333333334 0.8020833333333334
vt 0.625 0.8020833333333334
vt 0.6666666666666666 0.8020833333333334
vt 0.7083333333333334 0.8020833333333334
vt 0.75 0.8020833333333334
vt 0.7916666666666666 0.8020833333333334
vt 0.8333333333333334 0.8020833333333334
vt 0.875 0.8020833333333334
vt 0.9166666666666666 0.8020833333333334
vt 0.9583333333333334 0.8020833333333334
vt 1 0.8020833333333334
vt 0 0.8072916666666666
vt 0.041666666666666664 0.8072916666666666
vt 0.08333333333333333 0.8072916666666666
vt 0.125 0.8072916666666666
vt 0.16666666666666666 0.8072916666666666
vt 0.20833333333333334 0.8072916666666666
vt 0.25 0.8072916666666666
vt 0.2916666666666667 0.8072916666666666
vt 0.3333333333333333 0.8072916666666666
vt 0.375 0.8072916666666666
vt 0.4166666666666667 0.8072916666666666
vt 0.4583333333333333 0.8072916666666666
vt 0.5 0.8072916666666666
vt 0.5416666666666666 0.8072916666666666
vt 0.5833333333333334 0.8072916666666666
vt 0.625 0.8072916666666666
vt 0.6666666666666666 0.8072916666666666
vt 0.7083333333333334 0.8072916666666666
vt 0.75 0.8072916666666666
vt 0.7916666666666666 0.8072916666666666
vt 0.8333333333333334 0.8072916666666666
vt 0.875 0.8072916666666666
vt 0.9166666666666666 0.8072916666666666
vt 0.9583333333333334 0.8072916666666666
vt 1 0.8072916666666666
vt 0 0.8125
vt 0.041666666666666664 0.8125
vt 0.08333333333333333 0.8125
vt 0.125 0.8125
vt 0.16666666666666666 0.8125
vt 0.20833333333333334 0.8125
vt 0.25 0.8125
vt 0.2916666666666667 0.8125
vt 0.3333333333333333 0.8125
vt 0.375 0.8125
vt 0.4166666666666667 0.8125
vt 0.4583333333333333 0.8125
vt 0.5 0.8125
vt 0.5416666666666666 0.8125
vt 0.5833333333333334 0.8125
vt 0.625 0.8125
vt 0.6666666666666666 0.8125
vt 0.7083333333333334 0.8125
vt 0.75 0.8125
vt 0.7916666666666666 0.8125
vt 0.8333333333333334 0.8125
vt 0.875 0.8125
vt 0.9166666666666666 0.8125
vt 0.9583333333333334 0.8125
vt 1 0.8125
vt 0 0.8177083333333334
vt 0.041666666666666664 0.8177083333333334
vt 0.08333333333333333 0.8177083333333334
vt 0.125 0.8177083333333334
vt 0.16666666666666666 0.8177083333333334
vt 0.20833333333333334 0.8177083333333334
vt 0.25 0.8177083333333334
vt 0.2916666666666667 0.8177083333333334
vt 0.3333333333333333 0.8177083333333334
vt 0.375 0.8177083333333334
vt 0.4166666666666667 0.8177083333333334
vt 0.4583333333333333 0.8177083333333334
vt 0.5 0.8177083333333334
vt 0.5416666666666666 0.8177083333333334
vt 0.5833333333333334 0.8177083333333334
vt 0.625 0.8177083333333334
vt 0.6666666666666666 0.8177083333333334
vt 0.7083333333333334 0.8177083333333334
vt 0.75 0.8177083333333334
vt 0.7916666666666666 0.8177083333333334
vt 0.8333333333333334 0.8177083333333334
vt 0.875 0.8177083333333334
vt 0.9166666666666666 0.8177083333333334
vt 0.9583333333333334 0.8177083333333334
vt 1 0.8177083333333334
vt 0 0.8229166666666666
vt 0.041666666666666664 0.8229166666666666
vt 0.08333333333333333 0.8229166666666666
vt 0.125 0.8229166666666666
vt 0.16666666666666666 0.8229166666666666
vt 0.20833333333333334 0.8229166666666666
vt 0.25 0.8229166666666666
vt 0.2916666666666667 0.8229166666666666
vt 0.3333333333333333 0.8229166666666666
vt 0.375 0.8229166666666666
vt 0.4166666666666667 0.8229166666666666
vt 0.4583333333333333 0.8229166666666666
vt 0.5 0.8229166666666666
vt 0.5416666666666666 0.8229166666666666
vt 0.5833333333333334 0.8229166666666666
vt 0.625 0.8229166666666666
vt 0.6666666666666666 0.8229166666666666
vt 0.7083333333333334 0.8229166666666666
vt 0.75 0.8229166666666666
vt 0.7916666666666666 0.8229166666666666
vt 0.8333333333333334 0.8229166666666666
vt 0.875 0.8229166666666666
vt 0.9166666666666666 0.8229166666666666
vt 0.9583333333333334 0.8229166666666666
vt 1 0.8229166666666666
vt 0 0.828125
vt 0.041666666666666664 0.828125
vt 0.08333333333333333 0.828125
vt 0.125 0.828125
vt 0.16666666666666666 0.828125
vt 0.20833333333333334 0.828125
vt 0.25 0.828125
vt 0.2916666666666667 0.828125
vt 0.3333333333333333 0.828125
vt 0.375 0.828125
vt 0.4166666666666667 0.828125
vt 0.4583333333333333 0.828125
vt 0.5 0.828125
vt 0.5416666666666666 0.828125
vt 0.5833333333333334 0.828125
vt 0.625 0.828125
vt 0.6666666666666666 0.828125
vt 0.7083333333333334 0.828125
vt 0.75 0.828125
vt 0.7916666666666666 0.828125
vt 0.8333333333333334 0.828125
vt 0.875 0.828125
vt 0.9166666666666666 0.828125
vt 0.9583333333333334 0.828125
vt 1 0.828125
vt 0 0.8333333333333334
vt 0.041666666666666664 0.8333333333333334
vt 0.08333333333333333 0.8333333333333334
vt 0.125 0.8333333333333334
vt 0.16666666666666666 0.8333333333333334
vt 0.20833333333333334 0.8333333333333334
vt 0.25 0.8333333333333334
vt 0.2916666666666667 0.8333333333333334
vt 0.3333333333333333 0.8333333333333334
vt 0.375 0.8333333333333334
vt 0.4166666666666667 0.8333333333333334
vt 0.4583333333333333 0.8333333333333334
vt 0.5 0.8333333333333334
vt 0.5416666666666666 0.8333333333333334
vt 0.5833333333333334 0.8333333333333334
vt 0.625 0.8333333333333334
vt 0.6666666666666666 0.8333333333333334
vt 0.7083333333333334 0.8333333333333334
vt 0.75 0.8333333333333334
vt 0.7916666666666666 0.8333333333333334
vt 0.8333333333333334 0.8333333333333334
vt 0.875 0.8333333333333334
vt 0.9166666666666666 0.8333333333333334
vt 0.9583333333333334 0.8333333333333334
vt 1 0.8333333333333334
vt 0 0.8385416666666666
vt 0.041666666666666664 0.8385416666666666
vt 0.08333333333333333 0.8385416666666666
vt 0.125 0.8385416666666666
vt 0.16666666666666666 0.8385416666666666
vt 0.20833333333333334 0.8385416666666666
vt 0.25 0.8385416666666666
vt 0.2916666666666667 0.8385416666666666
vt 0.3333333333333333 0.8385416666666666
vt 0.375 0.8385416666666666
vt 0.4166666666666667 0.8385416666666666
vt 0.4583333333333333 0.8385416666666666
vt 0.5 0.8385416666666666
vt 0.5416666666666666 0.8385416666666666
vt 0.5833333333333334 0.8385416666666666
vt 0.625 0.8385416666666666
vt 0.6666666666666666 0.8385416666666666
vt 0.7083333333333334 0.8385416666666666
vt 0.75 0.8385416666666666
vt 0.7916666666666666 0.8385416666666666
vt 0.8333333333333334 0.8385416666666666
vt 0.875 0.8385416666666666
vt 0.9166666666666666 0.8385416666666666
vt 0.9583333333333334 0.8385416666666666
vt 1 0.8385416666666666
vt 0 0.84375
vt 0.041666666666666664 0.84375
vt 0.08333333333333333 0.84375
vt 0.125 0.84375
vt 0.16666666666666666 0.84375
vt 0.20833333333333334 0.84375
vt 0.25 0.84375
vt 0.2916666666666667 0.84375
vt 0.3333333333333333 0.84375
vt 0.375 0.84375
vt 0.4166666666666667 0.84375
vt 0.4583333333333333 0.84375
vt 0.5 0.84375
vt 0.5416666666666666 0.84375
vt 0.5833333333333334 0.84375
vt 0.625 0.84375
vt 0.6666666666666666 0.84375
vt 0.7083333333333334 0.84375
vt 0.75 0.84375
vt 0.7916666666666666 0.84375
vt 0.8333333333333334 0.84375
vt 0.875 0.84375
vt 0.9166666666666666 0.84375
vt 0.9583333333333334 0.84375
vt 1 0.84375
vt 0 0.8489583333333334
vt 0.041666666666666664 0.8489583333333334
vt 0.08333333333333333 0.8489583333333334
vt 0.125 0.8489583333333334
vt 0.16666666666666666 0.8489583333333334
vt 0.20833333333333334 0.8489583333333334
vt 0.25 0.8489583333333334
vt 0.2916666666666667 0.8489583333333334
vt 0.3333333333333333 0.8489583333333334
vt 0.375 0.8489583333333334
vt 0.4166666666666667 0.8489583333333334
vt 0.4583333333333333 0.8489583333333334
vt 0.5 0.8489583333333334
vt 0.5416666666666666 0.8489583333333334
vt 0.5833333333333334 0.8489583333333334
vt 0.625 0.8489583333333334
vt 0.6666666666666666 0.8489583333333334
vt 0.7083333333333334 0.8489583333333334
vt 0.75 0.8489583333333334
vt 0.7916666666666666 0.8489583333333334
vt 0.8333333333333334 0.8489583333333334
vt 0.875 0.8489583333333334
vt 0.9166666666666666 0.8489583333333334
vt 0.9583333333333334 0.8489583333333334
vt 1 0.8489583333333334
vt 0 0.8541666666666666
vt 0.041666666666666664 0.8541666666666666
vt 0.08333333333333333 0.8541666666666666
vt 0.125 0.8541666666666666
vt 0.16666666666666666 0.8541666666666666
vt 0.20833333333333334 0.8541666666666666
vt 0.25 0.8541666666666666
vt 0.2916666666666667 0.8541666666666666
vt 0.3333333333333333 0.8541666666666666
vt 0.375 0.8541666666666666
vt 0.4166666666666667 0.8541666666666666
vt 0.4583333333333333 0.8541666666666666
vt 0.5 0.8541666666666666
vt 0.5416666666666666 0.8541666666666666
vt 0.5833333333333334 0.8541666666666666
vt 0.625 0.8541666666666666
vt 0.6666666666666666 0.8541666666666666
vt 0.7083333333333334 0.8541666666666666
vt 0.75 0.8541666666666666
vt 0.7916666666666666 0.8541666666666666
vt 0.8333333333333334 0.8541666666666666
vt 0.875 0.8541666666666666
vt 0.9166666666666666 0.8541666666666666
vt 0.9583333333333334 0.8541666666666666
vt 1 0.8541666666666666
vt 0 0.859375
vt 0.041666666666666664 0.859375
vt 0.08333333333333333 0.859375
vt 0.125 0.859375
vt 0.16666666666666666 0.859375
vt 0.20833333333333334 0.859375
vt 0.25 0.859375
vt 0.2916666666666667 0.859375
vt 0.3333333333333333 0.859375
vt 0.375 0.859375
vt 0.4166666666666667 0.859375
vt 0.4583333333333333 0.859375
vt 0.5 0.859375
vt 0.5416666666666666 0.859375
vt 0.5833333333333334 0.859375
vt 0.625 0.859375
vt 0.6666666666666666 0.859375
vt 0.7083333333333334 0.859375
vt 0.75 0.859375
vt 0.7916666666666666 0.859375
vt 0.8333333333333334 0.859375
vt 0.875 0.859375
vt 0.9166666666666666 0.859375
vt 0.9583333333333334 0.859375
vt 1 0.859375
vt 0 0.8645833333333334
vt 0.041666666666666664 0.8645833333333334
vt 0.08333333333333333 0.8645833333333334
vt 0.125 0.8645833333333334
vt 0.16666666666666666 0.8645833333333334
vt 0.20833333333333334 0.8645833333333334
vt 0.25 0.8645833333333334
vt 0.2916666666666667 0.8645833333333334
vt 0.3333333333333333 0.8645833333333334
vt 0.375 0.8645833333333334
vt 0.4166666666666667 0.8645833333333334
vt 0.4583333333333333 0.8645833333333334
vt 0.5 0.8645833333333334
vt 0.5416666666666666 0.8645833333333334
vt 0.5833333333333334 0.8645833333333334
vt 0.625 0.8645833333333334
vt 0.6666666666666666 0.8645833333333334
vt 0.7083333333333334 0.8645833333333334
vt 0.75 0.8645833333333334
vt 0.7916666666666666 0.8645833333333334
vt 0.8333333333333334 0.8645833333333334
vt 0.875 0.8645833333333334
vt 0.9166666666666666 0.8645833333333334
vt 0.9583333333333334 0.8645833333333334
vt 1 0.8645833333333334
vt 0 0.8697916666666666
vt 0.041666666666666664 0.8697916666666666
vt 0.08333333333333333 0.8697916666666666
vt 0.125 0.8697916666666666
vt 0.16666666666666666 0.8697916666666666
vt 0.20833333333333334 0.8697916666666666
vt 0.25 0.8697916666666666
vt 0.2916666666666667 0.8697916666666666
vt 0.3333333333333333 0.8697916666666666
vt 0.375 0.8697916666666666
vt 0.4166666666666667 0.8697916666666666
vt 0.4583333333333333 0.8697916666666666
vt 0.5 0.8697916666666666
vt 0.5416666666666666 0.8697916666666666
vt 0.5833333333333334 0.8697916666666666
vt 0.625 0.8697916666666666
vt 0.6666666666666666 0.8697916666666666
vt 0.7083333333333334 0.8697916666666666
vt 0.75 0.8697916666666666
vt 0.7916666666666666 0.8697916666666666
vt 0.8333333333333334 0.8697916666666666
vt 0.875 0.8697916666666666
vt 0.9166666666666666 0.8697916666666666
vt 0.9583333333333334 0.8697916666666666
vt 1 0.8697916666666666
vt 0 0.875
vt 0.041666666666666664 0.875
vt 0.08333333333333333 0.875
vt 0.125 0.875
vt 0.16666666666666666 0.875
vt 0.20833333333333334 0.875
vt 0.25 0.875
vt 0.2916666666666667 0.875
vt 0.3333333333333333 0.875
vt 0.375 0.875
vt 0.4166666666666667 0.875
vt 0.4583333333333333 0.875
vt 0.5 0.875
vt 0.5416666666666666 0.875
vt 0.5833333333333334 0.875
vt 0.625 0.875
vt 0.6666666666666666 0.875
vt 0.7083333333333334 0.875
vt 0.75 0.875
vt 0.7916666666666666 0.875
vt 0.8333333333333334 0.875
vt 0.875 0.875
vt 0.9166666666666666 0.875
vt 0.9583333333333334 0.875
vt 1 0.875
vt 0 0.8802083333333334
vt 0.041666666666666664 0.8802083333333334
vt 0.08333333333333333 0.8802083333333334
vt 0.125 0.8802083333333334
vt 0.16666666666666666 0.8802083333333334
vt 0.20833333333333334 0.8802083333333334
vt 0.25 0.8802083333333334
vt 0.2916666666666667 0.8802083333333334
vt 0.3333333333333333 0.8802083333333334
vt 0.375 0.8802083333333334
vt 0.4166666666666667 0.8802083333333334
vt 0.4583333333333333 0.8802083333333334
vt 0.5 0.8802083333333334
vt 0.5416666666666666 0.8802083333333334
vt 0.5833333333333334 0.8802083333333334
vt 0.625 0.8802083333333334
vt 0.6666666666666666 0.8802083333333334
vt 0.7083333333333334 0.8802083333333334
vt 0.75 0.8802083333333334
vt 0.7916666666666666 0.8802083333333334
vt 0.8333333333333334 0.8802083333333334
vt 0.875 0.8802083333333334
vt 0.9166666666666666 0.8802083333333334
vt 0.9583333333333334 0.8802083333333334
vt 1 0.8802083333333334
vt 0 0.8854166666666666
vt 0.041666666666666664 0.8854166666666666
vt 0.08333333333333333 0.8854166666666666
vt 0.125 0.8854166666666666
vt 0.16666666666666666 0.8854166666666666
vt 0.20833333333333334 0.8854166666666666
vt 0.25 0.8854166666666666
vt 0.2916666666666667 0.8854166666666666
vt 0.3333333333333333 0.8854166666666666
vt 0.375 0.8854166666666666
vt 0.4166666666666667 0.8854166666666666
vt 0.4583333333333333 0.8854166666666666
vt 0.5 0.8854166666666666
vt 0.5416666666666666 0.8854166666666666
vt 0.5833333333333334 0.8854166666666666
vt 0.625 0.8854166666666666
vt 0.6666666666666666 0.8854166666666666
vt 0.7083333333333334 0.8854166666666666
vt 0.75 0.8854166666666666
vt 0.7916666666666666 0.8854166666666666
vt 0.8333333333333334 0.8854166666666666
vt 0.875 0.8854166666666666
vt 0.9166666666666666 0.8854166666666666
vt 0.9583333333333334 0.8854166666666666
vt 1 0.8854166666666666
vt 0 0.890625
vt 0.041666666666666664 0.890625
vt 0.08333333333333333 0.890625
vt 0.125 0.890625
vt 0.16666666666666666 0.890625
vt 0.20833333333333334 0.890625
vt 0.25 0.890625
vt 0.2916666666666667 0.890625
vt 0.3333333333333333 0.890625
vt 0.375 0.890625
vt 0.4166666666666667 0.890625
vt 0.4583333333333333 0.890625
vt 0.5 0.890625
vt 0.5416666666666666 0.890625
vt 0.5833333333333334 0.890625
vt 0.625 0.890625
vt 0.6666666666666666 0.890625
vt 0.7083333333333334 0.890625
vt 0.75 0.890625
vt 0.7916666666666666 0.890625
vt 0.8333333333333334 0.890625
vt 0.875 0.890625
vt 0.9166666666666666 0.890625
vt 0.9583333333333334 0.890625
vt 1 0.890625
vt 0 0.8958333333333334
vt 0.041666666666666664 0.8958333333333334
vt 0.08333333333333333 0.8958333333333334
vt 0.125 0.8958333333333334
vt 0.16666666666666666 0.8958333333333334
vt 0.20833333333333334 0.8958333333333334
vt 0.25 0.8958333333333334
vt 0.2916666666666667 0.8958333333333334
vt 0.3333333333333333 0.8958333333333334
vt 0.375 0.8958333333333334
vt 0.4166666666666667 0.8958333333333334
vt 0.4583333333333333 0.8958333333333334
vt 0.5 0.8958333333333334
vt 0.5416666666666666 0.8958333333333334
vt 0.5833333333333334 0.8958333333333334
vt 0.625 0.8958333333333334
vt 0.6666666666666666 0.8958333333333334
vt 0.7083333333333334 0.8958333333333334
vt 0.75 0.8958333333333334
vt 0.7916666666666666 0.8958333333333334
vt 0.8333333333333334 0.8958333333333334
vt 0.875 0.8958333333333334
vt 0.9166666666666666 0.8958333333333334
vt 0.9583333333333334 0.8958333333333334
vt 1 0.8958333333333334
vt 0 0.9010416666666666
vt 0.041666666666666664 0.9010416666666666
vt 0.08333333333333333 0.9010416666666666
vt 0.125 0.9010416666666666
vt 0.16666666666666666 0.9010416666666666
vt 0.20833333333333334 0.9010416666666666
vt 0.25 0.9010416666666666
vt 0.2916666666666667 0.9010416666666666
vt 0.3333333333333333 0.9010416666666666
vt 0.375 0.9010416666666666
vt 0.4166666666666667 0.9010416666666666
vt 0.4583333333333333 0.9010416666666666
vt 0.5 0.9010416666666666
vt 0.5416666666666666 0.9010416666666666
vt 0.5833333333333334 0.9010416666666666
vt 0.625 0.9010416666666666
vt 0.6666666666666666 0.9010416666666666
vt 0.7083333333333334 0.9010416666666666
vt 0.75 0.9010416666666666
vt 0.7916666666666666 0.9010416666666666
vt 0.8333333333333334 0.9010416666666666
vt 0.875 0.9010416666666666
vt 0.9166666666666666 0.9010416666666666
vt 0.9583333333333334 0.9010416666666666
vt 1 0.9010416666666666
vt 0 0.90625
vt 0.041666666666666664 0.90625
vt 0.08333333333333333 0.90625
vt 0.125 0.90625
vt 0.16666666666666666 0.90625
vt 0.20833333333333334 0.90625
vt 0.25 0.90625
vt 0.2916666666666667 0.90625
vt 0.3333333333333333 0.90625
vt 0.375 0.90625
vt 0.4166666666666667 0.90625
vt 0.4583333333333333 0.90625
vt 0.5 0.90625
vt 0.5416666666666666 0.90625
vt 0.5833333333333334 0.90625
vt 0.625 0.90625
vt 0.6666666666666666 0.90625
vt 0.7083333333333334 0.90625
vt 0.75 0.90625
vt 0.7916666666666666 0.90625
vt 0.8333333333333334 0.90625
vt 0.875 0.90625
vt 0.9166666666666666 0.90625
vt 0.9583333333333334 0.90625
vt 1 0.90625
vt 0 0.9114583333333334
vt 0.041666666666666664 0.9114583333333334
vt 0.08333333333333333 0.9114583333333334
vt 0.125 0.9114583333333334
vt 0.16666666666666666 0.9114583333333334
vt 0.20833333333333334 0.9114583333333334
vt 0.25 0.9114583333333334
vt 0.2916666666666667 0.9114583333333334
vt 0.3333333333333333 0.9114583333333334
vt 0.375 0.9114583333333334
vt 0.4166666666666667 0.9114583333333334
vt 0.4583333333333333 0.9114583333333334
vt 0.5 0.9114583333333334
vt 0.5416666666666666 0.9114583333333334
vt 0.5833333333333334 0.9114583333333334
vt 0.625 0.9114583333333334
vt 0.6666666666666666 0.9114583333333334
vt 0.7083333333333334 0.9114583333333334
vt 0.75 0.9114583333333334
vt 0.7916666666666666 0.9114583333333334
vt 0.8333333333333334 0.9114583333333334
vt 0.875 0.9114583333333334
vt 0.9166666666666666 0.9114583333333334
vt 0.9583333333333334 0.9114583333333334
vt 1 0.9114583333333334
vt 0 0.9166666666666666
vt 0.041666666666666664 0.9166666666666666
vt 0.08333333333333333 0.9166666666666666
vt 0.125 0.9166666666666666
vt 0.16666666666666666 0.9166666666666666
vt 0.20833333333333334 0.9166666666666666
vt 0.25 0.9166666666666666
vt 0.2916666666666667 0.9166666666666666
vt 0.3333333333333333 0.9166666666666666
vt 0.375 0.9166666666666666
vt 0.4166666666666667 0.9166666666666666
vt 0.4583333333333333 0.9166666666666666
vt 0.5 0.9166666666666666
vt 0.5416666666666666 0.9166666666666666
vt 0.5833333333333334 0.9166666666666666
vt 0.625 0.9166666666666666
vt 0.6666666666666666 0.9166666666666666
vt 0.7083333333333334 0.9166666666666666
vt 0.75 0.9166666666666666
vt 0.7916666666666666 0.9166666666666666
vt 0.8333333333333334 0.9166666666666666
vt 0.875 0.9166666666666666
vt 0.9166666666666666 0.9166666666666666
vt 0.9583333333333334 0.9166666666666666
vt 1 0.9166666666666666
vt 0 0.921875
vt 0.041666666666666664 0.921875
vt 0.08333333333333333 0.921875
vt 0.125 0.921875
vt 0.16666666666666666 0.921875
vt 0.20833333333333334 0.921875
vt 0.25 0.921875
vt 0.2916666666666667 0.921875
vt 0.3333333333333333 0.921875
vt 0.375 0.921875
vt 0.4166666666666667 0.921875
vt 0.4583333333333333 0.921875
vt 0.5 0.921875
vt 0.5416666666666666 0.921875
vt 0.5833333333333334 0.921875
vt 0.625 0.921875
vt 0.6666666666666666 0.921875
vt 0.7083333333333334 0.921875
vt 0.75 0.921875
vt 0.7916666666666666 0.921875
vt 0.8333333333333334 0.921875
vt 0.875 0.921875
vt 0.9166666666666666 0.921875
vt 0.9583333333333334 0.921875
vt 1 0.921875
vt 0 0.9270833333333334
vt 0.041666666666666664 0.9270833333333334
vt 0.08333333333333333 0.9270833333333334
vt 0.125 0.9270833333333334
vt 0.16666666666666666 0.9270833333333334
vt 0.20833333333333334 0.9270833333333334
vt 0.25 0.9270833333333334
vt 0.2916666666666667 0.9270833333333334
vt 0.3333333333333333 0.9270833333333334
vt 0.375 0.9270833333333334
vt 0.4166666666666667 0.9270833333333334
vt 0.4583333333333333 0.9270833333333334
vt 0.5 0.9270833333333334
vt 0.5416666666666666 0.9270833333333334
vt 0.5833333333333334 0.9270833333333334
vt 0.625 0.9270833333333334
vt 0.6666666666666666 0.9270833333333334
vt 0.7083333333333334 0.9270833333333334
vt 0.75 0.9270833333333334
vt 0.7916666666666666 0.9270833333333334
vt 0.8333333333333334 0.9270833333333334
vt 0.875 0.9270833333333334
vt 0.9166666666666666 0.9270833333333334
vt 0.9583333333333334 0.9270833333333334
vt 1 0.9270833333333334
vt 0 0.9322916666666666
vt 0.041666666666666664 0.9322916666666666
vt 0.08333333333333333 0.9322916666666666
vt 0.125 0.9322916666666666
vt 0.16666666666666666 0.9322916666666666
vt 0.20833333333333334 0.9322916666666666
vt 0.25 0.9322916666666666
vt 0.2916666666666667 0.9322916666666666
vt 0.3333333333333333 0.9322916666666666
vt 0.375 0.9322916666666666
vt 0.4166666666666667 0.9322916666666666
vt 0.4583333333333333 0.9322916666666666
vt 0.5 0.9322916666666666
vt 0.5416666666666666 0.9322916666666666
vt 0.5833333333333334 0.9322916666666666
vt 0.625 0.9322916666666666
vt 0.6666666666666666 0.9322916666666666
vt 0.7083333333333334 0.9322916666666666
vt 0.75 0.9322916666666666
vt 0.7916666666666666 0.9322916666666666
vt 0.8333333333333334 0.9322916666666666
vt 0.875 0.9322916666666666
vt 0.9166666666666666 0.9322916666666666
vt 0.9583333333333334 0.9322916666666666
vt 1 0.9322916666666666
vt 0 0.9375
vt 0.041666666666666664 0.9375
vt 0.08333333333333333 0.9375
vt 0.125 0.9375
vt 0.16666666666666666 0.9375
vt 0.20833333333333334 0.9375
vt 0.25 0.9375
vt 0.2916666666666667 0.9375
vt 0.3333333333333333 0.9375
vt 0.375 0.9375
vt 0.4166666666666667 0.9375
vt 0.4583333333333333 0.9375
vt 0.5 0.9375
vt 0.5416666666666666 0.9375
vt 0.5833333333333334 0.9375
vt 0.625 0.9375
vt 0.6666666666666666 0.9375
vt 0.7083333333333334 0.9375
vt 0.75 0.9375
vt 0.7916666666666666 0.9375
vt 0.8333333333333334 0.9375
vt 0.875 0.9375
vt 0.9166666666666666 0.9375
vt 0.9583333333333334 0.9375
vt 1 0.9375
vt 0 0.9427083333333334
vt 0.041666666666666664 0.9427083333333334
vt 0.08333333333333333 0.9427083333333334
vt 0.125 0.9427083333333334
vt 0.16666666666666666 0.9427083333333334
vt 0.20833333333333334 0.9427083333333334
vt 0.25 0.9427083333333334
vt 0.2916666666666667 0.9427083333333334
vt 0.3333333333333333 0.9427083333333334
vt 0.375 0.9427083333333334
vt 0.4166666666666667 0.9427083333333334
vt 0.4583333333333333 0.9427083333333334
vt 0.5 0.9427083333333334
vt 0.5416666666666666 0.9427083333333334
vt 0.5833333333333334 0.9427083333333334
vt 0.625 0.9427083333333334
vt 0.6666666666666666 0.9427083333333334
vt 0.7083333333333334 0.9427083333333334
vt 0.75 0.9427083333333334
vt 0.7916666666666666 0.9427083333333334
vt 0.8333333333333334 0.9427083333333334
vt 0.875 0.9427083333333334
vt 0.9166666666666666 0.9427083333333334
vt 0.9583333333333334 0.9427083333333334
vt 1 0.9427083333333334
vt 0 0.9479166666666666
vt 0.041666666666666664 0.9479166666666666
vt 0.08333333333333333 0.9479166666666666
vt 0.125 0.9479166666666666
vt 0.16666666666666666 0.9479166666666666
vt 0.20833333333333334 0.9479166666666666
vt 0.25 0.9479166666666666
vt 0.2916666666666667 0.9479166666666666
vt 0.3333333333333333 0.9479166666666666
vt 0.375 0.9479166666666666
vt 0.4166666666666667 0.9479166666666666
vt 0.4583333333333333 0.9479166666666666
vt 0.5 0.9479166666666666
vt 0.5416666666666666 0.9479166666666666
vt 0.5833333333333334 0.9479166666666666
vt 0.625 0.9479166666666666
vt 0.6666666666666666 0.9479166666666666
vt 0.7083333333333334 0.9479166666666666
vt 0.75 0.9479166666666666
vt 0.7916666666666666 0.9479166666666666
vt 0.8333333333333334 0.9479166666666666
vt 0.875 0.9479166666666666
vt 0.9166666666666666 0.9479166666666666
vt 0.9583333333333334 0.9479166666666666
vt 1 0.9479166666666666
vt 0 0.953125
vt 0.041666666666666664 0.953125
vt 0.08333333333333333 0.953125
vt 0.125 0.953125
vt 0.16666666666666666 0.953125
vt 0.20833333333333334 0.953125
vt 0.25 0.953125
vt 0.2916666666666667 0.953125
vt 0.3333333333333333 0.953125
vt 0.375 0.953125
vt 0.4166666666666667 0.953125
vt 0.4583333333333333 0.953125
vt 0.5 0.953125
vt 0.5416666666666666 0.953125
vt 0.5833333333333334 0.953125
vt 0.625 0.953125
vt 0.6666666666666666 0.953125
vt 0.7083333333333334 0.953125
vt 0.75 0.953125
vt 0.7916666666666666 0.953125
vt 0.8333333333333334 0.953125
vt 0.875 0.953125
vt 0.9166666666666666 0.953125
vt 0.9583333333333334 0.953125
vt 1 0.953125
vt 0 0.9583333333333334
vt 0.041666666666666664 0.9583333333333334
vt 0.08333333333333333 0.9583333333333334
vt 0.125 0.9583333333333334
vt 0.16666666666666666 0.9583333333333334
vt 0.20833333333333334 0.9583333333333334
vt 0.25 0.9583333333333334
vt 0.2916666666666667 0.9583333333333334
vt 0.3333333333333333 0.9583333333333334
vt 0.375 0.9583333333333334
vt 0.4166666666666667 0.9583333333333334
vt 0.4583333333333333 0.9583333333333334
vt 0.5 0.9583333333333334
vt 0.5416666666666666 0.9583333333333334
vt 0.5833333333333334 0.9583333333333334
vt 0.625 0.9583333333333334
vt 0.6666666666666666 0.9583333333333334
vt 0.7083333333333334 0.9583333333333334
vt 0.75 0.9583333333333334
vt 0.7916666666666666 0.9583333333333334
vt 0.8333333333333334 0.9583333333333334
vt 0.875 0.9583333333333334
vt 0.9166666666666666 0.9583333333333334
vt 0.9583333333333334 0.9583333333333334
vt 1 0.9583333333333334
vt 0 0.9635416666666666
vt 0.041666666666666664 0.9635416666666666
vt 0.08333333333333333 0.9635416666666666
vt 0.125 0.9635416666666666
vt 0.16666666666666666 0.9635416666666666
vt 0.20833333333333334 0.9635416666666666
vt 0.25 0.9635416666666666
vt 0.2916666666666667 0.9635416666666666
vt 0.3333333333333333 0.9635416666666666
vt 0.375 0.9635416666666666
vt 0.4166666666666667 0.9635416666666666
vt 0.4583333333333333 0.9635416666666666
vt 0.5 0.9635416666666666
vt 0.5416666666666666 0.9635416666666666
vt 0.5833333333333334 0.9635416666666666
vt 0.625 0.9635416666666666
vt 0.6666666666666666 0.9635416666666666
vt 0.7083333333333334 0.9635416666666666
vt 0.75 0.9635416666666666
vt 0.7916666666666666 0.9635416666666666
vt 0.8333333333333334 0.9635416666666666
vt 0.875 0.9635416666666666
vt 0.9166666666666666 0.9635416666666666
vt 0.9583333333333334 0.9635416666666666
vt 1 0.9635416666666666
vt 0 0.96875
vt 0.041666666666666664 0.96875
vt 0.08333333333333333 0.96875
vt 0.125 0.96875
vt 0.16666666666666666 0.96875
vt 0.20833333333333334 0.96875
vt 0.25 0.96875
vt 0.2916666666666667 0.96875
vt 0.3333333333333333 0.96875
vt 0.375 0.96875
vt 0.4166666666666667 0.96875
vt 0.4583333333333333 0.96875
vt 0.5 0.96875
vt 0.5416666666666666 0.96875
vt 0.5833333333333334 0.96875
vt 0.625 0.96875
vt 0.6666666666666666 0.96875
vt 0.7083333333333334 0.96875
vt 0.75 0.96875
vt 0.7916666666666666 0.96875
vt 0.8333333333333334 0.96875
vt 0.875 0.96875
vt 0.9166666666666666 0.96875
vt 0.9583333333333334 0.96875
vt 1 0.96875
vt 0 0.9739583333333334
vt 0.041666666666666664 0.9739583333333334
vt 0.08333333333333333 0.9739583333333334
vt 0.125 0.9739583333333334
vt 0.16666666666666666 0.9739583333333334
vt 0.20833333333333334 0.9739583333333334
vt 0.25 0.9739583333333334
vt 0.2916666666666667 0.9739583333333334
vt 0.3333333333333333 0.9739583333333334
vt 0.375 0.9739583333333334
vt 0.4166666666666667 0.9739583333333334
vt 0.4583333333333333 0.9739583333333334
vt 0.5 0.9739583333333334
vt 0.5416666666666666 0.9739583333333334
vt 0.5833333333333334 0.9739583333333334
vt 0.625 0.9739583333333334
vt 0.6666666666666666 0.9739583333333334
vt 0.7083333333333334 0.9739583333333334
vt 0.75 0.9739583333333334
vt 0.7916666666666666 0.9739583333333334
vt 0.8333333333333334 0.9739583333333334
vt 0.875 0.9739583333333334
vt 0.9166666666666666 0.9739583333333334
vt 0.9583333333333334 0.9739583333333334
vt 1 0.9739583333333334
vt 0 0.9791666666666666
vt 0.041666666666666664 0.9791666666666666
vt 0.08333333333333333 0.9791666666666666
vt 0.125 0.9791666666666666
vt 0.16666666666666666 0.9791666666666666
vt 0.20833333333333334 0.9791666666666666
vt 0.25 0.9791666666666666
vt 0.2916666666666667 0.9791666666666666
vt 0.3333333333333333 0.9791666666666666
vt 0.375 0.9791666666666666
vt 0.4166666666666667 0.9791666666666666
vt 0.4583333333333333 0.9791666666666666
vt 0.5 0.9791666666666666
vt 0.5416666666666666 0.9791666666666666
vt 0.5833333333333334 0.9791666666666666
vt 0.625 0.9791666666666666
vt 0.6666666666666666 0.9791666666666666
vt 0.7083333333333334 0.9791666666666666
vt 0.75 0.9791666666666666
vt 0.7916666666666666 0.9791666666666666
vt 0.8333333333333334 0.9791666666666666
vt 0.875 0.9791666666666666
vt 0.9166666666666666 0.9791666666666666
vt 0.9583333333333334 0.9791666666666666
vt 1 0.9791666666666666
vt 0 0.984375
vt 0.041666666666666664 0.984375
vt 0.08333333333333333 0.984375
vt 0.125 0.984375
vt 0.16666666666666666 0.984375
vt 0.20833333333333334 0.984375
vt 0.25 0.984375
vt 0.2916666666666667 0.984375
vt 0.3333333333333333 0.984375
vt 0.375 0.984375
vt 0.4166666666666667 0.984375
vt 0.4583333333333333 0.984375
vt 0.5 0.984375
vt 0.5416666666666666 0.984375
vt 0.5833333333333334 0.984375
vt 0.625 0.984375
vt 0.6666666666666666 0.984375
vt 0.7083333333333334 0.984375
vt 0.75 0.984375
vt 0.7916666666666666 0.984375
vt 0.8333333333333334 0.984375
vt 0.875 0.984375
vt 0.9166666666666666 0.984375
vt 0.9583333333333334 0.984375
vt 1 0.984375
vt 0 0.9895833333333334
vt 0.041666666666666664 0.9895833333333334
vt 0.08333333333333333 0.9895833333333334
vt 0.125 0.9895833333333334
vt 0.16666666666666666 0.9895833333333334
vt 0.20833333333333334 0.9895833333333334
vt 0.25 0.9895833333333334
vt 0.2916666666666667 0.9895833333333334
vt 0.3333333333333333 0.9895833333333334
vt 0.375 0.9895833333333334
vt 0.4166666666666667 0.9895833333333334
vt 0.4583333333333333 0.9895833333333334
vt 0.5 0.9895833333333334
vt 0.5416666666666666 0.9895833333333334
vt 0.5833333333333334 0.9895833333333334
vt 0.625 0.9895833333333334
vt 0.6666666666666666 0.9895833333333334
vt 0.7083333333333334 0.9895833333333334
vt 0.75 0.9895833333333334
vt 0.7916666666666666 0.9895833333333334
vt 0.8333333333333334 0.9895833333333334
vt 0.875 0.9895833333333334
vt 0.9166666666666666 0.9895833333333334
vt 0.9583333333333334 0.9895833333333334
vt 1 0.9895833333333334
vt 0 0.9947916666666666
vt 0.041666666666666664 0.9947916666666666
vt 0.08333333333333333 0.9947916666666666
vt 0.125 0.9947916666666666
vt 0.16666666666666666 0.9947916666666666
vt 0.20833333333333334 0.9947916666666666
vt 0.25 0.9947916666666666
vt 0.2916666666666667 0.9947916666666666
vt 0.3333333333333333 0.9947916666666666
vt 0.375 0.9947916666666666
vt 0.4166666666666667 0.9947916666666666
vt 0.4583333333333333 0.9947916666666666
vt 0.5 0.9947916666666666
vt 0.5416666666666666 0.9947916666666666
vt 0.5833333333333334 0.9947916666666666
vt 0.625 0.9947916666666666
vt 0.6666666666666666 0.9947916666666666
vt 0.7083333333333334 0.9947916666666666
vt 0.75 0.9947916666666666
vt 0.7916666666666666 0.9947916666666666
vt 0.8333333333333334 0.9947916666666666
vt 0.875 0.9947916666666666
vt 0.9166666666666666 0.9947916666666666
vt 0.9583333333333334 0.9947916666666666
vt 1 0.9947916666666666
vt 0 1
vt 0.041666666666666664 1
vt 0.08333333333333333 1
vt 0.125 1
vt 0.16666666666666666 1
vt 0.20833333333333334 1
vt 0.25 1
vt 0.2916666666666667 1
vt 0.3333333333333333 1
vt 0.375 1
vt 0.4166666666666667 1
vt 0.4583333333333333 1
vt 0.5 1
vt 0.5416666666666666 1
vt 0.5833333333333334 1
vt 0.625 1
vt 0.6666666666666666 1
vt 0.7083333333333334 1
vt 0.75 1
vt 0.7916666666666666 1
vt 0.8333333333333334 1
vt 0.875 1
vt 0.9166666666666666 1
vt 0.9583333333333334 1
vt 1 1
f 1/1 25/2 26/3
f 1/1 26/3 2/4
f 2/4 26/3 27/5
f 2/4 27/5 3/6
f 3/6 27/5 28/7
f 3/6 28/7 4/8
f 4/8 28/7 29/9
f 4/8 29/9 5/10
f 5/10 29/9 30/11
f 5/10 30/11 6/12
f 6/12 30/11 31/13
f 6/12 31/13 7/14
f 7/14 31/13 32/15
f 7/14 32/15 8/16
f 8/16 32/15 33/17
f 8/16 33/17 9/18
f 9/18 33/17 34/19
f 9/18 34/19 10/20
f 10/20 34/19 35/21
f 10/20 35/21 11/22
f 11/22 35/21 36/23
f 11/22 36/23 12/24
f 12/24 36/23 37/25
f 12/24 37/25 13/26
f 13/26 37/25 38/27
f 13/26 38/27 14/28
f 14/28 38/27 39/29
f 14/28 39/29 15/30
f 15/30 39/29 40/31
f 15/30 40/31 16/32
f 16/32 40/31 41/33
f 16/32 41/33 17/34
f 17/34 41/33 42/35
f 17/34 42/35 18/36
f 18/36 42/35 43/37
f 18/36 43/37 19/38
f 19/38 43/37 44/39
f 19/38 44/39 20/40
f 20/40 44/39 45/41
f 20/40 45/41 21/42
f 21/42 45/41 46/43
f 21/42 46/43 22/44
f 22/44 46/43 47/45
f 22/44 47/45 23/46
f 23/46 47/45 48/47
f 23/46 48/47 24/48
f 24/48 48/47 25/49
f 24/48 25/49 1/50
f 25/2 49/51 50/52
f 25/2 50/52 26/3
f 26/3 50/52 51/53
f 26/3 51/53 27/5
f 27/5 51/53 52/54
f 27/5 52/54 28/7
f 28/7 52/54 53/55
f 28/7 53/55 29/9
f 29/9 53/55 54/56
f 29/9 54/56 30/11
f 30/11 54/56 55/57
f 30/11 55/57 31/13
f 31/13 55/57 56/58
f 31/13 56/58 32/15
f 32/15 56/58 57/59
f 32/15 57/59 33/17
f 33/17 57/59 58/60
f 33/17 58/60 34/19
f 34/19 58/60 59/61
f 34/19 59/61 35/21
f 35/21 59/61 60/62
f 35/21 60/62 36/23
f 36/23 60/62 61/63
f 36/23 61/63 37/25
f 37/25 61/63 62/64
f 37/25 62/64 38/27
f 38/27 62/64 63/65
f 38/27 63/65 39/29
f 39/29 63/65 64/66
f 39/29 64/66 40/31
f 40/31 64/66 65/67
f 40/31 65/67 41/33
f 41/33 65/67 66/68
f 41/33 66/68 42/35
f 42/35 66/68 67/69
f 42/35 67/69 43/37
f 43/37 67/69 68/70
f 43/37 68/70 44/39
f 44/39 68/70 69/71
f 44/39 69/71 45/41
f 45/41 69/71 70/72
f 45/41 70/72 46/43
f 46/43 70/72 71/73
f 46/43 71/73 47/45
f 47/45 71/73 72/74
f 47/45 72/74 48/47
f 48/47 72/74 49/75
f 48/47 49/75 25/49
f 49/51 73/76 74/77
f 49/51 74/77 50/52
f 50/52 74/77 75/78
f 50/52 75/78 51/53
f 51/53 75/78 76/79
f 51/53 76/79 52/54
f 52/54 76/79 77/80
f 52/54 77/80 53/55
f 53/55 77/80 78/81
f 53/55 78/81 54/56
f 54/56 78/81 79/82
f 54/56 79/82 55/57
f 55/57 79/82 80/83
f 55/57 80/83 56/58
f 56/58 80/83 81/84
f 56/58 81/84 57/59
f 57/59 81/84 82/85
f 57/59 82/85 58/60
f 58/60 82/85 83/86
f 58/60 83/86 59/61
f 59/61 83/86 84/87
f 59/61 84/87 60/62
f 60/62 84/87 85/88
f 60/62 85/88 61/63
f 61/63 85/88 86/89
f 61/63 86/89 62/64
f 62/64 86/89 87/90
f 62/64 87/90 63/65
f 63/65 87/90 88/91
f 63/65 88/91 64/66
f 64/66 88/91 89/92
f 64/66 89/92 65/67
f 65/67 89/92 90/93
f 65/67 90/93 66/68
f 66/68 90/93 91/94
f 66/68 91/94 67/69
f 67/69 91/94 92/95
f 67/69 92/95 68/70
f 68/70 92/95 93/96
f 68/70 93/96 69/71
f 69/71 93/96 94/97
f 69/71 94/97 70/72
f 70/72 94/97 95/98
f 70/72 95/98 71/73
f 71/73 95/98 96/99
f 71/73 96/99 72/74
f 72/74 96/99 73/100
f 72/74 73/100 49/75
f 73/76 97/101 98/102
f 73/76 98/102 74/77
f 74/77 98/102 99/103
f 74/77 99/103 75/78
f 75/78 99/103 100/104
f 75/78 100/104 76/79
f 76/79 100/104 101/105
f 76/79 101/105 77/80
f 77/80 101/105 102/106
f 77/80 102/106 78/81
f 78/81 102/106 103/107
f 78/81 103/107 79/82
f 79/82 103/107 104/108
f 79/82 104/108 80/83
f 80/83 104/108 105/109
f 80/83 105/109 81/84
f 81/84 105/109 106/110
f 81/84 106/110 82/85
f 82/85 106/110 107/111
f 82/85 107/111 83/86
f 83/86 107/111 108/112
f 83/86 108/112 84/87
f 84/87 108/112 109/113
f 84/87 109/113 85/88
f 85/88 109/113 110/114
f 85/88 110/114 86/89
f 86/89 110/114 111/115
f 86/89 111/115 87/90
f 87/90 111/115 112/116
f 87/90 112/116 88/91
f 88/91 112/116 113/117
f 88/91 113/117 89/92
f 89/92 113/117 114/118
f 89/92 114/118 90/93
f 90/93 114/118 115/119
f 90/93 115/119 91/94
f 91/94 115/119 116/120
f 91/94 116/120 92/95
f 92/95 116/120 117/121
f 92/95 117/121 93/96
f 93/96 117/121 118/122
f 93/96 118/122 94/97
f 94/97 118/122 119/123
f 94/97 119/123 95/98
f 95/98 119/123 120/124
f 95/98 120/124 96/99
f 96/99 120/124 97/125
f 96/99 97/125 73/100
f 97/101 121/126 122/127
f 97/101 122/127 98/102
f 98/102 122/127 123/128
f 98/102 123/128 99/103
f 99/103 123/128 124/129
f 99/103 124/129 100/104
f 100/104 124/129 125/130
f 100/104 125/130 101/105
f 101/105 125/130 126/131
f 101/105 126/131 102/106
f 102/106 126/131 127/132
f 102/106 127/132 103/107
f 103/107 127/132 128/133
f 103/107 128/133 104/108
f 104/108 128/133 129/134
f 104/108 129/134 105/109
f 105/109 129/134 130/135
f 105/109 130/135 106/110
f 106/110 130/135 131/136
f 106/110 131/136 107/111
f 107/111 131/136 132/137
f 107/111 132/137 108/112
f 108/112 132/137 133/138
f 108/112 133/138 109/113
f 109/113 133/138 134/139
f 109/113 134/139 110/114
f 110/114 134/139 135/140
f 110/114 135/140 111/115
f 111/115 135/140 136/141
f 111/115 136/141 112/116
f 112/116 136/141 137/142
f 112/116 137/142 113/117
f 113/117 137/142 138/143
f 113/117 138/143 114/118
f 114/118 138/143 139/144
f 114/118 139/144 115/119
f 115/119 139/144 140/145
f 115/119 140/145 116/120
f 116/120 140/145 141/146
f 116/120 141/146 117/121
f 117/121 141/146 142/147
f 117/121 142/147 118/122
f 118/122 142/147 143/148
f 118/122 143/148 119/123
f 119/123 143/148 144/149
f 119/123 144/149 120/124
f 120/124 144/149 121/150
f 120/124 121/150 97/125
f 121/126 145/151 146/152
f 121/126 146/152 122/127
f 122/127 146/152 147/153
f 122/127 147/153 123/128
f 123/128 147/153 148/154
f 123/128 148/154 124/129
f 124/129 148/154 149/155
f 124/129 149/155 125/130
f 125/130 149/155 150/156
f 125/130 150/156 126/131
f 126/131 150/156 151/157
f 126/131 151/157 127/132
f 127/132 151/157 152/158
f 127/132 152/158 128/133
f 128/133 152/158 153/159
f 128/133 153/159 129/134
f 129/134 153/159 154/160
f 129/134 154/160 130/135
f 130/135 154/160 155/161
f 130/135 155/161 131/136
f 131/136 155/161 156/162
f 131/136 156/162 132/137
f 132/137 156/162 157/163
f 132/137 157/163 133/138
f 133/138 157/163 158/164
f 133/138 158/164 134/139
f 134/139 158/164 159/165
f 134/139 159/165 135/140
f 135/140 159/165 160/166
f 135/140 160/166 136/141
f 136/141 160/166 161/167
f 136/141 161/167 137/142
f 137/142 161/167 162/168
f 137/142 162/168 138/143
f 138/143 162/168 163/169
f 138/143 163/169 139/144
f 139/144 163/169 164/170
f 139/144 164/170 140/145
f 140/145 164/170 165/171
f 140/145 165/171 141/146
f 141/146 165/171 166/172
f 141/146 166/172 142/147
f 142/147 166/172 167/173
f 142/147 167/173 143/148
f 143/148 167/173 168/174
f 143/148 168/174 144/149
f 144/149 168/174 145/175
f 144/149 145/175 121/150
f 145/151 169/176 170/177
f 145/151 170/177 146/152
f 146/152 170/177 171/178
f 146/152 171/178 147/153
f 147/153 171/178 172/179
f 147/153 172/179 148/154
f 148/154 172/179 173/180
f 148/154 173/180 149/155
f 149/155 173/180 174/181
f 149/155 174/181 150/156
f 150/156 174/181 175/182
f 150/156 175/182 151/157
f 151/157 175/182 176/183
f 151/157 176/183 152/158
f 152/158 176/183 177/184
f 152/158 177/184 153/159
f 153/159 177/184 178/185
f 153/159 178/185 154/160
f 154/160 178/185 179/186
f 154/160 179/186 155/161
f 155/161 179/186 180/187
f 155/161 180/187 156/162
f 156/162 180/187 181/188
f 156/162 181/188 157/163
f 157/163 181/188 182/189
f 157/163 182/189 158/164
f 158/164 182/189 183/190
f 158/164 183/190 159/165
f 159/165 183/190 184/191
f 159/165 184/191 160/166
f 160/166 184/191 185/192
f 160/166 185/192 161/167
f 161/167 185/192 186/193
f 161/167 186/193 162/168
f 162/168 186/193 187/194
f 162/168 187/194 163/169
f 163/169 187/194 188/195
f 163/169 188/195 164/170
f 164/170 188/195 189/196
f 164/170 189/196 165/171
f 165/171 189/196 190/197
f 165/171 190/197 166/172
f 166/172 190/197 191/198
f 166/172 191/198 167/173
f 167/173 191/198 192/199
f 167/173 192/199 168/174
f 168/174 192/199 169/200
f 168/174 169/200 145/175
f 169/176 193/201 194/202
f 169/176 194/202 170/177
f 170/177 194/202 195/203
f 170/177 195/203 171/178
f 171/178 195/203 196/204
f 171/178 196/204 172/179
f 172/179 196/204 197/205
f 172/179 197/205 173/180
f 173/180 197/205 198/206
f 173/180 198/206 174/181
f 174/181 198/206 199/207
f 174/181 199/207 175/182
f 175/182 199/207 200/208
f 175/182 200/208 176/183
f 176/183 200/208 201/209
f 176/183 201/209 177/184
f 177/184 201/209 202/210
f 177/184 202/210 178/185
f 178/185 202/210 203/211
f 178/185 203/211 179/186
f 179/186 203/211 204/212
f 179/186 204/212 180/187
f 180/187 204/212 205/213
f 180/187 205/213 181/188
f 181/188 205/213 206/214
f 181/188 206/214 182/189
f 182/189 206/214 207/215
f 182/189 207/215 183/190
f 183/190 207/215 208/216
f 183/190 208/216 184/191
f 184/191 208/216 209/217
f 184/191 209/217 185/192
f 185/192 209/217 210/218
f 185/192 210/218 186/193
f 186/193 210/218 211/219
f 186/193 211/219 187/194
f 187/194 211/219 212/220
f 187/194 212/220 188/195
f 188/195 212/220 213/221
f 188/195 213/221 189/196
f 189/196 213/221 214/222
f 189/196 214/222 190/197
f 190/197 214/222 215/223
f 190/197 215/223 191/198
f 191/198 215/223 216/224
f 191/198 216/224 192/199
f 192/199 216/224 193/225
f 192/199 193/225 169/200
f 193/201 217/226 218/227
f 193/201 218/227 194/202
f 194/202 218/227 219/228
f 194/202 219/228 195/203
f 195/203 219/228 220/229
f 195/203 220/229 196/204
f 196/204 220/229 221/230
f 196/204 221/230 197/205
f 197/205 221/230 222/231
f 197/205 222/231 198/206
f 198/206 222/231 223/232
f 198/206 223/232 199/207
f 199/207 223/232 224/233
f 199/207 224/233 200/208
f 200/208 224/233 225/234
f 200/208 225/234 201/209
f 201/209 225/234 226/235
f 201/209 226/235 202/210
f 202/210 226/235 227/236
f 202/210 227/236 203/211
f 203/211 227/236 228/237
f 203/211 228/237 204/212
f 204/212 228/237 229/238
f 204/212 229/238 205/213
f 205/213 229/238 230/239
f 205/213 230/239 206/214
f 206/214 230/239 231/240
f 206/214 231/240 207/215
f 207/215 231/240 232/241
f 207/215 232/241 208/216
f 208/216 232/241 233/242
f 208/216 233/242 209/217
f 209/217 233/242 234/243
f 209/217 234/243 210/218
f 210/218 234/243 235/244
f 210/218 235/244 211/219
f 211/219 235/244 236/245
f 211/219 236/245 212/220
f 212/220 236/245 237/246
f 212/220 237/246 213/221
f 213/221 237/246 238/247
f 213/221 238/247 214/222
f 214/222 238/247 239/248
f 214/222 239/248 215/223
f 215/223 239/248 240/249
f 215/223 240/249 216/224
f 216/224 240/249 217/250
f 216/224 217/250 193/225
f 217/226 241/251 242/252
f 217/226 242/252 218/227
f 218/227 242/252 243/253
f 218/227 243/253 219/228
f 219/228 243/253 244/254
f 219/228 244/254 220/229
f 220/229 244/254 245/255
f 220/229 245/255 221/230
f 221/230 245/255 246/256
f 221/230 246/256 222/231
f 222/231 246/256 247/257
f 222/231 247/257 223/232
f 223/232 247/257 248/258
f 223/232 248/258 224/233
f 224/233 248/258 249/259
f 224/233 249/259 225/234
f 225/234 249/259 250/260
f 225/234 250/260 226/235
f 226/235 250/260 251/261
f 226/235 251/261 227/236
f 227/236 251/261 252/262
f 227/236 252/262 228/237
f 228/237 252/262 253/263
f 228/237 253/263 229/238
f 229/238 253/263 254/264
f 229/238 254/264 230/239
f 230/239 254/264 255/265
f 230/239 255/265 231/240
f 231/240 255/265 256/266
f 231/240 256/266 232/241
f 232/241 256/266 257/267
f 232/241 257/267 233/242
f 233/242 257/267 258/268
f 233/242 258/268 234/243
f 234/243 258/268 259/269
f 234/243 259/269 235/244
f 235/244 259/269 260/270
f 235/244 260/270 236/245
f 236/245 260/270 261/271
f 236/245 261/271 237/246
f 237/246 261/271 262/272
f 237/246 262/272 238/247
f 238/247 262/272 263/273
f 238/247 263/273 239/248
f 239/248 263/273 264/274
f 239/248 264/274 240/249
f 240/249 264/274 241/275
f 240/249 241/275 217/250
f 241/251 265/276 266/277
f 241/251 266/277 242/252
f 242/252 266/277 267/278
f 242/252 267/278 243/253
f 243/253 267/278 268/279
f 243/253 268/279 244/254
f 244/254 268/279 269/280
f 244/254 269/280 245/255
f 245/255 269/280 270/281
f 245/255 270/281 246/256
f 246/256 270/281 271/282
f 246/256 271/282 247/257
f 247/257 271/282 272/283
f 247/257 272/283 248/258
f 248/258 272/283 273/284
f 248/258 273/284 249/259
f 249/259 273/284 274/285
f 249/259 274/285 250/260
f 250/260 274/285 275/286
f 250/260 275/286 251/261
f 251/261 275/286 276/287
f 251/261 276/287 252/262
f 252/262 276/287 277/288
f 252/262 277/288 253/263
f 253/263 277/288 278/289
f 253/263 278/289 254/264
f 254/264 278/289 279/290
f 254/264 279/290 255/265
f 255/265 279/290 280/291
f 255/265 280/291 256/266
f 256/266 280/291 281/292
f 256/266 281/292 257/267
f 257/267 281/292 282/293
f 257/267 282/293 258/268
f 258/268 282/293 283/294
f 258/268 283/294 259/269
f 259/269 283/294 284/295
f 259/269 284/295 260/270
f 260/270 284/295 285/296
f 260/270 285/296 261/271
f 261/271 285/296 286/297
f 261/271 286/297 262/272
f 262/272 286/297 287/298
f 262/272 287/298 263/273
f 263/273 287/298 288/299
f 263/273 288/299 264/274
f 264/274 288/299 265/300
f 264/274 265/300 241/275
f 265/276 289/301 290/302
f 265/276 290/302 266/277
f 266/277 290/302 291/303
f 266/277 291/303 267/278
f 267/278 291/303 292/304
f 267/278 292/304 268/279
f 268/279 292/304 293/305
f 268/279 293/305 269/280
f 269/280 293/305 294/306
f 269/280 294/306 270/281
f 270/281 294/306 295/307
f 270/281 295/307 271/282
f 271/282 295/307 296/308
f 271/282 296/308 272/283
f 272/283 296/308 297/309
f 272/283 297/309 273/284
f 273/284 297/309 298/310
f 273/284 298/310 274/285
f 274/285 298/310 299/311
f 274/285 299/311 275/286
f 275/286 299/311 300/312
f 275/286 300/312 276/287
f 276/287 300/312 301/313
f 276/287 301/313 277/288
f 277/288 301/313 302/314
f 277/288 302/314 278/289
f 278/289 302/314 303/315
f 278/289 303/315 279/290
f 279/290 303/315 304/316
f 279/290 304/316 280/291
f 280/291 304/316 305/317
f 280/291 305/317 281/292
f 281/292 305/317 306/318
f 281/292 306/318 282/293
f 282/293 306/318 307/319
f 282/293 307/319 283/294
f 283/294 307/319 308/320
f 283/294 308/320 284/295
f 284/295 308/320 309/321
f 284/295 309/321 285/296
f 285/296 309/321 310/322
f 285/296 310/322 286/297
f 286/297 310/322 311/323
f 286/297 311/323 287/298
f 287/298 311/323 312/324
f 287/298 312/324 288/299
f 288/299 312/324 289/325
f 288/299 289/325 265/300
f 289/301 313/326 314/327
f 289/301 314/327 290/302
f 290/302 314/327 315/328
f 290/302 315/328 291/303
f 291/303 315/328 316/329
f 291/303 316/329 292/304
f 292/304 316/329 317/330
f 292/304 317/330 293/305
f 293/305 317/330 318/331
f 293/305 318/331 294/306
f 294/306 318/331 319/332
f 294/306 319/332 295/307
f 295/307 319/332 320/333
f 295/307 320/333 296/308
f 296/308 320/333 321/334
f 296/308 321/334 297/309
f 297/309 321/334 322/335
f 297/309 322/335 298/310
f 298/310 322/335 323/336
f 298/310 323/336 299/311
f 299/311 323/336 324/337
f 299/311 324/337 300/312
f 300/312 324/337 325/338
f 300/312 325/338 301/313
f 301/313 325/338 326/339
f 301/313 326/339 302/314
f 302/314 326/339 327/340
f 302/314 327/340 303/315
f 303/315 327/340 328/341
f 303/315 328/341 304/316
f 304/316 328/341 329/342
f 304/316 329/342 305/317
f 305/317 329/342 330/343
f 305/317 330/343 306/318
f 306/318 330/343 331/344
f 306/318 331/344 307/319
f 307/319 331/344 332/345
f 307/319 332/345 308/320
f 308/320 332/345 333/346
f 308/320 333/346 309/321
f 309/321 333/346 334/347
f 309/321 334/347 310/322
f 310/322 334/347 335/348
f 310/322 335/348 311/323
f 311/323 335/348 336/349
f 311/323 336/349 312/324
f 312/324 336/349 313/350
f 312/324 313/350 289/325
f 313/326 337/351 338/352
f 313/326 338/352 314/327
f 314/327 338/352 339/353
f 314/327 339/353 315/328
f 315/328 339/353 340/354
f 315/328 340/354 316/329
f 316/329 340/354 341/355
f 316/329 341/355 317/330
f 317/330 341/355 342/356
f 317/330 342/356 318/331
f 318/331 342/356 343/357
f 318/331 343/357 319/332
f 319/332 343/357 344/358
f 319/332 344/358 320/333
f 320/333 344/358 345/359
f 320/333 345/359 321/334
f 321/334 345/359 346/360
f 321/334 346/360 322/335
f 322/335 346/360 347/361
f 322/335 347/361 323/336
f 323/336 347/361 348/362
f 323/336 348/362 324/337
f 324/337 348/362 349/363
f 324/337 349/363 325/338
f 325/338 349/363 350/364
f 325/338 350/364 326/339
f 326/339 350/364 351/365
f 326/339 351/365 327/340
f 327/340 351/365 352/366
f 327/340 352/366 328/341
f 328/341 352/366 353/367
f 328/341 353/367 329/342
f 329/342 353/367 354/368
f 329/342 354/368 330/343
f 330/343 354/368 355/369
f 330/343 355/369 331/344
f 331/344 355/369 356/370
f 331/344 356/370 332/345
f 332/345 356/370 357/371
f 332/345 357/371 333/346
f 333/346 357/371 358/372
f 333/346 358/372 334/347
f 334/347 358/372 359/373
f 334/347 359/373 335/348
f 335/348 359/373 360/374
f 335/348 360/374 336/349
f 336/349 360/374 337/375
f 336/349 337/375 313/350
f 337/351 361/376 362/377
f 337/351 362/377 338/352
f 338/352 362/377 363/378
f 338/352 363/378 339/353
f 339/353 363/378 364/379
f 339/353 364/379 340/354
f 340/354 364/379 365/380
f 340/354 365/380 341/355
f 341/355 365/380 366/381
f 341/355 366/381 342/356
f 342/356 366/381 367/382
f 342/356 367/382 343/357
f 343/357 367/382 368/383
f 343/357 368/383 344/358
f 344/358 368/383 369/384
f 344/358 369/384 345/359
f 345/359 369/384 370/385
f 345/359 370/385 346/360
f 346/360 370/385 371/386
f 346/360 371/386 347/361
f 347/361 371/386 372/387
f 347/361 372/387 348/362
f 348/362 372/387 373/388
f 348/362 373/388 349/363
f 349/363 373/388 374/389
f 349/363 374/389 350/364
f 350/364 374/389 375/390
f 350/364 375/390 351/365
f 351/365 375/390 376/391
f 351/365 376/391 352/366
f 352/366 376/391 377/392
f 352/366 377/392 353/367
f 353/367 377/392 378/393
f 353/367 378/393 354/368
f 354/368 378/393 379/394
f 354/368 379/394 355/369
f 355/369 379/394 380/395
f 355/369 380/395 356/370
f 356/370 380/395 381/396
f 356/370 381/396 357/371
f 357/371 381/396 382/397
f 357/371 382/397 358/372
f 358/372 382/397 383/398
f 358/372 383/398 359/373
f 359/373 383/398 384/399
f 359/373 384/399 360/374
f 360/374 384/399 361/400
f 360/374 361/400 337/375
f 361/376 385/401 386/402
f 361/376 386/402 362/377
f 362/377 386/402 387/403
f 362/377 387/403 363/378
f 363/378 387/403 388/404
f 363/378 388/404 364/379
f 364/379 388/404 389/405
f 364/379 389/405 365/380
f 365/380 389/405 390/406
f 365/380 390/406 366/381
f 366/381 390/406 391/407
f 366/381 391/407 367/382
f 367/382 391/407 392/408
f 367/382 392/408 368/383
f 368/383 392/408 393/409
f 368/383 393/409 369/384
f 369/384 393/409 394/410
f 369/384 394/410 370/385
f 370/385 394/410 395/411
f 370/385 395/411 371/386
f 371/386 395/411 396/412
f 371/386 396/412 372/387
f 372/387 396/412 397/413
f 372/387 397/413 373/388
f 373/388 397/413 398/414
f 373/388 398/414 374/389
f 374/389 398/414 399/415
f 374/389 399/415 375/390
f 375/390 399/415 400/416
f 375/390 400/416 376/391
f 376/391 400/416 401/417
f 376/391 401/417 377/392
f 377/392 401/417 402/418
f 377/392 402/418 378/393
f 378/393 402/418 403/419
f 378/393 403/419 379/394
f 379/394 403/419 404/420
f 379/394 404/420 380/395
f 380/395 404/420 405/421
f 380/395 405/421 381/396
f 381/396 405/421 406/422
f 381/396 406/422 382/397
f 382/397 406/422 407/423
f 382/397 407/423 383/398
f 383/398 407/423 408/424
f 383/398 408/424 384/399
f 384/399 408/424 385/425
f 384/399 385/425 361/400
f 385/401 409/426 410/427
f 385/401 410/427 386/402
f 386/402 410/427 411/428
f 386/402 411/428 387/403
f 387/403 411/428 412/429
f 387/403 412/429 388/404
f 388/404 412/429 413/430
f 388/404 413/430 389/405
f 389/405 413/430 414/431
f 389/405 414/431 390/406
f 390/406 414/431 415/432
f 390/406 415/432 391/407
f 391/407 415/432 416/433
f 391/407 416/433 392/408
f 392/408 416/433 417/434
f 392/408 417/434 393/409
f 393/409 417/434 418/435
f 393/409 418/435 394/410
f 394/410 418/435 419/436
f 394/410 419/436 395/411
f 395/411 419/436 420/437
f 395/411 420/437 396/412
f 396/412 420/437 421/438
f 396/412 421/438 397/413
f 397/413 421/438 422/439
f 397/413 422/439 398/414
f 398/414 422/439 423/440
f 398/414 423/440 399/415
f 399/415 423/440 424/441
f 399/415 424/441 400/416
f 400/416 424/441 425/442
f 400/416 425/442 401/417
f 401/417 425/442 426/443
f 401/417 426/443 402/418
f 402/418 426/443 427/444
f 402/418 427/444 403/419
f 403/419 427/444 428/445
f 403/419 428/445 404/420
f 404/420 428/445 429/446
f 404/420 429/446 405/421
f 405/421 429/446 430/447
f 405/421 430/447 406/422
f 406/422 430/447 431/448
f 406/422 431/448 407/423
f 407/423 431/448 432/449
f 407/423 432/449 408/424
f 408/424 432/449 409/450
f 408/424 409/450 385/425
f 409/426 433/451 434/452
f 409/426 434/452 410/427
f 410/427 434/452 435/453
f 410/427 435/453 411/428
f 411/428 435/453 436/454
f 411/428 436/454 412/429
f 412/429 436/454 437/455
f 412/429 437/455 413/430
f 413/430 437/455 438/456
f 413/430 438/456 414/431
f 414/431 438/456 439/457
f 414/431 439/457 415/432
f 415/432 439/457 440/458
f 415/432 440/458 416/433
f 416/433 440/458 441/459
f 416/433 441/459 417/434
f 417/434 441/459 442/460
f 417/434 442/460 418/435
f 418/435 442/460 443/461
f 418/435 443/461 419/436
f 419/436 443/461 444/462
f 419/436 444/462 420/437
f 420/437 444/462 445/463
f 420/437 445/463 421/438
f 421/438 445/463 446/464
f 421/438 446/464 422/439
f 422/439 446/464 447/465
f 422/439 447/465 423/440
f 423/440 447/465 448/466
f 423/440 448/466 424/441
f 424/441 448/466 449/467
f 424/441 449/467 425/442
f 425/442 449/467 450/468
f 425/442 450/468 426/443
f 426/443 450/468 451/469
f 426/443 451/469 427/444
f 427/444 451/469 452/470
f 427/444 452/470 428/445
f 428/445 452/470 453/471
f 428/445 453/471 429/446
f 429/446 453/471 454/472
f 429/446 454/472 430/447
f 430/447 454/472 455/473
f 430/447 455/473 431/448
f 431/448 455/473 456/474
f 431/448 456/474 432/449
f 432/449 456/474 433/475
f 432/449 433/475 409/450
f 433/451 457/476 458/477
f 433/451 458/477 434/452
f 434/452 458/477 459/478
f 434/452 459/478 435/453
f 435/453 459/478 460/479
f 435/453 460/479 436/454
f 436/454 460/479 461/480
f 436/454 461/480 437/455
f 437/455 461/480 462/481
f 437/455 462/481 438/456
f 438/456 462/481 463/482
f 438/456 463/482 439/457
f 439/457 463/482 464/483
f 439/457 464/483 440/458
f 440/458 464/483 465/484
f 440/458 465/484 441/459
f 441/459 465/484 466/485
f 441/459 466/485 442/460
f 442/460 466/485 467/486
f 442/460 467/486 443/461
f 443/461 467/486 468/487
f 443/461 468/487 444/462
f 444/462 468/487 469/488
f 444/462 469/488 445/463
f 445/463 469/488 470/489
f 445/463 470/489 446/464
f 446/464 470/489 471/490
f 446/464 471/490 447/465
f 447/465 471/490 472/491
f 447/465 472/491 448/466
f 448/466 472/491 473/492
f 448/466 473/492 449/467
f 449/467 473/492 474/493
f 449/467 474/493 450/468
f 450/468 474/493 475/494
f 450/468 475/494 451/469
f 451/469 475/494 476/495
f 451/469 476/495 452/470
f 452/470 476/495 477/496
f 452/470 477/496 453/471
f 453/471 477/496 478/497
f 453/471 478/497 454/472
f 454/472 478/497 479/498
f 454/472 479/498 455/473
f 455/473 479/498 480/499
f 455/473 480/499 456/474
f 456/474 480/499 457/500
f 456/474 457/500 433/475
f 457/476 481/501 482/502
f 457/476 482/502 458/477
f 458/477 482/502 483/503
f 458/477 483/503 459/478
f 459/478 483/503 484/504
f 459/478 484/504 460/479
f 460/479 484/504 485/505
f 460/479 485/505 461/480
f 461/480 485/505 486/506
f 461/480 486/506 462/481
f 462/481 486/506 487/507
f 462/481 487/507 463/482
f 463/482 487/507 488/508
f 463/482 488/508 464/483
f 464/483 488/508 489/509
f 464/483 489/509 465/484
f 465/484 489/509 490/510
f 465/484 490/510 466/485
f 466/485 490/510 491/511
f 466/485 491/511 467/486
f 467/486 491/511 492/512
f 467/486 492/512 468/487
f 468/487 492/512 493/513
f 468/487 493/513 469/488
f 469/488 493/513 494/514
f 469/488 494/514 470/489
f 470/489 494/514 495/515
f 470/489 495/515 471/490
f 471/490 495/515 496/516
f 471/490 496/516 472/491
f 472/491 496/516 497/517
f 472/491 497/517 473/492
f 473/492 497/517 498/518
f 473/492 498/518 474/493
f 474/493 498/518 499/519
f 474/493 499/519 475/494
f 475/494 499/519 500/520
f 475/494 500/520 476/495
f 476/495 500/520 501/521
f 476/495 501/521 477/496
f 477/496 501/521 502/522
f 477/496 502/522 478/497
f 478/497 502/522 503/523
f 478/497 503/523 479/498
f 479/498 503/523 504/524
f 479/498 504/524 480/499
f 480/499 504/524 481/525
f 480/499 481/525 457/500
f 481/501 505/526 506/527
f 481/501 506/527 482/502
f 482/502 506/527 507/528
f 482/502 507/528 483/503
f 483/503 507/528 508/529
f 483/503 508/529 484/504
f 484/504 508/529 509/530
f 484/504 509/530 485/505
f 485/505 509/530 510/531
f 485/505 510/531 486/506
f 486/506 510/531 511/532
f 486/506 511/532 487/507
f 487/507 511/532 512/533
f 487/507 512/533 488/508
f 488/508 512/533 513/534
f 488/508 513/534 489/509
f 489/509 513/534 514/535
f 489/509 514/535 490/510
f 490/510 514/535 515/536
f 490/510 515/536 491/511
f 491/511 515/536 516/537
f 491/511 516/537 492/512
f 492/512 516/537 517/538
f 492/512 517/538 493/513
f 493/513 517/538 518/539
f 493/513 518/539 494/514
f 494/514 518/539 519/540
f 494/514 519/540 495/515
f 495/515 519/540 520/541
f 495/515 520/541 496/516
f 496/516 520/541 521/542
f 496/516 521/542 497/517
f 497/517 521/542 522/543
f 497/517 522/543 498/518
f 498/518 522/543 523/544
f 498/518 523/544 499/519
f 499/519 523/544 524/545
f 499/519 524/545 500/520
f 500/520 524/545 525/546
f 500/520 525/546 501/521
f 501/521 525/546 526/547
f 501/521 526/547 502/522
f 502/522 526/547 527/548
f 502/522 527/548 503/523
f 503/523 527/548 528/549
f 503/523 528/549 504/524
f 504/524 528/549 505/550
f 504/524 505/550 481/525
f 505/526 529/551 530/552
f 505/526 530/552 506/527
f 506/527 530/552 531/553
f 506/527 531/553 507/528
f 507/528 531/553 532/554
f 507/528 532/554 508/529
f 508/529 532/554 533/555
f 508/529 533/555 509/530
f 509/530 533/555 534/556
f 509/530 534/556 510/531
f 510/531 534/556 535/557
f 510/531 535/557 511/532
f 511/532 535/557 536/558
f 511/532 536/558 512/533
f 512/533 536/558 537/559
f 512/533 537/559 513/534
f 513/534 537/559 538/560
f 513/534 538/560 514/535
f 514/535 538/560 539/561
f 514/535 539/561 515/536
f 515/536 539/561 540/562
f 515/536 540/562 516/537
f 516/537 540/562 541/563
f 516/537 541/563 517/538
f 517/538 541/563 542/564
f 517/538 542/564 518/539
f 518/539 542/564 543/565
f 518/539 543/565 519/540
f 519/540 543/565 544/566
f 519/540 544/566 520/541
f 520/541 544/566 545/567
f 520/541 545/567 521/542
f 521/542 545/567 546/568
f 521/542 546/568 522/543
f 522/543 546/568 547/569
f 522/543 547/569 523/544
f 523/544 547/569 548/570
f 523/544 548/570 524/545
f 524/545 548/570 549/571
f 524/545 549/571 525/546
f 525/546 549/571 550/572
f 525/546 550/572 526/547
f 526/547 550/572 551/573
f 526/547 551/573 527/548
f 527/548 551/573 552/574
f 527/548 552/574 528/549
f 528/549 552/574 529/575
f 528/549 529/575 505/550
f 529/551 553/576 554/577
f 529/551 554/577 530/552
f 530/552 554/577 555/578
f 530/552 555/578 531/553
f 531/553 555/578 556/579
f 531/553 556/579 532/554
f 532/554 556/579 557/580
f 532/554 557/580 533/555
f 533/555 557/580 558/581
f 533/555 558/581 534/556
f 534/556 558/581 559/582
f 534/556 559/582 535/557
f 535/557 559/582 560/583
f 535/557 560/583 536/558
f 536/558 560/583 561/584
f 536/558 561/584 537/559
f 537/559 561/584 562/585
f 537/559 562/585 538/560
f 538/560 562/585 563/586
f 538/560 563/586 539/561
f 539/561 563/586 564/587
f 539/561 564/587 540/562
f 540/562 564/587 565/588
f 540/562 565/588 541/563
f 541/563 565/588 566/589
f 541/563 566/589 542/564
f 542/564 566/589 567/590
f 542/564 567/590 543/565
f 543/565 567/590 568/591
f 543/565 568/591 544/566
f 544/566 568/591 569/592
f 544/566 569/592 545/567
f 545/567 569/592 570/593
f 545/567 570/593 546/568
f 546/568 570/593 571/594
f 546/568 571/594 547/569
f 547/569 571/594 572/595
f 547/569 572/595 548/570
f 548/570 572/595 573/596
f 548/570 573/596 549/571
f 549/571 573/596 574/597
f 549/571 574/597 550/572
f 550/572 574/597 575/598
f 550/572 575/598 551/573
f 551/573 575/598 576/599
f 551/573 576/599 552/574
f 552/574 576/599 553/600
f 552/574 553/600 529/575
f 553/576 577/601 578/602
f 553/576 578/602 554/577
f 554/577 578/602 579/603
f 554/577 579/603 555/578
f 555/578 579/603 580/604
f 555/578 580/604 556/579
f 556/579 580/604 581/605
f 556/579 581/605 557/580
f 557/580 581/605 582/606
f 557/580 582/606 558/581
f 558/581 582/606 583/607
f 558/581 583/607 559/582
f 559/582 583/607 584/608
f 559/582 584/608 560/583
f 560/583 584/608 585/609
f 560/583 585/609 561/584
f 561/584 585/609 586/610
f 561/584 586/610 562/585
f 562/585 586/610 587/611
f 562/585 587/611 563/586
f 563/586 587/611 588/612
f 563/586 588/612 564/587
f 564/587 588/612 589/613
f 564/587 589/613 565/588
f 565/588 589/613 590/614
f 565/588 590/614 566/589
f 566/589 590/614 591/615
f 566/589 591/615 567/590
f 567/590 591/615 592/616
f 567/590 592/616 568/591
f 568/591 592/616 593/617
f 568/591 593/617 569/592
f 569/592 593/617 594/618
f 569/592 594/618 570/593
f 570/593 594/618 595/619
f 570/593 595/619 571/594
f 571/594 595/619 596/620
f 571/594 596/620 572/595
f 572/595 596/620 597/621
f 572/595 597/621 573/596
f 573/596 597/621 598/622
f 573/596 598/622 574/597
f 574/597 598/622 599/623
f 574/597 599/623 575/598
f 575/598 599/623 600/624
f 575/598 600/624 576/599
f 576/599 600/624 577/625
f 576/599 577/625 553/600
f 577/601 601/626 602/627
f 577/601 602/627 578/602
f 578/602 602/627 603/628
f 578/602 603/628 579/603
f 579/603 603/628 604/629
f 579/603 604/629 580/604
f 580/604 604/629 605/630
f 580/604 605/630 581/605
f 581/605 605/630 606/631
f 581/605 606/631 582/606
f 582/606 606/631 607/632
f 582/606 607/632 583/607
f 583/607 607/632 608/633
f 583/607 608/633 584/608
f 584/608 608/633 609/634
f 584/608 609/634 585/609
f 585/609 609/634 610/635
f 585/609 610/635 586/610
f 586/610 610/635 611/636
f 586/610 611/636 587/611
f 587/611 611/636 612/637
f 587/611 612/637 588/612
f 588/612 612/637 613/638
f 588/612 613/638 589/613
f 589/613 613/638 614/639
f 589/613 614/639 590/614
f 590/614 614/639 615/640
f 590/614 615/640 591/615
f 591/615 615/640 616/641
f 591/615 616/641 592/616
f 592/616 616/641 617/642
f 592/616 617/642 593/617
f 593/617 617/642 618/643
f 593/617 618/643 594/618
f 594/618 618/643 619/644
f 594/618 619/644 595/619
f 595/619 619/644 620/645
f 595/619 620/645 596/620
f 596/620 620/645 621/646
f 596/620 621/646 597/621
f 597/621 621/646 622/647
f 597/621 622/647 598/622
f 598/622 622/647 623/648
f 598/622 623/648 599/623
f 599/623 623/648 624/649
f 599/623 624/649 600/624
f 600/624 624/649 601/650
f 600/624 601/650 577/625
f 601/626 625/651 626/652
f 601/626 626/652 602/627
f 602/627 626/652 627/653
f 602/627 627/653 603/628
f 603/628 627/653 628/654
f 603/628 628/654 604/629
f 604/629 628/654 629/655
f 604/629 629/655 605/630
f 605/630 629/655 630/656
f 605/630 630/656 606/631
f 606/631 630/656 631/657
f 606/631 631/657 607/632
f 607/632 631/657 632/658
f 607/632 632/658 608/633
f 608/633 632/658 633/659
f 608/633 633/659 609/634
f 609/634 633/659 634/660
f 609/634 634/660 610/635
f 610/635 634/660 635/661
f 610/635 635/661 611/636
f 611/636 635/661 636/662
f 611/636 636/662 612/637
f 612/637 636/662 637/663
f 612/637 637/663 613/638
f 613/638 637/663 638/664
f 613/638 638/664 614/639
f 614/639 638/664 639/665
f 614/639 639/665 615/640
f 615/640 639/665 640/666
f 615/640 640/666 616/641
f 616/641 640/666 641/667
f 616/641 641/667 617/642
f 617/642 641/667 642/668
f 617/642 642/668 618/643
f 618/643 642/668 643/669
f 618/643 643/669 619/644
f 619/644 643/669 644/670
f 619/644 644/670 620/645
f 620/645 644/670 645/671
f 620/645 645/671 621/646
f 621/646 645/671 646/672
f 621/646 646/672 622/647
f 622/647 646/672 647/673
f 622/647 647/673 623/648
f 623/648 647/673 648/674
f 623/648 648/674 624/649
f 624/649 648/674 625/675
f 624/649 625/675 601/650
f 625/651 649/676 650/677
f 625/651 650/677 626/652
f 626/652 650/677 651/678
f 626/652 651/678 627/653
f 627/653 651/678 652/679
f 627/653 652/679 628/654
f 628/654 652/679 653/680
f 628/654 653/680 629/655
f 629/655 653/680 654/681
f 629/655 654/681 630/656
f 630/656 654/681 655/682
f 630/656 655/682 631/657
f 631/657 655/682 656/683
f 631/657 656/683 632/658
f 632/658 656/683 657/684
f 632/658 657/684 633/659
f 633/659 657/684 658/685
f 633/659 658/685 634/660
f 634/660 658/685 659/686
f 634/660 659/686 635/661
f 635/661 659/686 660/687
f 635/661 660/687 636/662
f 636/662 660/687 661/688
f 636/662 661/688 637/663
f 637/663 661/688 662/689
f 637/663 662/689 638/664
f 638/664 662/689 663/690
f 638/664 663/690 639/665
f 639/665 663/690 664/691
f 639/665 664/691 640/666
f 640/666 664/691 665/692
f 640/666 665/692 641/667
f 641/667 665/692 666/693
f 641/667 666/693 642/668
f 642/668 666/693 667/694
f 642/668 667/694 643/669
f 643/669 667/694 668/695
f 643/669 668/695 644/670
f 644/670 668/695 669/696
f 644/670 669/696 645/671
f 645/671 669/696 670/697
f 645/671 670/697 646/672
f 646/672 670/697 671/698
f 646/672 671/698 647/673
f 647/673 671/698 672/699
f 647/673 672/699 648/674
f 648/674 672/699 649/700
f 648/674 649/700 625/675
f 649/676 673/701 674/702
f 649/676 674/702 650/677
f 650/677 674/702 675/703
f 650/677 675/703 651/678
f 651/678 675/703 676/704
f 651/678 676/704 652/679
f 652/679 676/704 677/705
f 652/679 677/705 653/680
f 653/680 677/705 678/706
f 653/680 678/706 654/681
f 654/681 678/706 679/707
f 654/681 679/707 655/682
f 655/682 679/707 680/708
f 655/682 680/708 656/683
f 656/683 680/708 681/709
f 656/683 681/709 657/684
f 657/684 681/709 682/710
f 657/684 682/710 658/685
f 658/685 682/710 683/711
f 658/685 683/711 659/686
f 659/686 683/711 684/712
f 659/686 684/712 660/687
f 660/687 684/712 685/713
f 660/687 685/713 661/688
f 661/688 685/713 686/714
f 661/688 686/714 662/689
f 662/689 686/714 687/715
f 662/689 687/715 663/690
f 663/690 687/715 688/716
f 663/690 688/716 664/691
f 664/691 688/716 689/717
f 664/691 689/717 665/692
f 665/692 689/717 690/718
f 665/692 690/718 666/693
f 666/693 690/718 691/719
f 666/693 691/719 667/694
f 667/694 691/719 692/720
f 667/694 692/720 668/695
f 668/695 692/720 693/721
f 668/695 693/721 669/696
f 669/696 693/721 694/722
f 669/696 694/722 670/697
f 670/697 694/722 695/723
f 670/697 695/723 671/698
f 671/698 695/723 696/724
f 671/698 696/724 672/699
f 672/699 696/724 673/725
f 672/699 673/725 649/700
f 673/701 697/726 698/727
f 673/701 698/727 674/702
f 674/702 698/727 699/728
f 674/702 699/728 675/703
f 675/703 699/728 700/729
f 675/703 700/729 676/704
f 676/704 700/729 701/730
f 676/704 701/730 677/705
f 677/705 701/730 702/731
f 677/705 702/731 678/706
f 678/706 702/731 703/732
f 678/706 703/732 679/707
f 679/707 703/732 704/733
f 679/707 704/733 680/708
f 680/708 704/733 705/734
f 680/708 705/734 681/709
f 681/709 705/734 706/735
f 681/709 706/735 682/710
f 682/710 706/735 707/736
f 682/710 707/736 683/711
f 683/711 707/736 708/737
f 683/711 708/737 684/712
f 684/712 708/737 709/738
f 684/712 709/738 685/713
f 685/713 709/738 710/739
f 685/713 710/739 686/714
f 686/714 710/739 711/740
f 686/714 711/740 687/715
f 687/715 711/740 712/741
f 687/715 712/741 688/716
f 688/716 712/741 713/742
f 688/716 713/742 689/717
f 689/717 713/742 714/743
f 689/717 714/743 690/718
f 690/718 714/743 715/744
f 690/718 715/744 691/719
f 691/719 715/744 716/745
f 691/719 716/745 692/720
f 692/720 716/745 717/746
f 692/720 717/746 693/721
f 693/721 717/746 718/747
f 693/721 718/747 694/722
f 694/722 718/747 719/748
f 694/722 719/748 695/723
f 695/723 719/748 720/749
f 695/723 720/749 696/724
f 696/724 720/749 697/750
f 696/724 697/750 673/725
f 697/726 721/751 722/752
f 697/726 722/752 698/727
f 698/727 722/752 723/753
f 698/727 723/753 699/728
f 699/728 723/753 724/754
f 699/728 724/754 700/729
f 700/729 724/754 725/755
f 700/729 725/755 701/730
f 701/730 725/755 726/756
f 701/730 726/756 702/731
f 702/731 726/756 727/757
f 702/731 727/757 703/732
f 703/732 727/757 728/758
f 703/732 728/758 704/733
f 704/733 728/758 729/759
f 704/733 729/759 705/734
f 705/734 729/759 730/760
f 705/734 730/760 706/735
f 706/735 730/760 731/761
f 706/735 731/761 707/736
f 707/736 731/761 732/762
f 707/736 732/762 708/737
f 708/737 732/762 733/763
f 708/737 733/763 709/738
f 709/738 733/763 734/764
f 709/738 734/764 710/739
f 710/739 734/764 735/765
f 710/739 735/765 711/740
f 711/740 735/765 736/766
f 711/740 736/766 712/741
f 712/741 736/766 737/767
f 712/741 737/767 713/742
f 713/742 737/767 738/768
f 713/742 738/768 714/743
f 714/743 738/768 739/769
f 714/743 739/769 715/744
f 715/744 739/769 740/770
f 715/744 740/770 716/745
f 716/745 740/770 741/771
f 716/745 741/771 717/746
f 717/746 741/771 742/772
f 717/746 742/772 718/747
f 718/747 742/772 743/773
f 718/747 743/773 719/748
f 719/748 743/773 744/774
f 719/748 744/774 720/749
f 720/749 744/774 721/775
f 720/749 721/775 697/750
f 721/751 745/776 746/777
f 721/751 746/777 722/752
f 722/752 746/777 747/778
f 722/752 747/778 723/753
f 723/753 747/778 748/779
f 723/753 748/779 724/754
f 724/754 748/779 749/780
f 724/754 749/780 725/755
f 725/755 749/780 750/781
f 725/755 750/781 726/756
f 726/756 750/781 751/782
f 726/756 751/782 727/757
f 727/757 751/782 752/783
f 727/757 752/783 728/758
f 728/758 752/783 753/784
f 728/758 753/784 729/759
f 729/759 753/784 754/785
f 729/759 754/785 730/760
f 730/760 754/785 755/786
f 730/760 755/786 731/761
f 731/761 755/786 756/787
f 731/761 756/787 732/762
f 732/762 756/787 757/788
f 732/762 757/788 733/763
f 733/763 757/788 758/789
f 733/763 758/789 734/764
f 734/764 758/789 759/790
f 734/764 759/790 735/765
f 735/765 759/790 760/791
f 735/765 760/791 736/766
f 736/766 760/791 761/792
f 736/766 761/792 737/767
f 737/767 761/792 762/793
f 737/767 762/793 738/768
f 738/768 762/793 763/794
f 738/768 763/794 739/769
f 739/769 763/794 764/795
f 739/769 764/795 740/770
f 740/770 764/795 765/796
f 740/770 765/796 741/771
f 741/771 765/796 766/797
f 741/771 766/797 742/772
f 742/772 766/797 767/798
f 742/772 767/798 743/773
f 743/773 767/798 768/799
f 743/773 768/799 744/774
f 744/774 768/799 745/800
f 744/774 745/800 721/775
f 745/776 769/801 770/802
f 745/776 770/802 746/777
f 746/777 770/802 771/803
f 746/777 771/803 747/778
f 747/778 771/803 772/804
f 747/778 772/804 748/779
f 748/779 772/804 773/805
f 748/779 773/805 749/780
f 749/780 773/805 774/806
f 749/780 774/806 750/781
f 750/781 774/806 775/807
f 750/781 775/807 751/782
f 751/782 775/807 776/808
f 751/782 776/808 752/783
f 752/783 776/808 777/809
f 752/783 777/809 753/784
f 753/784 777/809 778/810
f 753/784 778/810 754/785
f 754/785 778/810 779/811
f 754/785 779/811 755/786
f 755/786 779/811 780/812
f 755/786 780/812 756/787
f 756/787 780/812 781/813
f 756/787 781/813 757/788
f 757/788 781/813 782/814
f 757/788 782/814 758/789
f 758/789 782/814 783/815
f 758/789 783/815 759/790
f 759/790 783/815 784/816
f 759/790 784/816 760/791
f 760/791 784/816 785/817
f 760/791 785/817 761/792
f 761/792 785/817 786/818
f 761/792 786/818 762/793
f 762/793 786/818 787/819
f 762/793 787/819 763/794
f 763/794 787/819 788/820
f 763/794 788/820 764/795
f 764/795 788/820 789/821
f 764/795 789/821 765/796
f 765/796 789/821 790/822
f 765/796 790/822 766/797
f 766/797 790/822 791/823
f 766/797 791/823 767/798
f 767/798 791/823 792/824
f 767/798 792/824 768/799
f 768/799 792/824 769/825
f 768/799 769/825 745/800
f 769/801 793/826 794/827
f 769/801 794/827 770/802
f 770/802 794/827 795/828
f 770/802 795/828 771/803
f 771/803 795/828 796/829
f 771/803 796/829 772/804
f 772/804 796/829 797/830
f 772/804 797/830 773/805
f 773/805 797/830 798/831
f 773/805 798/831 774/806
f 774/806 798/831 799/832
f 774/806 799/832 775/807
f 775/807 799/832 800/833
f 775/807 800/833 776/808
f 776/808 800/833 801/834
f 776/808 801/834 777/809
f 777/809 801/834 802/835
f 777/809 802/835 778/810
f 778/810 802/835 803/836
f 778/810 803/836 779/811
f 779/811 803/836 804/837
f 779/811 804/837 780/812
f 780/812 804/837 805/838
f 780/812 805/838 781/813
f 781/813 805/838 806/839
f 781/813 806/839 782/814
f 782/814 806/839 807/840
f 782/814 807/840 783/815
f 783/815 807/840 808/841
f 783/815 808/841 784/816
f 784/816 808/841 809/842
f 784/816 809/842 785/817
f 785/817 809/842 810/843
f 785/817 810/843 786/818
f 786/818 810/843 811/844
f 786/818 811/844 787/819
f 787/819 811/844 812/845
f 787/819 812/845 788/820
f 788/820 812/845 813/846
f 788/820 813/846 789/821
f 789/821 813/846 814/847
f 789/821 814/847 790/822
f 790/822 814/847 815/848
f 790/822 815/848 791/823
f 791/823 815/848 816/849
f 791/823 816/849 792/824
f 792/824 816/849 793/850
f 792/824 793/850 769/825
f 793/826 817/851 818/852
f 793/826 818/852 794/827
f 794/827 818/852 819/853
f 794/827 819/853 795/828
f 795/828 819/853 820/854
f 795/828 820/854 796/829
f 796/829 820/854 821/855
f 796/829 821/855 797/830
f 797/830 821/855 822/856
f 797/830 822/856 798/831
f 798/831 822/856 823/857
f 798/831 823/857 799/832
f 799/832 823/857 824/858
f 799/832 824/858 800/833
f 800/833 824/858 825/859
f 800/833 825/859 801/834
f 801/834 825/859 826/860
f 801/834 826/860 802/835
f 802/835 826/860 827/861
f 802/835 827/861 803/836
f 803/836 827/861 828/862
f 803/836 828/862 804/837
f 804/837 828/862 829/863
f 804/837 829/863 805/838
f 805/838 829/863 830/864
f 805/838 830/864 806/839
f 806/839 830/864 831/865
f 806/839 831/865 807/840
f 807/840 831/865 832/866
f 807/840 832/866 808/841
f 808/841 832/866 833/867
f 808/841 833/867 809/842
f 809/842 833/867 834/868
f 809/842 834/868 810/843
f 810/843 834/868 835/869
f 810/843 835/869 811/844
f 811/844 835/869 836/870
f 811/844 836/870 812/845
f 812/845 836/870 837/871
f 812/845 837/871 813/846
f 813/846 837/871 838/872
f 813/846 838/872 814/847
f 814/847 838/872 839/873
f 814/847 839/873 815/848
f 815/848 839/873 840/874
f 815/848 840/874 816/849
f 816/849 840/874 817/875
f 816/849 817/875 793/850
f 817/851 841/876 842/877
f 817/851 842/877 818/852
f 818/852 842/877 843/878
f 818/852 843/878 819/853
f 819/853 843/878 844/879
f 819/853 844/879 820/854
f 820/854 844/879 845/880
f 820/854 845/880 821/855
f 821/855 845/880 846/881
f 821/855 846/881 822/856
f 822/856 846/881 847/882
f 822/856 847/882 823/857
f 823/857 847/882 848/883
f 823/857 848/883 824/858
f 824/858 848/883 849/884
f 824/858 849/884 825/859
f 825/859 849/884 850/885
f 825/859 850/885 826/860
f 826/860 850/885 851/886
f 826/860 851/886 827/861
f 827/861 851/886 852/887
f 827/861 852/887 828/862
f 828/862 852/887 853/888
f 828/862 853/888 829/863
f 829/863 853/888 854/889
f 829/863 854/889 830/864
f 830/864 854/889 855/890
f 830/864 855/890 831/865
f 831/865 855/890 856/891
f 831/865 856/891 832/866
f 832/866 856/891 857/892
f 832/866 857/892 833/867
f 833/867 857/892 858/893
f 833/867 858/893 834/868
f 834/868 858/893 859/894
f 834/868 859/894 835/869
f 835/869 859/894 860/895
f 835/869 860/895 836/870
f 836/870 860/895 861/896
f 836/870 861/896 837/871
f 837/871 861/896 862/897
f 837/871 862/897 838/872
f 838/872 862/897 863/898
f 838/872 863/898 839/873
f 839/873 863/898 864/899
f 839/873 864/899 840/874
f 840/874 864/899 841/900
f 840/874 841/900 817/875
f 841/876 865/901 866/902
f 841/876 866/902 842/877
f 842/877 866/902 867/903
f 842/877 867/903 843/878
f 843/878 867/903 868/904
f 843/878 868/904 844/879
f 844/879 868/904 869/905
f 844/879 869/905 845/880
f 845/880 869/905 870/906
f 845/880 870/906 846/881
f 846/881 870/906 871/907
f 846/881 871/907 847/882
f 847/882 871/907 872/908
f 847/882 872/908 848/883
f 848/883 872/908 873/909
f 848/883 873/909 849/884
f 849/884 873/909 874/910
f 849/884 874/910 850/885
f 850/885 874/910 875/911
f 850/885 875/911 851/886
f 851/886 875/911 876/912
f 851/886 876/912 852/887
f 852/887 876/912 877/913
f 852/887 877/913 853/888
f 853/888 877/913 878/914
f 853/888 878/914 854/889
f 854/889 878/914 879/915
f 854/889 879/915 855/890
f 855/890 879/915 880/916
f 855/890 880/916 856/891
f 856/891 880/916 881/917
f 856/891 881/917 857/892
f 857/892 881/917 882/918
f 857/892 882/918 858/893
f 858/893 882/918 883/919
f 858/893 883/919 859/894
f 859/894 883/919 884/920
f 859/894 884/920 860/895
f 860/895 884/920 885/921
f 860/895 885/921 861/896
f 861/896 885/921 886/922
f 861/896 886/922 862/897
f 862/897 886/922 887/923
f 862/897 887/923 863/898
f 863/898 887/923 888/924
f 863/898 888/924 864/899
f 864/899 888/924 865/925
f 864/899 865/925 841/900
f 865/901 889/926 890/927
f 865/901 890/927 866/902
f 866/902 890/927 891/928
f 866/902 891/928 867/903
f 867/903 891/928 892/929
f 867/903 892/929 868/904
f 868/904 892/929 893/930
f 868/904 893/930 869/905
f 869/905 893/930 894/931
f 869/905 894/931 870/906
f 870/906 894/931 895/932
f 870/906 895/932 871/907
f 871/907 895/932 896/933
f 871/907 896/933 872/908
f 872/908 896/933 897/934
f 872/908 897/934 873/909
f 873/909 897/934 898/935
f 873/909 898/935 874/910
f 874/910 898/935 899/936
f 874/910 899/936 875/911
f 875/911 899/936 900/937
f 875/911 900/937 876/912
f 876/912 900/937 901/938
f 876/912 901/938 877/913
f 877/913 901/938 902/939
f 877/913 902/939 878/914
f 878/914 902/939 903/940
f 878/914 903/940 879/915
f 879/915 903/940 904/941
f 879/915 904/941 880/916
f 880/916 904/941 905/942
f 880/916 905/942 881/917
f 881/917 905/942 906/943
f 881/917 906/943 882/918
f 882/918 906/943 907/944
f 882/918 907/944 883/919
f 883/919 907/944 908/945
f 883/919 908/945 884/920
f 884/920 908/945 909/946
f 884/920 909/946 885/921
f 885/921 909/946 910/947
f 885/921 910/947 886/922
f 886/922 910/947 911/948
f 886/922 911/948 887/923
f 887/923 911/948 912/949
f 887/923 912/949 888/924
f 888/924 912/949 889/950
f 888/924 889/950 865/925
f 889/926 913/951 914/952
f 889/926 914/952 890/927
f 890/927 914/952 915/953
f 890/927 915/953 891/928
f 891/928 915/953 916/954
f 891/928 916/954 892/929
f 892/929 916/954 917/955
f 892/929 917/955 893/930
f 893/930 917/955 918/956
f 893/930 918/956 894/931
f 894/931 918/956 919/957
f 894/931 919/957 895/932
f 895/932 919/957 920/958
f 895/932 920/958 896/933
f 896/933 920/958 921/959
f 896/933 921/959 897/934
f 897/934 921/959 922/960
f 897/934 922/960 898/935
f 898/935 922/960 923/961
f 898/935 923/961 899/936
f 899/936 923/961 924/962
f 899/936 924/962 900/937
f 900/937 924/962 925/963
f 900/937 925/963 901/938
f 901/938 925/963 926/964
f 901/938 926/964 902/939
f 902/939 926/964 927/965
f 902/939 927/965 903/940
f 903/940 927/965 928/966
f 903/940 928/966 904/941
f 904/941 928/966 929/967
f 904/941 929/967 905/942
f 905/942 929/967 930/968
f 905/942 930/968 906/943
f 906/943 930/968 931/969
f 906/943 931/969 907/944
f 907/944 931/969 932/970
f 907/944 932/970 908/945
f 908/945 932/970 933/971
f 908/945 933/971 909/946
f 909/946 933/971 934/972
f 909/946 934/972 910/947
f 910/947 934/972 935/973
f 910/947 935/973 911/948
f 911/948 935/973 936/974
f 911/948 936/974 912/949
f 912/949 936/974 913/975
f 912/949 913/975 889/950
f 913/951 937/976 938/977
f 913/951 938/977 914/952
f 914/952 938/977 939/978
f 914/952 939/978 915/953
f 915/953 939/978 940/979
f 915/953 940/979 916/954
f 916/954 940/979 941/980
f 916/954 941/980 917/955
f 917/955 941/980 942/981
f 917/955 942/981 918/956
f 918/956 942/981 943/982
f 918/956 943/982 919/957
f 919/957 943/982 944/983
f 919/957 944/983 920/958
f 920/958 944/983 945/984
f 920/958 945/984 921/959
f 921/959 945/984 946/985
f 921/959 946/985 922/960
f 922/960 946/985 947/986
f 922/960 947/986 923/961
f 923/961 947/986 948/987
f 923/961 948/987 924/962
f 924/962 948/987 949/988
f 924/962 949/988 925/963
f 925/963 949/988 950/989
f 925/963 950/989 926/964
f 926/964 950/989 951/990
f 926/964 951/990 927/965
f 927/965 951/990 952/991
f 927/965 952/991 928/966
f 928/966 952/991 953/992
f 928/966 953/992 929/967
f 929/967 953/992 954/993
f 929/967 954/993 930/968
f 930/968 954/993 955/994
f 930/968 955/994 931/969
f 931/969 955/994 956/995
f 931/969 956/995 932/970
f 932/970 956/995 957/996
f 932/970 957/996 933/971
f 933/971 957/996 958/997
f 933/971 958/997 934/972
f 934/972 958/997 959/998
f 934/972 959/998 935/973
f 935/973 959/998 960/999
f 935/973 960/999 936/974
f 936/974 960/999 937/1000
f 936/974 937/1000 913/975
f 937/976 961/1001 962/1002
f 937/976 962/1002 938/977
f 938/977 962/1002 963/1003
f 938/977 963/1003 939/978
f 939/978 963/1003 964/1004
f 939/978 964/1004 940/979
f 940/979 964/1004 965/1005
f 940/979 965/1005 941/980
f 941/980 965/1005 966/1006
f 941/980 966/1006 942/981
f 942/981 966/1006 967/1007
f 942/981 967/1007 943/982
f 943/982 967/1007 968/1008
f 943/982 968/1008 944/983
f 944/983 968/1008 969/1009
f 944/983 969/1009 945/984
f 945/984 969/1009 970/1010
f 945/984 970/1010 946/985
f 946/985 970/1010 971/1011
f 946/985 971/1011 947/986
f 947/986 971/1011 972/1012
f 947/986 972/1012 948/987
f 948/987 972/1012 973/1013
f 948/987 973/1013 949/988
f 949/988 973/1013 974/1014
f 949/988 974/1014 950/989
f 950/989 974/1014 975/1015
f 950/989 975/1015 951/990
f 951/990 975/1015 976/1016
f 951/990 976/1016 952/991
f 952/991 976/1016 977/1017
f 952/991 977/1017 953/992
f 953/992 977/1017 978/1018
f 953/992 978/1018 954/993
f 954/993 978/1018 979/1019
f 954/993 979/1019 955/994
f 955/994 979/1019 980/1020
f 955/994 980/1020 956/995
f 956/995 980/1020 981/1021
f 956/995 981/1021 957/996
f 957/996 981/1021 982/1022
f 957/996 982/1022 958/997
f 958/997 982/1022 983/1023
f 958/997 983/1023 959/998
f 959/998 983/1023 984/1024
f 959/998 984/1024 960/999
f 960/999 984/1024 961/1025
f 960/999 961/1025 937/1000
f 961/1001 985/1026 986/1027
f 961/1001 986/1027 962/1002
f 962/1002 986/1027 987/1028
f 962/1002 987/1028 963/1003
f 963/1003 987/1028 988/1029
f 963/1003 988/1029 964/1004
f 964/1004 988/1029 989/1030
f 964/1004 989/1030 965/1005
f 965/1005 989/1030 990/1031
f 965/1005 990/1031 966/1006
f 966/1006 990/1031 991/1032
f 966/1006 991/1032 967/1007
f 967/1007 991/1032 992/1033
f 967/1007 992/1033 968/1008
f 968/1008 992/1033 993/1034
f 968/1008 993/1034 969/1009
f 969/1009 993/1034 994/1035
f 969/1009 994/1035 970/1010
f 970/1010 994/1035 995/1036
f 970/1010 995/1036 971/1011
f 971/1011 995/1036 996/1037
f 971/1011 996/1037 972/1012
f 972/1012 996/1037 997/1038
f 972/1012 997/1038 973/1013
f 973/1013 997/1038 998/1039
f 973/1013 998/1039 974/1014
f 974/1014 998/1039 999/1040
f 974/1014 999/1040 975/1015
f 975/1015 999/1040 1000/1041
f 975/1015 1000/1041 976/1016
f 976/1016 1000/1041 1001/1042
f 976/1016 1001/1042 977/1017
f 977/1017 1001/1042 1002/1043
f 977/1017 1002/1043 978/1018
f 978/1018 1002/1043 1003/1044
f 978/1018 1003/1044 979/1019
f 979/1019 1003/1044 1004/1045
f 979/1019 1004/1045 980/1020
f 980/1020 1004/1045 1005/1046
f 980/1020 1005/1046 981/1021
f 981/1021 1005/1046 1006/1047
f 981/1021 1006/1047 982/1022
f 982/1022 1006/1047 1007/1048
f 982/1022 1007/1048 983/1023
f 983/1023 1007/1048 1008/1049
f 983/1023 1008/1049 984/1024
f 984/1024 1008/1049 985/1050
f 984/1024 985/1050 961/1025
f 985/1026 1009/1051 1010/1052
f 985/1026 1010/1052 986/1027
f 986/1027 1010/1052 1011/1053
f 986/1027 1011/1053 987/1028
f 987/1028 1011/1053 1012/1054
f 987/1028 1012/1054 988/1029
f 988/1029 1012/1054 1013/1055
f 988/1029 1013/1055 989/1030
f 989/1030 1013/1055 1014/1056
f 989/1030 1014/1056 990/1031
f 990/1031 1014/1056 1015/1057
f 990/1031 1015/1057 991/1032
f 991/1032 1015/1057 1016/1058
f 991/1032 1016/1058 992/1033
f 992/1033 1016/1058 1017/1059
f 992/1033 1017/1059 993/1034
f 993/1034 1017/1059 1018/1060
f 993/1034 1018/1060 994/1035
f 994/1035 1018/1060 1019/1061
f 994/1035 1019/1061 995/1036
f 995/1036 1019/1061 1020/1062
f 995/1036 1020/1062 996/1037
f 996/1037 1020/1062 1021/1063
f 996/1037 1021/1063 997/1038
f 997/1038 1021/1063 1022/1064
f 997/1038 1022/1064 998/1039
f 998/1039 1022/1064 1023/1065
f 998/1039 1023/1065 999/1040
f 999/1040 1023/1065 1024/1066
f 999/1040 1024/1066 1000/1041
f 1000/1041 1024/1066 1025/1067
f 1000/1041 1025/1067 1001/1042
f 1001/1042 1025/1067 1026/1068
f 1001/1042 1026/1068 1002/1043
f 1002/1043 1026/1068 1027/1069
f 1002/1043 1027/1069 1003/1044
f 1003/1044 1027/1069 1028/1070
f 1003/1044 1028/1070 1004/1045
f 1004/1045 1028/1070 1029/1071
f 1004/1045 1029/1071 1005/1046
f 1005/1046 1029/1071 1030/1072
f 1005/1046 1030/1072 1006/1047
f 1006/1047 1030/1072 1031/1073
f 1006/1047 1031/1073 1007/1048
f 1007/1048 1031/1073 1032/1074
f 1007/1048 1032/1074 1008/1049
f 1008/1049 1032/1074 1009/1075
f 1008/1049 1009/1075 985/1050
f 1009/1051 1033/1076 1034/1077
f 1009/1051 1034/1077 1010/1052
f 1010/1052 1034/1077 1035/1078
f 1010/1052 1035/1078 1011/1053
f 1011/1053 1035/1078 1036/1079
f 1011/1053 1036/1079 1012/1054
f 1012/1054 1036/1079 1037/1080
f 1012/1054 1037/1080 1013/1055
f 1013/1055 1037/1080 1038/1081
f 1013/1055 1038/1081 1014/1056
f 1014/1056 1038/1081 1039/1082
f 1014/1056 1039/1082 1015/1057
f 1015/1057 1039/1082 1040/1083
f 1015/1057 1040/1083 1016/1058
f 1016/1058 1040/1083 1041/1084
f 1016/1058 1041/1084 1017/1059
f 1017/1059 1041/1084 1042/1085
f 1017/1059 1042/1085 1018/1060
f 1018/1060 1042/1085 1043/1086
f 1018/1060 1043/1086 1019/1061
f 1019/1061 1043/1086 1044/1087
f 1019/1061 1044/1087 1020/1062
f 1020/1062 1044/1087 1045/1088
f 1020/1062 1045/1088 1021/1063
f 1021/1063 1045/1088 1046/1089
f 1021/1063 1046/1089 1022/1064
f 1022/1064 1046/1089 1047/1090
f 1022/1064 1047/1090 1023/1065
f 1023/1065 1047/1090 1048/1091
f 1023/1065 1048/1091 1024/1066
f 1024/1066 1048/1091 1049/1092
f 1024/1066 1049/1092 1025/1067
f 1025/1067 1049/1092 1050/1093
f 1025/1067 1050/1093 1026/1068
f 1026/1068 1050/1093 1051/1094
f 1026/1068 1051/1094 1027/1069
f 1027/1069 1051/1094 1052/1095
f 1027/1069 1052/1095 1028/1070
f 1028/1070 1052/1095 1053/1096
f 1028/1070 1053/1096 1029/1071
f 1029/1071 1053/1096 1054/1097
f 1029/1071 1054/1097 1030/1072
f 1030/1072 1054/1097 1055/1098
f 1030/1072 1055/1098 1031/1073
f 1031/1073 1055/1098 1056/1099
f 1031/1073 1056/1099 1032/1074
f 1032/1074 1056/1099 1033/1100
f 1032/1074 1033/1100 1009/1075
f 1033/1076 1057/1101 1058/1102
f 1033/1076 1058/1102 1034/1077
f 1034/1077 1058/1102 1059/1103
f 1034/1077 1059/1103 1035/1078
f 1035/1078 1059/1103 1060/1104
f 1035/1078 1060/1104 1036/1079
f 1036/1079 1060/1104 1061/1105
f 1036/1079 1061/1105 1037/1080
f 1037/1080 1061/1105 1062/1106
f 1037/1080 1062/1106 1038/1081
f 1038/1081 1062/1106 1063/1107
f 1038/1081 1063/1107 1039/1082
f 1039/1082 1063/1107 1064/1108
f 1039/1082 1064/1108 1040/1083
f 1040/1083 1064/1108 1065/1109
f 1040/1083 1065/1109 1041/1084
f 1041/1084 1065/1109 1066/1110
f 1041/1084 1066/1110 1042/1085
f 1042/1085 1066/1110 1067/1111
f 1042/1085 1067/1111 1043/1086
f 1043/1086 1067/1111 1068/1112
f 1043/1086 1068/1112 1044/1087
f 1044/1087 1068/1112 1069/1113
f 1044/1087 1069/1113 1045/1088
f 1045/1088 1069/1113 1070/1114
f 1045/1088 1070/1114 1046/1089
f 1046/1089 1070/1114 1071/1115
f 1046/1089 1071/1115 1047/1090
f 1047/1090 1071/1115 1072/1116
f 1047/1090 1072/1116 1048/1091
f 1048/1091 1072/1116 1073/1117
f 1048/1091 1073/1117 1049/1092
f 1049/1092 1073/1117 1074/1118
f 1049/1092 1074/1118 1050/1093
f 1050/1093 1074/1118 1075/1119
f 1050/1093 1075/1119 1051/1094
f 1051/1094 1075/1119 1076/1120
f 1051/1094 1076/1120 1052/1095
f 1052/1095 1076/1120 1077/1121
f 1052/1095 1077/1121 1053/1096
f 1053/1096 1077/1121 1078/1122
f 1053/1096 1078/1122 1054/1097
f 1054/1097 1078/1122 1079/1123
f 1054/1097 1079/1123 1055/1098
f 1055/1098 1079/1123 1080/1124
f 1055/1098 1080/1124 1056/1099
f 1056/1099 1080/1124 1057/1125
f 1056/1099 1057/1125 1033/1100
f 1057/1101 1081/1126 1082/1127
f 1057/1101 1082/1127 1058/1102
f 1058/1102 1082/1127 1083/1128
f 1058/1102 1083/1128 1059/1103
f 1059/1103 1083/1128 1084/1129
f 1059/1103 1084/1129 1060/1104
f 1060/1104 1084/1129 1085/1130
f 1060/1104 1085/1130 1061/1105
f 1061/1105 1085/1130 1086/1131
f 1061/1105 1086/1131 1062/1106
f 1062/1106 1086/1131 1087/1132
f 1062/1106 1087/1132 1063/1107
f 1063/1107 1087/1132 1088/1133
f 1063/1107 1088/1133 1064/1108
f 1064/1108 1088/1133 1089/1134
f 1064/1108 1089/1134 1065/1109
f 1065/1109 1089/1134 1090/1135
f 1065/1109 1090/1135 1066/1110
f 1066/1110 1090/1135 1091/1136
f 1066/1110 1091/1136 1067/1111
f 1067/1111 1091/1136 1092/1137
f 1067/1111 1092/1137 1068/1112
f 1068/1112 1092/1137 1093/1138
f 1068/1112 1093/1138 1069/1113
f 1069/1113 1093/1138 1094/1139
f 1069/1113 1094/1139 1070/1114
f 1070/1114 1094/1139 1095/1140
f 1070/1114 1095/1140 1071/1115
f 1071/1115 1095/1140 1096/1141
f 1071/1115 1096/1141 1072/1116
f 1072/1116 1096/1141 1097/1142
f 1072/1116 1097/1142 1073/1117
f 1073/1117 1097/1142 1098/1143
f 1073/1117 1098/1143 1074/1118
f 1074/1118 1098/1143 1099/1144
f 1074/1118 1099/1144 1075/1119
f 1075/1119 1099/1144 1100/1145
f 1075/1119 1100/1145 1076/1120
f 1076/1120 1100/1145 1101/1146
f 1076/1120 1101/1146 1077/1121
f 1077/1121 1101/1146 1102/1147
f 1077/1121 1102/1147 1078/1122
f 1078/1122 1102/1147 1103/1148
f 1078/1122 1103/1148 1079/1123
f 1079/1123 1103/1148 1104/1149
f 1079/1123 1104/1149 1080/1124
f 1080/1124 1104/1149 1081/1150
f 1080/1124 1081/1150 1057/1125
f 1081/1126 1105/1151 1106/1152
f 1081/1126 1106/1152 1082/1127
f 1082/1127 1106/1152 1107/1153
f 1082/1127 1107/1153 1083/1128
f 1083/1128 1107/1153 1108/1154
f 1083/1128 1108/1154 1084/1129
f 1084/1129 1108/1154 1109/1155
f 1084/1129 1109/1155 1085/1130
f 1085/1130 1109/1155 1110/1156
f 1085/1130 1110/1156 1086/1131
f 1086/1131 1110/1156 1111/1157
f 1086/1131 1111/1157 1087/1132
f 1087/1132 1111/1157 1112/1158
f 1087/1132 1112/1158 1088/1133
f 1088/1133 1112/1158 1113/1159
f 1088/1133 1113/1159 1089/1134
f 1089/1134 1113/1159 1114/1160
f 1089/1134 1114/1160 1090/1135
f 1090/1135 1114/1160 1115/1161
f 1090/1135 1115/1161 1091/1136
f 1091/1136 1115/1161 1116/1162
f 1091/1136 1116/1162 1092/1137
f 1092/1137 1116/1162 1117/1163
f 1092/1137 1117/1163 1093/1138
f 1093/1138 1117/1163 1118/1164
f 1093/1138 1118/1164 1094/1139
f 1094/1139 1118/1164 1119/1165
f 1094/1139 1119/1165 1095/1140
f 1095/1140 1119/1165 1120/1166
f 1095/1140 1120/1166 1096/1141
f 1096/1141 1120/1166 1121/1167
f 1096/1141 1121/1167 1097/1142
f 1097/1142 1121/1167 1122/1168
f 1097/1142 1122/1168 1098/1143
f 1098/1143 1122/1168 1123/1169
f 1098/1143 1123/1169 1099/1144
f 1099/1144 1123/1169 1124/1170
f 1099/1144 1124/1170 1100/1145
f 1100/1145 1124/1170 1125/1171
f 1100/1145 1125/1171 1101/1146
f 1101/1146 1125/1171 1126/1172
f 1101/1146 1126/1172 1102/1147
f 1102/1147 1126/1172 1127/1173
f 1102/1147 1127/1173 1103/1148
f 1103/1148 1127/1173 1128/1174
f 1103/1148 1128/1174 1104/1149
f 1104/1149 1128/1174 1105/1175
f 1104/1149 1105/1175 1081/1150
f 1105/1151 1129/1176 1130/1177
f 1105/1151 1130/1177 1106/1152
f 1106/1152 1130/1177 1131/1178
f 1106/1152 1131/1178 1107/1153
f 1107/1153 1131/1178 1132/1179
f 1107/1153 1132/1179 1108/1154
f 1108/1154 1132/1179 1133/1180
f 1108/1154 1133/1180 1109/1155
f 1109/1155 1133/1180 1134/1181
f 1109/1155 1134/1181 1110/1156
f 1110/1156 1134/1181 1135/1182
f 1110/1156 1135/1182 1111/1157
f 1111/1157 1135/1182 1136/1183
f 1111/1157 1136/1183 1112/1158
f 1112/1158 1136/1183 1137/1184
f 1112/1158 1137/1184 1113/1159
f 1113/1159 1137/1184 1138/1185
f 1113/1159 1138/1185 1114/1160
f 1114/1160 1138/1185 1139/1186
f 1114/1160 1139/1186 1115/1161
f 1115/1161 1139/1186 1140/1187
f 1115/1161 1140/1187 1116/1162
f 1116/1162 1140/1187 1141/1188
f 1116/1162 1141/1188 1117/1163
f 1117/1163 1141/1188 1142/1189
f 1117/1163 1142/1189 1118/1164
f 1118/1164 1142/1189 1143/1190
f 1118/1164 1143/1190 1119/1165
f 1119/1165 1143/1190 1144/1191
f 1119/1165 1144/1191 1120/1166
f 1120/1166 1144/1191 1145/1192
f 1120/1166 1145/1192 1121/1167
f 1121/1167 1145/1192 1146/1193
f 1121/1167 1146/1193 1122/1168
f 1122/1168 1146/1193 1147/1194
f 1122/1168 1147/1194 1123/1169
f 1123/1169 1147/1194 1148/1195
f 1123/1169 1148/1195 1124/1170
f 1124/1170 1148/1195 1149/1196
f 1124/1170 1149/1196 1125/1171
f 1125/1171 1149/1196 1150/1197
f 1125/1171 1150/1197 1126/1172
f 1126/1172 1150/1197 1151/1198
f 1126/1172 1151/1198 1127/1173
f 1127/1173 1151/1198 1152/1199
f 1127/1173 1152/1199 1128/1174
f 1128/1174 1152/1199 1129/1200
f 1128/1174 1129/1200 1105/1175
f 1129/1176 1153/1201 1154/1202
f 1129/1176 1154/1202 1130/1177
f 1130/1177 1154/1202 1155/1203
f 1130/1177 1155/1203 1131/1178
f 1131/1178 1155/1203 1156/1204
f 1131/1178 1156/1204 1132/1179
f 1132/1179 1156/1204 1157/1205
f 1132/1179 1157/1205 1133/1180
f 1133/1180 1157/1205 1158/1206
f 1133/1180 1158/1206 1134/1181
f 1134/1181 1158/1206 1159/1207
f 1134/1181 1159/1207 1135/1182
f 1135/1182 1159/1207 1160/1208
f 1135/1182 1160/1208 1136/1183
f 1136/1183 1160/1208 1161/1209
f 1136/1183 1161/1209 1137/1184
f 1137/1184 1161/1209 1162/1210
f 1137/1184 1162/1210 1138/1185
f 1138/1185 1162/1210 1163/1211
f 1138/1185 1163/1211 1139/1186
f 1139/1186 1163/1211 1164/1212
f 1139/1186 1164/1212 1140/1187
f 1140/1187 1164/1212 1165/1213
f 1140/1187 1165/1213 1141/1188
f 1141/1188 1165/1213 1166/1214
f 1141/1188 1166/1214 1142/1189
f 1142/1189 1166/1214 1167/1215
f 1142/1189 1167/1215 1143/1190
f 1143/1190 1167/1215 1168/1216
f 1143/1190 1168/1216 1144/1191
f 1144/1191 1168/1216 1169/1217
f 1144/1191 1169/1217 1145/1192
f 1145/1192 1169/1217 1170/1218
f 1145/1192 1170/1218 1146/1193
f 1146/1193 1170/1218 1171/1219
f 1146/1193 1171/1219 1147/1194
f 1147/1194 1171/1219 1172/1220
f 1147/1194 1172/1220 1148/1195
f 1148/1195 1172/1220 1173/1221
f 1148/1195 1173/1221 1149/1196
f 1149/1196 1173/1221 1174/1222
f 1149/1196 1174/1222 1150/1197
f 1150/1197 1174/1222 1175/1223
f 1150/1197 1175/1223 1151/1198
f 1151/1198 1175/1223 1176/1224
f 1151/1198 1176/1224 1152/1199
f 1152/1199 1176/1224 1153/1225
f 1152/1199 1153/1225 1129/1200
f 1153/1201 1177/1226 1178/1227
f 1153/1201 1178/1227 1154/1202
f 1154/1202 1178/1227 1179/1228
f 1154/1202 1179/1228 1155/1203
f 1155/1203 1179/1228 1180/1229
f 1155/1203 1180/1229 1156/1204
f 1156/1204 1180/1229 1181/1230
f 1156/1204 1181/1230 1157/1205
f 1157/1205 1181/1230 1182/1231
f 1157/1205 1182/1231 1158/1206
f 1158/1206 1182/1231 1183/1232
f 1158/1206 1183/1232 1159/1207
f 1159/1207 1183/1232 1184/1233
f 1159/1207 1184/1233 1160/1208
f 1160/1208 1184/1233 1185/1234
f 1160/1208 1185/1234 1161/1209
f 1161/1209 1185/1234 1186/1235
f 1161/1209 1186/1235 1162/1210
f 1162/1210 1186/1235 1187/1236
f 1162/1210 1187/1236 1163/1211
f 1163/1211 1187/1236 1188/1237
f 1163/1211 1188/1237 1164/1212
f 1164/1212 1188/1237 1189/1238
f 1164/1212 1189/1238 1165/1213
f 1165/1213 1189/1238 1190/1239
f 1165/1213 1190/1239 1166/1214
f 1166/1214 1190/1239 1191/1240
f 1166/1214 1191/1240 1167/1215
f 1167/1215 1191/1240 1192/1241
f 1167/1215 1192/1241 1168/1216
f 1168/1216 1192/1241 1193/1242
f 1168/1216 1193/1242 1169/1217
f 1169/1217 1193/1242 1194/1243
f 1169/1217 1194/1243 1170/1218
f 1170/1218 1194/1243 1195/1244
f 1170/1218 1195/1244 1171/1219
f 1171/1219 1195/1244 1196/1245
f 1171/1219 1196/1245 1172/1220
f 1172/1220 1196/1245 1197/1246
f 1172/1220 1197/1246 1173/1221
f 1173/1221 1197/1246 1198/1247
f 1173/1221 1198/1247 1174/1222
f 1174/1222 1198/1247 1199/1248
f 1174/1222 1199/1248 1175/1223
f 1175/1223 1199/1248 1200/1249
f 1175/1223 1200/1249 1176/1224
f 1176/1224 1200/1249 1177/1250
f 1176/1224 1177/1250 1153/1225
f 1177/1226 1201/1251 1202/1252
f 1177/1226 1202/1252 1178/1227
f 1178/1227 1202/1252 1203/1253
f 1178/1227 1203/1253 1179/1228
f 1179/1228 1203/1253 1204/1254
f 1179/1228 1204/1254 1180/1229
f 1180/1229 1204/1254 1205/1255
f 1180/1229 1205/1255 1181/1230
f 1181/1230 1205/1255 1206/1256
f 1181/1230 1206/1256 1182/1231
f 1182/1231 1206/1256 1207/1257
f 1182/1231 1207/1257 1183/1232
f 1183/1232 1207/1257 1208/1258
f 1183/1232 1208/1258 1184/1233
f 1184/1233 1208/1258 1209/1259
f 1184/1233 1209/1259 1185/1234
f 1185/1234 1209/1259 1210/1260
f 1185/1234 1210/1260 1186/1235
f 1186/1235 1210/1260 1211/1261
f 1186/1235 1211/1261 1187/1236
f 1187/1236 1211/1261 1212/1262
f 1187/1236 1212/1262 1188/1237
f 1188/1237 1212/1262 1213/1263
f 1188/1237 1213/1263 1189/1238
f 1189/1238 1213/1263 1214/1264
f 1189/1238 1214/1264 1190/1239
f 1190/1239 1214/1264 1215/1265
f 1190/1239 1215/1265 1191/1240
f 1191/1240 1215/1265 1216/1266
f 1191/1240 1216/1266 1192/1241
f 1192/1241 1216/1266 1217/1267
f 1192/1241 1217/1267 1193/1242
f 1193/1242 1217/1267 1218/1268
f 1193/1242 1218/1268 1194/1243
f 1194/1243 1218/1268 1219/1269
f 1194/1243 1219/1269 1195/1244
f 1195/1244 1219/1269 1220/1270
f 1195/1244 1220/1270 1196/1245
f 1196/1245 1220/1270 1221/1271
f 1196/1245 1221/1271 1197/1246
f 1197/1246 1221/1271 1222/1272
f 1197/1246 1222/1272 1198/1247
f 1198/1247 1222/1272 1223/1273
f 1198/1247 1223/1273 1199/1248
f 1199/1248 1223/1273 1224/1274
f 1199/1248 1224/1274 1200/1249
f 1200/1249 1224/1274 1201/1275
f 1200/1249 1201/1275 1177/1250
f 1201/1251 1225/1276 1226/1277
f 1201/1251 1226/1277 1202/1252
f 1202/1252 1226/1277 1227/1278
f 1202/1252 1227/1278 1203/1253
f 1203/1253 1227/1278 1228/1279
f 1203/1253 1228/1279 1204/1254
f 1204/1254 1228/1279 1229/1280
f 1204/1254 1229/1280 1205/1255
f 1205/1255 1229/1280 1230/1281
f 1205/1255 1230/1281 1206/1256
f 1206/1256 1230/1281 1231/1282
f 1206/1256 1231/1282 1207/1257
f 1207/1257 1231/1282 1232/1283
f 1207/1257 1232/1283 1208/1258
f 1208/1258 1232/1283 1233/1284
f 1208/1258 1233/1284 1209/1259
f 1209/1259 1233/1284 1234/1285
f 1209/1259 1234/1285 1210/1260
f 1210/1260 1234/1285 1235/1286
f 1210/1260 1235/1286 1211/1261
f 1211/1261 1235/1286 1236/1287
f 1211/1261 1236/1287 1212/1262
f 1212/1262 1236/1287 1237/1288
f 1212/1262 1237/1288 1213/1263
f 1213/1263 1237/1288 1238/1289
f 1213/1263 1238/1289 1214/1264
f 1214/1264 1238/1289 1239/1290
f 1214/1264 1239/1290 1215/1265
f 1215/1265 1239/1290 1240/1291
f 1215/1265 1240/1291 1216/1266
f 1216/1266 1240/1291 1241/1292
f 1216/1266 1241/1292 1217/1267
f 1217/1267 1241/1292 1242/1293
f 1217/1267 1242/1293 1218/1268
f 1218/1268 1242/1293 1243/1294
f 1218/1268 1243/1294 1219/1269
f 1219/1269 1243/1294 1244/1295
f 1219/1269 1244/1295 1220/1270
f 1220/1270 1244/1295 1245/1296
f 1220/1270 1245/1296 1221/1271
f 1221/1271 1245/1296 1246/1297
f 1221/1271 1246/1297 1222/1272
f 1222/1272 1246/1297 1247/1298
f 1222/1272 1247/1298 1223/1273
f 1223/1273 1247/1298 1248/1299
f 1223/1273 1248/1299 1224/1274
f 1224/1274 1248/1299 1225/1300
f 1224/1274 1225/1300 1201/1275
f 1225/1276 1249/1301 1250/1302
f 1225/1276 1250/1302 1226/1277
f 1226/1277 1250/1302 1251/1303
f 1226/1277 1251/1303 1227/1278
f 1227/1278 1251/1303 1252/1304
f 1227/1278 1252/1304 1228/1279
f 1228/1279 1252/1304 1253/1305
f 1228/1279 1253/1305 1229/1280
f 1229/1280 1253/1305 1254/1306
f 1229/1280 1254/1306 1230/1281
f 1230/1281 1254/1306 1255/1307
f 1230/1281 1255/1307 1231/1282
f 1231/1282 1255/1307 1256/1308
f 1231/1282 1256/1308 1232/1283
f 1232/1283 1256/1308 1257/1309
f 1232/1283 1257/1309 1233/1284
f 1233/1284 1257/1309 1258/1310
f 1233/1284 1258/1310 1234/1285
f 1234/1285 1258/1310 1259/1311
f 1234/1285 1259/1311 1235/1286
f 1235/1286 1259/1311 1260/1312
f 1235/1286 1260/1312 1236/1287
f 1236/1287 1260/1312 1261/1313
f 1236/1287 1261/1313 1237/1288
f 1237/1288 1261/1313 1262/1314
f 1237/1288 1262/1314 1238/1289
f 1238/1289 1262/1314 1263/1315
f 1238/1289 1263/1315 1239/1290
f 1239/1290 1263/1315 1264/1316
f 1239/1290 1264/1316 1240/1291
f 1240/1291 1264/1316 1265/1317
f 1240/1291 1265/1317 1241/1292
f 1241/1292 1265/1317 1266/1318
f 1241/1292 1266/1318 1242/1293
f 1242/1293 1266/1318 1267/1319
f 1242/1293 1267/1319 1243/1294
f 1243/1294 1267/1319 1268/1320
f 1243/1294 1268/1320 1244/1295
f 1244/1295 1268/1320 1269/1321
f 1244/1295 1269/1321 1245/1296
f 1245/1296 1269/1321 1270/1322
f 1245/1296 1270/1322 1246/1297
f 1246/1297 1270/1322 1271/1323
f 1246/1297 1271/1323 1247/1298
f 1247/1298 1271/1323 1272/1324
f 1247/1298 1272/1324 1248/1299
f 1248/1299 1272/1324 1249/1325
f 1248/1299 1249/1325 1225/1300
f 1249/1301 1273/1326 1274/1327
f 1249/1301 1274/1327 1250/1302
f 1250/1302 1274/1327 1275/1328
f 1250/1302 1275/1328 1251/1303
f 1251/1303 1275/1328 1276/1329
f 1251/1303 1276/1329 1252/1304
f 1252/1304 1276/1329 1277/1330
f 1252/1304 1277/1330 1253/1305
f 1253/1305 1277/1330 1278/1331
f 1253/1305 1278/1331 1254/1306
f 1254/1306 1278/1331 1279/1332
f 1254/1306 1279/1332 1255/1307
f 1255/1307 1279/1332 1280/1333
f 1255/1307 1280/1333 1256/1308
f 1256/1308 1280/1333 1281/1334
f 1256/1308 1281/1334 1257/1309
f 1257/1309 1281/1334 1282/1335
f 1257/1309 1282/1335 1258/1310
f 1258/1310 1282/1335 1283/1336
f 1258/1310 1283/1336 1259/1311
f 1259/1311 1283/1336 1284/1337
f 1259/1311 1284/1337 1260/1312
f 1260/1312 1284/1337 1285/1338
f 1260/1312 1285/1338 1261/1313
f 1261/1313 1285/1338 1286/1339
f 1261/1313 1286/1339 1262/1314
f 1262/1314 1286/1339 1287/1340
f 1262/1314 1287/1340 1263/1315
f 1263/1315 1287/1340 1288/1341
f 1263/1315 1288/1341 1264/1316
f 1264/1316 1288/1341 1289/1342
f 1264/1316 1289/1342 1265/1317
f 1265/1317 1289/1342 1290/1343
f 1265/1317 1290/1343 1266/1318
f 1266/1318 1290/1343 1291/1344
f 1266/1318 1291/1344 1267/1319
f 1267/1319 1291/1344 1292/1345
f 1267/1319 1292/1345 1268/1320
f 1268/1320 1292/1345 1293/1346
f 1268/1320 1293/1346 1269/1321
f 1269/1321 1293/1346 1294/1347
f 1269/1321 1294/1347 1270/1322
f 1270/1322 1294/1347 1295/1348
f 1270/1322 1295/1348 1271/1323
f 1271/1323 1295/1348 1296/1349
f 1271/1323 1296/1349 1272/1324
f 1272/1324 1296/1349 1273/1350
f 1272/1324 1273/1350 1249/1325
f 1273/1326 1297/1351 1298/1352
f 1273/1326 1298/1352 1274/1327
f 1274/1327 1298/1352 1299/1353
f 1274/1327 1299/1353 1275/1328
f 1275/1328 1299/1353 1300/1354
f 1275/1328 1300/1354 1276/1329
f 1276/1329 1300/1354 1301/1355
f 1276/1329 1301/1355 1277/1330
f 1277/1330 1301/1355 1302/1356
f 1277/1330 1302/1356 1278/1331
f 1278/1331 1302/1356 1303/1357
f 1278/1331 1303/1357 1279/1332
f 1279/1332 1303/1357 1304/1358
f 1279/1332 1304/1358 1280/1333
f 1280/1333 1304/1358 1305/1359
f 1280/1333 1305/1359 1281/1334
f 1281/1334 1305/1359 1306/1360
f 1281/1334 1306/1360 1282/1335
f 1282/1335 1306/1360 1307/1361
f 1282/1335 1307/1361 1283/1336
f 1283/1336 1307/1361 1308/1362
f 1283/1336 1308/1362 1284/1337
f 1284/1337 1308/1362 1309/1363
f 1284/1337 1309/1363 1285/1338
f 1285/1338 1309/1363 1310/1364
f 1285/1338 1310/1364 1286/1339
f 1286/1339 1310/1364 1311/1365
f 1286/1339 1311/1365 1287/1340
f 1287/1340 1311/1365 1312/1366
f 1287/1340 1312/1366 1288/1341
f 1288/1341 1312/1366 1313/1367
f 1288/1341 1313/1367 1289/1342
f 1289/1342 1313/1367 1314/1368
f 1289/1342 1314/1368 1290/1343
f 1290/1343 1314/1368 1315/1369
f 1290/1343 1315/1369 1291/1344
f 1291/1344 1315/1369 1316/1370
f 1291/1344 1316/1370 1292/1345
f 1292/1345 1316/1370 1317/1371
f 1292/1345 1317/1371 1293/1346
f 1293/1346 1317/1371 1318/1372
f 1293/1346 1318/1372 1294/1347
f 1294/1347 1318/1372 1319/1373
f 1294/1347 1319/1373 1295/1348
f 1295/1348 1319/1373 1320/1374
f 1295/1348 1320/1374 1296/1349
f 1296/1349 1320/1374 1297/1375
f 1296/1349 1297/1375 1273/1350
f 1297/1351 1321/1376 1322/1377
f 1297/1351 1322/1377 1298/1352
f 1298/1352 1322/1377 1323/1378
f 1298/1352 1323/1378 1299/1353
f 1299/1353 1323/1378 1324/1379
f 1299/1353 1324/1379 1300/1354
f 1300/1354 1324/1379 1325/1380
f 1300/1354 1325/1380 1301/1355
f 1301/1355 1325/1380 1326/1381
f 1301/1355 1326/1381 1302/1356
f 1302/1356 1326/1381 1327/1382
f 1302/1356 1327/1382 1303/1357
f 1303/1357 1327/1382 1328/1383
f 1303/1357 1328/1383 1304/1358
f 1304/1358 1328/1383 1329/1384
f 1304/1358 1329/1384 1305/1359
f 1305/1359 1329/1384 1330/1385
f 1305/1359 1330/1385 1306/1360
f 1306/1360 1330/1385 1331/1386
f 1306/1360 1331/1386 1307/1361
f 1307/1361 1331/1386 1332/1387
f 1307/1361 1332/1387 1308/1362
f 1308/1362 1332/1387 1333/1388
f 1308/1362 1333/1388 1309/1363
f 1309/1363 1333/1388 1334/1389
f 1309/1363 1334/1389 1310/1364
f 1310/1364 1334/1389 1335/1390
f 1310/1364 1335/1390 1311/1365
f 1311/1365 1335/1390 1336/1391
f 1311/1365 1336/1391 1312/1366
f 1312/1366 1336/1391 1337/1392
f 1312/1366 1337/1392 1313/1367
f 1313/1367 1337/1392 1338/1393
f 1313/1367 1338/1393 1314/1368
f 1314/1368 1338/1393 1339/1394
f 1314/1368 1339/1394 1315/1369
f 1315/1369 1339/1394 1340/1395
f 1315/1369 1340/1395 1316/1370
f 1316/1370 1340/1395 1341/1396
f 1316/1370 1341/1396 1317/1371
f 1317/1371 1341/1396 1342/1397
f 1317/1371 1342/1397 1318/1372
f 1318/1372 1342/1397 1343/1398
f 1318/1372 1343/1398 1319/1373
f 1319/1373 1343/1398 1344/1399
f 1319/1373 1344/1399 1320/1374
f 1320/1374 1344/1399 1321/1400
f 1320/1374 1321/1400 1297/1375
f 1321/1376 1345/1401 1346/1402
f 1321/1376 1346/1402 1322/1377
f 1322/1377 1346/1402 1347/1403
f 1322/1377 1347/1403 1323/1378
f 1323/1378 1347/1403 1348/1404
f 1323/1378 1348/1404 1324/1379
f 1324/1379 1348/1404 1349/1405
f 1324/1379 1349/1405 1325/1380
f 1325/1380 1349/1405 1350/1406
f 1325/1380 1350/1406 1326/1381
f 1326/1381 1350/1406 1351/1407
f 1326/1381 1351/1407 1327/1382
f 1327/1382 1351/1407 1352/1408
f 1327/1382 1352/1408 1328/1383
f 1328/1383 1352/1408 1353/1409
f 1328/1383 1353/1409 1329/1384
f 1329/1384 1353/1409 1354/1410
f 1329/1384 1354/1410 1330/1385
f 1330/1385 1354/1410 1355/1411
f 1330/1385 1355/1411 1331/1386
f 1331/1386 1355/1411 1356/1412
f 1331/1386 1356/1412 1332/1387
f 1332/1387 1356/1412 1357/1413
f 1332/1387 1357/1413 1333/1388
f 1333/1388 1357/1413 1358/1414
f 1333/1388 1358/1414 1334/1389
f 1334/1389 1358/1414 1359/1415
f 1334/1389 1359/1415 1335/1390
f 1335/1390 1359/1415 1360/1416
f 1335/1390 1360/1416 1336/1391
f 1336/1391 1360/1416 1361/1417
f 1336/1391 1361/1417 1337/1392
f 1337/1392 1361/1417 1362/1418
f 1337/1392 1362/1418 1338/1393
f 1338/1393 1362/1418 1363/1419
f 1338/1393 1363/1419 1339/1394
f 1339/1394 1363/1419 1364/1420
f 1339/1394 1364/1420 1340/1395
f 1340/1395 1364/1420 1365/1421
f 1340/1395 1365/1421 1341/1396
f 1341/1396 1365/1421 1366/1422
f 1341/1396 1366/1422 1342/1397
f 1342/1397 1366/1422 1367/1423
f 1342/1397 1367/1423 1343/1398
f 1343/1398 1367/1423 1368/1424
f 1343/1398 1368/1424 1344/1399
f 1344/1399 1368/1424 1345/1425
f 1344/1399 1345/1425 1321/1400
f 1345/1401 1369/1426 1370/1427
f 1345/1401 1370/1427 1346/1402
f 1346/1402 1370/1427 1371/1428
f 1346/1402 1371/1428 1347/1403
f 1347/1403 1371/1428 1372/1429
f 1347/1403 1372/1429 1348/1404
f 1348/1404 1372/1429 1373/1430
f 1348/1404 1373/1430 1349/1405
f 1349/1405 1373/1430 1374/1431
f 1349/1405 1374/1431 1350/1406
f 1350/1406 1374/1431 1375/1432
f 1350/1406 1375/1432 1351/1407
f 1351/1407 1375/1432 1376/1433
f 1351/1407 1376/1433 1352/1408
f 1352/1408 1376/1433 1377/1434
f 1352/1408 1377/1434 1353/1409
f 1353/1409 1377/1434 1378/1435
f 1353/1409 1378/1435 1354/1410
f 1354/1410 1378/1435 1379/1436
f 1354/1410 1379/1436 1355/1411
f 1355/1411 1379/1436 1380/1437
f 1355/1411 1380/1437 1356/1412
f 1356/1412 1380/1437 1381/1438
f 1356/1412 1381/1438 1357/1413
f 1357/1413 1381/1438 1382/1439
f 1357/1413 1382/1439 1358/1414
f 1358/1414 1382/1439 1383/1440
f 1358/1414 1383/1440 1359/1415
f 1359/1415 1383/1440 1384/1441
f 1359/1415 1384/1441 1360/1416
f 1360/1416 1384/1441 1385/1442
f 1360/1416 1385/1442 1361/1417
f 1361/1417 1385/1442 1386/1443
f 1361/1417 1386/1443 1362/1418
f 1362/1418 1386/1443 1387/1444
f 1362/1418 1387/1444 1363/1419
f 1363/1419 1387/1444 1388/1445
f 1363/1419 1388/1445 1364/1420
f 1364/1420 1388/1445 1389/1446
f 1364/1420 1389/1446 1365/1421
f 1365/1421 1389/1446 1390/1447
f 1365/1421 1390/1447 1366/1422
f 1366/1422 1390/1447 1391/1448
f 1366/1422 1391/1448 1367/1423
f 1367/1423 1391/1448 1392/1449
f 1367/1423 1392/1449 1368/1424
f 1368/1424 1392/1449 1369/1450
f 1368/1424 1369/1450 1345/1425
f 1369/1426 1393/1451 1394/1452
f 1369/1426 1394/1452 1370/1427
f 1370/1427 1394/1452 1395/1453
f 1370/1427 1395/1453 1371/1428
f 1371/1428 1395/1453 1396/1454
f 1371/1428 1396/1454 1372/1429
f 1372/1429 1396/1454 1397/1455
f 1372/1429 1397/1455 1373/1430
f 1373/1430 1397/1455 1398/1456
f 1373/1430 1398/1456 1374/1431
f 1374/1431 1398/1456 1399/1457
f 1374/1431 1399/1457 1375/1432
f 1375/1432 1399/1457 1400/1458
f 1375/1432 1400/1458 1376/1433
f 1376/1433 1400/1458 1401/1459
f 1376/1433 1401/1459 1377/1434
f 1377/1434 1401/1459 1402/1460
f 1377/1434 1402/1460 1378/1435
f 1378/1435 1402/1460 1403/1461
f 1378/1435 1403/1461 1379/1436
f 1379/1436 1403/1461 1404/1462
f 1379/1436 1404/1462 1380/1437
f 1380/1437 1404/1462 1405/1463
f 1380/1437 1405/1463 1381/1438
f 1381/1438 1405/1463 1406/1464
f 1381/1438 1406/1464 1382/1439
f 1382/1439 1406/1464 1407/1465
f 1382/1439 1407/1465 1383/1440
f 1383/1440 1407/1465 1408/1466
f 1383/1440 1408/1466 1384/1441
f 1384/1441 1408/1466 1409/1467
f 1384/1441 1409/1467 1385/1442
f 1385/1442 1409/1467 1410/1468
f 1385/1442 1410/1468 1386/1443
f 1386/1443 1410/1468 1411/1469
f 1386/1443 1411/1469 1387/1444
f 1387/1444 1411/1469 1412/1470
f 1387/1444 1412/1470 1388/1445
f 1388/1445 1412/1470 1413/1471
f 1388/1445 1413/1471 1389/1446
f 1389/1446 1413/1471 1414/1472
f 1389/1446 1414/1472 1390/1447
f 1390/1447 1414/1472 1415/1473
f 1390/1447 1415/1473 1391/1448
f 1391/1448 1415/1473 1416/1474
f 1391/1448 1416/1474 1392/1449
f 1392/1449 1416/1474 1393/1475
f 1392/1449 1393/1475 1369/1450
f 1393/1451 1417/1476 1418/1477
f 1393/1451 1418/1477 1394/1452
f 1394/1452 1418/1477 1419/1478
f 1394/1452 1419/1478 1395/1453
f 1395/1453 1419/1478 1420/1479
f 1395/1453 1420/1479 1396/1454
f 1396/1454 1420/1479 1421/1480
f 1396/1454 1421/1480 1397/1455
f 1397/1455 1421/1480 1422/1481
f 1397/1455 1422/1481 1398/1456
f 1398/1456 1422/1481 1423/1482
f 1398/1456 1423/1482 1399/1457
f 1399/1457 1423/1482 1424/1483
f 1399/1457 1424/1483 1400/1458
f 1400/1458 1424/1483 1425/1484
f 1400/1458 1425/1484 1401/1459
f 1401/1459 1425/1484 1426/1485
f 1401/1459 1426/1485 1402/1460
f 1402/1460 1426/1485 1427/1486
f 1402/1460 1427/1486 1403/1461
f 1403/1461 1427/1486 1428/1487
f 1403/1461 1428/1487 1404/1462
f 1404/1462 1428/1487 1429/1488
f 1404/1462 1429/1488 1405/1463
f 1405/1463 1429/1488 1430/1489
f 1405/1463 1430/1489 1406/1464
f 1406/1464 1430/1489 1431/1490
f 1406/1464 1431/1490 1407/1465
f 1407/1465 1431/1490 1432/1491
f 1407/1465 1432/1491 1408/1466
f 1408/1466 1432/1491 1433/1492
f 1408/1466 1433/1492 1409/1467
f 1409/1467 1433/1492 1434/1493
f 1409/1467 1434/1493 1410/1468
f 1410/1468 1434/1493 1435/1494
f 1410/1468 1435/1494 1411/1469
f 1411/1469 1435/1494 1436/1495
f 1411/1469 1436/1495 1412/1470
f 1412/1470 1436/1495 1437/1496
f 1412/1470 1437/1496 1413/1471
f 1413/1471 1437/1496 1438/1497
f 1413/1471 1438/1497 1414/1472
f 1414/1472 1438/1497 1439/1498
f 1414/1472 1439/1498 1415/1473
f 1415/1473 1439/1498 1440/1499
f 1415/1473 1440/1499 1416/1474
f 1416/1474 1440/1499 1417/1500
f 1416/1474 1417/1500 1393/1475
f 1417/1476 1441/1501 1442/1502
f 1417/1476 1442/1502 1418/1477
f 1418/1477 1442/1502 1443/1503
f 1418/1477 1443/1503 1419/1478
f 1419/1478 1443/1503 1444/1504
f 1419/1478 1444/1504 1420/1479
f 1420/1479 1444/1504 1445/1505
f 1420/1479 1445/1505 1421/1480
f 1421/1480 1445/1505 1446/1506
f 1421/1480 1446/1506 1422/1481
f 1422/1481 1446/1506 1447/1507
f 1422/1481 1447/1507 1423/1482
f 1423/1482 1447/1507 1448/1508
f 1423/1482 1448/1508 1424/1483
f 1424/1483 1448/1508 1449/1509
f 1424/1483 1449/1509 1425/1484
f 1425/1484 1449/1509 1450/1510
f 1425/1484 1450/1510 1426/1485
f 1426/1485 1450/1510 1451/1511
f 1426/1485 1451/1511 1427/1486
f 1427/1486 1451/1511 1452/1512
f 1427/1486 1452/1512 1428/1487
f 1428/1487 1452/1512 1453/1513
f 1428/1487 1453/1513 1429/1488
f 1429/1488 1453/1513 1454/1514
f 1429/1488 1454/1514 1430/1489
f 1430/1489 1454/1514 1455/1515
f 1430/1489 1455/1515 1431/1490
f 1431/1490 1455/1515 1456/1516
f 1431/1490 1456/1516 1432/1491
f 1432/1491 1456/1516 1457/1517
f 1432/1491 1457/1517 1433/1492
f 1433/1492 1457/1517 1458/1518
f 1433/1492 1458/1518 1434/1493
f 1434/1493 1458/1518 1459/1519
f 1434/1493 1459/1519 1435/1494
f 1435/1494 1459/1519 1460/1520
f 1435/1494 1460/1520 1436/1495
f 1436/1495 1460/1520 1461/1521
f 1436/1495 1461/1521 1437/1496
f 1437/1496 1461/1521 1462/1522
f 1437/1496 1462/1522 1438/1497
f 1438/1497 1462/1522 1463/1523
f 1438/1497 1463/1523 1439/1498
f 1439/1498 1463/1523 1464/1524
f 1439/1498 1464/1524 1440/1499
f 1440/1499 1464/1524 1441/1525
f 1440/1499 1441/1525 1417/1500
f 1441/1501 1465/1526 1466/1527
f 1441/1501 1466/1527 1442/1502
f 1442/1502 1466/1527 1467/1528
f 1442/1502 1467/1528 1443/1503
f 1443/1503 1467/1528 1468/1529
f 1443/1503 1468/1529 1444/1504
f 1444/1504 1468/1529 1469/1530
f 1444/1504 1469/1530 1445/1505
f 1445/1505 1469/1530 1470/1531
f 1445/1505 1470/1531 1446/1506
f 1446/1506 1470/1531 1471/1532
f 1446/1506 1471/1532 1447/1507
f 1447/1507 1471/1532 1472/1533
f 1447/1507 1472/1533 1448/1508
f 1448/1508 1472/1533 1473/1534
f 1448/1508 1473/1534 1449/1509
f 1449/1509 1473/1534 1474/1535
f 1449/1509 1474/1535 1450/1510
f 1450/1510 1474/1535 1475/1536
f 1450/1510 1475/1536 1451/1511
f 1451/1511 1475/1536 1476/1537
f 1451/1511 1476/1537 1452/1512
f 1452/1512 1476/1537 1477/1538
f 1452/1512 1477/1538 1453/1513
f 1453/1513 1477/1538 1478/1539
f 1453/1513 1478/1539 1454/1514
f 1454/1514 1478/1539 1479/1540
f 1454/1514 1479/1540 1455/1515
f 1455/1515 1479/1540 1480/1541
f 1455/1515 1480/1541 1456/1516
f 1456/1516 1480/1541 1481/1542
f 1456/1516 1481/1542 1457/1517
f 1457/1517 1481/1542 1482/1543
f 1457/1517 1482/1543 1458/1518
f 1458/1518 1482/1543 1483/1544
f 1458/1518 1483/1544 1459/1519
f 1459/1519 1483/1544 1484/1545
f 1459/1519 1484/1545 1460/1520
f 1460/1520 1484/1545 1485/1546
f 1460/1520 1485/1546 1461/1521
f 1461/1521 1485/1546 1486/1547
f 1461/1521 1486/1547 1462/1522
f 1462/1522 1486/1547 1487/1548
f 1462/1522 1487/1548 1463/1523
f 1463/1523 1487/1548 1488/1549
f 1463/1523 1488/1549 1464/1524
f 1464/1524 1488/1549 1465/1550
f 1464/1524 1465/1550 1441/1525
f 1465/1526 1489/1551 1490/1552
f 1465/1526 1490/1552 1466/1527
f 1466/1527 1490/1552 1491/1553
f 1466/1527 1491/1553 1467/1528
f 1467/1528 1491/1553 1492/1554
f 1467/1528 1492/1554 1468/1529
f 1468/1529 1492/1554 1493/1555
f 1468/1529 1493/1555 1469/1530
f 1469/1530 1493/1555 1494/1556
f 1469/1530 1494/1556 1470/1531
f 1470/1531 1494/1556 1495/1557
f 1470/1531 1495/1557 1471/1532
f 1471/1532 1495/1557 1496/1558
f 1471/1532 1496/1558 1472/1533
f 1472/1533 1496/1558 1497/1559
f 1472/1533 1497/1559 1473/1534
f 1473/1534 1497/1559 1498/1560
f 1473/1534 1498/1560 1474/1535
f 1474/1535 1498/1560 1499/1561
f 1474/1535 1499/1561 1475/1536
f 1475/1536 1499/1561 1500/1562
f 1475/1536 1500/1562 1476/1537
f 1476/1537 1500/1562 1501/1563
f 1476/1537 1501/1563 1477/1538
f 1477/1538 1501/1563 1502/1564
f 1477/1538 1502/1564 1478/1539
f 1478/1539 1502/1564 1503/1565
f 1478/1539 1503/1565 1479/1540
f 1479/1540 1503/1565 1504/1566
f 1479/1540 1504/1566 1480/1541
f 1480/1541 1504/1566 1505/1567
f 1480/1541 1505/1567 1481/1542
f 1481/1542 1505/1567 1506/1568
f 1481/1542 1506/1568 1482/1543
f 1482/1543 1506/1568 1507/1569
f 1482/1543 1507/1569 1483/1544
f 1483/1544 1507/1569 1508/1570
f 1483/1544 1508/1570 1484/1545
f 1484/1545 1508/1570 1509/1571
f 1484/1545 1509/1571 1485/1546
f 1485/1546 1509/1571 1510/1572
f 1485/1546 1510/1572 1486/1547
f 1486/1547 1510/1572 1511/1573
f 1486/1547 1511/1573 1487/1548
f 1487/1548 1511/1573 1512/1574
f 1487/1548 1512/1574 1488/1549
f 1488/1549 1512/1574 1489/1575
f 1488/1549 1489/1575 1465/1550
f 1489/1551 1513/1576 1514/1577
f 1489/1551 1514/1577 1490/1552
f 1490/1552 1514/1577 1515/1578
f 1490/1552 1515/1578 1491/1553
f 1491/1553 1515/1578 1516/1579
f 1491/1553 1516/1579 1492/1554
f 1492/1554 1516/1579 1517/1580
f 1492/1554 1517/1580 1493/1555
f 1493/1555 1517/1580 1518/1581
f 1493/1555 1518/1581 1494/1556
f 1494/1556 1518/1581 1519/1582
f 1494/1556 1519/1582 1495/1557
f 1495/1557 1519/1582 1520/1583
f 1495/1557 1520/1583 1496/1558
f 1496/1558 1520/1583 1521/1584
f 1496/1558 1521/1584 1497/1559
f 1497/1559 1521/1584 1522/1585
f 1497/1559 1522/1585 1498/1560
f 1498/1560 1522/1585 1523/1586
f 1498/1560 1523/1586 1499/1561
f 1499/1561 1523/1586 1524/1587
f 1499/1561 1524/1587 1500/1562
f 1500/1562 1524/1587 1525/1588
f 1500/1562 1525/1588 1501/1563
f 1501/1563 1525/1588 1526/1589
f 1501/1563 1526/1589 1502/1564
f 1502/1564 1526/1589 1527/1590
f 1502/1564 1527/1590 1503/1565
f 1503/1565 1527/1590 1528/1591
f 1503/1565 1528/1591 1504/1566
f 1504/1566 1528/1591 1529/1592
f 1504/1566 1529/1592 1505/1567
f 1505/1567 1529/1592 1530/1593
f 1505/1567 1530/1593 1506/1568
f 1506/1568 1530/1593 1531/1594
f 1506/1568 1531/1594 1507/1569
f 1507/1569 1531/1594 1532/1595
f 1507/1569 1532/1595 1508/1570
f 1508/1570 1532/1595 1533/1596
f 1508/1570 1533/1596 1509/1571
f 1509/1571 1533/1596 1534/1597
f 1509/1571 1534/1597 1510/1572
f 1510/1572 1534/1597 1535/1598
f 1510/1572 1535/1598 1511/1573
f 1511/1573 1535/1598 1536/1599
f 1511/1573 1536/1599 1512/1574
f 1512/1574 1536/1599 1513/1600
f 1512/1574 1513/1600 1489/1575
f 1513/1576 1537/1601 1538/1602
f 1513/1576 1538/1602 1514/1577
f 1514/1577 1538/1602 1539/1603
f 1514/1577 1539/1603 1515/1578
f 1515/1578 1539/1603 1540/1604
f 1515/1578 1540/1604 1516/1579
f 1516/1579 1540/1604 1541/1605
f 1516/1579 1541/1605 1517/1580
f 1517/1580 1541/1605 1542/1606
f 1517/1580 1542/1606 1518/1581
f 1518/1581 1542/1606 1543/1607
f 1518/1581 1543/1607 1519/1582
f 1519/1582 1543/1607 1544/1608
f 1519/1582 1544/1608 1520/1583
f 1520/1583 1544/1608 1545/1609
f 1520/1583 1545/1609 1521/1584
f 1521/1584 1545/1609 1546/1610
f 1521/1584 1546/1610 1522/1585
f 1522/1585 1546/1610 1547/1611
f 1522/1585 1547/1611 1523/1586
f 1523/1586 1547/1611 1548/1612
f 1523/1586 1548/1612 1524/1587
f 1524/1587 1548/1612 1549/1613
f 1524/1587 1549/1613 1525/1588
f 1525/1588 1549/1613 1550/1614
f 1525/1588 1550/1614 1526/1589
f 1526/1589 1550/1614 1551/1615
f 1526/1589 1551/1615 1527/1590
f 1527/1590 1551/1615 1552/1616
f 1527/1590 1552/1616 1528/1591
f 1528/1591 1552/1616 1553/1617
f 1528/1591 1553/1617 1529/1592
f 1529/1592 1553/1617 1554/1618
f 1529/1592 1554/1618 1530/1593
f 1530/1593 1554/1618 1555/1619
f 1530/1593 1555/1619 1531/1594
f 1531/1594 1555/1619 1556/1620
f 1531/1594 1556/1620 1532/1595
f 1532/1595 1556/1620 1557/1621
f 1532/1595 1557/1621 1533/1596
f 1533/1596 1557/1621 1558/1622
f 1533/1596 1558/1622 1534/1597
f 1534/1597 1558/1622 1559/1623
f 1534/1597 1559/1623 1535/1598
f 1535/1598 1559/1623 1560/1624
f 1535/1598 1560/1624 1536/1599
f 1536/1599 1560/1624 1537/1625
f 1536/1599 1537/1625 1513/1600
f 1537/1601 1561/1626 1562/1627
f 1537/1601 1562/1627 1538/1602
f 1538/1602 1562/1627 1563/1628
f 1538/1602 1563/1628 1539/1603
f 1539/1603 1563/1628 1564/1629
f 1539/1603 1564/1629 1540/1604
f 1540/1604 1564/1629 1565/1630
f 1540/1604 1565/1630 1541/1605
f 1541/1605 1565/1630 1566/1631
f 1541/1605 1566/1631 1542/1606
f 1542/1606 1566/1631 1567/1632
f 1542/1606 1567/1632 1543/1607
f 1543/1607 1567/1632 1568/1633
f 1543/1607 1568/1633 1544/1608
f 1544/1608 1568/1633 1569/1634
f 1544/1608 1569/1634 1545/1609
f 1545/1609 1569/1634 1570/1635
f 1545/1609 1570/1635 1546/1610
f 1546/1610 1570/1635 1571/1636
f 1546/1610 1571/1636 1547/1611
f 1547/1611 1571/1636 1572/1637
f 1547/1611 1572/1637 1548/1612
f 1548/1612 1572/1637 1573/1638
f 1548/1612 1573/1638 1549/1613
f 1549/1613 1573/1638 1574/1639
f 1549/1613 1574/1639 1550/1614
f 1550/1614 1574/1639 1575/1640
f 1550/1614 1575/1640 1551/1615
f 1551/1615 1575/1640 1576/1641
f 1551/1615 1576/1641 1552/1616
f 1552/1616 1576/1641 1577/1642
f 1552/1616 1577/1642 1553/1617
f 1553/1617 1577/1642 1578/1643
f 1553/1617 1578/1643 1554/1618
f 1554/1618 1578/1643 1579/1644
f 1554/1618 1579/1644 1555/1619
f 1555/1619 1579/1644 1580/1645
f 1555/1619 1580/1645 1556/1620
f 1556/1620 1580/1645 1581/1646
f 1556/1620 1581/1646 1557/1621
f 1557/1621 1581/1646 1582/1647
f 1557/1621 1582/1647 1558/1622
f 1558/1622 1582/1647 1583/1648
f 1558/1622 1583/1648 1559/1623
f 1559/1623 1583/1648 1584/1649
f 1559/1623 1584/1649 1560/1624
f 1560/1624 1584/1649 1561/1650
f 1560/1624 1561/1650 1537/1625
f 1561/1626 1585/1651 1586/1652
f 1561/1626 1586/1652 1562/1627
f 1562/1627 1586/1652 1587/1653
f 1562/1627 1587/1653 1563/1628
f 1563/1628 1587/1653 1588/1654
f 1563/1628 1588/1654 1564/1629
f 1564/1629 1588/1654 1589/1655
f 1564/1629 1589/1655 1565/1630
f 1565/1630 1589/1655 1590/1656
f 1565/1630 1590/1656 1566/1631
f 1566/1631 1590/1656 1591/1657
f 1566/1631 1591/1657 1567/1632
f 1567/1632 1591/1657 1592/1658
f 1567/1632 1592/1658 1568/1633
f 1568/1633 1592/1658 1593/1659
f 1568/1633 1593/1659 1569/1634
f 1569/1634 1593/1659 1594/1660
f 1569/1634 1594/1660 1570/1635
f 1570/1635 1594/1660 1595/1661
f 1570/1635 1595/1661 1571/1636
f 1571/1636 1595/1661 1596/1662
f 1571/1636 1596/1662 1572/1637
f 1572/1637 1596/1662 1597/1663
f 1572/1637 1597/1663 1573/1638
f 1573/1638 1597/1663 1598/1664
f 1573/1638 1598/1664 1574/1639
f 1574/1639 1598/1664 1599/1665
f 1574/1639 1599/1665 1575/1640
f 1575/1640 1599/1665 1600/1666
f 1575/1640 1600/1666 1576/1641
f 1576/1641 1600/1666 1601/1667
f 1576/1641 1601/1667 1577/1642
f 1577/1642 1601/1667 1602/1668
f 1577/1642 1602/1668 1578/1643
f 1578/1643 1602/1668 1603/1669
f 1578/1643 1603/1669 1579/1644
f 1579/1644 1603/1669 1604/1670
f 1579/1644 1604/1670 1580/1645
f 1580/1645 1604/1670 1605/1671
f 1580/1645 1605/1671 1581/1646
f 1581/1646 1605/1671 1606/1672
f 1581/1646 1606/1672 1582/1647
f 1582/1647 1606/1672 1607/1673
f 1582/1647 1607/1673 1583/1648
f 1583/1648 1607/1673 1608/1674
f 1583/1648 1608/1674 1584/1649
f 1584/1649 1608/1674 1585/1675
f 1584/1649 1585/1675 1561/1650
f 1585/1651 1609/1676 1610/1677
f 1585/1651 1610/1677 1586/1652
f 1586/1652 1610/1677 1611/1678
f 1586/1652 1611/1678 1587/1653
f 1587/1653 1611/1678 1612/1679
f 1587/1653 1612/1679 1588/1654
f 1588/1654 1612/1679 1613/1680
f 1588/1654 1613/1680 1589/1655
f 1589/1655 1613/1680 1614/1681
f 1589/1655 1614/1681 1590/1656
f 1590/1656 1614/1681 1615/1682
f 1590/1656 1615/1682 1591/1657
f 1591/1657 1615/1682 1616/1683
f 1591/1657 1616/1683 1592/1658
f 1592/1658 1616/1683 1617/1684
f 1592/1658 1617/1684 1593/1659
f 1593/1659 1617/1684 1618/1685
f 1593/1659 1618/1685 1594/1660
f 1594/1660 1618/1685 1619/1686
f 1594/1660 1619/1686 1595/1661
f 1595/1661 1619/1686 1620/1687
f 1595/1661 1620/1687 1596/1662
f 1596/1662 1620/1687 1621/1688
f 1596/1662 1621/1688 1597/1663
f 1597/1663 1621/1688 1622/1689
f 1597/1663 1622/1689 1598/1664
f 1598/1664 1622/1689 1623/1690
f 1598/1664 1623/1690 1599/1665
f 1599/1665 1623/1690 1624/1691
f 1599/1665 1624/1691 1600/1666
f 1600/1666 1624/1691 1625/1692
f 1600/1666 1625/1692 1601/1667
f 1601/1667 1625/1692 1626/1693
f 1601/1667 1626/1693 1602/1668
f 1602/1668 1626/1693 1627/1694
f 1602/1668 1627/1694 1603/1669
f 1603/1669 1627/1694 1628/1695
f 1603/1669 1628/1695 1604/1670
f 1604/1670 1628/1695 1629/1696
f 1604/1670 1629/1696 1605/1671
f 1605/1671 1629/1696 1630/1697
f 1605/1671 1630/1697 1606/1672
f 1606/1672 1630/1697 1631/1698
f 1606/1672 1631/1698 1607/1673
f 1607/1673 1631/1698 1632/1699
f 1607/1673 1632/1699 1608/1674
f 1608/1674 1632/1699 1609/1700
f 1608/1674 1609/1700 1585/1675
f 1609/1676 1633/1701 1634/1702
f 1609/1676 1634/1702 1610/1677
f 1610/1677 1634/1702 1635/1703
f 1610/1677 1635/1703 1611/1678
f 1611/1678 1635/1703 1636/1704
f 1611/1678 1636/1704 1612/1679
f 1612/1679 1636/1704 1637/1705
f 1612/1679 1637/1705 1613/1680
f 1613/1680 1637/1705 1638/1706
f 1613/1680 1638/1706 1614/1681
f 1614/1681 1638/1706 1639/1707
f 1614/1681 1639/1707 1615/1682
f 1615/1682 1639/1707 1640/1708
f 1615/1682 1640/1708 1616/1683
f 1616/1683 1640/1708 1641/1709
f 1616/1683 1641/1709 1617/1684
f 1617/1684 1641/1709 1642/1710
f 1617/1684 1642/1710 1618/1685
f 1618/1685 1642/1710 1643/1711
f 1618/1685 1643/1711 1619/1686
f 1619/1686 1643/1711 1644/1712
f 1619/1686 1644/1712 1620/1687
f 1620/1687 1644/1712 1645/1713
f 1620/1687 1645/1713 1621/1688
f 1621/1688 1645/1713 1646/1714
f 1621/1688 1646/1714 1622/1689
f 1622/1689 1646/1714 1647/1715
f 1622/1689 1647/1715 1623/1690
f 1623/1690 1647/1715 1648/1716
f 1623/1690 1648/1716 1624/1691
f 1624/1691 1648/1716 1649/1717
f 1624/1691 1649/1717 1625/1692
f 1625/1692 1649/1717 1650/1718
f 1625/1692 1650/1718 1626/1693
f 1626/1693 1650/1718 1651/1719
f 1626/1693 1651/1719 1627/1694
f 1627/1694 1651/1719 1652/1720
f 1627/1694 1652/1720 1628/1695
f 1628/1695 1652/1720 1653/1721
f 1628/1695 1653/1721 1629/1696
f 1629/1696 1653/1721 1654/1722
f 1629/1696 1654/1722 1630/1697
f 1630/1697 1654/1722 1655/1723
f 1630/1697 1655/1723 1631/1698
f 1631/1698 1655/1723 1656/1724
f 1631/1698 1656/1724 1632/1699
f 1632/1699 1656/1724 1633/1725
f 1632/1699 1633/1725 1609/1700
f 1633/1701 1657/1726 1658/1727
f 1633/1701 1658/1727 1634/1702
f 1634/1702 1658/1727 1659/1728
f 1634/1702 1659/1728 1635/1703
f 1635/1703 1659/1728 1660/1729
f 1635/1703 1660/1729 1636/1704
f 1636/1704 1660/1729 1661/1730
f 1636/1704 1661/1730 1637/1705
f 1637/1705 1661/1730 1662/1731
f 1637/1705 1662/1731 1638/1706
f 1638/1706 1662/1731 1663/1732
f 1638/1706 1663/1732 1639/1707
f 1639/1707 1663/1732 1664/1733
f 1639/1707 1664/1733 1640/1708
f 1640/1708 1664/1733 1665/1734
f 1640/1708 1665/1734 1641/1709
f 1641/1709 1665/1734 1666/1735
f 1641/1709 1666/1735 1642/1710
f 1642/1710 1666/1735 1667/1736
f 1642/1710 1667/1736 1643/1711
f 1643/1711 1667/1736 1668/1737
f 1643/1711 1668/1737 1644/1712
f 1644/1712 1668/1737 1669/1738
f 1644/1712 1669/1738 1645/1713
f 1645/1713 1669/1738 1670/1739
f 1645/1713 1670/1739 1646/1714
f 1646/1714 1670/1739 1671/1740
f 1646/1714 1671/1740 1647/1715
f 1647/1715 1671/1740 1672/1741
f 1647/1715 1672/1741 1648/1716
f 1648/1716 1672/1741 1673/1742
f 1648/1716 1673/1742 1649/1717
f 1649/1717 1673/1742 1674/1743
f 1649/1717 1674/1743 1650/1718
f 1650/1718 1674/1743 1675/1744
f 1650/1718 1675/1744 1651/1719
f 1651/1719 1675/1744 1676/1745
f 1651/1719 1676/1745 1652/1720
f 1652/1720 1676/1745 1677/1746
f 1652/1720 1677/1746 1653/1721
f 1653/1721 1677/1746 1678/1747
f 1653/1721 1678/1747 1654/1722
f 1654/1722 1678/1747 1679/1748
f 1654/1722 1679/1748 1655/1723
f 1655/1723 1679/1748 1680/1749
f 1655/1723 1680/1749 1656/1724
f 1656/1724 1680/1749 1657/1750
f 1656/1724 1657/1750 1633/1725
f 1657/1726 1681/1751 1682/1752
f 1657/1726 1682/1752 1658/1727
f 1658/1727 1682/1752 1683/1753
f 1658/1727 1683/1753 1659/1728
f 1659/1728 1683/1753 1684/1754
f 1659/1728 1684/1754 1660/1729
f 1660/1729 1684/1754 1685/1755
f 1660/1729 1685/1755 1661/1730
f 1661/1730 1685/1755 1686/1756
f 1661/1730 1686/1756 1662/1731
f 1662/1731 1686/1756 1687/1757
f 1662/1731 1687/1757 1663/1732
f 1663/1732 1687/1757 1688/1758
f 1663/1732 1688/1758 1664/1733
f 1664/1733 1688/1758 1689/1759
f 1664/1733 1689/1759 1665/1734
f 1665/1734 1689/1759 1690/1760
f 1665/1734 1690/1760 1666/1735
f 1666/1735 1690/1760 1691/1761
f 1666/1735 1691/1761 1667/1736
f 1667/1736 1691/1761 1692/1762
f 1667/1736 1692/1762 1668/1737
f 1668/1737 1692/1762 1693/1763
f 1668/1737 1693/1763 1669/1738
f 1669/1738 1693/1763 1694/1764
f 1669/1738 1694/1764 1670/1739
f 1670/1739 1694/1764 1695/1765
f 1670/1739 1695/1765 1671/1740
f 1671/1740 1695/1765 1696/1766
f 1671/1740 1696/1766 1672/1741
f 1672/1741 1696/1766 1697/1767
f 1672/1741 1697/1767 1673/1742
f 1673/1742 1697/1767 1698/1768
f 1673/1742 1698/1768 1674/1743
f 1674/1743 1698/1768 1699/1769
f 1674/1743 1699/1769 1675/1744
f 1675/1744 1699/1769 1700/1770
f 1675/1744 1700/1770 1676/1745
f 1676/1745 1700/1770 1701/1771
f 1676/1745 1701/1771 1677/1746
f 1677/1746 1701/1771 1702/1772
f 1677/1746 1702/1772 1678/1747
f 1678/1747 1702/1772 1703/1773
f 1678/1747 1703/1773 1679/1748
f 1679/1748 1703/1773 1704/1774
f 1679/1748 1704/1774 1680/1749
f 1680/1749 1704/1774 1681/1775
f 1680/1749 1681/1775 1657/1750
f 1681/1751 1705/1776 1706/1777
f 1681/1751 1706/1777 1682/1752
f 1682/1752 1706/1777 1707/1778
f 1682/1752 1707/1778 1683/1753
f 1683/1753 1707/1778 1708/1779
f 1683/1753 1708/1779 1684/1754
f 1684/1754 1708/1779 1709/1780
f 1684/1754 1709/1780 1685/1755
f 1685/1755 1709/1780 1710/1781
f 1685/1755 1710/1781 1686/1756
f 1686/1756 1710/1781 1711/1782
f 1686/1756 1711/1782 1687/1757
f 1687/1757 1711/1782 1712/1783
f 1687/1757 1712/1783 1688/1758
f 1688/1758 1712/1783 1713/1784
f 1688/1758 1713/1784 1689/1759
f 1689/1759 1713/1784 1714/1785
f 1689/1759 1714/1785 1690/1760
f 1690/1760 1714/1785 1715/1786
f 1690/1760 1715/1786 1691/1761
f 1691/1761 1715/1786 1716/1787
f 1691/1761 1716/1787 1692/1762
f 1692/1762 1716/1787 1717/1788
f 1692/1762 1717/1788 1693/1763
f 1693/1763 1717/1788 1718/1789
f 1693/1763 1718/1789 1694/1764
f 1694/1764 1718/1789 1719/1790
f 1694/1764 1719/1790 1695/1765
f 1695/1765 1719/1790 1720/1791
f 1695/1765 1720/1791 1696/1766
f 1696/1766 1720/1791 1721/1792
f 1696/1766 1721/1792 1697/1767
f 1697/1767 1721/1792 1722/1793
f 1697/1767 1722/1793 1698/1768
f 1698/1768 1722/1793 1723/1794
f 1698/1768 1723/1794 1699/1769
f 1699/1769 1723/1794 1724/1795
f 1699/1769 1724/1795 1700/1770
f 1700/1770 1724/1795 1725/1796
f 1700/1770 1725/1796 1701/1771
f 1701/1771 1725/1796 1726/1797
f 1701/1771 1726/1797 1702/1772
f 1702/1772 1726/1797 1727/1798
f 1702/1772 1727/1798 1703/1773
f 1703/1773 1727/1798 1728/1799
f 1703/1773 1728/1799 1704/1774
f 1704/1774 1728/1799 1705/1800
f 1704/1774 1705/1800 1681/1775
f 1705/1776 1729/1801 1730/1802
f 1705/1776 1730/1802 1706/1777
f 1706/1777 1730/1802 1731/1803
f 1706/1777 1731/1803 1707/1778
f 1707/1778 1731/1803 1732/1804
f 1707/1778 1732/1804 1708/1779
f 1708/1779 1732/1804 1733/1805
f 1708/1779 1733/1805 1709/1780
f 1709/1780 1733/1805 1734/1806
f 1709/1780 1734/1806 1710/1781
f 1710/1781 1734/1806 1735/1807
f 1710/1781 1735/1807 1711/1782
f 1711/1782 1735/1807 1736/1808
f 1711/1782 1736/1808 1712/1783
f 1712/1783 1736/1808 1737/1809
f 1712/1783 1737/1809 1713/1784
f 1713/1784 1737/1809 1738/1810
f 1713/1784 1738/1810 1714/1785
f 1714/1785 1738/1810 1739/1811
f 1714/1785 1739/1811 1715/1786
f 1715/1786 1739/1811 1740/1812
f 1715/1786 1740/1812 1716/1787
f 1716/1787 1740/1812 1741/1813
f 1716/1787 1741/1813 1717/1788
f 1717/1788 1741/1813 1742/1814
f 1717/1788 1742/1814 1718/1789
f 1718/1789 1742/1814 1743/1815
f 1718/1789 1743/1815 1719/1790
f 1719/1790 1743/1815 1744/1816
f 1719/1790 1744/1816 1720/1791
f 1720/1791 1744/1816 1745/1817
f 1720/1791 1745/1817 1721/1792
f 1721/1792 1745/1817 1746/1818
f 1721/1792 1746/1818 1722/1793
f 1722/1793 1746/1818 1747/1819
f 1722/1793 1747/1819 1723/1794
f 1723/1794 1747/1819 1748/1820
f 1723/1794 1748/1820 1724/1795
f 1724/1795 1748/1820 1749/1821
f 1724/1795 1749/1821 1725/1796
f 1725/1796 1749/1821 1750/1822
f 1725/1796 1750/1822 1726/1797
f 1726/1797 1750/1822 1751/1823
f 1726/1797 1751/1823 1727/1798
f 1727/1798 1751/1823 1752/1824
f 1727/1798 1752/1824 1728/1799
f 1728/1799 1752/1824 1729/1825
f 1728/1799 1729/1825 1705/1800
f 1729/1801 1753/1826 1754/1827
f 1729/1801 1754/1827 1730/1802
f 1730/1802 1754/1827 1755/1828
f 1730/1802 1755/1828 1731/1803
f 1731/1803 1755/1828 1756/1829
f 1731/1803 1756/1829 1732/1804
f 1732/1804 1756/1829 1757/1830
f 1732/1804 1757/1830 1733/1805
f 1733/1805 1757/1830 1758/1831
f 1733/1805 1758/1831 1734/1806
f 1734/1806 1758/1831 1759/1832
f 1734/1806 1759/1832 1735/1807
f 1735/1807 1759/1832 1760/1833
f 1735/1807 1760/1833 1736/1808
f 1736/1808 1760/1833 1761/1834
f 1736/1808 1761/1834 1737/1809
f 1737/1809 1761/1834 1762/1835
f 1737/1809 1762/1835 1738/1810
f 1738/1810 1762/1835 1763/1836
f 1738/1810 1763/1836 1739/1811
f 1739/1811 1763/1836 1764/1837
f 1739/1811 1764/1837 1740/1812
f 1740/1812 1764/1837 1765/1838
f 1740/1812 1765/1838 1741/1813
f 1741/1813 1765/1838 1766/1839
f 1741/1813 1766/1839 1742/1814
f 1742/1814 1766/1839 1767/1840
f 1742/1814 1767/1840 1743/1815
f 1743/1815 1767/1840 1768/1841
f 1743/1815 1768/1841 1744/1816
f 1744/1816 1768/1841 1769/1842
f 1744/1816 1769/1842 1745/1817
f 1745/1817 1769/1842 1770/1843
f 1745/1817 1770/1843 1746/1818
f 1746/1818 1770/1843 1771/1844
f 1746/1818 1771/1844 1747/1819
f 1747/1819 1771/1844 1772/1845
f 1747/1819 1772/1845 1748/1820
f 1748/1820 1772/1845 1773/1846
f 1748/1820 1773/1846 1749/1821
f 1749/1821 1773/1846 1774/1847
f 1749/1821 1774/1847 1750/1822
f 1750/1822 1774/1847 1775/1848
f 1750/1822 1775/1848 1751/1823
f 1751/1823 1775/1848 1776/1849
f 1751/1823 1776/1849 1752/1824
f 1752/1824 1776/1849 1753/1850
f 1752/1824 1753/1850 1729/1825
f 1753/1826 1777/1851 1778/1852
f 1753/1826 1778/1852 1754/1827
f 1754/1827 1778/1852 1779/1853
f 1754/1827 1779/1853 1755/1828
f 1755/1828 1779/1853 1780/1854
f 1755/1828 1780/1854 1756/1829
f 1756/1829 1780/1854 1781/1855
f 1756/1829 1781/1855 1757/1830
f 1757/1830 1781/1855 1782/1856
f 1757/1830 1782/1856 1758/1831
f 1758/1831 1782/1856 1783/1857
f 1758/1831 1783/1857 1759/1832
f 1759/1832 1783/1857 1784/1858
f 1759/1832 1784/1858 1760/1833
f 1760/1833 1784/1858 1785/1859
f 1760/1833 1785/1859 1761/1834
f 1761/1834 1785/1859 1786/1860
f 1761/1834 1786/1860 1762/1835
f 1762/1835 1786/1860 1787/1861
f 1762/1835 1787/1861 1763/1836
f 1763/1836 1787/1861 1788/1862
f 1763/1836 1788/1862 1764/1837
f 1764/1837 1788/1862 1789/1863
f 1764/1837 1789/1863 1765/1838
f 1765/1838 1789/1863 1790/1864
f 1765/1838 1790/1864 1766/1839
f 1766/1839 1790/1864 1791/1865
f 1766/1839 1791/1865 1767/1840
f 1767/1840 1791/1865 1792/1866
f 1767/1840 1792/1866 1768/1841
f 1768/1841 1792/1866 1793/1867
f 1768/1841 1793/1867 1769/1842
f 1769/1842 1793/1867 1794/1868
f 1769/1842 1794/1868 1770/1843
f 1770/1843 1794/1868 1795/1869
f 1770/1843 1795/1869 1771/1844
f 1771/1844 1795/1869 1796/1870
f 1771/1844 1796/1870 1772/1845
f 1772/1845 1796/1870 1797/1871
f 1772/1845 1797/1871 1773/1846
f 1773/1846 1797/1871 1798/1872
f 1773/1846 1798/1872 1774/1847
f 1774/1847 1798/1872 1799/1873
f 1774/1847 1799/1873 1775/1848
f 1775/1848 1799/1873 1800/1874
f 1775/1848 1800/1874 1776/1849
f 1776/1849 1800/1874 1777/1875
f 1776/1849 1777/1875 1753/1850
f 1777/1851 1801/1876 1802/1877
f 1777/1851 1802/1877 1778/1852
f 1778/1852 1802/1877 1803/1878
f 1778/1852 1803/1878 1779/1853
f 1779/1853 1803/1878 1804/1879
f 1779/1853 1804/1879 1780/1854
f 1780/1854 1804/1879 1805/1880
f 1780/1854 1805/1880 1781/1855
f 1781/1855 1805/1880 1806/1881
f 1781/1855 1806/1881 1782/1856
f 1782/1856 1806/1881 1807/1882
f 1782/1856 1807/1882 1783/1857
f 1783/1857 1807/1882 1808/1883
f 1783/1857 1808/1883 1784/1858
f 1784/1858 1808/1883 1809/1884
f 1784/1858 1809/1884 1785/1859
f 1785/1859 1809/1884 1810/1885
f 1785/1859 1810/1885 1786/1860
f 1786/1860 1810/1885 1811/1886
f 1786/1860 1811/1886 1787/1861
f 1787/1861 1811/1886 1812/1887
f 1787/1861 1812/1887 1788/1862
f 1788/1862 1812/1887 1813/1888
f 1788/1862 1813/1888 1789/1863
f 1789/1863 1813/1888 1814/1889
f 1789/1863 1814/1889 1790/1864
f 1790/1864 1814/1889 1815/1890
f 1790/1864 1815/1890 1791/1865
f 1791/1865 1815/1890 1816/1891
f 1791/1865 1816/1891 1792/1866
f 1792/1866 1816/1891 1817/1892
f 1792/1866 1817/1892 1793/1867
f 1793/1867 1817/1892 1818/1893
f 1793/1867 1818/1893 1794/1868
f 1794/1868 1818/1893 1819/1894
f 1794/1868 1819/1894 1795/1869
f 1795/1869 1819/1894 1820/1895
f 1795/1869 1820/1895 1796/1870
f 1796/1870 1820/1895 1821/1896
f 1796/1870 1821/1896 1797/1871
f 1797/1871 1821/1896 1822/1897
f 1797/1871 1822/1897 1798/1872
f 1798/1872 1822/1897 1823/1898
f 1798/1872 1823/1898 1799/1873
f 1799/1873 1823/1898 1824/1899
f 1799/1873 1824/1899 1800/1874
f 1800/1874 1824/1899 1801/1900
f 1800/1874 1801/1900 1777/1875
f 1801/1876 1825/1901 1826/1902
f 1801/1876 1826/1902 1802/1877
f 1802/1877 1826/1902 1827/1903
f 1802/1877 1827/1903 1803/1878
f 1803/1878 1827/1903 1828/1904
f 1803/1878 1828/1904 1804/1879
f 1804/1879 1828/1904 1829/1905
f 1804/1879 1829/1905 1805/1880
f 1805/1880 1829/1905 1830/1906
f 1805/1880 1830/1906 1806/1881
f 1806/1881 1830/1906 1831/1907
f 1806/1881 1831/1907 1807/1882
f 1807/1882 1831/1907 1832/1908
f 1807/1882 1832/1908 1808/1883
f 1808/1883 1832/1908 1833/1909
f 1808/1883 1833/1909 1809/1884
f 1809/1884 1833/1909 1834/1910
f 1809/1884 1834/1910 1810/1885
f 1810/1885 1834/1910 1835/1911
f 1810/1885 1835/1911 1811/1886
f 1811/1886 1835/1911 1836/1912
f 1811/1886 1836/1912 1812/1887
f 1812/1887 1836/1912 1837/1913
f 1812/1887 1837/1913 1813/1888
f 1813/1888 1837/1913 1838/1914
f 1813/1888 1838/1914 1814/1889
f 1814/1889 1838/1914 1839/1915
f 1814/1889 1839/1915 1815/1890
f 1815/1890 1839/1915 1840/1916
f 1815/1890 1840/1916 1816/1891
f 1816/1891 1840/1916 1841/1917
f 1816/1891 1841/1917 1817/1892
f 1817/1892 1841/1917 1842/1918
f 1817/1892 1842/1918 1818/1893
f 1818/1893 1842/1918 1843/1919
f 1818/1893 1843/1919 1819/1894
f 1819/1894 1843/1919 1844/1920
f 1819/1894 1844/1920 1820/1895
f 1820/1895 1844/1920 1845/1921
f 1820/1895 1845/1921 1821/1896
f 1821/1896 1845/1921 1846/1922
f 1821/1896 1846/1922 1822/1897
f 1822/1897 1846/1922 1847/1923
f 1822/1897 1847/1923 1823/1898
f 1823/1898 1847/1923 1848/1924
f 1823/1898 1848/1924 1824/1899
f 1824/1899 1848/1924 1825/1925
f 1824/1899 1825/1925 1801/1900
f 1825/1901 1849/1926 1850/1927
f 1825/1901 1850/1927 1826/1902
f 1826/1902 1850/1927 1851/1928
f 1826/1902 1851/1928 1827/1903
f 1827/1903 1851/1928 1852/1929
f 1827/1903 1852/1929 1828/1904
f 1828/1904 1852/1929 1853/1930
f 1828/1904 1853/1930 1829/1905
f 1829/1905 1853/1930 1854/1931
f 1829/1905 1854/1931 1830/1906
f 1830/1906 1854/1931 1855/1932
f 1830/1906 1855/1932 1831/1907
f 1831/1907 1855/1932 1856/1933
f 1831/1907 1856/1933 1832/1908
f 1832/1908 1856/1933 1857/1934
f 1832/1908 1857/1934 1833/1909
f 1833/1909 1857/1934 1858/1935
f 1833/1909 1858/1935 1834/1910
f 1834/1910 1858/1935 1859/1936
f 1834/1910 1859/1936 1835/1911
f 1835/1911 1859/1936 1860/1937
f 1835/1911 1860/1937 1836/1912
f 1836/1912 1860/1937 1861/1938
f 1836/1912 1861/1938 1837/1913
f 1837/1913 1861/1938 1862/1939
f 1837/1913 1862/1939 1838/1914
f 1838/1914 1862/1939 1863/1940
f 1838/1914 1863/1940 1839/1915
f 1839/1915 1863/1940 1864/1941
f 1839/1915 1864/1941 1840/1916
f 1840/1916 1864/1941 1865/1942
f 1840/1916 1865/1942 1841/1917
f 1841/1917 1865/1942 1866/1943
f 1841/1917 1866/1943 1842/1918
f 1842/1918 1866/1943 1867/1944
f 1842/1918 1867/1944 1843/1919
f 1843/1919 1867/1944 1868/1945
f 1843/1919 1868/1945 1844/1920
f 1844/1920 1868/1945 1869/1946
f 1844/1920 1869/1946 1845/1921
f 1845/1921 1869/1946 1870/1947
f 1845/1921 1870/1947 1846/1922
f 1846/1922 1870/1947 1871/1948
f 1846/1922 1871/1948 1847/1923
f 1847/1923 1871/1948 1872/1949
f 1847/1923 1872/1949 1848/1924
f 1848/1924 1872/1949 1849/1950
f 1848/1924 1849/1950 1825/1925
f 1849/1926 1873/1951 1874/1952
f 1849/1926 1874/1952 1850/1927
f 1850/1927 1874/1952 1875/1953
f 1850/1927 1875/1953 1851/1928
f 1851/1928 1875/1953 1876/1954
f 1851/1928 1876/1954 1852/1929
f 1852/1929 1876/1954 1877/1955
f 1852/1929 1877/1955 1853/1930
f 1853/1930 1877/1955 1878/1956
f 1853/1930 1878/1956 1854/1931
f 1854/1931 1878/1956 1879/1957
f 1854/1931 1879/1957 1855/1932
f 1855/1932 1879/1957 1880/1958
f 1855/1932 1880/1958 1856/1933
f 1856/1933 1880/1958 1881/1959
f 1856/1933 1881/1959 1857/1934
f 1857/1934 1881/1959 1882/1960
f 1857/1934 1882/1960 1858/1935
f 1858/1935 1882/1960 1883/1961
f 1858/1935 1883/1961 1859/1936
f 1859/1936 1883/1961 1884/1962
f 1859/1936 1884/1962 1860/1937
f 1860/1937 1884/1962 1885/1963
f 1860/1937 1885/1963 1861/1938
f 1861/1938 1885/1963 1886/1964
f 1861/1938 1886/1964 1862/1939
f 1862/1939 1886/1964 1887/1965
f 1862/1939 1887/1965 1863/1940
f 1863/1940 1887/1965 1888/1966
f 1863/1940 1888/1966 1864/1941
f 1864/1941 1888/1966 1889/1967
f 1864/1941 1889/1967 1865/1942
f 1865/1942 1889/1967 1890/1968
f 1865/1942 1890/1968 1866/1943
f 1866/1943 1890/1968 1891/1969
f 1866/1943 1891/1969 1867/1944
f 1867/1944 1891/1969 1892/1970
f 1867/1944 1892/1970 1868/1945
f 1868/1945 1892/1970 1893/1971
f 1868/1945 1893/1971 1869/1946
f 1869/1946 1893/1971 1894/1972
f 1869/1946 1894/1972 1870/1947
f 1870/1947 1894/1972 1895/1973
f 1870/1947 1895/1973 1871/1948
f 1871/1948 1895/1973 1896/1974
f 1871/1948 1896/1974 1872/1949
f 1872/1949 1896/1974 1873/1975
f 1872/1949 1873/1975 1849/1950
f 1873/1951 1897/1976 1898/1977
f 1873/1951 1898/1977 1874/1952
f 1874/1952 1898/1977 1899/1978
f 1874/1952 1899/1978 1875/1953
f 1875/1953 1899/1978 1900/1979
f 1875/1953 1900/1979 1876/1954
f 1876/1954 1900/1979 1901/1980
f 1876/1954 1901/1980 1877/1955
f 1877/1955 1901/1980 1902/1981
f 1877/1955 1902/1981 1878/1956
f 1878/1956 1902/1981 1903/1982
f 1878/1956 1903/1982 1879/1957
f 1879/1957 1903/1982 1904/1983
f 1879/1957 1904/1983 1880/1958
f 1880/1958 1904/1983 1905/1984
f 1880/1958 1905/1984 1881/1959
f 1881/1959 1905/1984 1906/1985
f 1881/1959 1906/1985 1882/1960
f 1882/1960 1906/1985 1907/1986
f 1882/1960 1907/1986 1883/1961
f 1883/1961 1907/1986 1908/1987
f 1883/1961 1908/1987 1884/1962
f 1884/1962 1908/1987 1909/1988
f 1884/1962 1909/1988 1885/1963
f 1885/1963 1909/1988 1910/1989
f 1885/1963 1910/1989 1886/1964
f 1886/1964 1910/1989 1911/1990
f 1886/1964 1911/1990 1887/1965
f 1887/1965 1911/1990 1912/1991
f 1887/1965 1912/1991 1888/1966
f 1888/1966 1912/1991 1913/1992
f 1888/1966 1913/1992 1889/1967
f 1889/1967 1913/1992 1914/1993
f 1889/1967 1914/1993 1890/1968
f 1890/1968 1914/1993 1915/1994
f 1890/1968 1915/1994 1891/1969
f 1891/1969 1915/1994 1916/1995
f 1891/1969 1916/1995 1892/1970
f 1892/1970 1916/1995 1917/1996
f 1892/1970 1917/1996 1893/1971
f 1893/1971 1917/1996 1918/1997
f 1893/1971 1918/1997 1894/1972
f 1894/1972 1918/1997 1919/1998
f 1894/1972 1919/1998 1895/1973
f 1895/1973 1919/1998 1920/1999
f 1895/1973 1920/1999 1896/1974
f 1896/1974 1920/1999 1897/2000
f 1896/1974 1897/2000 1873/1975
f 1897/1976 1921/2001 1922/2002
f 1897/1976 1922/2002 1898/1977
f 1898/1977 1922/2002 1923/2003
f 1898/1977 1923/2003 1899/1978
f 1899/1978 1923/2003 1924/2004
f 1899/1978 1924/2004 1900/1979
f 1900/1979 1924/2004 1925/2005
f 1900/1979 1925/2005 1901/1980
f 1901/1980 1925/2005 1926/2006
f 1901/1980 1926/2006 1902/1981
f 1902/1981 1926/2006 1927/2007
f 1902/1981 1927/2007 1903/1982
f 1903/1982 1927/2007 1928/2008
f 1903/1982 1928/2008 1904/1983
f 1904/1983 1928/2008 1929/2009
f 1904/1983 1929/2009 1905/1984
f 1905/1984 1929/2009 1930/2010
f 1905/1984 1930/2010 1906/1985
f 1906/1985 1930/2010 1931/2011
f 1906/1985 1931/2011 1907/1986
f 1907/1986 1931/2011 1932/2012
f 1907/1986 1932/2012 1908/1987
f 1908/1987 1932/2012 1933/2013
f 1908/1987 1933/2013 1909/1988
f 1909/1988 1933/2013 1934/2014
f 1909/1988 1934/2014 1910/1989
f 1910/1989 1934/2014 1935/2015
f 1910/1989 1935/2015 1911/1990
f 1911/1990 1935/2015 1936/2016
f 1911/1990 1936/2016 1912/1991
f 1912/1991 1936/2016 1937/2017
f 1912/1991 1937/2017 1913/1992
f 1913/1992 1937/2017 1938/2018
f 1913/1992 1938/2018 1914/1993
f 1914/1993 1938/2018 1939/2019
f 1914/1993 1939/2019 1915/1994
f 1915/1994 1939/2019 1940/2020
f 1915/1994 1940/2020 1916/1995
f 1916/1995 1940/2020 1941/2021
f 1916/1995 1941/2021 1917/1996
f 1917/1996 1941/2021 1942/2022
f 1917/1996 1942/2022 1918/1997
f 1918/1997 1942/2022 1943/2023
f 1918/1997 1943/2023 1919/1998
f 1919/1998 1943/2023 1944/2024
f 1919/1998 1944/2024 1920/1999
f 1920/1999 1944/2024 1921/2025
f 1920/1999 1921/2025 1897/2000
f 1921/2001 1945/2026 1946/2027
f 1921/2001 1946/2027 1922/2002
f 1922/2002 1946/2027 1947/2028
f 1922/2002 1947/2028 1923/2003
f 1923/2003 1947/2028 1948/2029
f 1923/2003 1948/2029 1924/2004
f 1924/2004 1948/2029 1949/2030
f 1924/2004 1949/2030 1925/2005
f 1925/2005 1949/2030 1950/2031
f 1925/2005 1950/2031 1926/2006
f 1926/2006 1950/2031 1951/2032
f 1926/2006 1951/2032 1927/2007
f 1927/2007 1951/2032 1952/2033
f 1927/2007 1952/2033 1928/2008
f 1928/2008 1952/2033 1953/2034
f 1928/2008 1953/2034 1929/2009
f 1929/2009 1953/2034 1954/2035
f 1929/2009 1954/2035 1930/2010
f 1930/2010 1954/2035 1955/2036
f 1930/2010 1955/2036 1931/2011
f 1931/2011 1955/2036 1956/2037
f 1931/2011 1956/2037 1932/2012
f 1932/2012 1956/2037 1957/2038
f 1932/2012 1957/2038 1933/2013
f 1933/2013 1957/2038 1958/2039
f 1933/2013 1958/2039 1934/2014
f 1934/2014 1958/2039 1959/2040
f 1934/2014 1959/2040 1935/2015
f 1935/2015 1959/2040 1960/2041
f 1935/2015 1960/2041 1936/2016
f 1936/2016 1960/2041 1961/2042
f 1936/2016 1961/2042 1937/2017
f 1937/2017 1961/2042 1962/2043
f 1937/2017 1962/2043 1938/2018
f 1938/2018 1962/2043 1963/2044
f 1938/2018 1963/2044 1939/2019
f 1939/2019 1963/2044 1964/2045
f 1939/2019 1964/2045 1940/2020
f 1940/2020 1964/2045 1965/2046
f 1940/2020 1965/2046 1941/2021
f 1941/2021 1965/2046 1966/2047
f 1941/2021 1966/2047 1942/2022
f 1942/2022 1966/2047 1967/2048
f 1942/2022 1967/2048 1943/2023
f 1943/2023 1967/2048 1968/2049
f 1943/2023 1968/2049 1944/2024
f 1944/2024 1968/2049 1945/2050
f 1944/2024 1945/2050 1921/2025
f 1945/2026 1969/2051 1970/2052
f 1945/2026 1970/2052 1946/2027
f 1946/2027 1970/2052 1971/2053
f 1946/2027 1971/2053 1947/2028
f 1947/2028 1971/2053 1972/2054
f 1947/2028 1972/2054 1948/2029
f 1948/2029 1972/2054 1973/2055
f 1948/2029 1973/2055 1949/2030
f 1949/2030 1973/2055 1974/2056
f 1949/2030 1974/2056 1950/2031
f 1950/2031 1974/2056 1975/2057
f 1950/2031 1975/2057 1951/2032
f 1951/2032 1975/2057 1976/2058
f 1951/2032 1976/2058 1952/2033
f 1952/2033 1976/2058 1977/2059
f 1952/2033 1977/2059 1953/2034
f 1953/2034 1977/2059 1978/2060
f 1953/2034 1978/2060 1954/2035
f 1954/2035 1978/2060 1979/2061
f 1954/2035 1979/2061 1955/2036
f 1955/2036 1979/2061 1980/2062
f 1955/2036 1980/2062 1956/2037
f 1956/2037 1980/2062 1981/2063
f 1956/2037 1981/2063 1957/2038
f 1957/2038 1981/2063 1982/2064
f 1957/2038 1982/2064 1958/2039
f 1958/2039 1982/2064 1983/2065
f 1958/2039 1983/2065 1959/2040
f 1959/2040 1983/2065 1984/2066
f 1959/2040 1984/2066 1960/2041
f 1960/2041 1984/2066 1985/2067
f 1960/2041 1985/2067 1961/2042
f 1961/2042 1985/2067 1986/2068
f 1961/2042 1986/2068 1962/2043
f 1962/2043 1986/2068 1987/2069
f 1962/2043 1987/2069 1963/2044
f 1963/2044 1987/2069 1988/2070
f 1963/2044 1988/2070 1964/2045
f 1964/2045 1988/2070 1989/2071
f 1964/2045 1989/2071 1965/2046
f 1965/2046 1989/2071 1990/2072
f 1965/2046 1990/2072 1966/2047
f 1966/2047 1990/2072 1991/2073
f 1966/2047 1991/2073 1967/2048
f 1967/2048 1991/2073 1992/2074
f 1967/2048 1992/2074 1968/2049
f 1968/2049 1992/2074 1969/2075
f 1968/2049 1969/2075 1945/2050
f 1969/2051 1993/2076 1994/2077
f 1969/2051 1994/2077 1970/2052
f 1970/2052 1994/2077 1995/2078
f 1970/2052 1995/2078 1971/2053
f 1971/2053 1995/2078 1996/2079
f 1971/2053 1996/2079 1972/2054
f 1972/2054 1996/2079 1997/2080
f 1972/2054 1997/2080 1973/2055
f 1973/2055 1997/2080 1998/2081
f 1973/2055 1998/2081 1974/2056
f 1974/2056 1998/2081 1999/2082
f 1974/2056 1999/2082 1975/2057
f 1975/2057 1999/2082 2000/2083
f 1975/2057 2000/2083 1976/2058
f 1976/2058 2000/2083 2001/2084
f 1976/2058 2001/2084 1977/2059
f 1977/2059 2001/2084 2002/2085
f 1977/2059 2002/2085 1978/2060
f 1978/2060 2002/2085 2003/2086
f 1978/2060 2003/2086 1979/2061
f 1979/2061 2003/2086 2004/2087
f 1979/2061 2004/2087 1980/2062
f 1980/2062 2004/2087 2005/2088
f 1980/2062 2005/2088 1981/2063
f 1981/2063 2005/2088 2006/2089
f 1981/2063 2006/2089 1982/2064
f 1982/2064 2006/2089 2007/2090
f 1982/2064 2007/2090 1983/2065
f 1983/2065 2007/2090 2008/2091
f 1983/2065 2008/2091 1984/2066
f 1984/2066 2008/2091 2009/2092
f 1984/2066 2009/2092 1985/2067
f 1985/2067 2009/2092 2010/2093
f 1985/2067 2010/2093 1986/2068
f 1986/2068 2010/2093 2011/2094
f 1986/2068 2011/2094 1987/2069
f 1987/2069 2011/2094 2012/2095
f 1987/2069 2012/2095 1988/2070
f 1988/2070 2012/2095 2013/2096
f 1988/2070 2013/2096 1989/2071
f 1989/2071 2013/2096 2014/2097
f 1989/2071 2014/2097 1990/2072
f 1990/2072 2014/2097 2015/2098
f 1990/2072 2015/2098 1991/2073
f 1991/2073 2015/2098 2016/2099
f 1991/2073 2016/2099 1992/2074
f 1992/2074 2016/2099 1993/2100
f 1992/2074 1993/2100 1969/2075
f 1993/2076 2017/2101 2018/2102
f 1993/2076 2018/2102 1994/2077
f 1994/2077 2018/2102 2019/2103
f 1994/2077 2019/2103 1995/2078
f 1995/2078 2019/2103 2020/2104
f 1995/2078 2020/2104 1996/2079
f 1996/2079 2020/2104 2021/2105
f 1996/2079 2021/2105 1997/2080
f 1997/2080 2021/2105 2022/2106
f 1997/2080 2022/2106 1998/2081
f 1998/2081 2022/2106 2023/2107
f 1998/2081 2023/2107 1999/2082
f 1999/2082 2023/2107 2024/2108
f 1999/2082 2024/2108 2000/2083
f 2000/2083 2024/2108 2025/2109
f 2000/2083 2025/2109 2001/2084
f 2001/2084 2025/2109 2026/2110
f 2001/2084 2026/2110 2002/2085
f 2002/2085 2026/2110 2027/2111
f 2002/2085 2027/2111 2003/2086
f 2003/2086 2027/2111 2028/2112
f 2003/2086 2028/2112 2004/2087
f 2004/2087 2028/2112 2029/2113
f 2004/2087 2029/2113 2005/2088
f 2005/2088 2029/2113 2030/2114
f 2005/2088 2030/2114 2006/2089
f 2006/2089 2030/2114 2031/2115
f 2006/2089 2031/2115 2007/2090
f 2007/2090 2031/2115 2032/2116
f 2007/2090 2032/2116 2008/2091
f 2008/2091 2032/2116 2033/2117
f 2008/2091 2033/2117 2009/2092
f 2009/2092 2033/2117 2034/2118
f 2009/2092 2034/2118 2010/2093
f 2010/2093 2034/2118 2035/2119
f 2010/2093 2035/2119 2011/2094
f 2011/2094 2035/2119 2036/2120
f 2011/2094 2036/2120 2012/2095
f 2012/2095 2036/2120 2037/2121
f 2012/2095 2037/2121 2013/2096
f 2013/2096 2037/2121 2038/2122
f 2013/2096 2038/2122 2014/2097
f 2014/2097 2038/2122 2039/2123
f 2014/2097 2039/2123 2015/2098
f 2015/2098 2039/2123 2040/2124
f 2015/2098 2040/2124 2016/2099
f 2016/2099 2040/2124 2017/2125
f 2016/2099 2017/2125 1993/2100
f 2017/2101 2041/2126 2042/2127
f 2017/2101 2042/2127 2018/2102
f 2018/2102 2042/2127 2043/2128
f 2018/2102 2043/2128 2019/2103
f 2019/2103 2043/2128 2044/2129
f 2019/2103 2044/2129 2020/2104
f 2020/2104 2044/2129 2045/2130
f 2020/2104 2045/2130 2021/2105
f 2021/2105 2045/2130 2046/2131
f 2021/2105 2046/2131 2022/2106
f 2022/2106 2046/2131 2047/2132
f 2022/2106 2047/2132 2023/2107
f 2023/2107 2047/2132 2048/2133
f 2023/2107 2048/2133 2024/2108
f 2024/2108 2048/2133 2049/2134
f 2024/2108 2049/2134 2025/2109
f 2025/2109 2049/2134 2050/2135
f 2025/2109 2050/2135 2026/2110
f 2026/2110 2050/2135 2051/2136
f 2026/2110 2051/2136 2027/2111
f 2027/2111 2051/2136 2052/2137
f 2027/2111 2052/2137 2028/2112
f 2028/2112 2052/2137 2053/2138
f 2028/2112 2053/2138 2029/2113
f 2029/2113 2053/2138 2054/2139
f 2029/2113 2054/2139 2030/2114
f 2030/2114 2054/2139 2055/2140
f 2030/2114 2055/2140 2031/2115
f 2031/2115 2055/2140 2056/2141
f 2031/2115 2056/2141 2032/2116
f 2032/2116 2056/2141 2057/2142
f 2032/2116 2057/2142 2033/2117
f 2033/2117 2057/2142 2058/2143
f 2033/2117 2058/2143 2034/2118
f 2034/2118 2058/2143 2059/2144
f 2034/2118 2059/2144 2035/2119
f 2035/2119 2059/2144 2060/2145
f 2035/2119 2060/2145 2036/2120
f 2036/2120 2060/2145 2061/2146
f 2036/2120 2061/2146 2037/2121
f 2037/2121 2061/2146 2062/2147
f 2037/2121 2062/2147 2038/2122
f 2038/2122 2062/2147 2063/2148
f 2038/2122 2063/2148 2039/2123
f 2039/2123 2063/2148 2064/2149
f 2039/2123 2064/2149 2040/2124
f 2040/2124 2064/2149 2041/2150
f 2040/2124 2041/2150 2017/2125
f 2041/2126 2065/2151 2066/2152
f 2041/2126 2066/2152 2042/2127
f 2042/2127 2066/2152 2067/2153
f 2042/2127 2067/2153 2043/2128
f 2043/2128 2067/2153 2068/2154
f 2043/2128 2068/2154 2044/2129
f 2044/2129 2068/2154 2069/2155
f 2044/2129 2069/2155 2045/2130
f 2045/2130 2069/2155 2070/2156
f 2045/2130 2070/2156 2046/2131
f 2046/2131 2070/2156 2071/2157
f 2046/2131 2071/2157 2047/2132
f 2047/2132 2071/2157 2072/2158
f 2047/2132 2072/2158 2048/2133
f 2048/2133 2072/2158 2073/2159
f 2048/2133 2073/2159 2049/2134
f 2049/2134 2073/2159 2074/2160
f 2049/2134 2074/2160 2050/2135
f 2050/2135 2074/2160 2075/2161
f 2050/2135 2075/2161 2051/2136
f 2051/2136 2075/2161 2076/2162
f 2051/2136 2076/2162 2052/2137
f 2052/2137 2076/2162 2077/2163
f 2052/2137 2077/2163 2053/2138
f 2053/2138 2077/2163 2078/2164
f 2053/2138 2078/2164 2054/2139
f 2054/2139 2078/2164 2079/2165
f 2054/2139 2079/2165 2055/2140
f 2055/2140 2079/2165 2080/2166
f 2055/2140 2080/2166 2056/2141
f 2056/2141 2080/2166 2081/2167
f 2056/2141 2081/2167 2057/2142
f 2057/2142 2081/2167 2082/2168
f 2057/2142 2082/2168 2058/2143
f 2058/2143 2082/2168 2083/2169
f 2058/2143 2083/2169 2059/2144
f 2059/2144 2083/2169 2084/2170
f 2059/2144 2084/2170 2060/2145
f 2060/2145 2084/2170 2085/2171
f 2060/2145 2085/2171 2061/2146
f 2061/2146 2085/2171 2086/2172
f 2061/2146 2086/2172 2062/2147
f 2062/2147 2086/2172 2087/2173
f 2062/2147 2087/2173 2063/2148
f 2063/2148 2087/2173 2088/2174
f 2063/2148 2088/2174 2064/2149
f 2064/2149 2088/2174 2065/2175
f 2064/2149 2065/2175 2041/2150
f 2065/2151 2089/2176 2090/2177
f 2065/2151 2090/2177 2066/2152
f 2066/2152 2090/2177 2091/2178
f 2066/2152 2091/2178 2067/2153
f 2067/2153 2091/2178 2092/2179
f 2067/2153 2092/2179 2068/2154
f 2068/2154 2092/2179 2093/2180
f 2068/2154 2093/2180 2069/2155
f 2069/2155 2093/2180 2094/2181
f 2069/2155 2094/2181 2070/2156
f 2070/2156 2094/2181 2095/2182
f 2070/2156 2095/2182 2071/2157
f 2071/2157 2095/2182 2096/2183
f 2071/2157 2096/2183 2072/2158
f 2072/2158 2096/2183 2097/2184
f 2072/2158 2097/2184 2073/2159
f 2073/2159 2097/2184 2098/2185
f 2073/2159 2098/2185 2074/2160
f 2074/2160 2098/2185 2099/2186
f 2074/2160 2099/2186 2075/2161
f 2075/2161 2099/2186 2100/2187
f 2075/2161 2100/2187 2076/2162
f 2076/2162 2100/2187 2101/2188
f 2076/2162 2101/2188 2077/2163
f 2077/2163 2101/2188 2102/2189
f 2077/2163 2102/2189 2078/2164
f 2078/2164 2102/2189 2103/2190
f 2078/2164 2103/2190 2079/2165
f 2079/2165 2103/2190 2104/2191
f 2079/2165 2104/2191 2080/2166
f 2080/2166 2104/2191 2105/2192
f 2080/2166 2105/2192 2081/2167
f 2081/2167 2105/2192 2106/2193
f 2081/2167 2106/2193 2082/2168
f 2082/2168 2106/2193 2107/2194
f 2082/2168 2107/2194 2083/2169
f 2083/2169 2107/2194 2108/2195
f 2083/2169 2108/2195 2084/2170
f 2084/2170 2108/2195 2109/2196
f 2084/2170 2109/2196 2085/2171
f 2085/2171 2109/2196 2110/2197
f 2085/2171 2110/2197 2086/2172
f 2086/2172 2110/2197 2111/2198
f 2086/2172 2111/2198 2087/2173
f 2087/2173 2111/2198 2112/2199
f 2087/2173 2112/2199 2088/2174
f 2088/2174 2112/2199 2089/2200
f 2088/2174 2089/2200 2065/2175
f 2089/2176 2113/2201 2114/2202
f 2089/2176 2114/2202 2090/2177
f 2090/2177 2114/2202 2115/2203
f 2090/2177 2115/2203 2091/2178
f 2091/2178 2115/2203 2116/2204
f 2091/2178 2116/2204 2092/2179
f 2092/2179 2116/2204 2117/2205
f 2092/2179 2117/2205 2093/2180
f 2093/2180 2117/2205 2118/2206
f 2093/2180 2118/2206 2094/2181
f 2094/2181 2118/2206 2119/2207
f 2094/2181 2119/2207 2095/2182
f 2095/2182 2119/2207 2120/2208
f 2095/2182 2120/2208 2096/2183
f 2096/2183 2120/2208 2121/2209
f 2096/2183 2121/2209 2097/2184
f 2097/2184 2121/2209 2122/2210
f 2097/2184 2122/2210 2098/2185
f 2098/2185 2122/2210 2123/2211
f 2098/2185 2123/2211 2099/2186
f 2099/2186 2123/2211 2124/2212
f 2099/2186 2124/2212 2100/2187
f 2100/2187 2124/2212 2125/2213
f 2100/2187 2125/2213 2101/2188
f 2101/2188 2125/2213 2126/2214
f 2101/2188 2126/2214 2102/2189
f 2102/2189 2126/2214 2127/2215
f 2102/2189 2127/2215 2103/2190
f 2103/2190 2127/2215 2128/2216
f 2103/2190 2128/2216 2104/2191
f 2104/2191 2128/2216 2129/2217
f 2104/2191 2129/2217 2105/2192
f 2105/2192 2129/2217 2130/2218
f 2105/2192 2130/2218 2106/2193
f 2106/2193 2130/2218 2131/2219
f 2106/2193 2131/2219 2107/2194
f 2107/2194 2131/2219 2132/2220
f 2107/2194 2132/2220 2108/2195
f 2108/2195 2132/2220 2133/2221
f 2108/2195 2133/2221 2109/2196
f 2109/2196 2133/2221 2134/2222
f 2109/2196 2134/2222 2110/2197
f 2110/2197 2134/2222 2135/2223
f 2110/2197 2135/2223 2111/2198
f 2111/2198 2135/2223 2136/2224
f 2111/2198 2136/2224 2112/2199
f 2112/2199 2136/2224 2113/2225
f 2112/2199 2113/2225 2089/2200
f 2113/2201 2137/2226 2138/2227
f 2113/2201 2138/2227 2114/2202
f 2114/2202 2138/2227 2139/2228
f 2114/2202 2139/2228 2115/2203
f 2115/2203 2139/2228 2140/2229
f 2115/2203 2140/2229 2116/2204
f 2116/2204 2140/2229 2141/2230
f 2116/2204 2141/2230 2117/2205
f 2117/2205 2141/2230 2142/2231
f 2117/2205 2142/2231 2118/2206
f 2118/2206 2142/2231 2143/2232
f 2118/2206 2143/2232 2119/2207
f 2119/2207 2143/2232 2144/2233
f 2119/2207 2144/2233 2120/2208
f 2120/2208 2144/2233 2145/2234
f 2120/2208 2145/2234 2121/2209
f 2121/2209 2145/2234 2146/2235
f 2121/2209 2146/2235 2122/2210
f 2122/2210 2146/2235 2147/2236
f 2122/2210 2147/2236 2123/2211
f 2123/2211 2147/2236 2148/2237
f 2123/2211 2148/2237 2124/2212
f 2124/2212 2148/2237 2149/2238
f 2124/2212 2149/2238 2125/2213
f 2125/2213 2149/2238 2150/2239
f 2125/2213 2150/2239 2126/2214
f 2126/2214 2150/2239 2151/2240
f 2126/2214 2151/2240 2127/2215
f 2127/2215 2151/2240 2152/2241
f 2127/2215 2152/2241 2128/2216
f 2128/2216 2152/2241 2153/2242
f 2128/2216 2153/2242 2129/2217
f 2129/2217 2153/2242 2154/2243
f 2129/2217 2154/2243 2130/2218
f 2130/2218 2154/2243 2155/2244
f 2130/2218 2155/2244 2131/2219
f 2131/2219 2155/2244 2156/2245
f 2131/2219 2156/2245 2132/2220
f 2132/2220 2156/2245 2157/2246
f 2132/2220 2157/2246 2133/2221
f 2133/2221 2157/2246 2158/2247
f 2133/2221 2158/2247 2134/2222
f 2134/2222 2158/2247 2159/2248
f 2134/2222 2159/2248 2135/2223
f 2135/2223 2159/2248 2160/2249
f 2135/2223 2160/2249 2136/2224
f 2136/2224 2160/2249 2137/2250
f 2136/2224 2137/2250 2113/2225
f 2137/2226 2161/2251 2162/2252
f 2137/2226 2162/2252 2138/2227
f 2138/2227 2162/2252 2163/2253
f 2138/2227 2163/2253 2139/2228
f 2139/2228 2163/2253 2164/2254
f 2139/2228 2164/2254 2140/2229
f 2140/2229 2164/2254 2165/2255
f 2140/2229 2165/2255 2141/2230
f 2141/2230 2165/2255 2166/2256
f 2141/2230 2166/2256 2142/2231
f 2142/2231 2166/2256 2167/2257
f 2142/2231 2167/2257 2143/2232
f 2143/2232 2167/2257 2168/2258
f 2143/2232 2168/2258 2144/2233
f 2144/2233 2168/2258 2169/2259
f 2144/2233 2169/2259 2145/2234
f 2145/2234 2169/2259 2170/2260
f 2145/2234 2170/2260 2146/2235
f 2146/2235 2170/2260 2171/2261
f 2146/2235 2171/2261 2147/2236
f 2147/2236 2171/2261 2172/2262
f 2147/2236 2172/2262 2148/2237
f 2148/2237 2172/2262 2173/2263
f 2148/2237 2173/2263 2149/2238
f 2149/2238 2173/2263 2174/2264
f 2149/2238 2174/2264 2150/2239
f 2150/2239 2174/2264 2175/2265
f 2150/2239 2175/2265 2151/2240
f 2151/2240 2175/2265 2176/2266
f 2151/2240 2176/2266 2152/2241
f 2152/2241 2176/2266 2177/2267
f 2152/2241 2177/2267 2153/2242
f 2153/2242 2177/2267 2178/2268
f 2153/2242 2178/2268 2154/2243
f 2154/2243 2178/2268 2179/2269
f 2154/2243 2179/2269 2155/2244
f 2155/2244 2179/2269 2180/2270
f 2155/2244 2180/2270 2156/2245
f 2156/2245 2180/2270 2181/2271
f 2156/2245 2181/2271 2157/2246
f 2157/2246 2181/2271 2182/2272
f 2157/2246 2182/2272 2158/2247
f 2158/2247 2182/2272 2183/2273
f 2158/2247 2183/2273 2159/2248
f 2159/2248 2183/2273 2184/2274
f 2159/2248 2184/2274 2160/2249
f 2160/2249 2184/2274 2161/2275
f 2160/2249 2161/2275 2137/2250
f 2161/2251 2185/2276 2186/2277
f 2161/2251 2186/2277 2162/2252
f 2162/2252 2186/2277 2187/2278
f 2162/2252 2187/2278 2163/2253
f 2163/2253 2187/2278 2188/2279
f 2163/2253 2188/2279 2164/2254
f 2164/2254 2188/2279 2189/2280
f 2164/2254 2189/2280 2165/2255
f 2165/2255 2189/2280 2190/2281
f 2165/2255 2190/2281 2166/2256
f 2166/2256 2190/2281 2191/2282
f 2166/2256 2191/2282 2167/2257
f 2167/2257 2191/2282 2192/2283
f 2167/2257 2192/2283 2168/2258
f 2168/2258 2192/2283 2193/2284
f 2168/2258 2193/2284 2169/2259
f 2169/2259 2193/2284 2194/2285
f 2169/2259 2194/2285 2170/2260
f 2170/2260 2194/2285 2195/2286
f 2170/2260 2195/2286 2171/2261
f 2171/2261 2195/2286 2196/2287
f 2171/2261 2196/2287 2172/2262
f 2172/2262 2196/2287 2197/2288
f 2172/2262 2197/2288 2173/2263
f 2173/2263 2197/2288 2198/2289
f 2173/2263 2198/2289 2174/2264
f 2174/2264 2198/2289 2199/2290
f 2174/2264 2199/2290 2175/2265
f 2175/2265 2199/2290 2200/2291
f 2175/2265 2200/2291 2176/2266
f 2176/2266 2200/2291 2201/2292
f 2176/2266 2201/2292 2177/2267
f 2177/2267 2201/2292 2202/2293
f 2177/2267 2202/2293 2178/2268
f 2178/2268 2202/2293 2203/2294
f 2178/2268 2203/2294 2179/2269
f 2179/2269 2203/2294 2204/2295
f 2179/2269 2204/2295 2180/2270
f 2180/2270 2204/2295 2205/2296
f 2180/2270 2205/2296 2181/2271
f 2181/2271 2205/2296 2206/2297
f 2181/2271 2206/2297 2182/2272
f 2182/2272 2206/2297 2207/2298
f 2182/2272 2207/2298 2183/2273
f 2183/2273 2207/2298 2208/2299
f 2183/2273 2208/2299 2184/2274
f 2184/2274 2208/2299 2185/2300
f 2184/2274 2185/2300 2161/2275
f 2185/2276 2209/2301 2210/2302
f 2185/2276 2210/2302 2186/2277
f 2186/2277 2210/2302 2211/2303
f 2186/2277 2211/2303 2187/2278
f 2187/2278 2211/2303 2212/2304
f 2187/2278 2212/2304 2188/2279
f 2188/2279 2212/2304 2213/2305
f 2188/2279 2213/2305 2189/2280
f 2189/2280 2213/2305 2214/2306
f 2189/2280 2214/2306 2190/2281
f 2190/2281 2214/2306 2215/2307
f 2190/2281 2215/2307 2191/2282
f 2191/2282 2215/2307 2216/2308
f 2191/2282 2216/2308 2192/2283
f 2192/2283 2216/2308 2217/2309
f 2192/2283 2217/2309 2193/2284
f 2193/2284 2217/2309 2218/2310
f 2193/2284 2218/2310 2194/2285
f 2194/2285 2218/2310 2219/2311
f 2194/2285 2219/2311 2195/2286
f 2195/2286 2219/2311 2220/2312
f 2195/2286 2220/2312 2196/2287
f 2196/2287 2220/2312 2221/2313
f 2196/2287 2221/2313 2197/2288
f 2197/2288 2221/2313 2222/2314
f 2197/2288 2222/2314 2198/2289
f 2198/2289 2222/2314 2223/2315
f 2198/2289 2223/2315 2199/2290
f 2199/2290 2223/2315 2224/2316
f 2199/2290 2224/2316 2200/2291
f 2200/2291 2224/2316 2225/2317
f 2200/2291 2225/2317 2201/2292
f 2201/2292 2225/2317 2226/2318
f 2201/2292 2226/2318 2202/2293
f 2202/2293 2226/2318 2227/2319
f 2202/2293 2227/2319 2203/2294
f 2203/2294 2227/2319 2228/2320
f 2203/2294 2228/2320 2204/2295
f 2204/2295 2228/2320 2229/2321
f 2204/2295 2229/2321 2205/2296
f 2205/2296 2229/2321 2230/2322
f 2205/2296 2230/2322 2206/2297
f 2206/2297 2230/2322 2231/2323
f 2206/2297 2231/2323 2207/2298
f 2207/2298 2231/2323 2232/2324
f 2207/2298 2232/2324 2208/2299
f 2208/2299 2232/2324 2209/2325
f 2208/2299 2209/2325 2185/2300
f 2209/2301 2233/2326 2234/2327
f 2209/2301 2234/2327 2210/2302
f 2210/2302 2234/2327 2235/2328
f 2210/2302 2235/2328 2211/2303
f 2211/2303 2235/2328 2236/2329
f 2211/2303 2236/2329 2212/2304
f 2212/2304 2236/2329 2237/2330
f 2212/2304 2237/2330 2213/2305
f 2213/2305 2237/2330 2238/2331
f 2213/2305 2238/2331 2214/2306
f 2214/2306 2238/2331 2239/2332
f 2214/2306 2239/2332 2215/2307
f 2215/2307 2239/2332 2240/2333
f 2215/2307 2240/2333 2216/2308
f 2216/2308 2240/2333 2241/2334
f 2216/2308 2241/2334 2217/2309
f 2217/2309 2241/2334 2242/2335
f 2217/2309 2242/2335 2218/2310
f 2218/2310 2242/2335 2243/2336
f 2218/2310 2243/2336 2219/2311
f 2219/2311 2243/2336 2244/2337
f 2219/2311 2244/2337 2220/2312
f 2220/2312 2244/2337 2245/2338
f 2220/2312 2245/2338 2221/2313
f 2221/2313 2245/2338 2246/2339
f 2221/2313 2246/2339 2222/2314
f 2222/2314 2246/2339 2247/2340
f 2222/2314 2247/2340 2223/2315
f 2223/2315 2247/2340 2248/2341
f 2223/2315 2248/2341 2224/2316
f 2224/2316 2248/2341 2249/2342
f 2224/2316 2249/2342 2225/2317
f 2225/2317 2249/2342 2250/2343
f 2225/2317 2250/2343 2226/2318
f 2226/2318 2250/2343 2251/2344
f 2226/2318 2251/2344 2227/2319
f 2227/2319 2251/2344 2252/2345
f 2227/2319 2252/2345 2228/2320
f 2228/2320 2252/2345 2253/2346
f 2228/2320 2253/2346 2229/2321
f 2229/2321 2253/2346 2254/2347
f 2229/2321 2254/2347 2230/2322
f 2230/2322 2254/2347 2255/2348
f 2230/2322 2255/2348 2231/2323
f 2231/2323 2255/2348 2256/2349
f 2231/2323 2256/2349 2232/2324
f 2232/2324 2256/2349 2233/2350
f 2232/2324 2233/2350 2209/2325
f 2233/2326 2257/2351 2258/2352
f 2233/2326 2258/2352 2234/2327
f 2234/2327 2258/2352 2259/2353
f 2234/2327 2259/2353 2235/2328
f 2235/2328 2259/2353 2260/2354
f 2235/2328 2260/2354 2236/2329
f 2236/2329 2260/2354 2261/2355
f 2236/2329 2261/2355 2237/2330
f 2237/2330 2261/2355 2262/2356
f 2237/2330 2262/2356 2238/2331
f 2238/2331 2262/2356 2263/2357
f 2238/2331 2263/2357 2239/2332
f 2239/2332 2263/2357 2264/2358
f 2239/2332 2264/2358 2240/2333
f 2240/2333 2264/2358 2265/2359
f 2240/2333 2265/2359 2241/2334
f 2241/2334 2265/2359 2266/2360
f 2241/2334 2266/2360 2242/2335
f 2242/2335 2266/2360 2267/2361
f 2242/2335 2267/2361 2243/2336
f 2243/2336 2267/2361 2268/2362
f 2243/2336 2268/2362 2244/2337
f 2244/2337 2268/2362 2269/2363
f 2244/2337 2269/2363 2245/2338
f 2245/2338 2269/2363 2270/2364
f 2245/2338 2270/2364 2246/2339
f 2246/2339 2270/2364 2271/2365
f 2246/2339 2271/2365 2247/2340
f 2247/2340 2271/2365 2272/2366
f 2247/2340 2272/2366 2248/2341
f 2248/2341 2272/2366 2273/2367
f 2248/2341 2273/2367 2249/2342
f 2249/2342 2273/2367 2274/2368
f 2249/2342 2274/2368 2250/2343
f 2250/2343 2274/2368 2275/2369
f 2250/2343 2275/2369 2251/2344
f 2251/2344 2275/2369 2276/2370
f 2251/2344 2276/2370 2252/2345
f 2252/2345 2276/2370 2277/2371
f 2252/2345 2277/2371 2253/2346
f 2253/2346 2277/2371 2278/2372
f 2253/2346 2278/2372 2254/2347
f 2254/2347 2278/2372 2279/2373
f 2254/2347 2279/2373 2255/2348
f 2255/2348 2279/2373 2280/2374
f 2255/2348 2280/2374 2256/2349
f 2256/2349 2280/2374 2257/2375
f 2256/2349 2257/2375 2233/2350
f 2257/2351 2281/2376 2282/2377
f 2257/2351 2282/2377 2258/2352
f 2258/2352 2282/2377 2283/2378
f 2258/2352 2283/2378 2259/2353
f 2259/2353 2283/2378 2284/2379
f 2259/2353 2284/2379 2260/2354
f 2260/2354 2284/2379 2285/2380
f 2260/2354 2285/2380 2261/2355
f 2261/2355 2285/2380 2286/2381
f 2261/2355 2286/2381 2262/2356
f 2262/2356 2286/2381 2287/2382
f 2262/2356 2287/2382 2263/2357
f 2263/2357 2287/2382 2288/2383
f 2263/2357 2288/2383 2264/2358
f 2264/2358 2288/2383 2289/2384
f 2264/2358 2289/2384 2265/2359
f 2265/2359 2289/2384 2290/2385
f 2265/2359 2290/2385 2266/2360
f 2266/2360 2290/2385 2291/2386
f 2266/2360 2291/2386 2267/2361
f 2267/2361 2291/2386 2292/2387
f 2267/2361 2292/2387 2268/2362
f 2268/2362 2292/2387 2293/2388
f 2268/2362 2293/2388 2269/2363
f 2269/2363 2293/2388 2294/2389
f 2269/2363 2294/2389 2270/2364
f 2270/2364 2294/2389 2295/2390
f 2270/2364 2295/2390 2271/2365
f 2271/2365 2295/2390 2296/2391
f 2271/2365 2296/2391 2272/2366
f 2272/2366 2296/2391 2297/2392
f 2272/2366 2297/2392 2273/2367
f 2273/2367 2297/2392 2298/2393
f 2273/2367 2298/2393 2274/2368
f 2274/2368 2298/2393 2299/2394
f 2274/2368 2299/2394 2275/2369
f 2275/2369 2299/2394 2300/2395
f 2275/2369 2300/2395 2276/2370
f 2276/2370 2300/2395 2301/2396
f 2276/2370 2301/2396 2277/2371
f 2277/2371 2301/2396 2302/2397
f 2277/2371 2302/2397 2278/2372
f 2278/2372 2302/2397 2303/2398
f 2278/2372 2303/2398 2279/2373
f 2279/2373 2303/2398 2304/2399
f 2279/2373 2304/2399 2280/2374
f 2280/2374 2304/2399 2281/2400
f 2280/2374 2281/2400 2257/2375
f 2281/2376 2305/2401 2306/2402
f 2281/2376 2306/2402 2282/2377
f 2282/2377 2306/2402 2307/2403
f 2282/2377 2307/2403 2283/2378
f 2283/2378 2307/2403 2308/2404
f 2283/2378 2308/2404 2284/2379
f 2284/2379 2308/2404 2309/2405
f 2284/2379 2309/2405 2285/2380
f 2285/2380 2309/2405 2310/2406
f 2285/2380 2310/2406 2286/2381
f 2286/2381 2310/2406 2311/2407
f 2286/2381 2311/2407 2287/2382
f 2287/2382 2311/2407 2312/2408
f 2287/2382 2312/2408 2288/2383
f 2288/2383 2312/2408 2313/2409
f 2288/2383 2313/2409 2289/2384
f 2289/2384 2313/2409 2314/2410
f 2289/2384 2314/2410 2290/2385
f 2290/2385 2314/2410 2315/2411
f 2290/2385 2315/2411 2291/2386
f 2291/2386 2315/2411 2316/2412
f 2291/2386 2316/2412 2292/2387
f 2292/2387 2316/2412 2317/2413
f 2292/2387 2317/2413 2293/2388
f 2293/2388 2317/2413 2318/2414
f 2293/2388 2318/2414 2294/2389
f 2294/2389 2318/2414 2319/2415
f 2294/2389 2319/2415 2295/2390
f 2295/2390 2319/2415 2320/2416
f 2295/2390 2320/2416 2296/2391
f 2296/2391 2320/2416 2321/2417
f 2296/2391 2321/2417 2297/2392
f 2297/2392 2321/2417 2322/2418
f 2297/2392 2322/2418 2298/2393
f 2298/2393 2322/2418 2323/2419
f 2298/2393 2323/2419 2299/2394
f 2299/2394 2323/2419 2324/2420
f 2299/2394 2324/2420 2300/2395
f 2300/2395 2324/2420 2325/2421
f 2300/2395 2325/2421 2301/2396
f 2301/2396 2325/2421 2326/2422
f 2301/2396 2326/2422 2302/2397
f 2302/2397 2326/2422 2327/2423
f 2302/2397 2327/2423 2303/2398
f 2303/2398 2327/2423 2328/2424
f 2303/2398 2328/2424 2304/2399
f 2304/2399 2328/2424 2305/2425
f 2304/2399 2305/2425 2281/2400
f 2305/2401 2329/2426 2330/2427
f 2305/2401 2330/2427 2306/2402
f 2306/2402 2330/2427 2331/2428
f 2306/2402 2331/2428 2307/2403
f 2307/2403 2331/2428 2332/2429
f 2307/2403 2332/2429 2308/2404
f 2308/2404 2332/2429 2333/2430
f 2308/2404 2333/2430 2309/2405
f 2309/2405 2333/2430 2334/2431
f 2309/2405 2334/2431 2310/2406
f 2310/2406 2334/2431 2335/2432
f 2310/2406 2335/2432 2311/2407
f 2311/2407 2335/2432 2336/2433
f 2311/2407 2336/2433 2312/2408
f 2312/2408 2336/2433 2337/2434
f 2312/2408 2337/2434 2313/2409
f 2313/2409 2337/2434 2338/2435
f 2313/2409 2338/2435 2314/2410
f 2314/2410 2338/2435 2339/2436
f 2314/2410 2339/2436 2315/2411
f 2315/2411 2339/2436 2340/2437
f 2315/2411 2340/2437 2316/2412
f 2316/2412 2340/2437 2341/2438
f 2316/2412 2341/2438 2317/2413
f 2317/2413 2341/2438 2342/2439
f 2317/2413 2342/2439 2318/2414
f 2318/2414 2342/2439 2343/2440
f 2318/2414 2343/2440 2319/2415
f 2319/2415 2343/2440 2344/2441
f 2319/2415 2344/2441 2320/2416
f 2320/2416 2344/2441 2345/2442
f 2320/2416 2345/2442 2321/2417
f 2321/2417 2345/2442 2346/2443
f 2321/2417 2346/2443 2322/2418
f 2322/2418 2346/2443 2347/2444
f 2322/2418 2347/2444 2323/2419
f 2323/2419 2347/2444 2348/2445
f 2323/2419 2348/2445 2324/2420
f 2324/2420 2348/2445 2349/2446
f 2324/2420 2349/2446 2325/2421
f 2325/2421 2349/2446 2350/2447
f 2325/2421 2350/2447 2326/2422
f 2326/2422 2350/2447 2351/2448
f 2326/2422 2351/2448 2327/2423
f 2327/2423 2351/2448 2352/2449
f 2327/2423 2352/2449 2328/2424
f 2328/2424 2352/2449 2329/2450
f 2328/2424 2329/2450 2305/2425
f 2329/2426 2353/2451 2354/2452
f 2329/2426 2354/2452 2330/2427
f 2330/2427 2354/2452 2355/2453
f 2330/2427 2355/2453 2331/2428
f 2331/2428 2355/2453 2356/2454
f 2331/2428 2356/2454 2332/2429
f 2332/2429 2356/2454 2357/2455
f 2332/2429 2357/2455 2333/2430
f 2333/2430 2357/2455 2358/2456
f 2333/2430 2358/2456 2334/2431
f 2334/2431 2358/2456 2359/2457
f 2334/2431 2359/2457 2335/2432
f 2335/2432 2359/2457 2360/2458
f 2335/2432 2360/2458 2336/2433
f 2336/2433 2360/2458 2361/2459
f 2336/2433 2361/2459 2337/2434
f 2337/2434 2361/2459 2362/2460
f 2337/2434 2362/2460 2338/2435
f 2338/2435 2362/2460 2363/2461
f 2338/2435 2363/2461 2339/2436
f 2339/2436 2363/2461 2364/2462
f 2339/2436 2364/2462 2340/2437
f 2340/2437 2364/2462 2365/2463
f 2340/2437 2365/2463 2341/2438
f 2341/2438 2365/2463 2366/2464
f 2341/2438 2366/2464 2342/2439
f 2342/2439 2366/2464 2367/2465
f 2342/2439 2367/2465 2343/2440
f 2343/2440 2367/2465 2368/2466
f 2343/2440 2368/2466 2344/2441
f 2344/2441 2368/2466 2369/2467
f 2344/2441 2369/2467 2345/2442
f 2345/2442 2369/2467 2370/2468
f 2345/2442 2370/2468 2346/2443
f 2346/2443 2370/2468 2371/2469
f 2346/2443 2371/2469 2347/2444
f 2347/2444 2371/2469 2372/2470
f 2347/2444 2372/2470 2348/2445
f 2348/2445 2372/2470 2373/2471
f 2348/2445 2373/2471 2349/2446
f 2349/2446 2373/2471 2374/2472
f 2349/2446 2374/2472 2350/2447
f 2350/2447 2374/2472 2375/2473
f 2350/2447 2375/2473 2351/2448
f 2351/2448 2375/2473 2376/2474
f 2351/2448 2376/2474 2352/2449
f 2352/2449 2376/2474 2353/2475
f 2352/2449 2353/2475 2329/2450
f 2353/2451 2377/2476 2378/2477
f 2353/2451 2378/2477 2354/2452
f 2354/2452 2378/2477 2379/2478
f 2354/2452 2379/2478 2355/2453
f 2355/2453 2379/2478 2380/2479
f 2355/2453 2380/2479 2356/2454
f 2356/2454 2380/2479 2381/2480
f 2356/2454 2381/2480 2357/2455
f 2357/2455 2381/2480 2382/2481
f 2357/2455 2382/2481 2358/2456
f 2358/2456 2382/2481 2383/2482
f 2358/2456 2383/2482 2359/2457
f 2359/2457 2383/2482 2384/2483
f 2359/2457 2384/2483 2360/2458
f 2360/2458 2384/2483 2385/2484
f 2360/2458 2385/2484 2361/2459
f 2361/2459 2385/2484 2386/2485
f 2361/2459 2386/2485 2362/2460
f 2362/2460 2386/2485 2387/2486
f 2362/2460 2387/2486 2363/2461
f 2363/2461 2387/2486 2388/2487
f 2363/2461 2388/2487 2364/2462
f 2364/2462 2388/2487 2389/2488
f 2364/2462 2389/2488 2365/2463
f 2365/2463 2389/2488 2390/2489
f 2365/2463 2390/2489 2366/2464
f 2366/2464 2390/2489 2391/2490
f 2366/2464 2391/2490 2367/2465
f 2367/2465 2391/2490 2392/2491
f 2367/2465 2392/2491 2368/2466
f 2368/2466 2392/2491 2393/2492
f 2368/2466 2393/2492 2369/2467
f 2369/2467 2393/2492 2394/2493
f 2369/2467 2394/2493 2370/2468
f 2370/2468 2394/2493 2395/2494
f 2370/2468 2395/2494 2371/2469
f 2371/2469 2395/2494 2396/2495
f 2371/2469 2396/2495 2372/2470
f 2372/2470 2396/2495 2397/2496
f 2372/2470 2397/2496 2373/2471
f 2373/2471 2397/2496 2398/2497
f 2373/2471 2398/2497 2374/2472
f 2374/2472 2398/2497 2399/2498
f 2374/2472 2399/2498 2375/2473
f 2375/2473 2399/2498 2400/2499
f 2375/2473 2400/2499 2376/2474
f 2376/2474 2400/2499 2377/2500
f 2376/2474 2377/2500 2353/2475
f 2377/2476 2401/2501 2402/2502
f 2377/2476 2402/2502 2378/2477
f 2378/2477 2402/2502 2403/2503
f 2378/2477 2403/2503 2379/2478
f 2379/2478 2403/2503 2404/2504
f 2379/2478 2404/2504 2380/2479
f 2380/2479 2404/2504 2405/2505
f 2380/2479 2405/2505 2381/2480
f 2381/2480 2405/2505 2406/2506
f 2381/2480 2406/2506 2382/2481
f 2382/2481 2406/2506 2407/2507
f 2382/2481 2407/2507 2383/2482
f 2383/2482 2407/2507 2408/2508
f 2383/2482 2408/2508 2384/2483
f 2384/2483 2408/2508 2409/2509
f 2384/2483 2409/2509 2385/2484
f 2385/2484 2409/2509 2410/2510
f 2385/2484 2410/2510 2386/2485
f 2386/2485 2410/2510 2411/2511
f 2386/2485 2411/2511 2387/2486
f 2387/2486 2411/2511 2412/2512
f 2387/2486 2412/2512 2388/2487
f 2388/2487 2412/2512 2413/2513
f 2388/2487 2413/2513 2389/2488
f 2389/2488 2413/2513 2414/2514
f 2389/2488 2414/2514 2390/2489
f 2390/2489 2414/2514 2415/2515
f 2390/2489 2415/2515 2391/2490
f 2391/2490 2415/2515 2416/2516
f 2391/2490 2416/2516 2392/2491
f 2392/2491 2416/2516 2417/2517
f 2392/2491 2417/2517 2393/2492
f 2393/2492 2417/2517 2418/2518
f 2393/2492 2418/2518 2394/2493
f 2394/2493 2418/2518 2419/2519
f 2394/2493 2419/2519 2395/2494
f 2395/2494 2419/2519 2420/2520
f 2395/2494 2420/2520 2396/2495
f 2396/2495 2420/2520 2421/2521
f 2396/2495 2421/2521 2397/2496
f 2397/2496 2421/2521 2422/2522
f 2397/2496 2422/2522 2398/2497
f 2398/2497 2422/2522 2423/2523
f 2398/2497 2423/2523 2399/2498
f 2399/2498 2423/2523 2424/2524
f 2399/2498 2424/2524 2400/2499
f 2400/2499 2424/2524 2401/2525
f 2400/2499 2401/2525 2377/2500
f 2401/2501 2425/2526 2426/2527
f 2401/2501 2426/2527 2402/2502
f 2402/2502 2426/2527 2427/2528
f 2402/2502 2427/2528 2403/2503
f 2403/2503 2427/2528 2428/2529
f 2403/2503 2428/2529 2404/2504
f 2404/2504 2428/2529 2429/2530
f 2404/2504 2429/2530 2405/2505
f 2405/2505 2429/2530 2430/2531
f 2405/2505 2430/2531 2406/2506
f 2406/2506 2430/2531 2431/2532
f 2406/2506 2431/2532 2407/2507
f 2407/2507 2431/2532 2432/2533
f 2407/2507 2432/2533 2408/2508
f 2408/2508 2432/2533 2433/2534
f 2408/2508 2433/2534 2409/2509
f 2409/2509 2433/2534 2434/2535
f 2409/2509 2434/2535 2410/2510
f 2410/2510 2434/2535 2435/2536
f 2410/2510 2435/2536 2411/2511
f 2411/2511 2435/2536 2436/2537
f 2411/2511 2436/2537 2412/2512
f 2412/2512 2436/2537 2437/2538
f 2412/2512 2437/2538 2413/2513
f 2413/2513 2437/2538 2438/2539
f 2413/2513 2438/2539 2414/2514
f 2414/2514 2438/2539 2439/2540
f 2414/2514 2439/2540 2415/2515
f 2415/2515 2439/2540 2440/2541
f 2415/2515 2440/2541 2416/2516
f 2416/2516 2440/2541 2441/2542
f 2416/2516 2441/2542 2417/2517
f 2417/2517 2441/2542 2442/2543
f 2417/2517 2442/2543 2418/2518
f 2418/2518 2442/2543 2443/2544
f 2418/2518 2443/2544 2419/2519
f 2419/2519 2443/2544 2444/2545
f 2419/2519 2444/2545 2420/2520
f 2420/2520 2444/2545 2445/2546
f 2420/2520 2445/2546 2421/2521
f 2421/2521 2445/2546 2446/2547
f 2421/2521 2446/2547 2422/2522
f 2422/2522 2446/2547 2447/2548
f 2422/2522 2447/2548 2423/2523
f 2423/2523 2447/2548 2448/2549
f 2423/2523 2448/2549 2424/2524
f 2424/2524 2448/2549 2425/2550
f 2424/2524 2425/2550 2401/2525
f 2425/2526 2449/2551 2450/2552
f 2425/2526 2450/2552 2426/2527
f 2426/2527 2450/2552 2451/2553
f 2426/2527 2451/2553 2427/2528
f 2427/2528 2451/2553 2452/2554
f 2427/2528 2452/2554 2428/2529
f 2428/2529 2452/2554 2453/2555
f 2428/2529 2453/2555 2429/2530
f 2429/2530 2453/2555 2454/2556
f 2429/2530 2454/2556 2430/2531
f 2430/2531 2454/2556 2455/2557
f 2430/2531 2455/2557 2431/2532
f 2431/2532 2455/2557 2456/2558
f 2431/2532 2456/2558 2432/2533
f 2432/2533 2456/2558 2457/2559
f 2432/2533 2457/2559 2433/2534
f 2433/2534 2457/2559 2458/2560
f 2433/2534 2458/2560 2434/2535
f 2434/2535 2458/2560 2459/2561
f 2434/2535 2459/2561 2435/2536
f 2435/2536 2459/2561 2460/2562
f 2435/2536 2460/2562 2436/2537
f 2436/2537 2460/2562 2461/2563
f 2436/2537 2461/2563 2437/2538
f 2437/2538 2461/2563 2462/2564
f 2437/2538 2462/2564 2438/2539
f 2438/2539 2462/2564 2463/2565
f 2438/2539 2463/2565 2439/2540
f 2439/2540 2463/2565 2464/2566
f 2439/2540 2464/2566 2440/2541
f 2440/2541 2464/2566 2465/2567
f 2440/2541 2465/2567 2441/2542
f 2441/2542 2465/2567 2466/2568
f 2441/2542 2466/2568 2442/2543
f 2442/2543 2466/2568 2467/2569
f 2442/2543 2467/2569 2443/2544
f 2443/2544 2467/2569 2468/2570
f 2443/2544 2468/2570 2444/2545
f 2444/2545 2468/2570 2469/2571
f 2444/2545 2469/2571 2445/2546
f 2445/2546 2469/2571 2470/2572
f 2445/2546 2470/2572 2446/2547
f 2446/2547 2470/2572 2471/2573
f 2446/2547 2471/2573 2447/2548
f 2447/2548 2471/2573 2472/2574
f 2447/2548 2472/2574 2448/2549
f 2448/2549 2472/2574 2449/2575
f 2448/2549 2449/2575 2425/2550
f 2449/2551 2473/2576 2474/2577
f 2449/2551 2474/2577 2450/2552
f 2450/2552 2474/2577 2475/2578
f 2450/2552 2475/2578 2451/2553
f 2451/2553 2475/2578 2476/2579
f 2451/2553 2476/2579 2452/2554
f 2452/2554 2476/2579 2477/2580
f 2452/2554 2477/2580 2453/2555
f 2453/2555 2477/2580 2478/2581
f 2453/2555 2478/2581 2454/2556
f 2454/2556 2478/2581 2479/2582
f 2454/2556 2479/2582 2455/2557
f 2455/2557 2479/2582 2480/2583
f 2455/2557 2480/2583 2456/2558
f 2456/2558 2480/2583 2481/2584
f 2456/2558 2481/2584 2457/2559
f 2457/2559 2481/2584 2482/2585
f 2457/2559 2482/2585 2458/2560
f 2458/2560 2482/2585 2483/2586
f 2458/2560 2483/2586 2459/2561
f 2459/2561 2483/2586 2484/2587
f 2459/2561 2484/2587 2460/2562
f 2460/2562 2484/2587 2485/2588
f 2460/2562 2485/2588 2461/2563
f 2461/2563 2485/2588 2486/2589
f 2461/2563 2486/2589 2462/2564
f 2462/2564 2486/2589 2487/2590
f 2462/2564 2487/2590 2463/2565
f 2463/2565 2487/2590 2488/2591
f 2463/2565 2488/2591 2464/2566
f 2464/2566 2488/2591 2489/2592
f 2464/2566 2489/2592 2465/2567
f 2465/2567 2489/2592 2490/2593
f 2465/2567 2490/2593 2466/2568
f 2466/2568 2490/2593 2491/2594
f 2466/2568 2491/2594 2467/2569
f 2467/2569 2491/2594 2492/2595
f 2467/2569 2492/2595 2468/2570
f 2468/2570 2492/2595 2493/2596
f 2468/2570 2493/2596 2469/2571
f 2469/2571 2493/2596 2494/2597
f 2469/2571 2494/2597 2470/2572
f 2470/2572 2494/2597 2495/2598
f 2470/2572 2495/2598 2471/2573
f 2471/2573 2495/2598 2496/2599
f 2471/2573 2496/2599 2472/2574
f 2472/2574 2496/2599 2473/2600
f 2472/2574 2473/2600 2449/2575
f 2473/2576 2497/2601 2498/2602
f 2473/2576 2498/2602 2474/2577
f 2474/2577 2498/2602 2499/2603
f 2474/2577 2499/2603 2475/2578
f 2475/2578 2499/2603 2500/2604
f 2475/2578 2500/2604 2476/2579
f 2476/2579 2500/2604 2501/2605
f 2476/2579 2501/2605 2477/2580
f 2477/2580 2501/2605 2502/2606
f 2477/2580 2502/2606 2478/2581
f 2478/2581 2502/2606 2503/2607
f 2478/2581 2503/2607 2479/2582
f 2479/2582 2503/2607 2504/2608
f 2479/2582 2504/2608 2480/2583
f 2480/2583 2504/2608 2505/2609
f 2480/2583 2505/2609 2481/2584
f 2481/2584 2505/2609 2506/2610
f 2481/2584 2506/2610 2482/2585
f 2482/2585 2506/2610 2507/2611
f 2482/2585 2507/2611 2483/2586
f 2483/2586 2507/2611 2508/2612
f 2483/2586 2508/2612 2484/2587
f 2484/2587 2508/2612 2509/2613
f 2484/2587 2509/2613 2485/2588
f 2485/2588 2509/2613 2510/2614
f 2485/2588 2510/2614 2486/2589
f 2486/2589 2510/2614 2511/2615
f 2486/2589 2511/2615 2487/2590
f 2487/2590 2511/2615 2512/2616
f 2487/2590 2512/2616 2488/2591
f 2488/2591 2512/2616 2513/2617
f 2488/2591 2513/2617 2489/2592
f 2489/2592 2513/2617 2514/2618
f 2489/2592 2514/2618 2490/2593
f 2490/2593 2514/2618 2515/2619
f 2490/2593 2515/2619 2491/2594
f 2491/2594 2515/2619 2516/2620
f 2491/2594 2516/2620 2492/2595
f 2492/2595 2516/2620 2517/2621
f 2492/2595 2517/2621 2493/2596
f 2493/2596 2517/2621 2518/2622
f 2493/2596 2518/2622 2494/2597
f 2494/2597 2518/2622 2519/2623
f 2494/2597 2519/2623 2495/2598
f 2495/2598 2519/2623 2520/2624
f 2495/2598 2520/2624 2496/2599
f 2496/2599 2520/2624 2497/2625
f 2496/2599 2497/2625 2473/2600
f 2497/2601 2521/2626 2522/2627
f 2497/2601 2522/2627 2498/2602
f 2498/2602 2522/2627 2523/2628
f 2498/2602 2523/2628 2499/2603
f 2499/2603 2523/2628 2524/2629
f 2499/2603 2524/2629 2500/2604
f 2500/2604 2524/2629 2525/2630
f 2500/2604 2525/2630 2501/2605
f 2501/2605 2525/2630 2526/2631
f 2501/2605 2526/2631 2502/2606
f 2502/2606 2526/2631 2527/2632
f 2502/2606 2527/2632 2503/2607
f 2503/2607 2527/2632 2528/2633
f 2503/2607 2528/2633 2504/2608
f 2504/2608 2528/2633 2529/2634
f 2504/2608 2529/2634 2505/2609
f 2505/2609 2529/2634 2530/2635
f 2505/2609 2530/2635 2506/2610
f 2506/2610 2530/2635 2531/2636
f 2506/2610 2531/2636 2507/2611
f 2507/2611 2531/2636 2532/2637
f 2507/2611 2532/2637 2508/2612
f 2508/2612 2532/2637 2533/2638
f 2508/2612 2533/2638 2509/2613
f 2509/2613 2533/2638 2534/2639
f 2509/2613 2534/2639 2510/2614
f 2510/2614 2534/2639 2535/2640
f 2510/2614 2535/2640 2511/2615
f 2511/2615 2535/2640 2536/2641
f 2511/2615 2536/2641 2512/2616
f 2512/2616 2536/2641 2537/2642
f 2512/2616 2537/2642 2513/2617
f 2513/2617 2537/2642 2538/2643
f 2513/2617 2538/2643 2514/2618
f 2514/2618 2538/2643 2539/2644
f 2514/2618 2539/2644 2515/2619
f 2515/2619 2539/2644 2540/2645
f 2515/2619 2540/2645 2516/2620
f 2516/2620 2540/2645 2541/2646
f 2516/2620 2541/2646 2517/2621
f 2517/2621 2541/2646 2542/2647
f 2517/2621 2542/2647 2518/2622
f 2518/2622 2542/2647 2543/2648
f 2518/2622 2543/2648 2519/2623
f 2519/2623 2543/2648 2544/2649
f 2519/2623 2544/2649 2520/2624
f 2520/2624 2544/2649 2521/2650
f 2520/2624 2521/2650 2497/2625
f 2521/2626 2545/2651 2546/2652
f 2521/2626 2546/2652 2522/2627
f 2522/2627 2546/2652 2547/2653
f 2522/2627 2547/2653 2523/2628
f 2523/2628 2547/2653 2548/2654
f 2523/2628 2548/2654 2524/2629
f 2524/2629 2548/2654 2549/2655
f 2524/2629 2549/2655 2525/2630
f 2525/2630 2549/2655 2550/2656
f 2525/2630 2550/2656 2526/2631
f 2526/2631 2550/2656 2551/2657
f 2526/2631 2551/2657 2527/2632
f 2527/2632 2551/2657 2552/2658
f 2527/2632 2552/2658 2528/2633
f 2528/2633 2552/2658 2553/2659
f 2528/2633 2553/2659 2529/2634
f 2529/2634 2553/2659 2554/2660
f 2529/2634 2554/2660 2530/2635
f 2530/2635 2554/2660 2555/2661
f 2530/2635 2555/2661 2531/2636
f 2531/2636 2555/2661 2556/2662
f 2531/2636 2556/2662 2532/2637
f 2532/2637 2556/2662 2557/2663
f 2532/2637 2557/2663 2533/2638
f 2533/2638 2557/2663 2558/2664
f 2533/2638 2558/2664 2534/2639
f 2534/2639 2558/2664 2559/2665
f 2534/2639 2559/2665 2535/2640
f 2535/2640 2559/2665 2560/2666
f 2535/2640 2560/2666 2536/2641
f 2536/2641 2560/2666 2561/2667
f 2536/2641 2561/2667 2537/2642
f 2537/2642 2561/2667 2562/2668
f 2537/2642 2562/2668 2538/2643
f 2538/2643 2562/2668 2563/2669
f 2538/2643 2563/2669 2539/2644
f 2539/2644 2563/2669 2564/2670
f 2539/2644 2564/2670 2540/2645
f 2540/2645 2564/2670 2565/2671
f 2540/2645 2565/2671 2541/2646
f 2541/2646 2565/2671 2566/2672
f 2541/2646 2566/2672 2542/2647
f 2542/2647 2566/2672 2567/2673
f 2542/2647 2567/2673 2543/2648
f 2543/2648 2567/2673 2568/2674
f 2543/2648 2568/2674 2544/2649
f 2544/2649 2568/2674 2545/2675
f 2544/2649 2545/2675 2521/2650
f 2545/2651 2569/2676 2570/2677
f 2545/2651 2570/2677 2546/2652
f 2546/2652 2570/2677 2571/2678
f 2546/2652 2571/2678 2547/2653
f 2547/2653 2571/2678 2572/2679
f 2547/2653 2572/2679 2548/2654
f 2548/2654 2572/2679 2573/2680
f 2548/2654 2573/2680 2549/2655
f 2549/2655 2573/2680 2574/2681
f 2549/2655 2574/2681 2550/2656
f 2550/2656 2574/2681 2575/2682
f 2550/2656 2575/2682 2551/2657
f 2551/2657 2575/2682 2576/2683
f 2551/2657 2576/2683 2552/2658
f 2552/2658 2576/2683 2577/2684
f 2552/2658 2577/2684 2553/2659
f 2553/2659 2577/2684 2578/2685
f 2553/2659 2578/2685 2554/2660
f 2554/2660 2578/2685 2579/2686
f 2554/2660 2579/2686 2555/2661
f 2555/2661 2579/2686 2580/2687
f 2555/2661 2580/2687 2556/2662
f 2556/2662 2580/2687 2581/2688
f 2556/2662 2581/2688 2557/2663
f 2557/2663 2581/2688 2582/2689
f 2557/2663 2582/2689 2558/2664
f 2558/2664 2582/2689 2583/2690
f 2558/2664 2583/2690 2559/2665
f 2559/2665 2583/2690 2584/2691
f 2559/2665 2584/2691 2560/2666
f 2560/2666 2584/2691 2585/2692
f 2560/2666 2585/2692 2561/2667
f 2561/2667 2585/2692 2586/2693
f 2561/2667 2586/2693 2562/2668
f 2562/2668 2586/2693 2587/2694
f 2562/2668 2587/2694 2563/2669
f 2563/2669 2587/2694 2588/2695
f 2563/2669 2588/2695 2564/2670
f 2564/2670 2588/2695 2589/2696
f 2564/2670 2589/2696 2565/2671
f 2565/2671 2589/2696 2590/2697
f 2565/2671 2590/2697 2566/2672
f 2566/2672 2590/2697 2591/2698
f 2566/2672 2591/2698 2567/2673
f 2567/2673 2591/2698 2592/2699
f 2567/2673 2592/2699 2568/2674
f 2568/2674 2592/2699 2569/2700
f 2568/2674 2569/2700 2545/2675
f 2569/2676 2593/2701 2594/2702
f 2569/2676 2594/2702 2570/2677
f 2570/2677 2594/2702 2595/2703
f 2570/2677 2595/2703 2571/2678
f 2571/2678 2595/2703 2596/2704
f 2571/2678 2596/2704 2572/2679
f 2572/2679 2596/2704 2597/2705
f 2572/2679 2597/2705 2573/2680
f 2573/2680 2597/2705 2598/2706
f 2573/2680 2598/2706 2574/2681
f 2574/2681 2598/2706 2599/2707
f 2574/2681 2599/2707 2575/2682
f 2575/2682 2599/2707 2600/2708
f 2575/2682 2600/2708 2576/2683
f 2576/2683 2600/2708 2601/2709
f 2576/2683 2601/2709 2577/2684
f 2577/2684 2601/2709 2602/2710
f 2577/2684 2602/2710 2578/2685
f 2578/2685 2602/2710 2603/2711
f 2578/2685 2603/2711 2579/2686
f 2579/2686 2603/2711 2604/2712
f 2579/2686 2604/2712 2580/2687
f 2580/2687 2604/2712 2605/2713
f 2580/2687 2605/2713 2581/2688
f 2581/2688 2605/2713 2606/2714
f 2581/2688 2606/2714 2582/2689
f 2582/2689 2606/2714 2607/2715
f 2582/2689 2607/2715 2583/2690
f 2583/2690 2607/2715 2608/2716
f 2583/2690 2608/2716 2584/2691
f 2584/2691 2608/2716 2609/2717
f 2584/2691 2609/2717 2585/2692
f 2585/2692 2609/2717 2610/2718
f 2585/2692 2610/2718 2586/2693
f 2586/2693 2610/2718 2611/2719
f 2586/2693 2611/2719 2587/2694
f 2587/2694 2611/2719 2612/2720
f 2587/2694 2612/2720 2588/2695
f 2588/2695 2612/2720 2613/2721
f 2588/2695 2613/2721 2589/2696
f 2589/2696 2613/2721 2614/2722
f 2589/2696 2614/2722 2590/2697
f 2590/2697 2614/2722 2615/2723
f 2590/2697 2615/2723 2591/2698
f 2591/2698 2615/2723 2616/2724
f 2591/2698 2616/2724 2592/2699
f 2592/2699 2616/2724 2593/2725
f 2592/2699 2593/2725 2569/2700
f 2593/2701 2617/2726 2618/2727
f 2593/2701 2618/2727 2594/2702
f 2594/2702 2618/2727 2619/2728
f 2594/2702 2619/2728 2595/2703
f 2595/2703 2619/2728 2620/2729
f 2595/2703 2620/2729 2596/2704
f 2596/2704 2620/2729 2621/2730
f 2596/2704 2621/2730 2597/2705
f 2597/2705 2621/2730 2622/2731
f 2597/2705 2622/2731 2598/2706
f 2598/2706 2622/2731 2623/2732
f 2598/2706 2623/2732 2599/2707
f 2599/2707 2623/2732 2624/2733
f 2599/2707 2624/2733 2600/2708
f 2600/2708 2624/2733 2625/2734
f 2600/2708 2625/2734 2601/2709
f 2601/2709 2625/2734 2626/2735
f 2601/2709 2626/2735 2602/2710
f 2602/2710 2626/2735 2627/2736
f 2602/2710 2627/2736 2603/2711
f 2603/2711 2627/2736 2628/2737
f 2603/2711 2628/2737 2604/2712
f 2604/2712 2628/2737 2629/2738
f 2604/2712 2629/2738 2605/2713
f 2605/2713 2629/2738 2630/2739
f 2605/2713 2630/2739 2606/2714
f 2606/2714 2630/2739 2631/2740
f 2606/2714 2631/2740 2607/2715
f 2607/2715 2631/2740 2632/2741
f 2607/2715 2632/2741 2608/2716
f 2608/2716 2632/2741 2633/2742
f 2608/2716 2633/2742 2609/2717
f 2609/2717 2633/2742 2634/2743
f 2609/2717 2634/2743 2610/2718
f 2610/2718 2634/2743 2635/2744
f 2610/2718 2635/2744 2611/2719
f 2611/2719 2635/2744 2636/2745
f 2611/2719 2636/2745 2612/2720
f 2612/2720 2636/2745 2637/2746
f 2612/2720 2637/2746 2613/2721
f 2613/2721 2637/2746 2638/2747
f 2613/2721 2638/2747 2614/2722
f 2614/2722 2638/2747 2639/2748
f 2614/2722 2639/2748 2615/2723
f 2615/2723 2639/2748 2640/2749
f 2615/2723 2640/2749 2616/2724
f 2616/2724 2640/2749 2617/2750
f 2616/2724 2617/2750 2593/2725
f 2617/2726 2641/2751 2642/2752
f 2617/2726 2642/2752 2618/2727
f 2618/2727 2642/2752 2643/2753
f 2618/2727 2643/2753 2619/2728
f 2619/2728 2643/2753 2644/2754
f 2619/2728 2644/2754 2620/2729
f 2620/2729 2644/2754 2645/2755
f 2620/2729 2645/2755 2621/2730
f 2621/2730 2645/2755 2646/2756
f 2621/2730 2646/2756 2622/2731
f 2622/2731 2646/2756 2647/2757
f 2622/2731 2647/2757 2623/2732
f 2623/2732 2647/2757 2648/2758
f 2623/2732 2648/2758 2624/2733
f 2624/2733 2648/2758 2649/2759
f 2624/2733 2649/2759 2625/2734
f 2625/2734 2649/2759 2650/2760
f 2625/2734 2650/2760 2626/2735
f 2626/2735 2650/2760 2651/2761
f 2626/2735 2651/2761 2627/2736
f 2627/2736 2651/2761 2652/2762
f 2627/2736 2652/2762 2628/2737
f 2628/2737 2652/2762 2653/2763
f 2628/2737 2653/2763 2629/2738
f 2629/2738 2653/2763 2654/2764
f 2629/2738 2654/2764 2630/2739
f 2630/2739 2654/2764 2655/2765
f 2630/2739 2655/2765 2631/2740
f 2631/2740 2655/2765 2656/2766
f 2631/2740 2656/2766 2632/2741
f 2632/2741 2656/2766 2657/2767
f 2632/2741 2657/2767 2633/2742
f 2633/2742 2657/2767 2658/2768
f 2633/2742 2658/2768 2634/2743
f 2634/2743 2658/2768 2659/2769
f 2634/2743 2659/2769 2635/2744
f 2635/2744 2659/2769 2660/2770
f 2635/2744 2660/2770 2636/2745
f 2636/2745 2660/2770 2661/2771
f 2636/2745 2661/2771 2637/2746
f 2637/2746 2661/2771 2662/2772
f 2637/2746 2662/2772 2638/2747
f 2638/2747 2662/2772 2663/2773
f 2638/2747 2663/2773 2639/2748
f 2639/2748 2663/2773 2664/2774
f 2639/2748 2664/2774 2640/2749
f 2640/2749 2664/2774 2641/2775
f 2640/2749 2641/2775 2617/2750
f 2641/2751 2665/2776 2666/2777
f 2641/2751 2666/2777 2642/2752
f 2642/2752 2666/2777 2667/2778
f 2642/2752 2667/2778 2643/2753
f 2643/2753 2667/2778 2668/2779
f 2643/2753 2668/2779 2644/2754
f 2644/2754 2668/2779 2669/2780
f 2644/2754 2669/2780 2645/2755
f 2645/2755 2669/2780 2670/2781
f 2645/2755 2670/2781 2646/2756
f 2646/2756 2670/2781 2671/2782
f 2646/2756 2671/2782 2647/2757
f 2647/2757 2671/2782 2672/2783
f 2647/2757 2672/2783 2648/2758
f 2648/2758 2672/2783 2673/2784
f 2648/2758 2673/2784 2649/2759
f 2649/2759 2673/2784 2674/2785
f 2649/2759 2674/2785 2650/2760
f 2650/2760 2674/2785 2675/2786
f 2650/2760 2675/2786 2651/2761
f 2651/2761 2675/2786 2676/2787
f 2651/2761 2676/2787 2652/2762
f 2652/2762 2676/2787 2677/2788
f 2652/2762 2677/2788 2653/2763
f 2653/2763 2677/2788 2678/2789
f 2653/2763 2678/2789 2654/2764
f 2654/2764 2678/2789 2679/2790
f 2654/2764 2679/2790 2655/2765
f 2655/2765 2679/2790 2680/2791
f 2655/2765 2680/2791 2656/2766
f 2656/2766 2680/2791 2681/2792
f 2656/2766 2681/2792 2657/2767
f 2657/2767 2681/2792 2682/2793
f 2657/2767 2682/2793 2658/2768
f 2658/2768 2682/2793 2683/2794
f 2658/2768 2683/2794 2659/2769
f 2659/2769 2683/2794 2684/2795
f 2659/2769 2684/2795 2660/2770
f 2660/2770 2684/2795 2685/2796
f 2660/2770 2685/2796 2661/2771
f 2661/2771 2685/2796 2686/2797
f 2661/2771 2686/2797 2662/2772
f 2662/2772 2686/2797 2687/2798
f 2662/2772 2687/2798 2663/2773
f 2663/2773 2687/2798 2688/2799
f 2663/2773 2688/2799 2664/2774
f 2664/2774 2688/2799 2665/2800
f 2664/2774 2665/2800 2641/2775
f 2665/2776 2689/2801 2690/2802
f 2665/2776 2690/2802 2666/2777
f 2666/2777 2690/2802 2691/2803
f 2666/2777 2691/2803 2667/2778
f 2667/2778 2691/2803 2692/2804
f 2667/2778 2692/2804 2668/2779
f 2668/2779 2692/2804 2693/2805
f 2668/2779 2693/2805 2669/2780
f 2669/2780 2693/2805 2694/2806
f 2669/2780 2694/2806 2670/2781
f 2670/2781 2694/2806 2695/2807
f 2670/2781 2695/2807 2671/2782
f 2671/2782 2695/2807 2696/2808
f 2671/2782 2696/2808 2672/2783
f 2672/2783 2696/2808 2697/2809
f 2672/2783 2697/2809 2673/2784
f 2673/2784 2697/2809 2698/2810
f 2673/2784 2698/2810 2674/2785
f 2674/2785 2698/2810 2699/2811
f 2674/2785 2699/2811 2675/2786
f 2675/2786 2699/2811 2700/2812
f 2675/2786 2700/2812 2676/2787
f 2676/2787 2700/2812 2701/2813
f 2676/2787 2701/2813 2677/2788
f 2677/2788 2701/2813 2702/2814
f 2677/2788 2702/2814 2678/2789
f 2678/2789 2702/2814 2703/2815
f 2678/2789 2703/2815 2679/2790
f 2679/2790 2703/2815 2704/2816
f 2679/2790 2704/2816 2680/2791
f 2680/2791 2704/2816 2705/2817
f 2680/2791 2705/2817 2681/2792
f 2681/2792 2705/2817 2706/2818
f 2681/2792 2706/2818 2682/2793
f 2682/2793 2706/2818 2707/2819
f 2682/2793 2707/2819 2683/2794
f 2683/2794 2707/2819 2708/2820
f 2683/2794 2708/2820 2684/2795
f 2684/2795 2708/2820 2709/2821
f 2684/2795 2709/2821 2685/2796
f 2685/2796 2709/2821 2710/2822
f 2685/2796 2710/2822 2686/2797
f 2686/2797 2710/2822 2711/2823
f 2686/2797 2711/2823 2687/2798
f 2687/2798 2711/2823 2712/2824
f 2687/2798 2712/2824 2688/2799
f 2688/2799 2712/2824 2689/2825
f 2688/2799 2689/2825 2665/2800
f 2689/2801 2713/2826 2714/2827
f 2689/2801 2714/2827 2690/2802
f 2690/2802 2714/2827 2715/2828
f 2690/2802 2715/2828 2691/2803
f 2691/2803 2715/2828 2716/2829
f 2691/2803 2716/2829 2692/2804
f 2692/2804 2716/2829 2717/2830
f 2692/2804 2717/2830 2693/2805
f 2693/2805 2717/2830 2718/2831
f 2693/2805 2718/2831 2694/2806
f 2694/2806 2718/2831 2719/2832
f 2694/2806 2719/2832 2695/2807
f 2695/2807 2719/2832 2720/2833
f 2695/2807 2720/2833 2696/2808
f 2696/2808 2720/2833 2721/2834
f 2696/2808 2721/2834 2697/2809
f 2697/2809 2721/2834 2722/2835
f 2697/2809 2722/2835 2698/2810
f 2698/2810 2722/2835 2723/2836
f 2698/2810 2723/2836 2699/2811
f 2699/2811 2723/2836 2724/2837
f 2699/2811 2724/2837 2700/2812
f 2700/2812 2724/2837 2725/2838
f 2700/2812 2725/2838 2701/2813
f 2701/2813 2725/2838 2726/2839
f 2701/2813 2726/2839 2702/2814
f 2702/2814 2726/2839 2727/2840
f 2702/2814 2727/2840 2703/2815
f 2703/2815 2727/2840 2728/2841
f 2703/2815 2728/2841 2704/2816
f 2704/2816 2728/2841 2729/2842
f 2704/2816 2729/2842 2705/2817
f 2705/2817 2729/2842 2730/2843
f 2705/2817 2730/2843 2706/2818
f 2706/2818 2730/2843 2731/2844
f 2706/2818 2731/2844 2707/2819
f 2707/2819 2731/2844 2732/2845
f 2707/2819 2732/2845 2708/2820
f 2708/2820 2732/2845 2733/2846
f 2708/2820 2733/2846 2709/2821
f 2709/2821 2733/2846 2734/2847
f 2709/2821 2734/2847 2710/2822
f 2710/2822 2734/2847 2735/2848
f 2710/2822 2735/2848 2711/2823
f 2711/2823 2735/2848 2736/2849
f 2711/2823 2736/2849 2712/2824
f 2712/2824 2736/2849 2713/2850
f 2712/2824 2713/2850 2689/2825
f 2713/2826 2737/2851 2738/2852
f 2713/2826 2738/2852 2714/2827
f 2714/2827 2738/2852 2739/2853
f 2714/2827 2739/2853 2715/2828
f 2715/2828 2739/2853 2740/2854
f 2715/2828 2740/2854 2716/2829
f 2716/2829 2740/2854 2741/2855
f 2716/2829 2741/2855 2717/2830
f 2717/2830 2741/2855 2742/2856
f 2717/2830 2742/2856 2718/2831
f 2718/2831 2742/2856 2743/2857
f 2718/2831 2743/2857 2719/2832
f 2719/2832 2743/2857 2744/2858
f 2719/2832 2744/2858 2720/2833
f 2720/2833 2744/2858 2745/2859
f 2720/2833 2745/2859 2721/2834
f 2721/2834 2745/2859 2746/2860
f 2721/2834 2746/2860 2722/2835
f 2722/2835 2746/2860 2747/2861
f 2722/2835 2747/2861 2723/2836
f 2723/2836 2747/2861 2748/2862
f 2723/2836 2748/2862 2724/2837
f 2724/2837 2748/2862 2749/2863
f 2724/2837 2749/2863 2725/2838
f 2725/2838 2749/2863 2750/2864
f 2725/2838 2750/2864 2726/2839
f 2726/2839 2750/2864 2751/2865
f 2726/2839 2751/2865 2727/2840
f 2727/2840 2751/2865 2752/2866
f 2727/2840 2752/2866 2728/2841
f 2728/2841 2752/2866 2753/2867
f 2728/2841 2753/2867 2729/2842
f 2729/2842 2753/2867 2754/2868
f 2729/2842 2754/2868 2730/2843
f 2730/2843 2754/2868 2755/2869
f 2730/2843 2755/2869 2731/2844
f 2731/2844 2755/2869 2756/2870
f 2731/2844 2756/2870 2732/2845
f 2732/2845 2756/2870 2757/2871
f 2732/2845 2757/2871 2733/2846
f 2733/2846 2757/2871 2758/2872
f 2733/2846 2758/2872 2734/2847
f 2734/2847 2758/2872 2759/2873
f 2734/2847 2759/2873 2735/2848
f 2735/2848 2759/2873 2760/2874
f 2735/2848 2760/2874 2736/2849
f 2736/2849 2760/2874 2737/2875
f 2736/2849 2737/2875 2713/2850
f 2737/2851 2761/2876 2762/2877
f 2737/2851 2762/2877 2738/2852
f 2738/2852 2762/2877 2763/2878
f 2738/2852 2763/2878 2739/2853
f 2739/2853 2763/2878 2764/2879
f 2739/2853 2764/2879 2740/2854
f 2740/2854 2764/2879 2765/2880
f 2740/2854 2765/2880 2741/2855
f 2741/2855 2765/2880 2766/2881
f 2741/2855 2766/2881 2742/2856
f 2742/2856 2766/2881 2767/2882
f 2742/2856 2767/2882 2743/2857
f 2743/2857 2767/2882 2768/2883
f 2743/2857 2768/2883 2744/2858
f 2744/2858 2768/2883 2769/2884
f 2744/2858 2769/2884 2745/2859
f 2745/2859 2769/2884 2770/2885
f 2745/2859 2770/2885 2746/2860
f 2746/2860 2770/2885 2771/2886
f 2746/2860 2771/2886 2747/2861
f 2747/2861 2771/2886 2772/2887
f 2747/2861 2772/2887 2748/2862
f 2748/2862 2772/2887 2773/2888
f 2748/2862 2773/2888 2749/2863
f 2749/2863 2773/2888 2774/2889
f 2749/2863 2774/2889 2750/2864
f 2750/2864 2774/2889 2775/2890
f 2750/2864 2775/2890 2751/2865
f 2751/2865 2775/2890 2776/2891
f 2751/2865 2776/2891 2752/2866
f 2752/2866 2776/2891 2777/2892
f 2752/2866 2777/2892 2753/2867
f 2753/2867 2777/2892 2778/2893
f 2753/2867 2778/2893 2754/2868
f 2754/2868 2778/2893 2779/2894
f 2754/2868 2779/2894 2755/2869
f 2755/2869 2779/2894 2780/2895
f 2755/2869 2780/2895 2756/2870
f 2756/2870 2780/2895 2781/2896
f 2756/2870 2781/2896 2757/2871
f 2757/2871 2781/2896 2782/2897
f 2757/2871 2782/2897 2758/2872
f 2758/2872 2782/2897 2783/2898
f 2758/2872 2783/2898 2759/2873
f 2759/2873 2783/2898 2784/2899
f 2759/2873 2784/2899 2760/2874
f 2760/2874 2784/2899 2761/2900
f 2760/2874 2761/2900 2737/2875
f 2761/2876 2785/2901 2786/2902
f 2761/2876 2786/2902 2762/2877
f 2762/2877 2786/2902 2787/2903
f 2762/2877 2787/2903 2763/2878
f 2763/2878 2787/2903 2788/2904
f 2763/2878 2788/2904 2764/2879
f 2764/2879 2788/2904 2789/2905
f 2764/2879 2789/2905 2765/2880
f 2765/2880 2789/2905 2790/2906
f 2765/2880 2790/2906 2766/2881
f 2766/2881 2790/2906 2791/2907
f 2766/2881 2791/2907 2767/2882
f 2767/2882 2791/2907 2792/2908
f 2767/2882 2792/2908 2768/2883
f 2768/2883 2792/2908 2793/2909
f 2768/2883 2793/2909 2769/2884
f 2769/2884 2793/2909 2794/2910
f 2769/2884 2794/2910 2770/2885
f 2770/2885 2794/2910 2795/2911
f 2770/2885 2795/2911 2771/2886
f 2771/2886 2795/2911 2796/2912
f 2771/2886 2796/2912 2772/2887
f 2772/2887 2796/2912 2797/2913
f 2772/2887 2797/2913 2773/2888
f 2773/2888 2797/2913 2798/2914
f 2773/2888 2798/2914 2774/2889
f 2774/2889 2798/2914 2799/2915
f 2774/2889 2799/2915 2775/2890
f 2775/2890 2799/2915 2800/2916
f 2775/2890 2800/2916 2776/2891
f 2776/2891 2800/2916 2801/2917
f 2776/2891 2801/2917 2777/2892
f 2777/2892 2801/2917 2802/2918
f 2777/2892 2802/2918 2778/2893
f 2778/2893 2802/2918 2803/2919
f 2778/2893 2803/2919 2779/2894
f 2779/2894 2803/2919 2804/2920
f 2779/2894 2804/2920 2780/2895
f 2780/2895 2804/2920 2805/2921
f 2780/2895 2805/2921 2781/2896
f 2781/2896 2805/2921 2806/2922
f 2781/2896 2806/2922 2782/2897
f 2782/2897 2806/2922 2807/2923
f 2782/2897 2807/2923 2783/2898
f 2783/2898 2807/2923 2808/2924
f 2783/2898 2808/2924 2784/2899
f 2784/2899 2808/2924 2785/2925
f 2784/2899 2785/2925 2761/2900
f 2785/2901 2809/2926 2810/2927
f 2785/2901 2810/2927 2786/2902
f 2786/2902 2810/2927 2811/2928
f 2786/2902 2811/2928 2787/2903
f 2787/2903 2811/2928 2812/2929
f 2787/2903 2812/2929 2788/2904
f 2788/2904 2812/2929 2813/2930
f 2788/2904 2813/2930 2789/2905
f 2789/2905 2813/2930 2814/2931
f 2789/2905 2814/2931 2790/2906
f 2790/2906 2814/2931 2815/2932
f 2790/2906 2815/2932 2791/2907
f 2791/2907 2815/2932 2816/2933
f 2791/2907 2816/2933 2792/2908
f 2792/2908 2816/2933 2817/2934
f 2792/2908 2817/2934 2793/2909
f 2793/2909 2817/2934 2818/2935
f 2793/2909 2818/2935 2794/2910
f 2794/2910 2818/2935 2819/2936
f 2794/2910 2819/2936 2795/2911
f 2795/2911 2819/2936 2820/2937
f 2795/2911 2820/2937 2796/2912
f 2796/2912 2820/2937 2821/2938
f 2796/2912 2821/2938 2797/2913
f 2797/2913 2821/2938 2822/2939
f 2797/2913 2822/2939 2798/2914
f 2798/2914 2822/2939 2823/2940
f 2798/2914 2823/2940 2799/2915
f 2799/2915 2823/2940 2824/2941
f 2799/2915 2824/2941 2800/2916
f 2800/2916 2824/2941 2825/2942
f 2800/2916 2825/2942 2801/2917
f 2801/2917 2825/2942 2826/2943
f 2801/2917 2826/2943 2802/2918
f 2802/2918 2826/2943 2827/2944
f 2802/2918 2827/2944 2803/2919
f 2803/2919 2827/2944 2828/2945
f 2803/2919 2828/2945 2804/2920
f 2804/2920 2828/2945 2829/2946
f 2804/2920 2829/2946 2805/2921
f 2805/2921 2829/2946 2830/2947
f 2805/2921 2830/2947 2806/2922
f 2806/2922 2830/2947 2831/2948
f 2806/2922 2831/2948 2807/2923
f 2807/2923 2831/2948 2832/2949
f 2807/2923 2832/2949 2808/2924
f 2808/2924 2832/2949 2809/2950
f 2808/2924 2809/2950 2785/2925
f 2809/2926 2833/2951 2834/2952
f 2809/2926 2834/2952 2810/2927
f 2810/2927 2834/2952 2835/2953
f 2810/2927 2835/2953 2811/2928
f 2811/2928 2835/2953 2836/2954
f 2811/2928 2836/2954 2812/2929
f 2812/2929 2836/2954 2837/2955
f 2812/2929 2837/2955 2813/2930
f 2813/2930 2837/2955 2838/2956
f 2813/2930 2838/2956 2814/2931
f 2814/2931 2838/2956 2839/2957
f 2814/2931 2839/2957 2815/2932
f 2815/2932 2839/2957 2840/2958
f 2815/2932 2840/2958 2816/2933
f 2816/2933 2840/2958 2841/2959
f 2816/2933 2841/2959 2817/2934
f 2817/2934 2841/2959 2842/2960
f 2817/2934 2842/2960 2818/2935
f 2818/2935 2842/2960 2843/2961
f 2818/2935 2843/2961 2819/2936
f 2819/2936 2843/2961 2844/2962
f 2819/2936 2844/2962 2820/2937
f 2820/2937 2844/2962 2845/2963
f 2820/2937 2845/2963 2821/2938
f 2821/2938 2845/2963 2846/2964
f 2821/2938 2846/2964 2822/2939
f 2822/2939 2846/2964 2847/2965
f 2822/2939 2847/2965 2823/2940
f 2823/2940 2847/2965 2848/2966
f 2823/2940 2848/2966 2824/2941
f 2824/2941 2848/2966 2849/2967
f 2824/2941 2849/2967 2825/2942
f 2825/2942 2849/2967 2850/2968
f 2825/2942 2850/2968 2826/2943
f 2826/2943 2850/2968 2851/2969
f 2826/2943 2851/2969 2827/2944
f 2827/2944 2851/2969 2852/2970
f 2827/2944 2852/2970 2828/2945
f 2828/2945 2852/2970 2853/2971
f 2828/2945 2853/2971 2829/2946
f 2829/2946 2853/2971 2854/2972
f 2829/2946 2854/2972 2830/2947
f 2830/2947 2854/2972 2855/2973
f 2830/2947 2855/2973 2831/2948
f 2831/2948 2855/2973 2856/2974
f 2831/2948 2856/2974 2832/2949
f 2832/2949 2856/2974 2833/2975
f 2832/2949 2833/2975 2809/2950
f 2833/2951 2857/2976 2858/2977
f 2833/2951 2858/2977 2834/2952
f 2834/2952 2858/2977 2859/2978
f 2834/2952 2859/2978 2835/2953
f 2835/2953 2859/2978 2860/2979
f 2835/2953 2860/2979 2836/2954
f 2836/2954 2860/2979 2861/2980
f 2836/2954 2861/2980 2837/2955
f 2837/2955 2861/2980 2862/2981
f 2837/2955 2862/2981 2838/2956
f 2838/2956 2862/2981 2863/2982
f 2838/2956 2863/2982 2839/2957
f 2839/2957 2863/2982 2864/2983
f 2839/2957 2864/2983 2840/2958
f 2840/2958 2864/2983 2865/2984
f 2840/2958 2865/2984 2841/2959
f 2841/2959 2865/2984 2866/2985
f 2841/2959 2866/2985 2842/2960
f 2842/2960 2866/2985 2867/2986
f 2842/2960 2867/2986 2843/2961
f 2843/2961 2867/2986 2868/2987
f 2843/2961 2868/2987 2844/2962
f 2844/2962 2868/2987 2869/2988
f 2844/2962 2869/2988 2845/2963
f 2845/2963 2869/2988 2870/2989
f 2845/2963 2870/2989 2846/2964
f 2846/2964 2870/2989 2871/2990
f 2846/2964 2871/2990 2847/2965
f 2847/2965 2871/2990 2872/2991
f 2847/2965 2872/2991 2848/2966
f 2848/2966 2872/2991 2873/2992
f 2848/2966 2873/2992 2849/2967
f 2849/2967 2873/2992 2874/2993
f 2849/2967 2874/2993 2850/2968
f 2850/2968 2874/2993 2875/2994
f 2850/2968 2875/2994 2851/2969
f 2851/2969 2875/2994 2876/2995
f 2851/2969 2876/2995 2852/2970
f 2852/2970 2876/2995 2877/2996
f 2852/2970 2877/2996 2853/2971
f 2853/2971 2877/2996 2878/2997
f 2853/2971 2878/2997 2854/2972
f 2854/2972 2878/2997 2879/2998
f 2854/2972 2879/2998 2855/2973
f 2855/2973 2879/2998 2880/2999
f 2855/2973 2880/2999 2856/2974
f 2856/2974 2880/2999 2857/3000
f 2856/2974 2857/3000 2833/2975
f 2857/2976 2881/3001 2882/3002
f 2857/2976 2882/3002 2858/2977
f 2858/2977 2882/3002 2883/3003
f 2858/2977 2883/3003 2859/2978
f 2859/2978 2883/3003 2884/3004
f 2859/2978 2884/3004 2860/2979
f 2860/2979 2884/3004 2885/3005
f 2860/2979 2885/3005 2861/2980
f 2861/2980 2885/3005 2886/3006
f 2861/2980 2886/3006 2862/2981
f 2862/2981 2886/3006 2887/3007
f 2862/2981 2887/3007 2863/2982
f 2863/2982 2887/3007 2888/3008
f 2863/2982 2888/3008 2864/2983
f 2864/2983 2888/3008 2889/3009
f 2864/2983 2889/3009 2865/2984
f 2865/2984 2889/3009 2890/3010
f 2865/2984 2890/3010 2866/2985
f 2866/2985 2890/3010 2891/3011
f 2866/2985 2891/3011 2867/2986
f 2867/2986 2891/3011 2892/3012
f 2867/2986 2892/3012 2868/2987
f 2868/2987 2892/3012 2893/3013
f 2868/2987 2893/3013 2869/2988
f 2869/2988 2893/3013 2894/3014
f 2869/2988 2894/3014 2870/2989
f 2870/2989 2894/3014 2895/3015
f 2870/2989 2895/3015 2871/2990
f 2871/2990 2895/3015 2896/3016
f 2871/2990 2896/3016 2872/2991
f 2872/2991 2896/3016 2897/3017
f 2872/2991 2897/3017 2873/2992
f 2873/2992 2897/3017 2898/3018
f 2873/2992 2898/3018 2874/2993
f 2874/2993 2898/3018 2899/3019
f 2874/2993 2899/3019 2875/2994
f 2875/2994 2899/3019 2900/3020
f 2875/2994 2900/3020 2876/2995
f 2876/2995 2900/3020 2901/3021
f 2876/2995 2901/3021 2877/2996
f 2877/2996 2901/3021 2902/3022
f 2877/2996 2902/3022 2878/2997
f 2878/2997 2902/3022 2903/3023
f 2878/2997 2903/3023 2879/2998
f 2879/2998 2903/3023 2904/3024
f 2879/2998 2904/3024 2880/2999
f 2880/2999 2904/3024 2881/3025
f 2880/2999 2881/3025 2857/3000
f 2881/3001 2905/3026 2906/3027
f 2881/3001 2906/3027 2882/3002
f 2882/3002 2906/3027 2907/3028
f 2882/3002 2907/3028 2883/3003
f 2883/3003 2907/3028 2908/3029
f 2883/3003 2908/3029 2884/3004
f 2884/3004 2908/3029 2909/3030
f 2884/3004 2909/3030 2885/3005
f 2885/3005 2909/3030 2910/3031
f 2885/3005 2910/3031 2886/3006
f 2886/3006 2910/3031 2911/3032
f 2886/3006 2911/3032 2887/3007
f 2887/3007 2911/3032 2912/3033
f 2887/3007 2912/3033 2888/3008
f 2888/3008 2912/3033 2913/3034
f 2888/3008 2913/3034 2889/3009
f 2889/3009 2913/3034 2914/3035
f 2889/3009 2914/3035 2890/3010
f 2890/3010 2914/3035 2915/3036
f 2890/3010 2915/3036 2891/3011
f 2891/3011 2915/3036 2916/3037
f 2891/3011 2916/3037 2892/3012
f 2892/3012 2916/3037 2917/3038
f 2892/3012 2917/3038 2893/3013
f 2893/3013 2917/3038 2918/3039
f 2893/3013 2918/3039 2894/3014
f 2894/3014 2918/3039 2919/3040
f 2894/3014 2919/3040 2895/3015
f 2895/3015 2919/3040 2920/3041
f 2895/3015 2920/3041 2896/3016
f 2896/3016 2920/3041 2921/3042
f 2896/3016 2921/3042 2897/3017
f 2897/3017 2921/3042 2922/3043
f 2897/3017 2922/3043 2898/3018
f 2898/3018 2922/3043 2923/3044
f 2898/3018 2923/3044 2899/3019
f 2899/3019 2923/3044 2924/3045
f 2899/3019 2924/3045 2900/3020
f 2900/3020 2924/3045 2925/3046
f 2900/3020 2925/3046 2901/3021
f 2901/3021 2925/3046 2926/3047
f 2901/3021 2926/3047 2902/3022
f 2902/3022 2926/3047 2927/3048
f 2902/3022 2927/3048 2903/3023
f 2903/3023 2927/3048 2928/3049
f 2903/3023 2928/3049 2904/3024
f 2904/3024 2928/3049 2905/3050
f 2904/3024 2905/3050 2881/3025
f 2905/3026 2929/3051 2930/3052
f 2905/3026 2930/3052 2906/3027
f 2906/3027 2930/3052 2931/3053
f 2906/3027 2931/3053 2907/3028
f 2907/3028 2931/3053 2932/3054
f 2907/3028 2932/3054 2908/3029
f 2908/3029 2932/3054 2933/3055
f 2908/3029 2933/3055 2909/3030
f 2909/3030 2933/3055 2934/3056
f 2909/3030 2934/3056 2910/3031
f 2910/3031 2934/3056 2935/3057
f 2910/3031 2935/3057 2911/3032
f 2911/3032 2935/3057 2936/3058
f 2911/3032 2936/3058 2912/3033
f 2912/3033 2936/3058 2937/3059
f 2912/3033 2937/3059 2913/3034
f 2913/3034 2937/3059 2938/3060
f 2913/3034 2938/3060 2914/3035
f 2914/3035 2938/3060 2939/3061
f 2914/3035 2939/3061 2915/3036
f 2915/3036 2939/3061 2940/3062
f 2915/3036 2940/3062 2916/3037
f 2916/3037 2940/3062 2941/3063
f 2916/3037 2941/3063 2917/3038
f 2917/3038 2941/3063 2942/3064
f 2917/3038 2942/3064 2918/3039
f 2918/3039 2942/3064 2943/3065
f 2918/3039 2943/3065 2919/3040
f 2919/3040 2943/3065 2944/3066
f 2919/3040 2944/3066 2920/3041
f 2920/3041 2944/3066 2945/3067
f 2920/3041 2945/3067 2921/3042
f 2921/3042 2945/3067 2946/3068
f 2921/3042 2946/3068 2922/3043
f 2922/3043 2946/3068 2947/3069
f 2922/3043 2947/3069 2923/3044
f 2923/3044 2947/3069 2948/3070
f 2923/3044 2948/3070 2924/3045
f 2924/3045 2948/3070 2949/3071
f 2924/3045 2949/3071 2925/3046
f 2925/3046 2949/3071 2950/3072
f 2925/3046 2950/3072 2926/3047
f 2926/3047 2950/3072 2951/3073
f 2926/3047 2951/3073 2927/3048
f 2927/3048 2951/3073 2952/3074
f 2927/3048 2952/3074 2928/3049
f 2928/3049 2952/3074 2929/3075
f 2928/3049 2929/3075 2905/3050
f 2929/3051 2953/3076 2954/3077
f 2929/3051 2954/3077 2930/3052
f 2930/3052 2954/3077 2955/3078
f 2930/3052 2955/3078 2931/3053
f 2931/3053 2955/3078 2956/3079
f 2931/3053 2956/3079 2932/3054
f 2932/3054 2956/3079 2957/3080
f 2932/3054 2957/3080 2933/3055
f 2933/3055 2957/3080 2958/3081
f 2933/3055 2958/3081 2934/3056
f 2934/3056 2958/3081 2959/3082
f 2934/3056 2959/3082 2935/3057
f 2935/3057 2959/3082 2960/3083
f 2935/3057 2960/3083 2936/3058
f 2936/3058 2960/3083 2961/3084
f 2936/3058 2961/3084 2937/3059
f 2937/3059 2961/3084 2962/3085
f 2937/3059 2962/3085 2938/3060
f 2938/3060 2962/3085 2963/3086
f 2938/3060 2963/3086 2939/3061
f 2939/3061 2963/3086 2964/3087
f 2939/3061 2964/3087 2940/3062
f 2940/3062 2964/3087 2965/3088
f 2940/3062 2965/3088 2941/3063
f 2941/3063 2965/3088 2966/3089
f 2941/3063 2966/3089 2942/3064
f 2942/3064 2966/3089 2967/3090
f 2942/3064 2967/3090 2943/3065
f 2943/3065 2967/3090 2968/3091
f 2943/3065 2968/3091 2944/3066
f 2944/3066 2968/3091 2969/3092
f 2944/3066 2969/3092 2945/3067
f 2945/3067 2969/3092 2970/3093
f 2945/3067 2970/3093 2946/3068
f 2946/3068 2970/3093 2971/3094
f 2946/3068 2971/3094 2947/3069
f 2947/3069 2971/3094 2972/3095
f 2947/3069 2972/3095 2948/3070
f 2948/3070 2972/3095 2973/3096
f 2948/3070 2973/3096 2949/3071
f 2949/3071 2973/3096 2974/3097
f 2949/3071 2974/3097 2950/3072
f 2950/3072 2974/3097 2975/3098
f 2950/3072 2975/3098 2951/3073
f 2951/3073 2975/3098 2976/3099
f 2951/3073 2976/3099 2952/3074
f 2952/3074 2976/3099 2953/3100
f 2952/3074 2953/3100 2929/3075
f 2953/3076 2977/3101 2978/3102
f 2953/3076 2978/3102 2954/3077
f 2954/3077 2978/3102 2979/3103
f 2954/3077 2979/3103 2955/3078
f 2955/3078 2979/3103 2980/3104
f 2955/3078 2980/3104 2956/3079
f 2956/3079 2980/3104 2981/3105
f 2956/3079 2981/3105 2957/3080
f 2957/3080 2981/3105 2982/3106
f 2957/3080 2982/3106 2958/3081
f 2958/3081 2982/3106 2983/3107
f 2958/3081 2983/3107 2959/3082
f 2959/3082 2983/3107 2984/3108
f 2959/3082 2984/3108 2960/3083
f 2960/3083 2984/3108 2985/3109
f 2960/3083 2985/3109 2961/3084
f 2961/3084 2985/3109 2986/3110
f 2961/3084 2986/3110 2962/3085
f 2962/3085 2986/3110 2987/3111
f 2962/3085 2987/3111 2963/3086
f 2963/3086 2987/3111 2988/3112
f 2963/3086 2988/3112 2964/3087
f 2964/3087 2988/3112 2989/3113
f 2964/3087 2989/3113 2965/3088
f 2965/3088 2989/3113 2990/3114
f 2965/3088 2990/3114 2966/3089
f 2966/3089 2990/3114 2991/3115
f 2966/3089 2991/3115 2967/3090
f 2967/3090 2991/3115 2992/3116
f 2967/3090 2992/3116 2968/3091
f 2968/3091 2992/3116 2993/3117
f 2968/3091 2993/3117 2969/3092
f 2969/3092 2993/3117 2994/3118
f 2969/3092 2994/3118 2970/3093
f 2970/3093 2994/3118 2995/3119
f 2970/3093 2995/3119 2971/3094
f 2971/3094 2995/3119 2996/3120
f 2971/3094 2996/3120 2972/3095
f 2972/3095 2996/3120 2997/3121
f 2972/3095 2997/3121 2973/3096
f 2973/3096 2997/3121 2998/3122
f 2973/3096 2998/3122 2974/3097
f 2974/3097 2998/3122 2999/3123
f 2974/3097 2999/3123 2975/3098
f 2975/3098 2999/3123 3000/3124
f 2975/3098 3000/3124 2976/3099
f 2976/3099 3000/3124 2977/3125
f 2976/3099 2977/3125 2953/3100
f 2977/3101 3001/3126 3002/3127
f 2977/3101 3002/3127 2978/3102
f 2978/3102 3002/3127 3003/3128
f 2978/3102 3003/3128 2979/3103
f 2979/3103 3003/3128 3004/3129
f 2979/3103 3004/3129 2980/3104
f 2980/3104 3004/3129 3005/3130
f 2980/3104 3005/3130 2981/3105
f 2981/3105 3005/3130 3006/3131
f 2981/3105 3006/3131 2982/3106
f 2982/3106 3006/3131 3007/3132
f 2982/3106 3007/3132 2983/3107
f 2983/3107 3007/3132 3008/3133
f 2983/3107 3008/3133 2984/3108
f 2984/3108 3008/3133 3009/3134
f 2984/3108 3009/3134 2985/3109
f 2985/3109 3009/3134 3010/3135
f 2985/3109 3010/3135 2986/3110
f 2986/3110 3010/3135 3011/3136
f 2986/3110 3011/3136 2987/3111
f 2987/3111 3011/3136 3012/3137
f 2987/3111 3012/3137 2988/3112
f 2988/3112 3012/3137 3013/3138
f 2988/3112 3013/3138 2989/3113
f 2989/3113 3013/3138 3014/3139
f 2989/3113 3014/3139 2990/3114
f 2990/3114 3014/3139 3015/3140
f 2990/3114 3015/3140 2991/3115
f 2991/3115 3015/3140 3016/3141
f 2991/3115 3016/3141 2992/3116
f 2992/3116 3016/3141 3017/3142
f 2992/3116 3017/3142 2993/3117
f 2993/3117 3017/3142 3018/3143
f 2993/3117 3018/3143 2994/3118
f 2994/3118 3018/3143 3019/3144
f 2994/3118 3019/3144 2995/3119
f 2995/3119 3019/3144 3020/3145
f 2995/3119 3020/3145 2996/3120
f 2996/3120 3020/3145 3021/3146
f 2996/3120 3021/3146 2997/3121
f 2997/3121 3021/3146 3022/3147
f 2997/3121 3022/3147 2998/3122
f 2998/3122 3022/3147 3023/3148
f 2998/3122 3023/3148 2999/3123
f 2999/3123 3023/3148 3024/3149
f 2999/3123 3024/3149 3000/3124
f 3000/3124 3024/3149 3001/3150
f 3000/3124 3001/3150 2977/3125
f 3001/3126 3025/3151 3026/3152
f 3001/3126 3026/3152 3002/3127
f 3002/3127 3026/3152 3027/3153
f 3002/3127 3027/3153 3003/3128
f 3003/3128 3027/3153 3028/3154
f 3003/3128 3028/3154 3004/3129
f 3004/3129 3028/3154 3029/3155
f 3004/3129 3029/3155 3005/3130
f 3005/3130 3029/3155 3030/3156
f 3005/3130 3030/3156 3006/3131
f 3006/3131 3030/3156 3031/3157
f 3006/3131 3031/3157 3007/3132
f 3007/3132 3031/3157 3032/3158
f 3007/3132 3032/3158 3008/3133
f 3008/3133 3032/3158 3033/3159
f 3008/3133 3033/3159 3009/3134
f 3009/3134 3033/3159 3034/3160
f 3009/3134 3034/3160 3010/3135
f 3010/3135 3034/3160 3035/3161
f 3010/3135 3035/3161 3011/3136
f 3011/3136 3035/3161 3036/3162
f 3011/3136 3036/3162 3012/3137
f 3012/3137 3036/3162 3037/3163
f 3012/3137 3037/3163 3013/3138
f 3013/3138 3037/3163 3038/3164
f 3013/3138 3038/3164 3014/3139
f 3014/3139 3038/3164 3039/3165
f 3014/3139 3039/3165 3015/3140
f 3015/3140 3039/3165 3040/3166
f 3015/3140 3040/3166 3016/3141
f 3016/3141 3040/3166 3041/3167
f 3016/3141 3041/3167 3017/3142
f 3017/3142 3041/3167 3042/3168
f 3017/3142 3042/3168 3018/3143
f 3018/3143 3042/3168 3043/3169
f 3018/3143 3043/3169 3019/3144
f 3019/3144 3043/3169 3044/3170
f 3019/3144 3044/3170 3020/3145
f 3020/3145 3044/3170 3045/3171
f 3020/3145 3045/3171 3021/3146
f 3021/3146 3045/3171 3046/3172
f 3021/3146 3046/3172 3022/3147
f 3022/3147 3046/3172 3047/3173
f 3022/3147 3047/3173 3023/3148
f 3023/3148 3047/3173 3048/3174
f 3023/3148 3048/3174 3024/3149
f 3024/3149 3048/3174 3025/3175
f 3024/3149 3025/3175 3001/3150
f 3025/3151 3049/3176 3050/3177
f 3025/3151 3050/3177 3026/3152
f 3026/3152 3050/3177 3051/3178
f 3026/3152 3051/3178 3027/3153
f 3027/3153 3051/3178 3052/3179
f 3027/3153 3052/3179 3028/3154
f 3028/3154 3052/3179 3053/3180
f 3028/3154 3053/3180 3029/3155
f 3029/3155 3053/3180 3054/3181
f 3029/3155 3054/3181 3030/3156
f 3030/3156 3054/3181 3055/3182
f 3030/3156 3055/3182 3031/3157
f 3031/3157 3055/3182 3056/3183
f 3031/3157 3056/3183 3032/3158
f 3032/3158 3056/3183 3057/3184
f 3032/3158 3057/3184 3033/3159
f 3033/3159 3057/3184 3058/3185
f 3033/3159 3058/3185 3034/3160
f 3034/3160 3058/3185 3059/3186
f 3034/3160 3059/3186 3035/3161
f 3035/3161 3059/3186 3060/3187
f 3035/3161 3060/3187 3036/3162
f 3036/3162 3060/3187 3061/3188
f 3036/3162 3061/3188 3037/3163
f 3037/3163 3061/3188 3062/3189
f 3037/3163 3062/3189 3038/3164
f 3038/3164 3062/3189 3063/3190
f 3038/3164 3063/3190 3039/3165
f 3039/3165 3063/3190 3064/3191
f 3039/3165 3064/3191 3040/3166
f 3040/3166 3064/3191 3065/3192
f 3040/3166 3065/3192 3041/3167
f 3041/3167 3065/3192 3066/3193
f 3041/3167 3066/3193 3042/3168
f 3042/3168 3066/3193 3067/3194
f 3042/3168 3067/3194 3043/3169
f 3043/3169 3067/3194 3068/3195
f 3043/3169 3068/3195 3044/3170
f 3044/3170 3068/3195 3069/3196
f 3044/3170 3069/3196 3045/3171
f 3045/3171 3069/3196 3070/3197
f 3045/3171 3070/3197 3046/3172
f 3046/3172 3070/3197 3071/3198
f 3046/3172 3071/3198 3047/3173
f 3047/3173 3071/3198 3072/3199
f 3047/3173 3072/3199 3048/3174
f 3048/3174 3072/3199 3049/3200
f 3048/3174 3049/3200 3025/3175
f 3049/3176 3073/3201 3074/3202
f 3049/3176 3074/3202 3050/3177
f 3050/3177 3074/3202 3075/3203
f 3050/3177 3075/3203 3051/3178
f 3051/3178 3075/3203 3076/3204
f 3051/3178 3076/3204 3052/3179
f 3052/3179 3076/3204 3077/3205
f 3052/3179 3077/3205 3053/3180
f 3053/3180 3077/3205 3078/3206
f 3053/3180 3078/3206 3054/3181
f 3054/3181 3078/3206 3079/3207
f 3054/3181 3079/3207 3055/3182
f 3055/3182 3079/3207 3080/3208
f 3055/3182 3080/3208 3056/3183
f 3056/3183 3080/3208 3081/3209
f 3056/3183 3081/3209 3057/3184
f 3057/3184 3081/3209 3082/3210
f 3057/3184 3082/3210 3058/3185
f 3058/3185 3082/3210 3083/3211
f 3058/3185 3083/3211 3059/3186
f 3059/3186 3083/3211 3084/3212
f 3059/3186 3084/3212 3060/3187
f 3060/3187 3084/3212 3085/3213
f 3060/3187 3085/3213 3061/3188
f 3061/3188 3085/3213 3086/3214
f 3061/3188 3086/3214 3062/3189
f 3062/3189 3086/3214 3087/3215
f 3062/3189 3087/3215 3063/3190
f 3063/3190 3087/3215 3088/3216
f 3063/3190 3088/3216 3064/3191
f 3064/3191 3088/3216 3089/3217
f 3064/3191 3089/3217 3065/3192
f 3065/3192 3089/3217 3090/3218
f 3065/3192 3090/3218 3066/3193
f 3066/3193 3090/3218 3091/3219
f 3066/3193 3091/3219 3067/3194
f 3067/3194 3091/3219 3092/3220
f 3067/3194 3092/3220 3068/3195
f 3068/3195 3092/3220 3093/3221
f 3068/3195 3093/3221 3069/3196
f 3069/3196 3093/3221 3094/3222
f 3069/3196 3094/3222 3070/3197
f 3070/3197 3094/3222 3095/3223
f 3070/3197 3095/3223 3071/3198
f 3071/3198 3095/3223 3096/3224
f 3071/3198 3096/3224 3072/3199
f 3072/3199 3096/3224 3073/3225
f 3072/3199 3073/3225 3049/3200
f 3073/3201 3097/3226 3098/3227
f 3073/3201 3098/3227 3074/3202
f 3074/3202 3098/3227 3099/3228
f 3074/3202 3099/3228 3075/3203
f 3075/3203 3099/3228 3100/3229
f 3075/3203 3100/3229 3076/3204
f 3076/3204 3100/3229 3101/3230
f 3076/3204 3101/3230 3077/3205
f 3077/3205 3101/3230 3102/3231
f 3077/3205 3102/3231 3078/3206
f 3078/3206 3102/3231 3103/3232
f 3078/3206 3103/3232 3079/3207
f 3079/3207 3103/3232 3104/3233
f 3079/3207 3104/3233 3080/3208
f 3080/3208 3104/3233 3105/3234
f 3080/3208 3105/3234 3081/3209
f 3081/3209 3105/3234 3106/3235
f 3081/3209 3106/3235 3082/3210
f 3082/3210 3106/3235 3107/3236
f 3082/3210 3107/3236 3083/3211
f 3083/3211 3107/3236 3108/3237
f 3083/3211 3108/3237 3084/3212
f 3084/3212 3108/3237 3109/3238
f 3084/3212 3109/3238 3085/3213
f 3085/3213 3109/3238 3110/3239
f 3085/3213 3110/3239 3086/3214
f 3086/3214 3110/3239 3111/3240
f 3086/3214 3111/3240 3087/3215
f 3087/3215 3111/3240 3112/3241
f 3087/3215 3112/3241 3088/3216
f 3088/3216 3112/3241 3113/3242
f 3088/3216 3113/3242 3089/3217
f 3089/3217 3113/3242 3114/3243
f 3089/3217 3114/3243 3090/3218
f 3090/3218 3114/3243 3115/3244
f 3090/3218 3115/3244 3091/3219
f 3091/3219 3115/3244 3116/3245
f 3091/3219 3116/3245 3092/3220
f 3092/3220 3116/3245 3117/3246
f 3092/3220 3117/3246 3093/3221
f 3093/3221 3117/3246 3118/3247
f 3093/3221 3118/3247 3094/3222
f 3094/3222 3118/3247 3119/3248
f 3094/3222 3119/3248 3095/3223
f 3095/3223 3119/3248 3120/3249
f 3095/3223 3120/3249 3096/3224
f 3096/3224 3120/3249 3097/3250
f 3096/3224 3097/3250 3073/3225
f 3097/3226 3121/3251 3122/3252
f 3097/3226 3122/3252 3098/3227
f 3098/3227 3122/3252 3123/3253
f 3098/3227 3123/3253 3099/3228
f 3099/3228 3123/3253 3124/3254
f 3099/3228 3124/3254 3100/3229
f 3100/3229 3124/3254 3125/3255
f 3100/3229 3125/3255 3101/3230
f 3101/3230 3125/3255 3126/3256
f 3101/3230 3126/3256 3102/3231
f 3102/3231 3126/3256 3127/3257
f 3102/3231 3127/3257 3103/3232
f 3103/3232 3127/3257 3128/3258
f 3103/3232 3128/3258 3104/3233
f 3104/3233 3128/3258 3129/3259
f 3104/3233 3129/3259 3105/3234
f 3105/3234 3129/3259 3130/3260
f 3105/3234 3130/3260 3106/3235
f 3106/3235 3130/3260 3131/3261
f 3106/3235 3131/3261 3107/3236
f 3107/3236 3131/3261 3132/3262
f 3107/3236 3132/3262 3108/3237
f 3108/3237 3132/3262 3133/3263
f 3108/3237 3133/3263 3109/3238
f 3109/3238 3133/3263 3134/3264
f 3109/3238 3134/3264 3110/3239
f 3110/3239 3134/3264 3135/3265
f 3110/3239 3135/3265 3111/3240
f 3111/3240 3135/3265 3136/3266
f 3111/3240 3136/3266 3112/3241
f 3112/3241 3136/3266 3137/3267
f 3112/3241 3137/3267 3113/3242
f 3113/3242 3137/3267 3138/3268
f 3113/3242 3138/3268 3114/3243
f 3114/3243 3138/3268 3139/3269
f 3114/3243 3139/3269 3115/3244
f 3115/3244 3139/3269 3140/3270
f 3115/3244 3140/3270 3116/3245
f 3116/3245 3140/3270 3141/3271
f 3116/3245 3141/3271 3117/3246
f 3117/3246 3141/3271 3142/3272
f 3117/3246 3142/3272 3118/3247
f 3118/3247 3142/3272 3143/3273
f 3118/3247 3143/3273 3119/3248
f 3119/3248 3143/3273 3144/3274
f 3119/3248 3144/3274 3120/3249
f 3120/3249 3144/3274 3121/3275
f 3120/3249 3121/3275 3097/3250
f 3121/3251 3145/3276 3146/3277
f 3121/3251 3146/3277 3122/3252
f 3122/3252 3146/3277 3147/3278
f 3122/3252 3147/3278 3123/3253
f 3123/3253 3147/3278 3148/3279
f 3123/3253 3148/3279 3124/3254
f 3124/3254 3148/3279 3149/3280
f 3124/3254 3149/3280 3125/3255
f 3125/3255 3149/3280 3150/3281
f 3125/3255 3150/3281 3126/3256
f 3126/3256 3150/3281 3151/3282
f 3126/3256 3151/3282 3127/3257
f 3127/3257 3151/3282 3152/3283
f 3127/3257 3152/3283 3128/3258
f 3128/3258 3152/3283 3153/3284
f 3128/3258 3153/3284 3129/3259
f 3129/3259 3153/3284 3154/3285
f 3129/3259 3154/3285 3130/3260
f 3130/3260 3154/3285 3155/3286
f 3130/3260 3155/3286 3131/3261
f 3131/3261 3155/3286 3156/3287
f 3131/3261 3156/3287 3132/3262
f 3132/3262 3156/3287 3157/3288
f 3132/3262 3157/3288 3133/3263
f 3133/3263 3157/3288 3158/3289
f 3133/3263 3158/3289 3134/3264
f 3134/3264 3158/3289 3159/3290
f 3134/3264 3159/3290 3135/3265
f 3135/3265 3159/3290 3160/3291
f 3135/3265 3160/3291 3136/3266
f 3136/3266 3160/3291 3161/3292
f 3136/3266 3161/3292 3137/3267
f 3137/3267 3161/3292 3162/3293
f 3137/3267 3162/3293 3138/3268
f 3138/3268 3162/3293 3163/3294
f 3138/3268 3163/3294 3139/3269
f 3139/3269 3163/3294 3164/3295
f 3139/3269 3164/3295 3140/3270
f 3140/3270 3164/3295 3165/3296
f 3140/3270 3165/3296 3141/3271
f 3141/3271 3165/3296 3166/3297
f 3141/3271 3166/3297 3142/3272
f 3142/3272 3166/3297 3167/3298
f 3142/3272 3167/3298 3143/3273
f 3143/3273 3167/3298 3168/3299
f 3143/3273 3168/3299 3144/3274
f 3144/3274 3168/3299 3145/3300
f 3144/3274 3145/3300 3121/3275
f 3145/3276 3169/3301 3170/3302
f 3145/3276 3170/3302 3146/3277
f 3146/3277 3170/3302 3171/3303
f 3146/3277 3171/3303 3147/3278
f 3147/3278 3171/3303 3172/3304
f 3147/3278 3172/3304 3148/3279
f 3148/3279 3172/3304 3173/3305
f 3148/3279 3173/3305 3149/3280
f 3149/3280 3173/3305 3174/3306
f 3149/3280 3174/3306 3150/3281
f 3150/3281 3174/3306 3175/3307
f 3150/3281 3175/3307 3151/3282
f 3151/3282 3175/3307 3176/3308
f 3151/3282 3176/3308 3152/3283
f 3152/3283 3176/3308 3177/3309
f 3152/3283 3177/3309 3153/3284
f 3153/3284 3177/3309 3178/3310
f 3153/3284 3178/3310 3154/3285
f 3154/3285 3178/3310 3179/3311
f 3154/3285 3179/3311 3155/3286
f 3155/3286 3179/3311 3180/3312
f 3155/3286 3180/3312 3156/3287
f 3156/3287 3180/3312 3181/3313
f 3156/3287 3181/3313 3157/3288
f 3157/3288 3181/3313 3182/3314
f 3157/3288 3182/3314 3158/3289
f 3158/3289 3182/3314 3183/3315
f 3158/3289 3183/3315 3159/3290
f 3159/3290 3183/3315 3184/3316
f 3159/3290 3184/3316 3160/3291
f 3160/3291 3184/3316 3185/3317
f 3160/3291 3185/3317 3161/3292
f 3161/3292 3185/3317 3186/3318
f 3161/3292 3186/3318 3162/3293
f 3162/3293 3186/3318 3187/3319
f 3162/3293 3187/3319 3163/3294
f 3163/3294 3187/3319 3188/3320
f 3163/3294 3188/3320 3164/3295
f 3164/3295 3188/3320 3189/3321
f 3164/3295 3189/3321 3165/3296
f 3165/3296 3189/3321 3190/3322
f 3165/3296 3190/3322 3166/3297
f 3166/3297 3190/3322 3191/3323
f 3166/3297 3191/3323 3167/3298
f 3167/3298 3191/3323 3192/3324
f 3167/3298 3192/3324 3168/3299
f 3168/3299 3192/3324 3169/3325
f 3168/3299 3169/3325 3145/3300
f 3169/3301 3193/3326 3194/3327
f 3169/3301 3194/3327 3170/3302
f 3170/3302 3194/3327 3195/3328
f 3170/3302 3195/3328 3171/3303
f 3171/3303 3195/3328 3196/3329
f 3171/3303 3196/3329 3172/3304
f 3172/3304 3196/3329 3197/3330
f 3172/3304 3197/3330 3173/3305
f 3173/3305 3197/3330 3198/3331
f 3173/3305 3198/3331 3174/3306
f 3174/3306 3198/3331 3199/3332
f 3174/3306 3199/3332 3175/3307
f 3175/3307 3199/3332 3200/3333
f 3175/3307 3200/3333 3176/3308
f 3176/3308 3200/3333 3201/3334
f 3176/3308 3201/3334 3177/3309
f 3177/3309 3201/3334 3202/3335
f 3177/3309 3202/3335 3178/3310
f 3178/3310 3202/3335 3203/3336
f 3178/3310 3203/3336 3179/3311
f 3179/3311 3203/3336 3204/3337
f 3179/3311 3204/3337 3180/3312
f 3180/3312 3204/3337 3205/3338
f 3180/3312 3205/3338 3181/3313
f 3181/3313 3205/3338 3206/3339
f 3181/3313 3206/3339 3182/3314
f 3182/3314 3206/3339 3207/3340
f 3182/3314 3207/3340 3183/3315
f 3183/3315 3207/3340 3208/3341
f 3183/3315 3208/3341 3184/3316
f 3184/3316 3208/3341 3209/3342
f 3184/3316 3209/3342 3185/3317
f 3185/3317 3209/3342 3210/3343
f 3185/3317 3210/3343 3186/3318
f 3186/3318 3210/3343 3211/3344
f 3186/3318 3211/3344 3187/3319
f 3187/3319 3211/3344 3212/3345
f 3187/3319 3212/3345 3188/3320
f 3188/3320 3212/3345 3213/3346
f 3188/3320 3213/3346 3189/3321
f 3189/3321 3213/3346 3214/3347
f 3189/3321 3214/3347 3190/3322
f 3190/3322 3214/3347 3215/3348
f 3190/3322 3215/3348 3191/3323
f 3191/3323 3215/3348 3216/3349
f 3191/3323 3216/3349 3192/3324
f 3192/3324 3216/3349 3193/3350
f 3192/3324 3193/3350 3169/3325
f 3193/3326 3217/3351 3218/3352
f 3193/3326 3218/3352 3194/3327
f 3194/3327 3218/3352 3219/3353
f 3194/3327 3219/3353 3195/3328
f 3195/3328 3219/3353 3220/3354
f 3195/3328 3220/3354 3196/3329
f 3196/3329 3220/3354 3221/3355
f 3196/3329 3221/3355 3197/3330
f 3197/3330 3221/3355 3222/3356
f 3197/3330 3222/3356 3198/3331
f 3198/3331 3222/3356 3223/3357
f 3198/3331 3223/3357 3199/3332
f 3199/3332 3223/3357 3224/3358
f 3199/3332 3224/3358 3200/3333
f 3200/3333 3224/3358 3225/3359
f 3200/3333 3225/3359 3201/3334
f 3201/3334 3225/3359 3226/3360
f 3201/3334 3226/3360 3202/3335
f 3202/3335 3226/3360 3227/3361
f 3202/3335 3227/3361 3203/3336
f 3203/3336 3227/3361 3228/3362
f 3203/3336 3228/3362 3204/3337
f 3204/3337 3228/3362 3229/3363
f 3204/3337 3229/3363 3205/3338
f 3205/3338 3229/3363 3230/3364
f 3205/3338 3230/3364 3206/3339
f 3206/3339 3230/3364 3231/3365
f 3206/3339 3231/3365 3207/3340
f 3207/3340 3231/3365 3232/3366
f 3207/3340 3232/3366 3208/3341
f 3208/3341 3232/3366 3233/3367
f 3208/3341 3233/3367 3209/3342
f 3209/3342 3233/3367 3234/3368
f 3209/3342 3234/3368 3210/3343
f 3210/3343 3234/3368 3235/3369
f 3210/3343 3235/3369 3211/3344
f 3211/3344 3235/3369 3236/3370
f 3211/3344 3236/3370 3212/3345
f 3212/3345 3236/3370 3237/3371
f 3212/3345 3237/3371 3213/3346
f 3213/3346 3237/3371 3238/3372
f 3213/3346 3238/3372 3214/3347
f 3214/3347 3238/3372 3239/3373
f 3214/3347 3239/3373 3215/3348
f 3215/3348 3239/3373 3240/3374
f 3215/3348 3240/3374 3216/3349
f 3216/3349 3240/3374 3217/3375
f 3216/3349 3217/3375 3193/3350
f 3217/3351 3241/3376 3242/3377
f 3217/3351 3242/3377 3218/3352
f 3218/3352 3242/3377 3243/3378
f 3218/3352 3243/3378 3219/3353
f 3219/3353 3243/3378 3244/3379
f 3219/3353 3244/3379 3220/3354
f 3220/3354 3244/3379 3245/3380
f 3220/3354 3245/3380 3221/3355
f 3221/3355 3245/3380 3246/3381
f 3221/3355 3246/3381 3222/3356
f 3222/3356 3246/3381 3247/3382
f 3222/3356 3247/3382 3223/3357
f 3223/3357 3247/3382 3248/3383
f 3223/3357 3248/3383 3224/3358
f 3224/3358 3248/3383 3249/3384
f 3224/3358 3249/3384 3225/3359
f 3225/3359 3249/3384 3250/3385
f 3225/3359 3250/3385 3226/3360
f 3226/3360 3250/3385 3251/3386
f 3226/3360 3251/3386 3227/3361
f 3227/3361 3251/3386 3252/3387
f 3227/3361 3252/3387 3228/3362
f 3228/3362 3252/3387 3253/3388
f 3228/3362 3253/3388 3229/3363
f 3229/3363 3253/3388 3254/3389
f 3229/3363 3254/3389 3230/3364
f 3230/3364 3254/3389 3255/3390
f 3230/3364 3255/3390 3231/3365
f 3231/3365 3255/3390 3256/3391
f 3231/3365 3256/3391 3232/3366
f 3232/3366 3256/3391 3257/3392
f 3232/3366 3257/3392 3233/3367
f 3233/3367 3257/3392 3258/3393
f 3233/3367 3258/3393 3234/3368
f 3234/3368 3258/3393 3259/3394
f 3234/3368 3259/3394 3235/3369
f 3235/3369 3259/3394 3260/3395
f 3235/3369 3260/3395 3236/3370
f 3236/3370 3260/3395 3261/3396
f 3236/3370 3261/3396 3237/3371
f 3237/3371 3261/3396 3262/3397
f 3237/3371 3262/3397 3238/3372
f 3238/3372 3262/3397 3263/3398
f 3238/3372 3263/3398 3239/3373
f 3239/3373 3263/3398 3264/3399
f 3239/3373 3264/3399 3240/3374
f 3240/3374 3264/3399 3241/3400
f 3240/3374 3241/3400 3217/3375
f 3241/3376 3265/3401 3266/3402
f 3241/3376 3266/3402 3242/3377
f 3242/3377 3266/3402 3267/3403
f 3242/3377 3267/3403 3243/3378
f 3243/3378 3267/3403 3268/3404
f 3243/3378 3268/3404 3244/3379
f 3244/3379 3268/3404 3269/3405
f 3244/3379 3269/3405 3245/3380
f 3245/3380 3269/3405 3270/3406
f 3245/3380 3270/3406 3246/3381
f 3246/3381 3270/3406 3271/3407
f 3246/3381 3271/3407 3247/3382
f 3247/3382 3271/3407 3272/3408
f 3247/3382 3272/3408 3248/3383
f 3248/3383 3272/3408 3273/3409
f 3248/3383 3273/3409 3249/3384
f 3249/3384 3273/3409 3274/3410
f 3249/3384 3274/3410 3250/3385
f 3250/3385 3274/3410 3275/3411
f 3250/3385 3275/3411 3251/3386
f 3251/3386 3275/3411 3276/3412
f 3251/3386 3276/3412 3252/3387
f 3252/3387 3276/3412 3277/3413
f 3252/3387 3277/3413 3253/3388
f 3253/3388 3277/3413 3278/3414
f 3253/3388 3278/3414 3254/3389
f 3254/3389 3278/3414 3279/3415
f 3254/3389 3279/3415 3255/3390
f 3255/3390 3279/3415 3280/3416
f 3255/3390 3280/3416 3256/3391
f 3256/3391 3280/3416 3281/3417
f 3256/3391 3281/3417 3257/3392
f 3257/3392 3281/3417 3282/3418
f 3257/3392 3282/3418 3258/3393
f 3258/3393 3282/3418 3283/3419
f 3258/3393 3283/3419 3259/3394
f 3259/3394 3283/3419 3284/3420
f 3259/3394 3284/3420 3260/3395
f 3260/3395 3284/3420 3285/3421
f 3260/3395 3285/3421 3261/3396
f 3261/3396 3285/3421 3286/3422
f 3261/3396 3286/3422 3262/3397
f 3262/3397 3286/3422 3287/3423
f 3262/3397 3287/3423 3263/3398
f 3263/3398 3287/3423 3288/3424
f 3263/3398 3288/3424 3264/3399
f 3264/3399 3288/3424 3265/3425
f 3264/3399 3265/3425 3241/3400
f 3265/3401 3289/3426 3290/3427
f 3265/3401 3290/3427 3266/3402
f 3266/3402 3290/3427 3291/3428
f 3266/3402 3291/3428 3267/3403
f 3267/3403 3291/3428 3292/3429
f 3267/3403 3292/3429 3268/3404
f 3268/3404 3292/3429 3293/3430
f 3268/3404 3293/3430 3269/3405
f 3269/3405 3293/3430 3294/3431
f 3269/3405 3294/3431 3270/3406
f 3270/3406 3294/3431 3295/3432
f 3270/3406 3295/3432 3271/3407
f 3271/3407 3295/3432 3296/3433
f 3271/3407 3296/3433 3272/3408
f 3272/3408 3296/3433 3297/3434
f 3272/3408 3297/3434 3273/3409
f 3273/3409 3297/3434 3298/3435
f 3273/3409 3298/3435 3274/3410
f 3274/3410 3298/3435 3299/3436
f 3274/3410 3299/3436 3275/3411
f 3275/3411 3299/3436 3300/3437
f 3275/3411 3300/3437 3276/3412
f 3276/3412 3300/3437 3301/3438
f 3276/3412 3301/3438 3277/3413
f 3277/3413 3301/3438 3302/3439
f 3277/3413 3302/3439 3278/3414
f 3278/3414 3302/3439 3303/3440
f 3278/3414 3303/3440 3279/3415
f 3279/3415 3303/3440 3304/3441
f 3279/3415 3304/3441 3280/3416
f 3280/3416 3304/3441 3305/3442
f 3280/3416 3305/3442 3281/3417
f 3281/3417 3305/3442 3306/3443
f 3281/3417 3306/3443 3282/3418
f 3282/3418 3306/3443 3307/3444
f 3282/3418 3307/3444 3283/3419
f 3283/3419 3307/3444 3308/3445
f 3283/3419 3308/3445 3284/3420
f 3284/3420 3308/3445 3309/3446
f 3284/3420 3309/3446 3285/3421
f 3285/3421 3309/3446 3310/3447
f 3285/3421 3310/3447 3286/3422
f 3286/3422 3310/3447 3311/3448
f 3286/3422 3311/3448 3287/3423
f 3287/3423 3311/3448 3312/3449
f 3287/3423 3312/3449 3288/3424
f 3288/3424 3312/3449 3289/3450
f 3288/3424 3289/3450 3265/3425
f 3289/3426 3313/3451 3314/3452
f 3289/3426 3314/3452 3290/3427
f 3290/3427 3314/3452 3315/3453
f 3290/3427 3315/3453 3291/3428
f 3291/3428 3315/3453 3316/3454
f 3291/3428 3316/3454 3292/3429
f 3292/3429 3316/3454 3317/3455
f 3292/3429 3317/3455 3293/3430
f 3293/3430 3317/3455 3318/3456
f 3293/3430 3318/3456 3294/3431
f 3294/3431 3318/3456 3319/3457
f 3294/3431 3319/3457 3295/3432
f 3295/3432 3319/3457 3320/3458
f 3295/3432 3320/3458 3296/3433
f 3296/3433 3320/3458 3321/3459
f 3296/3433 3321/3459 3297/3434
f 3297/3434 3321/3459 3322/3460
f 3297/3434 3322/3460 3298/3435
f 3298/3435 3322/3460 3323/3461
f 3298/3435 3323/3461 3299/3436
f 3299/3436 3323/3461 3324/3462
f 3299/3436 3324/3462 3300/3437
f 3300/3437 3324/3462 3325/3463
f 3300/3437 3325/3463 3301/3438
f 3301/3438 3325/3463 3326/3464
f 3301/3438 3326/3464 3302/3439
f 3302/3439 3326/3464 3327/3465
f 3302/3439 3327/3465 3303/3440
f 3303/3440 3327/3465 3328/3466
f 3303/3440 3328/3466 3304/3441
f 3304/3441 3328/3466 3329/3467
f 3304/3441 3329/3467 3305/3442
f 3305/3442 3329/3467 3330/3468
f 3305/3442 3330/3468 3306/3443
f 3306/3443 3330/3468 3331/3469
f 3306/3443 3331/3469 3307/3444
f 3307/3444 3331/3469 3332/3470
f 3307/3444 3332/3470 3308/3445
f 3308/3445 3332/3470 3333/3471
f 3308/3445 3333/3471 3309/3446
f 3309/3446 3333/3471 3334/3472
f 3309/3446 3334/3472 3310/3447
f 3310/3447 3334/3472 3335/3473
f 3310/3447 3335/3473 3311/3448
f 3311/3448 3335/3473 3336/3474
f 3311/3448 3336/3474 3312/3449
f 3312/3449 3336/3474 3313/3475
f 3312/3449 3313/3475 3289/3450
f 3313/3451 3337/3476 3338/3477
f 3313/3451 3338/3477 3314/3452
f 3314/3452 3338/3477 3339/3478
f 3314/3452 3339/3478 3315/3453
f 3315/3453 3339/3478 3340/3479
f 3315/3453 3340/3479 3316/3454
f 3316/3454 3340/3479 3341/3480
f 3316/3454 3341/3480 3317/3455
f 3317/3455 3341/3480 3342/3481
f 3317/3455 3342/3481 3318/3456
f 3318/3456 3342/3481 3343/3482
f 3318/3456 3343/3482 3319/3457
f 3319/3457 3343/3482 3344/3483
f 3319/3457 3344/3483 3320/3458
f 3320/3458 3344/3483 3345/3484
f 3320/3458 3345/3484 3321/3459
f 3321/3459 3345/3484 3346/3485
f 3321/3459 3346/3485 3322/3460
f 3322/3460 3346/3485 3347/3486
f 3322/3460 3347/3486 3323/3461
f 3323/3461 3347/3486 3348/3487
f 3323/3461 3348/3487 3324/3462
f 3324/3462 3348/3487 3349/3488
f 3324/3462 3349/3488 3325/3463
f 3325/3463 3349/3488 3350/3489
f 3325/3463 3350/3489 3326/3464
f 3326/3464 3350/3489 3351/3490
f 3326/3464 3351/3490 3327/3465
f 3327/3465 3351/3490 3352/3491
f 3327/3465 3352/3491 3328/3466
f 3328/3466 3352/3491 3353/3492
f 3328/3466 3353/3492 3329/3467
f 3329/3467 3353/3492 3354/3493
f 3329/3467 3354/3493 3330/3468
f 3330/3468 3354/3493 3355/3494
f 3330/3468 3355/3494 3331/3469
f 3331/3469 3355/3494 3356/3495
f 3331/3469 3356/3495 3332/3470
f 3332/3470 3356/3495 3357/3496
f 3332/3470 3357/3496 3333/3471
f 3333/3471 3357/3496 3358/3497
f 3333/3471 3358/3497 3334/3472
f 3334/3472 3358/3497 3359/3498
f 3334/3472 3359/3498 3335/3473
f 3335/3473 3359/3498 3360/3499
f 3335/3473 3360/3499 3336/3474
f 3336/3474 3360/3499 3337/3500
f 3336/3474 3337/3500 3313/3475
f 3337/3476 3361/3501 3362/3502
f 3337/3476 3362/3502 3338/3477
f 3338/3477 3362/3502 3363/3503
f 3338/3477 3363/3503 3339/3478
f 3339/3478 3363/3503 3364/3504
f 3339/3478 3364/3504 3340/3479
f 3340/3479 3364/3504 3365/3505
f 3340/3479 3365/3505 3341/3480
f 3341/3480 3365/3505 3366/3506
f 3341/3480 3366/3506 3342/3481
f 3342/3481 3366/3506 3367/3507
f 3342/3481 3367/3507 3343/3482
f 3343/3482 3367/3507 3368/3508
f 3343/3482 3368/3508 3344/3483
f 3344/3483 3368/3508 3369/3509
f 3344/3483 3369/3509 3345/3484
f 3345/3484 3369/3509 3370/3510
f 3345/3484 3370/3510 3346/3485
f 3346/3485 3370/3510 3371/3511
f 3346/3485 3371/3511 3347/3486
f 3347/3486 3371/3511 3372/3512
f 3347/3486 3372/3512 3348/3487
f 3348/3487 3372/3512 3373/3513
f 3348/3487 3373/3513 3349/3488
f 3349/3488 3373/3513 3374/3514
f 3349/3488 3374/3514 3350/3489
f 3350/3489 3374/3514 3375/3515
f 3350/3489 3375/3515 3351/3490
f 3351/3490 3375/3515 3376/3516
f 3351/3490 3376/3516 3352/3491
f 3352/3491 3376/3516 3377/3517
f 3352/3491 3377/3517 3353/3492
f 3353/3492 3377/3517 3378/3518
f 3353/3492 3378/3518 3354/3493
f 3354/3493 3378/3518 3379/3519
f 3354/3493 3379/3519 3355/3494
f 3355/3494 3379/3519 3380/3520
f 3355/3494 3380/3520 3356/3495
f 3356/3495 3380/3520 3381/3521
f 3356/3495 3381/3521 3357/3496
f 3357/3496 3381/3521 3382/3522
f 3357/3496 3382/3522 3358/3497
f 3358/3497 3382/3522 3383/3523
f 3358/3497 3383/3523 3359/3498
f 3359/3498 3383/3523 3384/3524
f 3359/3498 3384/3524 3360/3499
f 3360/3499 3384/3524 3361/3525
f 3360/3499 3361/3525 3337/3500
f 3361/3501 3385/3526 3386/3527
f 3361/3501 3386/3527 3362/3502
f 3362/3502 3386/3527 3387/3528
f 3362/3502 3387/3528 3363/3503
f 3363/3503 3387/3528 3388/3529
f 3363/3503 3388/3529 3364/3504
f 3364/3504 3388/3529 3389/3530
f 3364/3504 3389/3530 3365/3505
f 3365/3505 3389/3530 3390/3531
f 3365/3505 3390/3531 3366/3506
f 3366/3506 3390/3531 3391/3532
f 3366/3506 3391/3532 3367/3507
f 3367/3507 3391/3532 3392/3533
f 3367/3507 3392/3533 3368/3508
f 3368/3508 3392/3533 3393/3534
f 3368/3508 3393/3534 3369/3509
f 3369/3509 3393/3534 3394/3535
f 3369/3509 3394/3535 3370/3510
f 3370/3510 3394/3535 3395/3536
f 3370/3510 3395/3536 3371/3511
f 3371/3511 3395/3536 3396/3537
f 3371/3511 3396/3537 3372/3512
f 3372/3512 3396/3537 3397/3538
f 3372/3512 3397/3538 3373/3513
f 3373/3513 3397/3538 3398/3539
f 3373/3513 3398/3539 3374/3514
f 3374/3514 3398/3539 3399/3540
f 3374/3514 3399/3540 3375/3515
f 3375/3515 3399/3540 3400/3541
f 3375/3515 3400/3541 3376/3516
f 3376/3516 3400/3541 3401/3542
f 3376/3516 3401/3542 3377/3517
f 3377/3517 3401/3542 3402/3543
f 3377/3517 3402/3543 3378/3518
f 3378/3518 3402/3543 3403/3544
f 3378/3518 3403/3544 3379/3519
f 3379/3519 3403/3544 3404/3545
f 3379/3519 3404/3545 3380/3520
f 3380/3520 3404/3545 3405/3546
f 3380/3520 3405/3546 3381/3521
f 3381/3521 3405/3546 3406/3547
f 3381/3521 3406/3547 3382/3522
f 3382/3522 3406/3547 3407/3548
f 3382/3522 3407/3548 3383/3523
f 3383/3523 3407/3548 3408/3549
f 3383/3523 3408/3549 3384/3524
f 3384/3524 3408/3549 3385/3550
f 3384/3524 3385/3550 3361/3525
f 3385/3526 3409/3551 3410/3552
f 3385/3526 3410/3552 3386/3527
f 3386/3527 3410/3552 3411/3553
f 3386/3527 3411/3553 3387/3528
f 3387/3528 3411/3553 3412/3554
f 3387/3528 3412/3554 3388/3529
f 3388/3529 3412/3554 3413/3555
f 3388/3529 3413/3555 3389/3530
f 3389/3530 3413/3555 3414/3556
f 3389/3530 3414/3556 3390/3531
f 3390/3531 3414/3556 3415/3557
f 3390/3531 3415/3557 3391/3532
f 3391/3532 3415/3557 3416/3558
f 3391/3532 3416/3558 3392/3533
f 3392/3533 3416/3558 3417/3559
f 3392/3533 3417/3559 3393/3534
f 3393/3534 3417/3559 3418/3560
f 3393/3534 3418/3560 3394/3535
f 3394/3535 3418/3560 3419/3561
f 3394/3535 3419/3561 3395/3536
f 3395/3536 3419/3561 3420/3562
f 3395/3536 3420/3562 3396/3537
f 3396/3537 3420/3562 3421/3563
f 3396/3537 3421/3563 3397/3538
f 3397/3538 3421/3563 3422/3564
f 3397/3538 3422/3564 3398/3539
f 3398/3539 3422/3564 3423/3565
f 3398/3539 3423/3565 3399/3540
f 3399/3540 3423/3565 3424/3566
f 3399/3540 3424/3566 3400/3541
f 3400/3541 3424/3566 3425/3567
f 3400/3541 3425/3567 3401/3542
f 3401/3542 3425/3567 3426/3568
f 3401/3542 3426/3568 3402/3543
f 3402/3543 3426/3568 3427/3569
f 3402/3543 3427/3569 3403/3544
f 3403/3544 3427/3569 3428/3570
f 3403/3544 3428/3570 3404/3545
f 3404/3545 3428/3570 3429/3571
f 3404/3545 3429/3571 3405/3546
f 3405/3546 3429/3571 3430/3572
f 3405/3546 3430/3572 3406/3547
f 3406/3547 3430/3572 3431/3573
f 3406/3547 3431/3573 3407/3548
f 3407/3548 3431/3573 3432/3574
f 3407/3548 3432/3574 3408/3549
f 3408/3549 3432/3574 3409/3575
f 3408/3549 3409/3575 3385/3550
f 3409/3551 3433/3576 3434/3577
f 3409/3551 3434/3577 3410/3552
f 3410/3552 3434/3577 3435/3578
f 3410/3552 3435/3578 3411/3553
f 3411/3553 3435/3578 3436/3579
f 3411/3553 3436/3579 3412/3554
f 3412/3554 3436/3579 3437/3580
f 3412/3554 3437/3580 3413/3555
f 3413/3555 3437/3580 3438/3581
f 3413/3555 3438/3581 3414/3556
f 3414/3556 3438/3581 3439/3582
f 3414/3556 3439/3582 3415/3557
f 3415/3557 3439/3582 3440/3583
f 3415/3557 3440/3583 3416/3558
f 3416/3558 3440/3583 3441/3584
f 3416/3558 3441/3584 3417/3559
f 3417/3559 3441/3584 3442/3585
f 3417/3559 3442/3585 3418/3560
f 3418/3560 3442/3585 3443/3586
f 3418/3560 3443/3586 3419/3561
f 3419/3561 3443/3586 3444/3587
f 3419/3561 3444/3587 3420/3562
f 3420/3562 3444/3587 3445/3588
f 3420/3562 3445/3588 3421/3563
f 3421/3563 3445/3588 3446/3589
f 3421/3563 3446/3589 3422/3564
f 3422/3564 3446/3589 3447/3590
f 3422/3564 3447/3590 3423/3565
f 3423/3565 3447/3590 3448/3591
f 3423/3565 3448/3591 3424/3566
f 3424/3566 3448/3591 3449/3592
f 3424/3566 3449/3592 3425/3567
f 3425/3567 3449/3592 3450/3593
f 3425/3567 3450/3593 3426/3568
f 3426/3568 3450/3593 3451/3594
f 3426/3568 3451/3594 3427/3569
f 3427/3569 3451/3594 3452/3595
f 3427/3569 3452/3595 3428/3570
f 3428/3570 3452/3595 3453/3596
f 3428/3570 3453/3596 3429/3571
f 3429/3571 3453/3596 3454/3597
f 3429/3571 3454/3597 3430/3572
f 3430/3572 3454/3597 3455/3598
f 3430/3572 3455/3598 3431/3573
f 3431/3573 3455/3598 3456/3599
f 3431/3573 3456/3599 3432/3574
f 3432/3574 3456/3599 3433/3600
f 3432/3574 3433/3600 3409/3575
f 3433/3576 3457/3601 3458/3602
f 3433/3576 3458/3602 3434/3577
f 3434/3577 3458/3602 3459/3603
f 3434/3577 3459/3603 3435/3578
f 3435/3578 3459/3603 3460/3604
f 3435/3578 3460/3604 3436/3579
f 3436/3579 3460/3604 3461/3605
f 3436/3579 3461/3605 3437/3580
f 3437/3580 3461/3605 3462/3606
f 3437/3580 3462/3606 3438/3581
f 3438/3581 3462/3606 3463/3607
f 3438/3581 3463/3607 3439/3582
f 3439/3582 3463/3607 3464/3608
f 3439/3582 3464/3608 3440/3583
f 3440/3583 3464/3608 3465/3609
f 3440/3583 3465/3609 3441/3584
f 3441/3584 3465/3609 3466/3610
f 3441/3584 3466/3610 3442/3585
f 3442/3585 3466/3610 3467/3611
f 3442/3585 3467/3611 3443/3586
f 3443/3586 3467/3611 3468/3612
f 3443/3586 3468/3612 3444/3587
f 3444/3587 3468/3612 3469/3613
f 3444/3587 3469/3613 3445/3588
f 3445/3588 3469/3613 3470/3614
f 3445/3588 3470/3614 3446/3589
f 3446/3589 3470/3614 3471/3615
f 3446/3589 3471/3615 3447/3590
f 3447/3590 3471/3615 3472/3616
f 3447/3590 3472/3616 3448/3591
f 3448/3591 3472/3616 3473/3617
f 3448/3591 3473/3617 3449/3592
f 3449/3592 3473/3617 3474/3618
f 3449/3592 3474/3618 3450/3593
f 3450/3593 3474/3618 3475/3619
f 3450/3593 3475/3619 3451/3594
f 3451/3594 3475/3619 3476/3620
f 3451/3594 3476/3620 3452/3595
f 3452/3595 3476/3620 3477/3621
f 3452/3595 3477/3621 3453/3596
f 3453/3596 3477/3621 3478/3622
f 3453/3596 3478/3622 3454/3597
f 3454/3597 3478/3622 3479/3623
f 3454/3597 3479/3623 3455/3598
f 3455/3598 3479/3623 3480/3624
f 3455/3598 3480/3624 3456/3599
f 3456/3599 3480/3624 3457/3625
f 3456/3599 3457/3625 3433/3600
f 3457/3601 3481/3626 3482/3627
f 3457/3601 3482/3627 3458/3602
f 3458/3602 3482/3627 3483/3628
f 3458/3602 3483/3628 3459/3603
f 3459/3603 3483/3628 3484/3629
f 3459/3603 3484/3629 3460/3604
f 3460/3604 3484/3629 3485/3630
f 3460/3604 3485/3630 3461/3605
f 3461/3605 3485/3630 3486/3631
f 3461/3605 3486/3631 3462/3606
f 3462/3606 3486/3631 3487/3632
f 3462/3606 3487/3632 3463/3607
f 3463/3607 3487/3632 3488/3633
f 3463/3607 3488/3633 3464/3608
f 3464/3608 3488/3633 3489/3634
f 3464/3608 3489/3634 3465/3609
f 3465/3609 3489/3634 3490/3635
f 3465/3609 3490/3635 3466/3610
f 3466/3610 3490/3635 3491/3636
f 3466/3610 3491/3636 3467/3611
f 3467/3611 3491/3636 3492/3637
f 3467/3611 3492/3637 3468/3612
f 3468/3612 3492/3637 3493/3638
f 3468/3612 3493/3638 3469/3613
f 3469/3613 3493/3638 3494/3639
f 3469/3613 3494/3639 3470/3614
f 3470/3614 3494/3639 3495/3640
f 3470/3614 3495/3640 3471/3615
f 3471/3615 3495/3640 3496/3641
f 3471/3615 3496/3641 3472/3616
f 3472/3616 3496/3641 3497/3642
f 3472/3616 3497/3642 3473/3617
f 3473/3617 3497/3642 3498/3643
f 3473/3617 3498/3643 3474/3618
f 3474/3618 3498/3643 3499/3644
f 3474/3618 3499/3644 3475/3619
f 3475/3619 3499/3644 3500/3645
f 3475/3619 3500/3645 3476/3620
f 3476/3620 3500/3645 3501/3646
f 3476/3620 3501/3646 3477/3621
f 3477/3621 3501/3646 3502/3647
f 3477/3621 3502/3647 3478/3622
f 3478/3622 3502/3647 3503/3648
f 3478/3622 3503/3648 3479/3623
f 3479/3623 3503/3648 3504/3649
f 3479/3623 3504/3649 3480/3624
f 3480/3624 3504/3649 3481/3650
f 3480/3624 3481/3650 3457/3625
f 3481/3626 3505/3651 3506/3652
f 3481/3626 3506/3652 3482/3627
f 3482/3627 3506/3652 3507/3653
f 3482/3627 3507/3653 3483/3628
f 3483/3628 3507/3653 3508/3654
f 3483/3628 3508/3654 3484/3629
f 3484/3629 3508/3654 3509/3655
f 3484/3629 3509/3655 3485/3630
f 3485/3630 3509/3655 3510/3656
f 3485/3630 3510/3656 3486/3631
f 3486/3631 3510/3656 3511/3657
f 3486/3631 3511/3657 3487/3632
f 3487/3632 3511/3657 3512/3658
f 3487/3632 3512/3658 3488/3633
f 3488/3633 3512/3658 3513/3659
f 3488/3633 3513/3659 3489/3634
f 3489/3634 3513/3659 3514/3660
f 3489/3634 3514/3660 3490/3635
f 3490/3635 3514/3660 3515/3661
f 3490/3635 3515/3661 3491/3636
f 3491/3636 3515/3661 3516/3662
f 3491/3636 3516/3662 3492/3637
f 3492/3637 3516/3662 3517/3663
f 3492/3637 3517/3663 3493/3638
f 3493/3638 3517/3663 3518/3664
f 3493/3638 3518/3664 3494/3639
f 3494/3639 3518/3664 3519/3665
f 3494/3639 3519/3665 3495/3640
f 3495/3640 3519/3665 3520/3666
f 3495/3640 3520/3666 3496/3641
f 3496/3641 3520/3666 3521/3667
f 3496/3641 3521/3667 3497/3642
f 3497/3642 3521/3667 3522/3668
f 3497/3642 3522/3668 3498/3643
f 3498/3643 3522/3668 3523/3669
f 3498/3643 3523/3669 3499/3644
f 3499/3644 3523/3669 3524/3670
f 3499/3644 3524/3670 3500/3645
f 3500/3645 3524/3670 3525/3671
f 3500/3645 3525/3671 3501/3646
f 3501/3646 3525/3671 3526/3672
f 3501/3646 3526/3672 3502/3647
f 3502/3647 3526/3672 3527/3673
f 3502/3647 3527/3673 3503/3648
f 3503/3648 3527/3673 3528/3674
f 3503/3648 3528/3674 3504/3649
f 3504/3649 3528/3674 3505/3675
f 3504/3649 3505/3675 3481/3650
f 3505/3651 3529/3676 3530/3677
f 3505/3651 3530/3677 3506/3652
f 3506/3652 3530/3677 3531/3678
f 3506/3652 3531/3678 3507/3653
f 3507/3653 3531/3678 3532/3679
f 3507/3653 3532/3679 3508/3654
f 3508/3654 3532/3679 3533/3680
f 3508/3654 3533/3680 3509/3655
f 3509/3655 3533/3680 3534/3681
f 3509/3655 3534/3681 3510/3656
f 3510/3656 3534/3681 3535/3682
f 3510/3656 3535/3682 3511/3657
f 3511/3657 3535/3682 3536/3683
f 3511/3657 3536/3683 3512/3658
f 3512/3658 3536/3683 3537/3684
f 3512/3658 3537/3684 3513/3659
f 3513/3659 3537/3684 3538/3685
f 3513/3659 3538/3685 3514/3660
f 3514/3660 3538/3685 3539/3686
f 3514/3660 3539/3686 3515/3661
f 3515/3661 3539/3686 3540/3687
f 3515/3661 3540/3687 3516/3662
f 3516/3662 3540/3687 3541/3688
f 3516/3662 3541/3688 3517/3663
f 3517/3663 3541/3688 3542/3689
f 3517/3663 3542/3689 3518/3664
f 3518/3664 3542/3689 3543/3690
f 3518/3664 3543/3690 3519/3665
f 3519/3665 3543/3690 3544/3691
f 3519/3665 3544/3691 3520/3666
f 3520/3666 3544/3691 3545/3692
f 3520/3666 3545/3692 3521/3667
f 3521/3667 3545/3692 3546/3693
f 3521/3667 3546/3693 3522/3668
f 3522/3668 3546/3693 3547/3694
f 3522/3668 3547/3694 3523/3669
f 3523/3669 3547/3694 3548/3695
f 3523/3669 3548/3695 3524/3670
f 3524/3670 3548/3695 3549/3696
f 3524/3670 3549/3696 3525/3671
f 3525/3671 3549/3696 3550/3697
f 3525/3671 3550/3697 3526/3672
f 3526/3672 3550/3697 3551/3698
f 3526/3672 3551/3698 3527/3673
f 3527/3673 3551/3698 3552/3699
f 3527/3673 3552/3699 3528/3674
f 3528/3674 3552/3699 3529/3700
f 3528/3674 3529/3700 3505/3675
f 3529/3676 3553/3701 3554/3702
f 3529/3676 3554/3702 3530/3677
f 3530/3677 3554/3702 3555/3703
f 3530/3677 3555/3703 3531/3678
f 3531/3678 3555/3703 3556/3704
f 3531/3678 3556/3704 3532/3679
f 3532/3679 3556/3704 3557/3705
f 3532/3679 3557/3705 3533/3680
f 3533/3680 3557/3705 3558/3706
f 3533/3680 3558/3706 3534/3681
f 3534/3681 3558/3706 3559/3707
f 3534/3681 3559/3707 3535/3682
f 3535/3682 3559/3707 3560/3708
f 3535/3682 3560/3708 3536/3683
f 3536/3683 3560/3708 3561/3709
f 3536/3683 3561/3709 3537/3684
f 3537/3684 3561/3709 3562/3710
f 3537/3684 3562/3710 3538/3685
f 3538/3685 3562/3710 3563/3711
f 3538/3685 3563/3711 3539/3686
f 3539/3686 3563/3711 3564/3712
f 3539/3686 3564/3712 3540/3687
f 3540/3687 3564/3712 3565/3713
f 3540/3687 3565/3713 3541/3688
f 3541/3688 3565/3713 3566/3714
f 3541/3688 3566/3714 3542/3689
f 3542/3689 3566/3714 3567/3715
f 3542/3689 3567/3715 3543/3690
f 3543/3690 3567/3715 3568/3716
f 3543/3690 3568/3716 3544/3691
f 3544/3691 3568/3716 3569/3717
f 3544/3691 3569/3717 3545/3692
f 3545/3692 3569/3717 3570/3718
f 3545/3692 3570/3718 3546/3693
f 3546/3693 3570/3718 3571/3719
f 3546/3693 3571/3719 3547/3694
f 3547/3694 3571/3719 3572/3720
f 3547/3694 3572/3720 3548/3695
f 3548/3695 3572/3720 3573/3721
f 3548/3695 3573/3721 3549/3696
f 3549/3696 3573/3721 3574/3722
f 3549/3696 3574/3722 3550/3697
f 3550/3697 3574/3722 3575/3723
f 3550/3697 3575/3723 3551/3698
f 3551/3698 3575/3723 3576/3724
f 3551/3698 3576/3724 3552/3699
f 3552/3699 3576/3724 3553/3725
f 3552/3699 3553/3725 3529/3700
f 3553/3701 3577/3726 3578/3727
f 3553/3701 3578/3727 3554/3702
f 3554/3702 3578/3727 3579/3728
f 3554/3702 3579/3728 3555/3703
f 3555/3703 3579/3728 3580/3729
f 3555/3703 3580/3729 3556/3704
f 3556/3704 3580/3729 3581/3730
f 3556/3704 3581/3730 3557/3705
f 3557/3705 3581/3730 3582/3731
f 3557/3705 3582/3731 3558/3706
f 3558/3706 3582/3731 3583/3732
f 3558/3706 3583/3732 3559/3707
f 3559/3707 3583/3732 3584/3733
f 3559/3707 3584/3733 3560/3708
f 3560/3708 3584/3733 3585/3734
f 3560/3708 3585/3734 3561/3709
f 3561/3709 3585/3734 3586/3735
f 3561/3709 3586/3735 3562/3710
f 3562/3710 3586/3735 3587/3736
f 3562/3710 3587/3736 3563/3711
f 3563/3711 3587/3736 3588/3737
f 3563/3711 3588/3737 3564/3712
f 3564/3712 3588/3737 3589/3738
f 3564/3712 3589/3738 3565/3713
f 3565/3713 3589/3738 3590/3739
f 3565/3713 3590/3739 3566/3714
f 3566/3714 3590/3739 3591/3740
f 3566/3714 3591/3740 3567/3715
f 3567/3715 3591/3740 3592/3741
f 3567/3715 3592/3741 3568/3716
f 3568/3716 3592/3741 3593/3742
f 3568/3716 3593/3742 3569/3717
f 3569/3717 3593/3742 3594/3743
f 3569/3717 3594/3743 3570/3718
f 3570/3718 3594/3743 3595/3744
f 3570/3718 3595/3744 3571/3719
f 3571/3719 3595/3744 3596/3745
f 3571/3719 3596/3745 3572/3720
f 3572/3720 3596/3745 3597/3746
f 3572/3720 3597/3746 3573/3721
f 3573/3721 3597/3746 3598/3747
f 3573/3721 3598/3747 3574/3722
f 3574/3722 3598/3747 3599/3748
f 3574/3722 3599/3748 3575/3723
f 3575/3723 3599/3748 3600/3749
f 3575/3723 3600/3749 3576/3724
f 3576/3724 3600/3749 3577/3750
f 3576/3724 3577/3750 3553/3725
f 3577/3726 3601/3751 3602/3752
f 3577/3726 3602/3752 3578/3727
f 3578/3727 3602/3752 3603/3753
f 3578/3727 3603/3753 3579/3728
f 3579/3728 3603/3753 3604/3754
f 3579/3728 3604/3754 3580/3729
f 3580/3729 3604/3754 3605/3755
f 3580/3729 3605/3755 3581/3730
f 3581/3730 3605/3755 3606/3756
f 3581/3730 3606/3756 3582/3731
f 3582/3731 3606/3756 3607/3757
f 3582/3731 3607/3757 3583/3732
f 3583/3732 3607/3757 3608/3758
f 3583/3732 3608/3758 3584/3733
f 3584/3733 3608/3758 3609/3759
f 3584/3733 3609/3759 3585/3734
f 3585/3734 3609/3759 3610/3760
f 3585/3734 3610/3760 3586/3735
f 3586/3735 3610/3760 3611/3761
f 3586/3735 3611/3761 3587/3736
f 3587/3736 3611/3761 3612/3762
f 3587/3736 3612/3762 3588/3737
f 3588/3737 3612/3762 3613/3763
f 3588/3737 3613/3763 3589/3738
f 3589/3738 3613/3763 3614/3764
f 3589/3738 3614/3764 3590/3739
f 3590/3739 3614/3764 3615/3765
f 3590/3739 3615/3765 3591/3740
f 3591/3740 3615/3765 3616/3766
f 3591/3740 3616/3766 3592/3741
f 3592/3741 3616/3766 3617/3767
f 3592/3741 3617/3767 3593/3742
f 3593/3742 3617/3767 3618/3768
f 3593/3742 3618/3768 3594/3743
f 3594/3743 3618/3768 3619/3769
f 3594/3743 3619/3769 3595/3744
f 3595/3744 3619/3769 3620/3770
f 3595/3744 3620/3770 3596/3745
f 3596/3745 3620/3770 3621/3771
f 3596/3745 3621/3771 3597/3746
f 3597/3746 3621/3771 3622/3772
f 3597/3746 3622/3772 3598/3747
f 3598/3747 3622/3772 3623/3773
f 3598/3747 3623/3773 3599/3748
f 3599/3748 3623/3773 3624/3774
f 3599/3748 3624/3774 3600/3749
f 3600/3749 3624/3774 3601/3775
f 3600/3749 3601/3775 3577/3750
f 3601/3751 3625/3776 3626/3777
f 3601/3751 3626/3777 3602/3752
f 3602/3752 3626/3777 3627/3778
f 3602/3752 3627/3778 3603/3753
f 3603/3753 3627/3778 3628/3779
f 3603/3753 3628/3779 3604/3754
f 3604/3754 3628/3779 3629/3780
f 3604/3754 3629/3780 3605/3755
f 3605/3755 3629/3780 3630/3781
f 3605/3755 3630/3781 3606/3756
f 3606/3756 3630/3781 3631/3782
f 3606/3756 3631/3782 3607/3757
f 3607/3757 3631/3782 3632/3783
f 3607/3757 3632/3783 3608/3758
f 3608/3758 3632/3783 3633/3784
f 3608/3758 3633/3784 3609/3759
f 3609/3759 3633/3784 3634/3785
f 3609/3759 3634/3785 3610/3760
f 3610/3760 3634/3785 3635/3786
f 3610/3760 3635/3786 3611/3761
f 3611/3761 3635/3786 3636/3787
f 3611/3761 3636/3787 3612/3762
f 3612/3762 3636/3787 3637/3788
f 3612/3762 3637/3788 3613/3763
f 3613/3763 3637/3788 3638/3789
f 3613/3763 3638/3789 3614/3764
f 3614/3764 3638/3789 3639/3790
f 3614/3764 3639/3790 3615/3765
f 3615/3765 3639/3790 3640/3791
f 3615/3765 3640/3791 3616/3766
f 3616/3766 3640/3791 3641/3792
f 3616/3766 3641/3792 3617/3767
f 3617/3767 3641/3792 3642/3793
f 3617/3767 3642/3793 3618/3768
f 3618/3768 3642/3793 3643/3794
f 3618/3768 3643/3794 3619/3769
f 3619/3769 3643/3794 3644/3795
f 3619/3769 3644/3795 3620/3770
f 3620/3770 3644/3795 3645/3796
f 3620/3770 3645/3796 3621/3771
f 3621/3771 3645/3796 3646/3797
f 3621/3771 3646/3797 3622/3772
f 3622/3772 3646/3797 3647/3798
f 3622/3772 3647/3798 3623/3773
f 3623/3773 3647/3798 3648/3799
f 3623/3773 3648/3799 3624/3774
f 3624/3774 3648/3799 3625/3800
f 3624/3774 3625/3800 3601/3775
f 3625/3776 3649/3801 3650/3802
f 3625/3776 3650/3802 3626/3777
f 3626/3777 3650/3802 3651/3803
f 3626/3777 3651/3803 3627/3778
f 3627/3778 3651/3803 3652/3804
f 3627/3778 3652/3804 3628/3779
f 3628/3779 3652/3804 3653/3805
f 3628/3779 3653/3805 3629/3780
f 3629/3780 3653/3805 3654/3806
f 3629/3780 3654/3806 3630/3781
f 3630/3781 3654/3806 3655/3807
f 3630/3781 3655/3807 3631/3782
f 3631/3782 3655/3807 3656/3808
f 3631/3782 3656/3808 3632/3783
f 3632/3783 3656/3808 3657/3809
f 3632/3783 3657/3809 3633/3784
f 3633/3784 3657/3809 3658/3810
f 3633/3784 3658/3810 3634/3785
f 3634/3785 3658/3810 3659/3811
f 3634/3785 3659/3811 3635/3786
f 3635/3786 3659/3811 3660/3812
f 3635/3786 3660/3812 3636/3787
f 3636/3787 3660/3812 3661/3813
f 3636/3787 3661/3813 3637/3788
f 3637/3788 3661/3813 3662/3814
f 3637/3788 3662/3814 3638/3789
f 3638/3789 3662/3814 3663/3815
f 3638/3789 3663/3815 3639/3790
f 3639/3790 3663/3815 3664/3816
f 3639/3790 3664/3816 3640/3791
f 3640/3791 3664/3816 3665/3817
f 3640/3791 3665/3817 3641/3792
f 3641/3792 3665/3817 3666/3818
f 3641/3792 3666/3818 3642/3793
f 3642/3793 3666/3818 3667/3819
f 3642/3793 3667/3819 3643/3794
f 3643/3794 3667/3819 3668/3820
f 3643/3794 3668/3820 3644/3795
f 3644/3795 3668/3820 3669/3821
f 3644/3795 3669/3821 3645/3796
f 3645/3796 3669/3821 3670/3822
f 3645/3796 3670/3822 3646/3797
f 3646/3797 3670/3822 3671/3823
f 3646/3797 3671/3823 3647/3798
f 3647/3798 3671/3823 3672/3824
f 3647/3798 3672/3824 3648/3799
f 3648/3799 3672/3824 3649/3825
f 3648/3799 3649/3825 3625/3800
f 3649/3801 3673/3826 3674/3827
f 3649/3801 3674/3827 3650/3802
f 3650/3802 3674/3827 3675/3828
f 3650/3802 3675/3828 3651/3803
f 3651/3803 3675/3828 3676/3829
f 3651/3803 3676/3829 3652/3804
f 3652/3804 3676/3829 3677/3830
f 3652/3804 3677/3830 3653/3805
f 3653/3805 3677/3830 3678/3831
f 3653/3805 3678/3831 3654/3806
f 3654/3806 3678/3831 3679/3832
f 3654/3806 3679/3832 3655/3807
f 3655/3807 3679/3832 3680/3833
f 3655/3807 3680/3833 3656/3808
f 3656/3808 3680/3833 3681/3834
f 3656/3808 3681/3834 3657/3809
f 3657/3809 3681/3834 3682/3835
f 3657/3809 3682/3835 3658/3810
f 3658/3810 3682/3835 3683/3836
f 3658/3810 3683/3836 3659/3811
f 3659/3811 3683/3836 3684/3837
f 3659/3811 3684/3837 3660/3812
f 3660/3812 3684/3837 3685/3838
f 3660/3812 3685/3838 3661/3813
f 3661/3813 3685/3838 3686/3839
f 3661/3813 3686/3839 3662/3814
f 3662/3814 3686/3839 3687/3840
f 3662/3814 3687/3840 3663/3815
f 3663/3815 3687/3840 3688/3841
f 3663/3815 3688/3841 3664/3816
f 3664/3816 3688/3841 3689/3842
f 3664/3816 3689/3842 3665/3817
f 3665/3817 3689/3842 3690/3843
f 3665/3817 3690/3843 3666/3818
f 3666/3818 3690/3843 3691/3844
f 3666/3818 3691/3844 3667/3819
f 3667/3819 3691/3844 3692/3845
f 3667/3819 3692/3845 3668/3820
f 3668/3820 3692/3845 3693/3846
f 3668/3820 3693/3846 3669/3821
f 3669/3821 3693/3846 3694/3847
f 3669/3821 3694/3847 3670/3822
f 3670/3822 3694/3847 3695/3848
f 3670/3822 3695/3848 3671/3823
f 3671/3823 3695/3848 3696/3849
f 3671/3823 3696/3849 3672/3824
f 3672/3824 3696/3849 3673/3850
f 3672/3824 3673/3850 3649/3825
f 3673/3826 3697/3851 3698/3852
f 3673/3826 3698/3852 3674/3827
f 3674/3827 3698/3852 3699/3853
f 3674/3827 3699/3853 3675/3828
f 3675/3828 3699/3853 3700/3854
f 3675/3828 3700/3854 3676/3829
f 3676/3829 3700/3854 3701/3855
f 3676/3829 3701/3855 3677/3830
f 3677/3830 3701/3855 3702/3856
f 3677/3830 3702/3856 3678/3831
f 3678/3831 3702/3856 3703/3857
f 3678/3831 3703/3857 3679/3832
f 3679/3832 3703/3857 3704/3858
f 3679/3832 3704/3858 3680/3833
f 3680/3833 3704/3858 3705/3859
f 3680/3833 3705/3859 3681/3834
f 3681/3834 3705/3859 3706/3860
f 3681/3834 3706/3860 3682/3835
f 3682/3835 3706/3860 3707/3861
f 3682/3835 3707/3861 3683/3836
f 3683/3836 3707/3861 3708/3862
f 3683/3836 3708/3862 3684/3837
f 3684/3837 3708/3862 3709/3863
f 3684/3837 3709/3863 3685/3838
f 3685/3838 3709/3863 3710/3864
f 3685/3838 3710/3864 3686/3839
f 3686/3839 3710/3864 3711/3865
f 3686/3839 3711/3865 3687/3840
f 3687/3840 3711/3865 3712/3866
f 3687/3840 3712/3866 3688/3841
f 3688/3841 3712/3866 3713/3867
f 3688/3841 3713/3867 3689/3842
f 3689/3842 3713/3867 3714/3868
f 3689/3842 3714/3868 3690/3843
f 3690/3843 3714/3868 3715/3869
f 3690/3843 3715/3869 3691/3844
f 3691/3844 3715/3869 3716/3870
f 3691/3844 3716/3870 3692/3845
f 3692/3845 3716/3870 3717/3871
f 3692/3845 3717/3871 3693/3846
f 3693/3846 3717/3871 3718/3872
f 3693/3846 3718/3872 3694/3847
f 3694/3847 3718/3872 3719/3873
f 3694/3847 3719/3873 3695/3848
f 3695/3848 3719/3873 3720/3874
f 3695/3848 3720/3874 3696/3849
f 3696/3849 3720/3874 3697/3875
f 3696/3849 3697/3875 3673/3850
f 3697/3851 3721/3876 3722/3877
f 3697/3851 3722/3877 3698/3852
f 3698/3852 3722/3877 3723/3878
f 3698/3852 3723/3878 3699/3853
f 3699/3853 3723/3878 3724/3879
f 3699/3853 3724/3879 3700/3854
f 3700/3854 3724/3879 3725/3880
f 3700/3854 3725/3880 3701/3855
f 3701/3855 3725/3880 3726/3881
f 3701/3855 3726/3881 3702/3856
f 3702/3856 3726/3881 3727/3882
f 3702/3856 3727/3882 3703/3857
f 3703/3857 3727/3882 3728/3883
f 3703/3857 3728/3883 3704/3858
f 3704/3858 3728/3883 3729/3884
f 3704/3858 3729/3884 3705/3859
f 3705/3859 3729/3884 3730/3885
f 3705/3859 3730/3885 3706/3860
f 3706/3860 3730/3885 3731/3886
f 3706/3860 3731/3886 3707/3861
f 3707/3861 3731/3886 3732/3887
f 3707/3861 3732/3887 3708/3862
f 3708/3862 3732/3887 3733/3888
f 3708/3862 3733/3888 3709/3863
f 3709/3863 3733/3888 3734/3889
f 3709/3863 3734/3889 3710/3864
f 3710/3864 3734/3889 3735/3890
f 3710/3864 3735/3890 3711/3865
f 3711/3865 3735/3890 3736/3891
f 3711/3865 3736/3891 3712/3866
f 3712/3866 3736/3891 3737/3892
f 3712/3866 3737/3892 3713/3867
f 3713/3867 3737/3892 3738/3893
f 3713/3867 3738/3893 3714/3868
f 3714/3868 3738/3893 3739/3894
f 3714/3868 3739/3894 3715/3869
f 3715/3869 3739/3894 3740/3895
f 3715/3869 3740/3895 3716/3870
f 3716/3870 3740/3895 3741/3896
f 3716/3870 3741/3896 3717/3871
f 3717/3871 3741/3896 3742/3897
f 3717/3871 3742/3897 3718/3872
f 3718/3872 3742/3897 3743/3898
f 3718/3872 3743/3898 3719/3873
f 3719/3873 3743/3898 3744/3899
f 3719/3873 3744/3899 3720/3874
f 3720/3874 3744/3899 3721/3900
f 3720/3874 3721/3900 3697/3875
f 3721/3876 3745/3901 3746/3902
f 3721/3876 3746/3902 3722/3877
f 3722/3877 3746/3902 3747/3903
f 3722/3877 3747/3903 3723/3878
f 3723/3878 3747/3903 3748/3904
f 3723/3878 3748/3904 3724/3879
f 3724/3879 3748/3904 3749/3905
f 3724/3879 3749/3905 3725/3880
f 3725/3880 3749/3905 3750/3906
f 3725/3880 3750/3906 3726/3881
f 3726/3881 3750/3906 3751/3907
f 3726/3881 3751/3907 3727/3882
f 3727/3882 3751/3907 3752/3908
f 3727/3882 3752/3908 3728/3883
f 3728/3883 3752/3908 3753/3909
f 3728/3883 3753/3909 3729/3884
f 3729/3884 3753/3909 3754/3910
f 3729/3884 3754/3910 3730/3885
f 3730/3885 3754/3910 3755/3911
f 3730/3885 3755/3911 3731/3886
f 3731/3886 3755/3911 3756/3912
f 3731/3886 3756/3912 3732/3887
f 3732/3887 3756/3912 3757/3913
f 3732/3887 3757/3913 3733/3888
f 3733/3888 3757/3913 3758/3914
f 3733/3888 3758/3914 3734/3889
f 3734/3889 3758/3914 3759/3915
f 3734/3889 3759/3915 3735/3890
f 3735/3890 3759/3915 3760/3916
f 3735/3890 3760/3916 3736/3891
f 3736/3891 3760/3916 3761/3917
f 3736/3891 3761/3917 3737/3892
f 3737/3892 3761/3917 3762/3918
f 3737/3892 3762/3918 3738/3893
f 3738/3893 3762/3918 3763/3919
f 3738/3893 3763/3919 3739/3894
f 3739/3894 3763/3919 3764/3920
f 3739/3894 3764/3920 3740/3895
f 3740/3895 3764/3920 3765/3921
f 3740/3895 3765/3921 3741/3896
f 3741/3896 3765/3921 3766/3922
f 3741/3896 3766/3922 3742/3897
f 3742/3897 3766/3922 3767/3923
f 3742/3897 3767/3923 3743/3898
f 3743/3898 3767/3923 3768/3924
f 3743/3898 3768/3924 3744/3899
f 3744/3899 3768/3924 3745/3925
f 3744/3899 3745/3925 3721/3900
f 3745/3901 3769/3926 3770/3927
f 3745/3901 3770/3927 3746/3902
f 3746/3902 3770/3927 3771/3928
f 3746/3902 3771/3928 3747/3903
f 3747/3903 3771/3928 3772/3929
f 3747/3903 3772/3929 3748/3904
f 3748/3904 3772/3929 3773/3930
f 3748/3904 3773/3930 3749/3905
f 3749/3905 3773/3930 3774/3931
f 3749/3905 3774/3931 3750/3906
f 3750/3906 3774/3931 3775/3932
f 3750/3906 3775/3932 3751/3907
f 3751/3907 3775/3932 3776/3933
f 3751/3907 3776/3933 3752/3908
f 3752/3908 3776/3933 3777/3934
f 3752/3908 3777/3934 3753/3909
f 3753/3909 3777/3934 3778/3935
f 3753/3909 3778/3935 3754/3910
f 3754/3910 3778/3935 3779/3936
f 3754/3910 3779/3936 3755/3911
f 3755/3911 3779/3936 3780/3937
f 3755/3911 3780/3937 3756/3912
f 3756/3912 3780/3937 3781/3938
f 3756/3912 3781/3938 3757/3913
f 3757/3913 3781/3938 3782/3939
f 3757/3913 3782/3939 3758/3914
f 3758/3914 3782/3939 3783/3940
f 3758/3914 3783/3940 3759/3915
f 3759/3915 3783/3940 3784/3941
f 3759/3915 3784/3941 3760/3916
f 3760/3916 3784/3941 3785/3942
f 3760/3916 3785/3942 3761/3917
f 3761/3917 3785/3942 3786/3943
f 3761/3917 3786/3943 3762/3918
f 3762/3918 3786/3943 3787/3944
f 3762/3918 3787/3944 3763/3919
f 3763/3919 3787/3944 3788/3945
f 3763/3919 3788/3945 3764/3920
f 3764/3920 3788/3945 3789/3946
f 3764/3920 3789/3946 3765/3921
f 3765/3921 3789/3946 3790/3947
f 3765/3921 3790/3947 3766/3922
f 3766/3922 3790/3947 3791/3948
f 3766/3922 3791/3948 3767/3923
f 3767/3923 3791/3948 3792/3949
f 3767/3923 3792/3949 3768/3924
f 3768/3924 3792/3949 3769/3950
f 3768/3924 3769/3950 3745/3925
f 3769/3926 3793/3951 3794/3952
f 3769/3926 3794/3952 3770/3927
f 3770/3927 3794/3952 3795/3953
f 3770/3927 3795/3953 3771/3928
f 3771/3928 3795/3953 3796/3954
f 3771/3928 3796/3954 3772/3929
f 3772/3929 3796/3954 3797/3955
f 3772/3929 3797/3955 3773/3930
f 3773/3930 3797/3955 3798/3956
f 3773/3930 3798/3956 3774/3931
f 3774/3931 3798/3956 3799/3957
f 3774/3931 3799/3957 3775/3932
f 3775/3932 3799/3957 3800/3958
f 3775/3932 3800/3958 3776/3933
f 3776/3933 3800/3958 3801/3959
f 3776/3933 3801/3959 3777/3934
f 3777/3934 3801/3959 3802/3960
f 3777/3934 3802/3960 3778/3935
f 3778/3935 3802/3960 3803/3961
f 3778/3935 3803/3961 3779/3936
f 3779/3936 3803/3961 3804/3962
f 3779/3936 3804/3962 3780/3937
f 3780/3937 3804/3962 3805/3963
f 3780/3937 3805/3963 3781/3938
f 3781/3938 3805/3963 3806/3964
f 3781/3938 3806/3964 3782/3939
f 3782/3939 3806/3964 3807/3965
f 3782/3939 3807/3965 3783/3940
f 3783/3940 3807/3965 3808/3966
f 3783/3940 3808/3966 3784/3941
f 3784/3941 3808/3966 3809/3967
f 3784/3941 3809/3967 3785/3942
f 3785/3942 3809/3967 3810/3968
f 3785/3942 3810/3968 3786/3943
f 3786/3943 3810/3968 3811/3969
f 3786/3943 3811/3969 3787/3944
f 3787/3944 3811/3969 3812/3970
f 3787/3944 3812/3970 3788/3945
f 3788/3945 3812/3970 3813/3971
f 3788/3945 3813/3971 3789/3946
f 3789/3946 3813/3971 3814/3972
f 3789/3946 3814/3972 3790/3947
f 3790/3947 3814/3972 3815/3973
f 3790/3947 3815/3973 3791/3948
f 3791/3948 3815/3973 3816/3974
f 3791/3948 3816/3974 3792/3949
f 3792/3949 3816/3974 3793/3975
f 3792/3949 3793/3975 3769/3950
f 3793/3951 3817/3976 3818/3977
f 3793/3951 3818/3977 3794/3952
f 3794/3952 3818/3977 3819/3978
f 3794/3952 3819/3978 3795/3953
f 3795/3953 3819/3978 3820/3979
f 3795/3953 3820/3979 3796/3954
f 3796/3954 3820/3979 3821/3980
f 3796/3954 3821/3980 3797/3955
f 3797/3955 3821/3980 3822/3981
f 3797/3955 3822/3981 3798/3956
f 3798/3956 3822/3981 3823/3982
f 3798/3956 3823/3982 3799/3957
f 3799/3957 3823/3982 3824/3983
f 3799/3957 3824/3983 3800/3958
f 3800/3958 3824/3983 3825/3984
f 3800/3958 3825/3984 3801/3959
f 3801/3959 3825/3984 3826/3985
f 3801/3959 3826/3985 3802/3960
f 3802/3960 3826/3985 3827/3986
f 3802/3960 3827/3986 3803/3961
f 3803/3961 3827/3986 3828/3987
f 3803/3961 3828/3987 3804/3962
f 3804/3962 3828/3987 3829/3988
f 3804/3962 3829/3988 3805/3963
f 3805/3963 3829/3988 3830/3989
f 3805/3963 3830/3989 3806/3964
f 3806/3964 3830/3989 3831/3990
f 3806/3964 3831/3990 3807/3965
f 3807/3965 3831/3990 3832/3991
f 3807/3965 3832/3991 3808/3966
f 3808/3966 3832/3991 3833/3992
f 3808/3966 3833/3992 3809/3967
f 3809/3967 3833/3992 3834/3993
f 3809/3967 3834/3993 3810/3968
f 3810/3968 3834/3993 3835/3994
f 3810/3968 3835/3994 3811/3969
f 3811/3969 3835/3994 3836/3995
f 3811/3969 3836/3995 3812/3970
f 3812/3970 3836/3995 3837/3996
f 3812/3970 3837/3996 3813/3971
f 3813/3971 3837/3996 3838/3997
f 3813/3971 3838/3997 3814/3972
f 3814/3972 3838/3997 3839/3998
f 3814/3972 3839/3998 3815/3973
f 3815/3973 3839/3998 3840/3999
f 3815/3973 3840/3999 3816/3974
f 3816/3974 3840/3999 3817/4000
f 3816/3974 3817/4000 3793/3975
f 3817/3976 3841/4001 3842/4002
f 3817/3976 3842/4002 3818/3977
f 3818/3977 3842/4002 3843/4003
f 3818/3977 3843/4003 3819/3978
f 3819/3978 3843/4003 3844/4004
f 3819/3978 3844/4004 3820/3979
f 3820/3979 3844/4004 3845/4005
f 3820/3979 3845/4005 3821/3980
f 3821/3980 3845/4005 3846/4006
f 3821/3980 3846/4006 3822/3981
f 3822/3981 3846/4006 3847/4007
f 3822/3981 3847/4007 3823/3982
f 3823/3982 3847/4007 3848/4008
f 3823/3982 3848/4008 3824/3983
f 3824/3983 3848/4008 3849/4009
f 3824/3983 3849/4009 3825/3984
f 3825/3984 3849/4009 3850/4010
f 3825/3984 3850/4010 3826/3985
f 3826/3985 3850/4010 3851/4011
f 3826/3985 3851/4011 3827/3986
f 3827/3986 3851/4011 3852/4012
f 3827/3986 3852/4012 3828/3987
f 3828/3987 3852/4012 3853/4013
f 3828/3987 3853/4013 3829/3988
f 3829/3988 3853/4013 3854/4014
f 3829/3988 3854/4014 3830/3989
f 3830/3989 3854/4014 3855/4015
f 3830/3989 3855/4015 3831/3990
f 3831/3990 3855/4015 3856/4016
f 3831/3990 3856/4016 3832/3991
f 3832/3991 3856/4016 3857/4017
f 3832/3991 3857/4017 3833/3992
f 3833/3992 3857/4017 3858/4018
f 3833/3992 3858/4018 3834/3993
f 3834/3993 3858/4018 3859/4019
f 3834/3993 3859/4019 3835/3994
f 3835/3994 3859/4019 3860/4020
f 3835/3994 3860/4020 3836/3995
f 3836/3995 3860/4020 3861/4021
f 3836/3995 3861/4021 3837/3996
f 3837/3996 3861/4021 3862/4022
f 3837/3996 3862/4022 3838/3997
f 3838/3997 3862/4022 3863/4023
f 3838/3997 3863/4023 3839/3998
f 3839/3998 3863/4023 3864/4024
f 3839/3998 3864/4024 3840/3999
f 3840/3999 3864/4024 3841/4025
f 3840/3999 3841/4025 3817/4000
f 3841/4001 3865/4026 3866/4027
f 3841/4001 3866/4027 3842/4002
f 3842/4002 3866/4027 3867/4028
f 3842/4002 3867/4028 3843/4003
f 3843/4003 3867/4028 3868/4029
f 3843/4003 3868/4029 3844/4004
f 3844/4004 3868/4029 3869/4030
f 3844/4004 3869/4030 3845/4005
f 3845/4005 3869/4030 3870/4031
f 3845/4005 3870/4031 3846/4006
f 3846/4006 3870/4031 3871/4032
f 3846/4006 3871/4032 3847/4007
f 3847/4007 3871/4032 3872/4033
f 3847/4007 3872/4033 3848/4008
f 3848/4008 3872/4033 3873/4034
f 3848/4008 3873/4034 3849/4009
f 3849/4009 3873/4034 3874/4035
f 3849/4009 3874/4035 3850/4010
f 3850/4010 3874/4035 3875/4036
f 3850/4010 3875/4036 3851/4011
f 3851/4011 3875/4036 3876/4037
f 3851/4011 3876/4037 3852/4012
f 3852/4012 3876/4037 3877/4038
f 3852/4012 3877/4038 3853/4013
f 3853/4013 3877/4038 3878/4039
f 3853/4013 3878/4039 3854/4014
f 3854/4014 3878/4039 3879/4040
f 3854/4014 3879/4040 3855/4015
f 3855/4015 3879/4040 3880/4041
f 3855/4015 3880/4041 3856/4016
f 3856/4016 3880/4041 3881/4042
f 3856/4016 3881/4042 3857/4017
f 3857/4017 3881/4042 3882/4043
f 3857/4017 3882/4043 3858/4018
f 3858/4018 3882/4043 3883/4044
f 3858/4018 3883/4044 3859/4019
f 3859/4019 3883/4044 3884/4045
f 3859/4019 3884/4045 3860/4020
f 3860/4020 3884/4045 3885/4046
f 3860/4020 3885/4046 3861/4021
f 3861/4021 3885/4046 3886/4047
f 3861/4021 3886/4047 3862/4022
f 3862/4022 3886/4047 3887/4048
f 3862/4022 3887/4048 3863/4023
f 3863/4023 3887/4048 3888/4049
f 3863/4023 3888/4049 3864/4024
f 3864/4024 3888/4049 3865/4050
f 3864/4024 3865/4050 3841/4025
f 3865/4026 3889/4051 3890/4052
f 3865/4026 3890/4052 3866/4027
f 3866/4027 3890/4052 3891/4053
f 3866/4027 3891/4053 3867/4028
f 3867/4028 3891/4053 3892/4054
f 3867/4028 3892/4054 3868/4029
f 3868/4029 3892/4054 3893/4055
f 3868/4029 3893/4055 3869/4030
f 3869/4030 3893/4055 3894/4056
f 3869/4030 3894/4056 3870/4031
f 3870/4031 3894/4056 3895/4057
f 3870/4031 3895/4057 3871/4032
f 3871/4032 3895/4057 3896/4058
f 3871/4032 3896/4058 3872/4033
f 3872/4033 3896/4058 3897/4059
f 3872/4033 3897/4059 3873/4034
f 3873/4034 3897/4059 3898/4060
f 3873/4034 3898/4060 3874/4035
f 3874/4035 3898/4060 3899/4061
f 3874/4035 3899/4061 3875/4036
f 3875/4036 3899/4061 3900/4062
f 3875/4036 3900/4062 3876/4037
f 3876/4037 3900/4062 3901/4063
f 3876/4037 3901/4063 3877/4038
f 3877/4038 3901/4063 3902/4064
f 3877/4038 3902/4064 3878/4039
f 3878/4039 3902/4064 3903/4065
f 3878/4039 3903/4065 3879/4040
f 3879/4040 3903/4065 3904/4066
f 3879/4040 3904/4066 3880/4041
f 3880/4041 3904/4066 3905/4067
f 3880/4041 3905/4067 3881/4042
f 3881/4042 3905/4067 3906/4068
f 3881/4042 3906/4068 3882/4043
f 3882/4043 3906/4068 3907/4069
f 3882/4043 3907/4069 3883/4044
f 3883/4044 3907/4069 3908/4070
f 3883/4044 3908/4070 3884/4045
f 3884/4045 3908/4070 3909/4071
f 3884/4045 3909/4071 3885/4046
f 3885/4046 3909/4071 3910/4072
f 3885/4046 3910/4072 3886/4047
f 3886/4047 3910/4072 3911/4073
f 3886/4047 3911/4073 3887/4048
f 3887/4048 3911/4073 3912/4074
f 3887/4048 3912/4074 3888/4049
f 3888/4049 3912/4074 3889/4075
f 3888/4049 3889/4075 3865/4050
f 3889/4051 3913/4076 3914/4077
f 3889/4051 3914/4077 3890/4052
f 3890/4052 3914/4077 3915/4078
f 3890/4052 3915/4078 3891/4053
f 3891/4053 3915/4078 3916/4079
f 3891/4053 3916/4079 3892/4054
f 3892/4054 3916/4079 3917/4080
f 3892/4054 3917/4080 3893/4055
f 3893/4055 3917/4080 3918/4081
f 3893/4055 3918/4081 3894/4056
f 3894/4056 3918/4081 3919/4082
f 3894/4056 3919/4082 3895/4057
f 3895/4057 3919/4082 3920/4083
f 3895/4057 3920/4083 3896/4058
f 3896/4058 3920/4083 3921/4084
f 3896/4058 3921/4084 3897/4059
f 3897/4059 3921/4084 3922/4085
f 3897/4059 3922/4085 3898/4060
f 3898/4060 3922/4085 3923/4086
f 3898/4060 3923/4086 3899/4061
f 3899/4061 3923/4086 3924/4087
f 3899/4061 3924/4087 3900/4062
f 3900/4062 3924/4087 3925/4088
f 3900/4062 3925/4088 3901/4063
f 3901/4063 3925/4088 3926/4089
f 3901/4063 3926/4089 3902/4064
f 3902/4064 3926/4089 3927/4090
f 3902/4064 3927/4090 3903/4065
f 3903/4065 3927/4090 3928/4091
f 3903/4065 3928/4091 3904/4066
f 3904/4066 3928/4091 3929/4092
f 3904/4066 3929/4092 3905/4067
f 3905/4067 3929/4092 3930/4093
f 3905/4067 3930/4093 3906/4068
f 3906/4068 3930/4093 3931/4094
f 3906/4068 3931/4094 3907/4069
f 3907/4069 3931/4094 3932/4095
f 3907/4069 3932/4095 3908/4070
f 3908/4070 3932/4095 3933/4096
f 3908/4070 3933/4096 3909/4071
f 3909/4071 3933/4096 3934/4097
f 3909/4071 3934/4097 3910/4072
f 3910/4072 3934/4097 3935/4098
f 3910/4072 3935/4098 3911/4073
f 3911/4073 3935/4098 3936/4099
f 3911/4073 3936/4099 3912/4074
f 3912/4074 3936/4099 3913/4100
f 3912/4074 3913/4100 3889/4075
f 3913/4076 3937/4101 3938/4102
f 3913/4076 3938/4102 3914/4077
f 3914/4077 3938/4102 3939/4103
f 3914/4077 3939/4103 3915/4078
f 3915/4078 3939/4103 3940/4104
f 3915/4078 3940/4104 3916/4079
f 3916/4079 3940/4104 3941/4105
f 3916/4079 3941/4105 3917/4080
f 3917/4080 3941/4105 3942/4106
f 3917/4080 3942/4106 3918/4081
f 3918/4081 3942/4106 3943/4107
f 3918/4081 3943/4107 3919/4082
f 3919/4082 3943/4107 3944/4108
f 3919/4082 3944/4108 3920/4083
f 3920/4083 3944/4108 3945/4109
f 3920/4083 3945/4109 3921/4084
f 3921/4084 3945/4109 3946/4110
f 3921/4084 3946/4110 3922/4085
f 3922/4085 3946/4110 3947/4111
f 3922/4085 3947/4111 3923/4086
f 3923/4086 3947/4111 3948/4112
f 3923/4086 3948/4112 3924/4087
f 3924/4087 3948/4112 3949/4113
f 3924/4087 3949/4113 3925/4088
f 3925/4088 3949/4113 3950/4114
f 3925/4088 3950/4114 3926/4089
f 3926/4089 3950/4114 3951/4115
f 3926/4089 3951/4115 3927/4090
f 3927/4090 3951/4115 3952/4116
f 3927/4090 3952/4116 3928/4091
f 3928/4091 3952/4116 3953/4117
f 3928/4091 3953/4117 3929/4092
f 3929/4092 3953/4117 3954/4118
f 3929/4092 3954/4118 3930/4093
f 3930/4093 3954/4118 3955/4119
f 3930/4093 3955/4119 3931/4094
f 3931/4094 3955/4119 3956/4120
f 3931/4094 3956/4120 3932/4095
f 3932/4095 3956/4120 3957/4121
f 3932/4095 3957/4121 3933/4096
f 3933/4096 3957/4121 3958/4122
f 3933/4096 3958/4122 3934/4097
f 3934/4097 3958/4122 3959/4123
f 3934/4097 3959/4123 3935/4098
f 3935/4098 3959/4123 3960/4124
f 3935/4098 3960/4124 3936/4099
f 3936/4099 3960/4124 3937/4125
f 3936/4099 3937/4125 3913/4100
f 3937/4101 3961/4126 3962/4127
f 3937/4101 3962/4127 3938/4102
f 3938/4102 3962/4127 3963/4128
f 3938/4102 3963/4128 3939/4103
f 3939/4103 3963/4128 3964/4129
f 3939/4103 3964/4129 3940/4104
f 3940/4104 3964/4129 3965/4130
f 3940/4104 3965/4130 3941/4105
f 3941/4105 3965/4130 3966/4131
f 3941/4105 3966/4131 3942/4106
f 3942/4106 3966/4131 3967/4132
f 3942/4106 3967/4132 3943/4107
f 3943/4107 3967/4132 3968/4133
f 3943/4107 3968/4133 3944/4108
f 3944/4108 3968/4133 3969/4134
f 3944/4108 3969/4134 3945/4109
f 3945/4109 3969/4134 3970/4135
f 3945/4109 3970/4135 3946/4110
f 3946/4110 3970/4135 3971/4136
f 3946/4110 3971/4136 3947/4111
f 3947/4111 3971/4136 3972/4137
f 3947/4111 3972/4137 3948/4112
f 3948/4112 3972/4137 3973/4138
f 3948/4112 3973/4138 3949/4113
f 3949/4113 3973/4138 3974/4139
f 3949/4113 3974/4139 3950/4114
f 3950/4114 3974/4139 3975/4140
f 3950/4114 3975/4140 3951/4115
f 3951/4115 3975/4140 3976/4141
f 3951/4115 3976/4141 3952/4116
f 3952/4116 3976/4141 3977/4142
f 3952/4116 3977/4142 3953/4117
f 3953/4117 3977/4142 3978/4143
f 3953/4117 3978/4143 3954/4118
f 3954/4118 3978/4143 3979/4144
f 3954/4118 3979/4144 3955/4119
f 3955/4119 3979/4144 3980/4145
f 3955/4119 3980/4145 3956/4120
f 3956/4120 3980/4145 3981/4146
f 3956/4120 3981/4146 3957/4121
f 3957/4121 3981/4146 3982/4147
f 3957/4121 3982/4147 3958/4122
f 3958/4122 3982/4147 3983/4148
f 3958/4122 3983/4148 3959/4123
f 3959/4123 3983/4148 3984/4149
f 3959/4123 3984/4149 3960/4124
f 3960/4124 3984/4149 3961/4150
f 3960/4124 3961/4150 3937/4125
f 3961/4126 3985/4151 3986/4152
f 3961/4126 3986/4152 3962/4127
f 3962/4127 3986/4152 3987/4153
f 3962/4127 3987/4153 3963/4128
f 3963/4128 3987/4153 3988/4154
f 3963/4128 3988/4154 3964/4129
f 3964/4129 3988/4154 3989/4155
f 3964/4129 3989/4155 3965/4130
f 3965/4130 3989/4155 3990/4156
f 3965/4130 3990/4156 3966/4131
f 3966/4131 3990/4156 3991/4157
f 3966/4131 3991/4157 3967/4132
f 3967/4132 3991/4157 3992/4158
f 3967/4132 3992/4158 3968/4133
f 3968/4133 3992/4158 3993/4159
f 3968/4133 3993/4159 3969/4134
f 3969/4134 3993/4159 3994/4160
f 3969/4134 3994/4160 3970/4135
f 3970/4135 3994/4160 3995/4161
f 3970/4135 3995/4161 3971/4136
f 3971/4136 3995/4161 3996/4162
f 3971/4136 3996/4162 3972/4137
f 3972/4137 3996/4162 3997/4163
f 3972/4137 3997/4163 3973/4138
f 3973/4138 3997/4163 3998/4164
f 3973/4138 3998/4164 3974/4139
f 3974/4139 3998/4164 3999/4165
f 3974/4139 3999/4165 3975/4140
f 3975/4140 3999/4165 4000/4166
f 3975/4140 4000/4166 3976/4141
f 3976/4141 4000/4166 4001/4167
f 3976/4141 4001/4167 3977/4142
f 3977/4142 4001/4167 4002/4168
f 3977/4142 4002/4168 3978/4143
f 3978/4143 4002/4168 4003/4169
f 3978/4143 4003/4169 3979/4144
f 3979/4144 4003/4169 4004/4170
f 3979/4144 4004/4170 3980/4145
f 3980/4145 4004/4170 4005/4171
f 3980/4145 4005/4171 3981/4146
f 3981/4146 4005/4171 4006/4172
f 3981/4146 4006/4172 3982/4147
f 3982/4147 4006/4172 4007/4173
f 3982/4147 4007/4173 3983/4148
f 3983/4148 4007/4173 4008/4174
f 3983/4148 4008/4174 3984/4149
f 3984/4149 4008/4174 3985/4175
f 3984/4149 3985/4175 3961/4150
f 3985/4151 4009/4176 4010/4177
f 3985/4151 4010/4177 3986/4152
f 3986/4152 4010/4177 4011/4178
f 3986/4152 4011/4178 3987/4153
f 3987/4153 4011/4178 4012/4179
f 3987/4153 4012/4179 3988/4154
f 3988/4154 4012/4179 4013/4180
f 3988/4154 4013/4180 3989/4155
f 3989/4155 4013/4180 4014/4181
f 3989/4155 4014/4181 3990/4156
f 3990/4156 4014/4181 4015/4182
f 3990/4156 4015/4182 3991/4157
f 3991/4157 4015/4182 4016/4183
f 3991/4157 4016/4183 3992/4158
f 3992/4158 4016/4183 4017/4184
f 3992/4158 4017/4184 3993/4159
f 3993/4159 4017/4184 4018/4185
f 3993/4159 4018/4185 3994/4160
f 3994/4160 4018/4185 4019/4186
f 3994/4160 4019/4186 3995/4161
f 3995/4161 4019/4186 4020/4187
f 3995/4161 4020/4187 3996/4162
f 3996/4162 4020/4187 4021/4188
f 3996/4162 4021/4188 3997/4163
f 3997/4163 4021/4188 4022/4189
f 3997/4163 4022/4189 3998/4164
f 3998/4164 4022/4189 4023/4190
f 3998/4164 4023/4190 3999/4165
f 3999/4165 4023/4190 4024/4191
f 3999/4165 4024/4191 4000/4166
f 4000/4166 4024/4191 4025/4192
f 4000/4166 4025/4192 4001/4167
f 4001/4167 4025/4192 4026/4193
f 4001/4167 4026/4193 4002/4168
f 4002/4168 4026/4193 4027/4194
f 4002/4168 4027/4194 4003/4169
f 4003/4169 4027/4194 4028/4195
f 4003/4169 4028/4195 4004/4170
f 4004/4170 4028/4195 4029/4196
f 4004/4170 4029/4196 4005/4171
f 4005/4171 4029/4196 4030/4197
f 4005/4171 4030/4197 4006/4172
f 4006/4172 4030/4197 4031/4198
f 4006/4172 4031/4198 4007/4173
f 4007/4173 4031/4198 4032/4199
f 4007/4173 4032/4199 4008/4174
f 4008/4174 4032/4199 4009/4200
f 4008/4174 4009/4200 3985/4175
f 4009/4176 4033/4201 4034/4202
f 4009/4176 4034/4202 4010/4177
f 4010/4177 4034/4202 4035/4203
f 4010/4177 4035/4203 4011/4178
f 4011/4178 4035/4203 4036/4204
f 4011/4178 4036/4204 4012/4179
f 4012/4179 4036/4204 4037/4205
f 4012/4179 4037/4205 4013/4180
f 4013/4180 4037/4205 4038/4206
f 4013/4180 4038/4206 4014/4181
f 4014/4181 4038/4206 4039/4207
f 4014/4181 4039/4207 4015/4182
f 4015/4182 4039/4207 4040/4208
f 4015/4182 4040/4208 4016/4183
f 4016/4183 4040/4208 4041/4209
f 4016/4183 4041/4209 4017/4184
f 4017/4184 4041/4209 4042/4210
f 4017/4184 4042/4210 4018/4185
f 4018/4185 4042/4210 4043/4211
f 4018/4185 4043/4211 4019/4186
f 4019/4186 4043/4211 4044/4212
f 4019/4186 4044/4212 4020/4187
f 4020/4187 4044/4212 4045/4213
f 4020/4187 4045/4213 4021/4188
f 4021/4188 4045/4213 4046/4214
f 4021/4188 4046/4214 4022/4189
f 4022/4189 4046/4214 4047/4215
f 4022/4189 4047/4215 4023/4190
f 4023/4190 4047/4215 4048/4216
f 4023/4190 4048/4216 4024/4191
f 4024/4191 4048/4216 4049/4217
f 4024/4191 4049/4217 4025/4192
f 4025/4192 4049/4217 4050/4218
f 4025/4192 4050/4218 4026/4193
f 4026/4193 4050/4218 4051/4219
f 4026/4193 4051/4219 4027/4194
f 4027/4194 4051/4219 4052/4220
f 4027/4194 4052/4220 4028/4195
f 4028/4195 4052/4220 4053/4221
f 4028/4195 4053/4221 4029/4196
f 4029/4196 4053/4221 4054/4222
f 4029/4196 4054/4222 4030/4197
f 4030/4197 4054/4222 4055/4223
f 4030/4197 4055/4223 4031/4198
f 4031/4198 4055/4223 4056/4224
f 4031/4198 4056/4224 4032/4199
f 4032/4199 4056/4224 4033/4225
f 4032/4199 4033/4225 4009/4200
f 4033/4201 4057/4226 4058/4227
f 4033/4201 4058/4227 4034/4202
f 4034/4202 4058/4227 4059/4228
f 4034/4202 4059/4228 4035/4203
f 4035/4203 4059/4228 4060/4229
f 4035/4203 4060/4229 4036/4204
f 4036/4204 4060/4229 4061/4230
f 4036/4204 4061/4230 4037/4205
f 4037/4205 4061/4230 4062/4231
f 4037/4205 4062/4231 4038/4206
f 4038/4206 4062/4231 4063/4232
f 4038/4206 4063/4232 4039/4207
f 4039/4207 4063/4232 4064/4233
f 4039/4207 4064/4233 4040/4208
f 4040/4208 4064/4233 4065/4234
f 4040/4208 4065/4234 4041/4209
f 4041/4209 4065/4234 4066/4235
f 4041/4209 4066/4235 4042/4210
f 4042/4210 4066/4235 4067/4236
f 4042/4210 4067/4236 4043/4211
f 4043/4211 4067/4236 4068/4237
f 4043/4211 4068/4237 4044/4212
f 4044/4212 4068/4237 4069/4238
f 4044/4212 4069/4238 4045/4213
f 4045/4213 4069/4238 4070/4239
f 4045/4213 4070/4239 4046/4214
f 4046/4214 4070/4239 4071/4240
f 4046/4214 4071/4240 4047/4215
f 4047/4215 4071/4240 4072/4241
f 4047/4215 4072/4241 4048/4216
f 4048/4216 4072/4241 4073/4242
f 4048/4216 4073/4242 4049/4217
f 4049/4217 4073/4242 4074/4243
f 4049/4217 4074/4243 4050/4218
f 4050/4218 4074/4243 4075/4244
f 4050/4218 4075/4244 4051/4219
f 4051/4219 4075/4244 4076/4245
f 4051/4219 4076/4245 4052/4220
f 4052/4220 4076/4245 4077/4246
f 4052/4220 4077/4246 4053/4221
f 4053/4221 4077/4246 4078/4247
f 4053/4221 4078/4247 4054/4222
f 4054/4222 4078/4247 4079/4248
f 4054/4222 4079/4248 4055/4223
f 4055/4223 4079/4248 4080/4249
f 4055/4223 4080/4249 4056/4224
f 4056/4224 4080/4249 4057/4250
f 4056/4224 4057/4250 4033/4225
f 4057/4226 4081/4251 4082/4252
f 4057/4226 4082/4252 4058/4227
f 4058/4227 4082/4252 4083/4253
f 4058/4227 4083/4253 4059/4228
f 4059/4228 4083/4253 4084/4254
f 4059/4228 4084/4254 4060/4229
f 4060/4229 4084/4254 4085/4255
f 4060/4229 4085/4255 4061/4230
f 4061/4230 4085/4255 4086/4256
f 4061/4230 4086/4256 4062/4231
f 4062/4231 4086/4256 4087/4257
f 4062/4231 4087/4257 4063/4232
f 4063/4232 4087/4257 4088/4258
f 4063/4232 4088/4258 4064/4233
f 4064/4233 4088/4258 4089/4259
f 4064/4233 4089/4259 4065/4234
f 4065/4234 4089/4259 4090/4260
f 4065/4234 4090/4260 4066/4235
f 4066/4235 4090/4260 4091/4261
f 4066/4235 4091/4261 4067/4236
f 4067/4236 4091/4261 4092/4262
f 4067/4236 4092/4262 4068/4237
f 4068/4237 4092/4262 4093/4263
f 4068/4237 4093/4263 4069/4238
f 4069/4238 4093/4263 4094/4264
f 4069/4238 4094/4264 4070/4239
f 4070/4239 4094/4264 4095/4265
f 4070/4239 4095/4265 4071/4240
f 4071/4240 4095/4265 4096/4266
f 4071/4240 4096/4266 4072/4241
f 4072/4241 4096/4266 4097/4267
f 4072/4241 4097/4267 4073/4242
f 4073/4242 4097/4267 4098/4268
f 4073/4242 4098/4268 4074/4243
f 4074/4243 4098/4268 4099/4269
f 4074/4243 4099/4269 4075/4244
f 4075/4244 4099/4269 4100/4270
f 4075/4244 4100/4270 4076/4245
f 4076/4245 4100/4270 4101/4271
f 4076/4245 4101/4271 4077/4246
f 4077/4246 4101/4271 4102/4272
f 4077/4246 4102/4272 4078/4247
f 4078/4247 4102/4272 4103/4273
f 4078/4247 4103/4273 4079/4248
f 4079/4248 4103/4273 4104/4274
f 4079/4248 4104/4274 4080/4249
f 4080/4249 4104/4274 4081/4275
f 4080/4249 4081/4275 4057/4250
f 4081/4251 4105/4276 4106/4277
f 4081/4251 4106/4277 4082/4252
f 4082/4252 4106/4277 4107/4278
f 4082/4252 4107/4278 4083/4253
f 4083/4253 4107/4278 4108/4279
f 4083/4253 4108/4279 4084/4254
f 4084/4254 4108/4279 4109/4280
f 4084/4254 4109/4280 4085/4255
f 4085/4255 4109/4280 4110/4281
f 4085/4255 4110/4281 4086/4256
f 4086/4256 4110/4281 4111/4282
f 4086/4256 4111/4282 4087/4257
f 4087/4257 4111/4282 4112/4283
f 4087/4257 4112/4283 4088/4258
f 4088/4258 4112/4283 4113/4284
f 4088/4258 4113/4284 4089/4259
f 4089/4259 4113/4284 4114/4285
f 4089/4259 4114/4285 4090/4260
f 4090/4260 4114/4285 4115/4286
f 4090/4260 4115/4286 4091/4261
f 4091/4261 4115/4286 4116/4287
f 4091/4261 4116/4287 4092/4262
f 4092/4262 4116/4287 4117/4288
f 4092/4262 4117/4288 4093/4263
f 4093/4263 4117/4288 4118/4289
f 4093/4263 4118/4289 4094/4264
f 4094/4264 4118/4289 4119/4290
f 4094/4264 4119/4290 4095/4265
f 4095/4265 4119/4290 4120/4291
f 4095/4265 4120/4291 4096/4266
f 4096/4266 4120/4291 4121/4292
f 4096/4266 4121/4292 4097/4267
f 4097/4267 4121/4292 4122/4293
f 4097/4267 4122/4293 4098/4268
f 4098/4268 4122/4293 4123/4294
f 4098/4268 4123/4294 4099/4269
f 4099/4269 4123/4294 4124/4295
f 4099/4269 4124/4295 4100/4270
f 4100/4270 4124/4295 4125/4296
f 4100/4270 4125/4296 4101/4271
f 4101/4271 4125/4296 4126/4297
f 4101/4271 4126/4297 4102/4272
f 4102/4272 4126/4297 4127/4298
f 4102/4272 4127/4298 4103/4273
f 4103/4273 4127/4298 4128/4299
f 4103/4273 4128/4299 4104/4274
f 4104/4274 4128/4299 4105/4300
f 4104/4274 4105/4300 4081/4275
f 4105/4276 4129/4301 4130/4302
f 4105/4276 4130/4302 4106/4277
f 4106/4277 4130/4302 4131/4303
f 4106/4277 4131/4303 4107/4278
f 4107/4278 4131/4303 4132/4304
f 4107/4278 4132/4304 4108/4279
f 4108/4279 4132/4304 4133/4305
f 4108/4279 4133/4305 4109/4280
f 4109/4280 4133/4305 4134/4306
f 4109/4280 4134/4306 4110/4281
f 4110/4281 4134/4306 4135/4307
f 4110/4281 4135/4307 4111/4282
f 4111/4282 4135/4307 4136/4308
f 4111/4282 4136/4308 4112/4283
f 4112/4283 4136/4308 4137/4309
f 4112/4283 4137/4309 4113/4284
f 4113/4284 4137/4309 4138/4310
f 4113/4284 4138/4310 4114/4285
f 4114/4285 4138/4310 4139/4311
f 4114/4285 4139/4311 4115/4286
f 4115/4286 4139/4311 4140/4312
f 4115/4286 4140/4312 4116/4287
f 4116/4287 4140/4312 4141/4313
f 4116/4287 4141/4313 4117/4288
f 4117/4288 4141/4313 4142/4314
f 4117/4288 4142/4314 4118/4289
f 4118/4289 4142/4314 4143/4315
f 4118/4289 4143/4315 4119/4290
f 4119/4290 4143/4315 4144/4316
f 4119/4290 4144/4316 4120/4291
f 4120/4291 4144/4316 4145/4317
f 4120/4291 4145/4317 4121/4292
f 4121/4292 4145/4317 4146/4318
f 4121/4292 4146/4318 4122/4293
f 4122/4293 4146/4318 4147/4319
f 4122/4293 4147/4319 4123/4294
f 4123/4294 4147/4319 4148/4320
f 4123/4294 4148/4320 4124/4295
f 4124/4295 4148/4320 4149/4321
f 4124/4295 4149/4321 4125/4296
f 4125/4296 4149/4321 4150/4322
f 4125/4296 4150/4322 4126/4297
f 4126/4297 4150/4322 4151/4323
f 4126/4297 4151/4323 4127/4298
f 4127/4298 4151/4323 4152/4324
f 4127/4298 4152/4324 4128/4299
f 4128/4299 4152/4324 4129/4325
f 4128/4299 4129/4325 4105/4300
f 4129/4301 4153/4326 4154/4327
f 4129/4301 4154/4327 4130/4302
f 4130/4302 4154/4327 4155/4328
f 4130/4302 4155/4328 4131/4303
f 4131/4303 4155/4328 4156/4329
f 4131/4303 4156/4329 4132/4304
f 4132/4304 4156/4329 4157/4330
f 4132/4304 4157/4330 4133/4305
f 4133/4305 4157/4330 4158/4331
f 4133/4305 4158/4331 4134/4306
f 4134/4306 4158/4331 4159/4332
f 4134/4306 4159/4332 4135/4307
f 4135/4307 4159/4332 4160/4333
f 4135/4307 4160/4333 4136/4308
f 4136/4308 4160/4333 4161/4334
f 4136/4308 4161/4334 4137/4309
f 4137/4309 4161/4334 4162/4335
f 4137/4309 4162/4335 4138/4310
f 4138/4310 4162/4335 4163/4336
f 4138/4310 4163/4336 4139/4311
f 4139/4311 4163/4336 4164/4337
f 4139/4311 4164/4337 4140/4312
f 4140/4312 4164/4337 4165/4338
f 4140/4312 4165/4338 4141/4313
f 4141/4313 4165/4338 4166/4339
f 4141/4313 4166/4339 4142/4314
f 4142/4314 4166/4339 4167/4340
f 4142/4314 4167/4340 4143/4315
f 4143/4315 4167/4340 4168/4341
f 4143/4315 4168/4341 4144/4316
f 4144/4316 4168/4341 4169/4342
f 4144/4316 4169/4342 4145/4317
f 4145/4317 4169/4342 4170/4343
f 4145/4317 4170/4343 4146/4318
f 4146/4318 4170/4343 4171/4344
f 4146/4318 4171/4344 4147/4319
f 4147/4319 4171/4344 4172/4345
f 4147/4319 4172/4345 4148/4320
f 4148/4320 4172/4345 4173/4346
f 4148/4320 4173/4346 4149/4321
f 4149/4321 4173/4346 4174/4347
f 4149/4321 4174/4347 4150/4322
f 4150/4322 4174/4347 4175/4348
f 4150/4322 4175/4348 4151/4323
f 4151/4323 4175/4348 4176/4349
f 4151/4323 4176/4349 4152/4324
f 4152/4324 4176/4349 4153/4350
f 4152/4324 4153/4350 4129/4325
f 4153/4326 4177/4351 4178/4352
f 4153/4326 4178/4352 4154/4327
f 4154/4327 4178/4352 4179/4353
f 4154/4327 4179/4353 4155/4328
f 4155/4328 4179/4353 4180/4354
f 4155/4328 4180/4354 4156/4329
f 4156/4329 4180/4354 4181/4355
f 4156/4329 4181/4355 4157/4330
f 4157/4330 4181/4355 4182/4356
f 4157/4330 4182/4356 4158/4331
f 4158/4331 4182/4356 4183/4357
f 4158/4331 4183/4357 4159/4332
f 4159/4332 4183/4357 4184/4358
f 4159/4332 4184/4358 4160/4333
f 4160/4333 4184/4358 4185/4359
f 4160/4333 4185/4359 4161/4334
f 4161/4334 4185/4359 4186/4360
f 4161/4334 4186/4360 4162/4335
f 4162/4335 4186/4360 4187/4361
f 4162/4335 4187/4361 4163/4336
f 4163/4336 4187/4361 4188/4362
f 4163/4336 4188/4362 4164/4337
f 4164/4337 4188/4362 4189/4363
f 4164/4337 4189/4363 4165/4338
f 4165/4338 4189/4363 4190/4364
f 4165/4338 4190/4364 4166/4339
f 4166/4339 4190/4364 4191/4365
f 4166/4339 4191/4365 4167/4340
f 4167/4340 4191/4365 4192/4366
f 4167/4340 4192/4366 4168/4341
f 4168/4341 4192/4366 4193/4367
f 4168/4341 4193/4367 4169/4342
f 4169/4342 4193/4367 4194/4368
f 4169/4342 4194/4368 4170/4343
f 4170/4343 4194/4368 4195/4369
f 4170/4343 4195/4369 4171/4344
f 4171/4344 4195/4369 4196/4370
f 4171/4344 4196/4370 4172/4345
f 4172/4345 4196/4370 4197/4371
f 4172/4345 4197/4371 4173/4346
f 4173/4346 4197/4371 4198/4372
f 4173/4346 4198/4372 4174/4347
f 4174/4347 4198/4372 4199/4373
f 4174/4347 4199/4373 4175/4348
f 4175/4348 4199/4373 4200/4374
f 4175/4348 4200/4374 4176/4349
f 4176/4349 4200/4374 4177/4375
f 4176/4349 4177/4375 4153/4350
f 4177/4351 4201/4376 4202/4377
f 4177/4351 4202/4377 4178/4352
f 4178/4352 4202/4377 4203/4378
f 4178/4352 4203/4378 4179/4353
f 4179/4353 4203/4378 4204/4379
f 4179/4353 4204/4379 4180/4354
f 4180/4354 4204/4379 4205/4380
f 4180/4354 4205/4380 4181/4355
f 4181/4355 4205/4380 4206/4381
f 4181/4355 4206/4381 4182/4356
f 4182/4356 4206/4381 4207/4382
f 4182/4356 4207/4382 4183/4357
f 4183/4357 4207/4382 4208/4383
f 4183/4357 4208/4383 4184/4358
f 4184/4358 4208/4383 4209/4384
f 4184/4358 4209/4384 4185/4359
f 4185/4359 4209/4384 4210/4385
f 4185/4359 4210/4385 4186/4360
f 4186/4360 4210/4385 4211/4386
f 4186/4360 4211/4386 4187/4361
f 4187/4361 4211/4386 4212/4387
f 4187/4361 4212/4387 4188/4362
f 4188/4362 4212/4387 4213/4388
f 4188/4362 4213/4388 4189/4363
f 4189/4363 4213/4388 4214/4389
f 4189/4363 4214/4389 4190/4364
f 4190/4364 4214/4389 4215/4390
f 4190/4364 4215/4390 4191/4365
f 4191/4365 4215/4390 4216/4391
f 4191/4365 4216/4391 4192/4366
f 4192/4366 4216/4391 4217/4392
f 4192/4366 4217/4392 4193/4367
f 4193/4367 4217/4392 4218/4393
f 4193/4367 4218/4393 4194/4368
f 4194/4368 4218/4393 4219/4394
f 4194/4368 4219/4394 4195/4369
f 4195/4369 4219/4394 4220/4395
f 4195/4369 4220/4395 4196/4370
f 4196/4370 4220/4395 4221/4396
f 4196/4370 4221/4396 4197/4371
f 4197/4371 4221/4396 4222/4397
f 4197/4371 4222/4397 4198/4372
f 4198/4372 4222/4397 4223/4398
f 4198/4372 4223/4398 4199/4373
f 4199/4373 4223/4398 4224/4399
f 4199/4373 4224/4399 4200/4374
f 4200/4374 4224/4399 4201/4400
f 4200/4374 4201/4400 4177/4375
f 4201/4376 4225/4401 4226/4402
f 4201/4376 4226/4402 4202/4377
f 4202/4377 4226/4402 4227/4403
f 4202/4377 4227/4403 4203/4378
f 4203/4378 4227/4403 4228/4404
f 4203/4378 4228/4404 4204/4379
f 4204/4379 4228/4404 4229/4405
f 4204/4379 4229/4405 4205/4380
f 4205/4380 4229/4405 4230/4406
f 4205/4380 4230/4406 4206/4381
f 4206/4381 4230/4406 4231/4407
f 4206/4381 4231/4407 4207/4382
f 4207/4382 4231/4407 4232/4408
f 4207/4382 4232/4408 4208/4383
f 4208/4383 4232/4408 4233/4409
f 4208/4383 4233/4409 4209/4384
f 4209/4384 4233/4409 4234/4410
f 4209/4384 4234/4410 4210/4385
f 4210/4385 4234/4410 4235/4411
f 4210/4385 4235/4411 4211/4386
f 4211/4386 4235/4411 4236/4412
f 4211/4386 4236/4412 4212/4387
f 4212/4387 4236/4412 4237/4413
f 4212/4387 4237/4413 4213/4388
f 4213/4388 4237/4413 4238/4414
f 4213/4388 4238/4414 4214/4389
f 4214/4389 4238/4414 4239/4415
f 4214/4389 4239/4415 4215/4390
f 4215/4390 4239/4415 4240/4416
f 4215/4390 4240/4416 4216/4391
f 4216/4391 4240/4416 4241/4417
f 4216/4391 4241/4417 4217/4392
f 4217/4392 4241/4417 4242/4418
f 4217/4392 4242/4418 4218/4393
f 4218/4393 4242/4418 4243/4419
f 4218/4393 4243/4419 4219/4394
f 4219/4394 4243/4419 4244/4420
f 4219/4394 4244/4420 4220/4395
f 4220/4395 4244/4420 4245/4421
f 4220/4395 4245/4421 4221/4396
f 4221/4396 4245/4421 4246/4422
f 4221/4396 4246/4422 4222/4397
f 4222/4397 4246/4422 4247/4423
f 4222/4397 4247/4423 4223/4398
f 4223/4398 4247/4423 4248/4424
f 4223/4398 4248/4424 4224/4399
f 4224/4399 4248/4424 4225/4425
f 4224/4399 4225/4425 4201/4400
f 4225/4401 4249/4426 4250/4427
f 4225/4401 4250/4427 4226/4402
f 4226/4402 4250/4427 4251/4428
f 4226/4402 4251/4428 4227/4403
f 4227/4403 4251/4428 4252/4429
f 4227/4403 4252/4429 4228/4404
f 4228/4404 4252/4429 4253/4430
f 4228/4404 4253/4430 4229/4405
f 4229/4405 4253/4430 4254/4431
f 4229/4405 4254/4431 4230/4406
f 4230/4406 4254/4431 4255/4432
f 4230/4406 4255/4432 4231/4407
f 4231/4407 4255/4432 4256/4433
f 4231/4407 4256/4433 4232/4408
f 4232/4408 4256/4433 4257/4434
f 4232/4408 4257/4434 4233/4409
f 4233/4409 4257/4434 4258/4435
f 4233/4409 4258/4435 4234/4410
f 4234/4410 4258/4435 4259/4436
f 4234/4410 4259/4436 4235/4411
f 4235/4411 4259/4436 4260/4437
f 4235/4411 4260/4437 4236/4412
f 4236/4412 4260/4437 4261/4438
f 4236/4412 4261/4438 4237/4413
f 4237/4413 4261/4438 4262/4439
f 4237/4413 4262/4439 4238/4414
f 4238/4414 4262/4439 4263/4440
f 4238/4414 4263/4440 4239/4415
f 4239/4415 4263/4440 4264/4441
f 4239/4415 4264/4441 4240/4416
f 4240/4416 4264/4441 4265/4442
f 4240/4416 4265/4442 4241/4417
f 4241/4417 4265/4442 4266/4443
f 4241/4417 4266/4443 4242/4418
f 4242/4418 4266/4443 4267/4444
f 4242/4418 4267/4444 4243/4419
f 4243/4419 4267/4444 4268/4445
f 4243/4419 4268/4445 4244/4420
f 4244/4420 4268/4445 4269/4446
f 4244/4420 4269/4446 4245/4421
f 4245/4421 4269/4446 4270/4447
f 4245/4421 4270/4447 4246/4422
f 4246/4422 4270/4447 4271/4448
f 4246/4422 4271/4448 4247/4423
f 4247/4423 4271/4448 4272/4449
f 4247/4423 4272/4449 4248/4424
f 4248/4424 4272/4449 4249/4450
f 4248/4424 4249/4450 4225/4425
f 4249/4426 4273/4451 4274/4452
f 4249/4426 4274/4452 4250/4427
f 4250/4427 4274/4452 4275/4453
f 4250/4427 4275/4453 4251/4428
f 4251/4428 4275/4453 4276/4454
f 4251/4428 4276/4454 4252/4429
f 4252/4429 4276/4454 4277/4455
f 4252/4429 4277/4455 4253/4430
f 4253/4430 4277/4455 4278/4456
f 4253/4430 4278/4456 4254/4431
f 4254/4431 4278/4456 4279/4457
f 4254/4431 4279/4457 4255/4432
f 4255/4432 4279/4457 4280/4458
f 4255/4432 4280/4458 4256/4433
f 4256/4433 4280/4458 4281/4459
f 4256/4433 4281/4459 4257/4434
f 4257/4434 4281/4459 4282/4460
f 4257/4434 4282/4460 4258/4435
f 4258/4435 4282/4460 4283/4461
f 4258/4435 4283/4461 4259/4436
f 4259/4436 4283/4461 4284/4462
f 4259/4436 4284/4462 4260/4437
f 4260/4437 4284/4462 4285/4463
f 4260/4437 4285/4463 4261/4438
f 4261/4438 4285/4463 4286/4464
f 4261/4438 4286/4464 4262/4439
f 4262/4439 4286/4464 4287/4465
f 4262/4439 4287/4465 4263/4440
f 4263/4440 4287/4465 4288/4466
f 4263/4440 4288/4466 4264/4441
f 4264/4441 4288/4466 4289/4467
f 4264/4441 4289/4467 4265/4442
f 4265/4442 4289/4467 4290/4468
f 4265/4442 4290/4468 4266/4443
f 4266/4443 4290/4468 4291/4469
f 4266/4443 4291/4469 4267/4444
f 4267/4444 4291/4469 4292/4470
f 4267/4444 4292/4470 4268/4445
f 4268/4445 4292/4470 4293/4471
f 4268/4445 4293/4471 4269/4446
f 4269/4446 4293/4471 4294/4472
f 4269/4446 4294/4472 4270/4447
f 4270/4447 4294/4472 4295/4473
f 4270/4447 4295/4473 4271/4448
f 4271/4448 4295/4473 4296/4474
f 4271/4448 4296/4474 4272/4449
f 4272/4449 4296/4474 4273/4475
f 4272/4449 4273/4475 4249/4450
f 4273/4451 4297/4476 4298/4477
f 4273/4451 4298/4477 4274/4452
f 4274/4452 4298/4477 4299/4478
f 4274/4452 4299/4478 4275/4453
f 4275/4453 4299/4478 4300/4479
f 4275/4453 4300/4479 4276/4454
f 4276/4454 4300/4479 4301/4480
f 4276/4454 4301/4480 4277/4455
f 4277/4455 4301/4480 4302/4481
f 4277/4455 4302/4481 4278/4456
f 4278/4456 4302/4481 4303/4482
f 4278/4456 4303/4482 4279/4457
f 4279/4457 4303/4482 4304/4483
f 4279/4457 4304/4483 4280/4458
f 4280/4458 4304/4483 4305/4484
f 4280/4458 4305/4484 4281/4459
f 4281/4459 4305/4484 4306/4485
f 4281/4459 4306/4485 4282/4460
f 4282/4460 4306/4485 4307/4486
f 4282/4460 4307/4486 4283/4461
f 4283/4461 4307/4486 4308/4487
f 4283/4461 4308/4487 4284/4462
f 4284/4462 4308/4487 4309/4488
f 4284/4462 4309/4488 4285/4463
f 4285/4463 4309/4488 4310/4489
f 4285/4463 4310/4489 4286/4464
f 4286/4464 4310/4489 4311/4490
f 4286/4464 4311/4490 4287/4465
f 4287/4465 4311/4490 4312/4491
f 4287/4465 4312/4491 4288/4466
f 4288/4466 4312/4491 4313/4492
f 4288/4466 4313/4492 4289/4467
f 4289/4467 4313/4492 4314/4493
f 4289/4467 4314/4493 4290/4468
f 4290/4468 4314/4493 4315/4494
f 4290/4468 4315/4494 4291/4469
f 4291/4469 4315/4494 4316/4495
f 4291/4469 4316/4495 4292/4470
f 4292/4470 4316/4495 4317/4496
f 4292/4470 4317/4496 4293/4471
f 4293/4471 4317/4496 4318/4497
f 4293/4471 4318/4497 4294/4472
f 4294/4472 4318/4497 4319/4498
f 4294/4472 4319/4498 4295/4473
f 4295/4473 4319/4498 4320/4499
f 4295/4473 4320/4499 4296/4474
f 4296/4474 4320/4499 4297/4500
f 4296/4474 4297/4500 4273/4475
f 4297/4476 4321/4501 4322/4502
f 4297/4476 4322/4502 4298/4477
f 4298/4477 4322/4502 4323/4503
f 4298/4477 4323/4503 4299/4478
f 4299/4478 4323/4503 4324/4504
f 4299/4478 4324/4504 4300/4479
f 4300/4479 4324/4504 4325/4505
f 4300/4479 4325/4505 4301/4480
f 4301/4480 4325/4505 4326/4506
f 4301/4480 4326/4506 4302/4481
f 4302/4481 4326/4506 4327/4507
f 4302/4481 4327/4507 4303/4482
f 4303/4482 4327/4507 4328/4508
f 4303/4482 4328/4508 4304/4483
f 4304/4483 4328/4508 4329/4509
f 4304/4483 4329/4509 4305/4484
f 4305/4484 4329/4509 4330/4510
f 4305/4484 4330/4510 4306/4485
f 4306/4485 4330/4510 4331/4511
f 4306/4485 4331/4511 4307/4486
f 4307/4486 4331/4511 4332/4512
f 4307/4486 4332/4512 4308/4487
f 4308/4487 4332/4512 4333/4513
f 4308/4487 4333/4513 4309/4488
f 4309/4488 4333/4513 4334/4514
f 4309/4488 4334/4514 4310/4489
f 4310/4489 4334/4514 4335/4515
f 4310/4489 4335/4515 4311/4490
f 4311/4490 4335/4515 4336/4516
f 4311/4490 4336/4516 4312/4491
f 4312/4491 4336/4516 4337/4517
f 4312/4491 4337/4517 4313/4492
f 4313/4492 4337/4517 4338/4518
f 4313/4492 4338/4518 4314/4493
f 4314/4493 4338/4518 4339/4519
f 4314/4493 4339/4519 4315/4494
f 4315/4494 4339/4519 4340/4520
f 4315/4494 4340/4520 4316/4495
f 4316/4495 4340/4520 4341/4521
f 4316/4495 4341/4521 4317/4496
f 4317/4496 4341/4521 4342/4522
f 4317/4496 4342/4522 4318/4497
f 4318/4497 4342/4522 4343/4523
f 4318/4497 4343/4523 4319/4498
f 4319/4498 4343/4523 4344/4524
f 4319/4498 4344/4524 4320/4499
f 4320/4499 4344/4524 4321/4525
f 4320/4499 4321/4525 4297/4500
f 4321/4501 4345/4526 4346/4527
f 4321/4501 4346/4527 4322/4502
f 4322/4502 4346/4527 4347/4528
f 4322/4502 4347/4528 4323/4503
f 4323/4503 4347/4528 4348/4529
f 4323/4503 4348/4529 4324/4504
f 4324/4504 4348/4529 4349/4530
f 4324/4504 4349/4530 4325/4505
f 4325/4505 4349/4530 4350/4531
f 4325/4505 4350/4531 4326/4506
f 4326/4506 4350/4531 4351/4532
f 4326/4506 4351/4532 4327/4507
f 4327/4507 4351/4532 4352/4533
f 4327/4507 4352/4533 4328/4508
f 4328/4508 4352/4533 4353/4534
f 4328/4508 4353/4534 4329/4509
f 4329/4509 4353/4534 4354/4535
f 4329/4509 4354/4535 4330/4510
f 4330/4510 4354/4535 4355/4536
f 4330/4510 4355/4536 4331/4511
f 4331/4511 4355/4536 4356/4537
f 4331/4511 4356/4537 4332/4512
f 4332/4512 4356/4537 4357/4538
f 4332/4512 4357/4538 4333/4513
f 4333/4513 4357/4538 4358/4539
f 4333/4513 4358/4539 4334/4514
f 4334/4514 4358/4539 4359/4540
f 4334/4514 4359/4540 4335/4515
f 4335/4515 4359/4540 4360/4541
f 4335/4515 4360/4541 4336/4516
f 4336/4516 4360/4541 4361/4542
f 4336/4516 4361/4542 4337/4517
f 4337/4517 4361/4542 4362/4543
f 4337/4517 4362/4543 4338/4518
f 4338/4518 4362/4543 4363/4544
f 4338/4518 4363/4544 4339/4519
f 4339/4519 4363/4544 4364/4545
f 4339/4519 4364/4545 4340/4520
f 4340/4520 4364/4545 4365/4546
f 4340/4520 4365/4546 4341/4521
f 4341/4521 4365/4546 4366/4547
f 4341/4521 4366/4547 4342/4522
f 4342/4522 4366/4547 4367/4548
f 4342/4522 4367/4548 4343/4523
f 4343/4523 4367/4548 4368/4549
f 4343/4523 4368/4549 4344/4524
f 4344/4524 4368/4549 4345/4550
f 4344/4524 4345/4550 4321/4525
f 4345/4526 4369/4551 4370/4552
f 4345/4526 4370/4552 4346/4527
f 4346/4527 4370/4552 4371/4553
f 4346/4527 4371/4553 4347/4528
f 4347/4528 4371/4553 4372/4554
f 4347/4528 4372/4554 4348/4529
f 4348/4529 4372/4554 4373/4555
f 4348/4529 4373/4555 4349/4530
f 4349/4530 4373/4555 4374/4556
f 4349/4530 4374/4556 4350/4531
f 4350/4531 4374/4556 4375/4557
f 4350/4531 4375/4557 4351/4532
f 4351/4532 4375/4557 4376/4558
f 4351/4532 4376/4558 4352/4533
f 4352/4533 4376/4558 4377/4559
f 4352/4533 4377/4559 4353/4534
f 4353/4534 4377/4559 4378/4560
f 4353/4534 4378/4560 4354/4535
f 4354/4535 4378/4560 4379/4561
f 4354/4535 4379/4561 4355/4536
f 4355/4536 4379/4561 4380/4562
f 4355/4536 4380/4562 4356/4537
f 4356/4537 4380/4562 4381/4563
f 4356/4537 4381/4563 4357/4538
f 4357/4538 4381/4563 4382/4564
f 4357/4538 4382/4564 4358/4539
f 4358/4539 4382/4564 4383/4565
f 4358/4539 4383/4565 4359/4540
f 4359/4540 4383/4565 4384/4566
f 4359/4540 4384/4566 4360/4541
f 4360/4541 4384/4566 4385/4567
f 4360/4541 4385/4567 4361/4542
f 4361/4542 4385/4567 4386/4568
f 4361/4542 4386/4568 4362/4543
f 4362/4543 4386/4568 4387/4569
f 4362/4543 4387/4569 4363/4544
f 4363/4544 4387/4569 4388/4570
f 4363/4544 4388/4570 4364/4545
f 4364/4545 4388/4570 4389/4571
f 4364/4545 4389/4571 4365/4546
f 4365/4546 4389/4571 4390/4572
f 4365/4546 4390/4572 4366/4547
f 4366/4547 4390/4572 4391/4573
f 4366/4547 4391/4573 4367/4548
f 4367/4548 4391/4573 4392/4574
f 4367/4548 4392/4574 4368/4549
f 4368/4549 4392/4574 4369/4575
f 4368/4549 4369/4575 4345/4550
f 4369/4551 4393/4576 4394/4577
f 4369/4551 4394/4577 4370/4552
f 4370/4552 4394/4577 4395/4578
f 4370/4552 4395/4578 4371/4553
f 4371/4553 4395/4578 4396/4579
f 4371/4553 4396/4579 4372/4554
f 4372/4554 4396/4579 4397/4580
f 4372/4554 4397/4580 4373/4555
f 4373/4555 4397/4580 4398/4581
f 4373/4555 4398/4581 4374/4556
f 4374/4556 4398/4581 4399/4582
f 4374/4556 4399/4582 4375/4557
f 4375/4557 4399/4582 4400/4583
f 4375/4557 4400/4583 4376/4558
f 4376/4558 4400/4583 4401/4584
f 4376/4558 4401/4584 4377/4559
f 4377/4559 4401/4584 4402/4585
f 4377/4559 4402/4585 4378/4560
f 4378/4560 4402/4585 4403/4586
f 4378/4560 4403/4586 4379/4561
f 4379/4561 4403/4586 4404/4587
f 4379/4561 4404/4587 4380/4562
f 4380/4562 4404/4587 4405/4588
f 4380/4562 4405/4588 4381/4563
f 4381/4563 4405/4588 4406/4589
f 4381/4563 4406/4589 4382/4564
f 4382/4564 4406/4589 4407/4590
f 4382/4564 4407/4590 4383/4565
f 4383/4565 4407/4590 4408/4591
f 4383/4565 4408/4591 4384/4566
f 4384/4566 4408/4591 4409/4592
f 4384/4566 4409/4592 4385/4567
f 4385/4567 4409/4592 4410/4593
f 4385/4567 4410/4593 4386/4568
f 4386/4568 4410/4593 4411/4594
f 4386/4568 4411/4594 4387/4569
f 4387/4569 4411/4594 4412/4595
f 4387/4569 4412/4595 4388/4570
f 4388/4570 4412/4595 4413/4596
f 4388/4570 4413/4596 4389/4571
f 4389/4571 4413/4596 4414/4597
f 4389/4571 4414/4597 4390/4572
f 4390/4572 4414/4597 4415/4598
f 4390/4572 4415/4598 4391/4573
f 4391/4573 4415/4598 4416/4599
f 4391/4573 4416/4599 4392/4574
f 4392/4574 4416/4599 4393/4600
f 4392/4574 4393/4600 4369/4575
f 4393/4576 4417/4601 4418/4602
f 4393/4576 4418/4602 4394/4577
f 4394/4577 4418/4602 4419/4603
f 4394/4577 4419/4603 4395/4578
f 4395/4578 4419/4603 4420/4604
f 4395/4578 4420/4604 4396/4579
f 4396/4579 4420/4604 4421/4605
f 4396/4579 4421/4605 4397/4580
f 4397/4580 4421/4605 4422/4606
f 4397/4580 4422/4606 4398/4581
f 4398/4581 4422/4606 4423/4607
f 4398/4581 4423/4607 4399/4582
f 4399/4582 4423/4607 4424/4608
f 4399/4582 4424/4608 4400/4583
f 4400/4583 4424/4608 4425/4609
f 4400/4583 4425/4609 4401/4584
f 4401/4584 4425/4609 4426/4610
f 4401/4584 4426/4610 4402/4585
f 4402/4585 4426/4610 4427/4611
f 4402/4585 4427/4611 4403/4586
f 4403/4586 4427/4611 4428/4612
f 4403/4586 4428/4612 4404/4587
f 4404/4587 4428/4612 4429/4613
f 4404/4587 4429/4613 4405/4588
f 4405/4588 4429/4613 4430/4614
f 4405/4588 4430/4614 4406/4589
f 4406/4589 4430/4614 4431/4615
f 4406/4589 4431/4615 4407/4590
f 4407/4590 4431/4615 4432/4616
f 4407/4590 4432/4616 4408/4591
f 4408/4591 4432/4616 4433/4617
f 4408/4591 4433/4617 4409/4592
f 4409/4592 4433/4617 4434/4618
f 4409/4592 4434/4618 4410/4593
f 4410/4593 4434/4618 4435/4619
f 4410/4593 4435/4619 4411/4594
f 4411/4594 4435/4619 4436/4620
f 4411/4594 4436/4620 4412/4595
f 4412/4595 4436/4620 4437/4621
f 4412/4595 4437/4621 4413/4596
f 4413/4596 4437/4621 4438/4622
f 4413/4596 4438/4622 4414/4597
f 4414/4597 4438/4622 4439/4623
f 4414/4597 4439/4623 4415/4598
f 4415/4598 4439/4623 4440/4624
f 4415/4598 4440/4624 4416/4599
f 4416/4599 4440/4624 4417/4625
f 4416/4599 4417/4625 4393/4600
f 4417/4601 4441/4626 4442/4627
f 4417/4601 4442/4627 4418/4602
f 4418/4602 4442/4627 4443/4628
f 4418/4602 4443/4628 4419/4603
f 4419/4603 4443/4628 4444/4629
f 4419/4603 4444/4629 4420/4604
f 4420/4604 4444/4629 4445/4630
f 4420/4604 4445/4630 4421/4605
f 4421/4605 4445/4630 4446/4631
f 4421/4605 4446/4631 4422/4606
f 4422/4606 4446/4631 4447/4632
f 4422/4606 4447/4632 4423/4607
f 4423/4607 4447/4632 4448/4633
f 4423/4607 4448/4633 4424/4608
f 4424/4608 4448/4633 4449/4634
f 4424/4608 4449/4634 4425/4609
f 4425/4609 4449/4634 4450/4635
f 4425/4609 4450/4635 4426/4610
f 4426/4610 4450/4635 4451/4636
f 4426/4610 4451/4636 4427/4611
f 4427/4611 4451/4636 4452/4637
f 4427/4611 4452/4637 4428/4612
f 4428/4612 4452/4637 4453/4638
f 4428/4612 4453/4638 4429/4613
f 4429/4613 4453/4638 4454/4639
f 4429/4613 4454/4639 4430/4614
f 4430/4614 4454/4639 4455/4640
f 4430/4614 4455/4640 4431/4615
f 4431/4615 4455/4640 4456/4641
f 4431/4615 4456/4641 4432/4616
f 4432/4616 4456/4641 4457/4642
f 4432/4616 4457/4642 4433/4617
f 4433/4617 4457/4642 4458/4643
f 4433/4617 4458/4643 4434/4618
f 4434/4618 4458/4643 4459/4644
f 4434/4618 4459/4644 4435/4619
f 4435/4619 4459/4644 4460/4645
f 4435/4619 4460/4645 4436/4620
f 4436/4620 4460/4645 4461/4646
f 4436/4620 4461/4646 4437/4621
f 4437/4621 4461/4646 4462/4647
f 4437/4621 4462/4647 4438/4622
f 4438/4622 4462/4647 4463/4648
f 4438/4622 4463/4648 4439/4623
f 4439/4623 4463/4648 4464/4649
f 4439/4623 4464/4649 4440/4624
f 4440/4624 4464/4649 4441/4650
f 4440/4624 4441/4650 4417/4625
f 4441/4626 4465/4651 4466/4652
f 4441/4626 4466/4652 4442/4627
f 4442/4627 4466/4652 4467/4653
f 4442/4627 4467/4653 4443/4628
f 4443/4628 4467/4653 4468/4654
f 4443/4628 4468/4654 4444/4629
f 4444/4629 4468/4654 4469/4655
f 4444/4629 4469/4655 4445/4630
f 4445/4630 4469/4655 4470/4656
f 4445/4630 4470/4656 4446/4631
f 4446/4631 4470/4656 4471/4657
f 4446/4631 4471/4657 4447/4632
f 4447/4632 4471/4657 4472/4658
f 4447/4632 4472/4658 4448/4633
f 4448/4633 4472/4658 4473/4659
f 4448/4633 4473/4659 4449/4634
f 4449/4634 4473/4659 4474/4660
f 4449/4634 4474/4660 4450/4635
f 4450/4635 4474/4660 4475/4661
f 4450/4635 4475/4661 4451/4636
f 4451/4636 4475/4661 4476/4662
f 4451/4636 4476/4662 4452/4637
f 4452/4637 4476/4662 4477/4663
f 4452/4637 4477/4663 4453/4638
f 4453/4638 4477/4663 4478/4664
f 4453/4638 4478/4664 4454/4639
f 4454/4639 4478/4664 4479/4665
f 4454/4639 4479/4665 4455/4640
f 4455/4640 4479/4665 4480/4666
f 4455/4640 4480/4666 4456/4641
f 4456/4641 4480/4666 4481/4667
f 4456/4641 4481/4667 4457/4642
f 4457/4642 4481/4667 4482/4668
f 4457/4642 4482/4668 4458/4643
f 4458/4643 4482/4668 4483/4669
f 4458/4643 4483/4669 4459/4644
f 4459/4644 4483/4669 4484/4670
f 4459/4644 4484/4670 4460/4645
f 4460/4645 4484/4670 4485/4671
f 4460/4645 4485/4671 4461/4646
f 4461/4646 4485/4671 4486/4672
f 4461/4646 4486/4672 4462/4647
f 4462/4647 4486/4672 4487/4673
f 4462/4647 4487/4673 4463/4648
f 4463/4648 4487/4673 4488/4674
f 4463/4648 4488/4674 4464/4649
f 4464/4649 4488/4674 4465/4675
f 4464/4649 4465/4675 4441/4650
f 4465/4651 4489/4676 4490/4677
f 4465/4651 4490/4677 4466/4652
f 4466/4652 4490/4677 4491/4678
f 4466/4652 4491/4678 4467/4653
f 4467/4653 4491/4678 4492/4679
f 4467/4653 4492/4679 4468/4654
f 4468/4654 4492/4679 4493/4680
f 4468/4654 4493/4680 4469/4655
f 4469/4655 4493/4680 4494/4681
f 4469/4655 4494/4681 4470/4656
f 4470/4656 4494/4681 4495/4682
f 4470/4656 4495/4682 4471/4657
f 4471/4657 4495/4682 4496/4683
f 4471/4657 4496/4683 4472/4658
f 4472/4658 4496/4683 4497/4684
f 4472/4658 4497/4684 4473/4659
f 4473/4659 4497/4684 4498/4685
f 4473/4659 4498/4685 4474/4660
f 4474/4660 4498/4685 4499/4686
f 4474/4660 4499/4686 4475/4661
f 4475/4661 4499/4686 4500/4687
f 4475/4661 4500/4687 4476/4662
f 4476/4662 4500/4687 4501/4688
f 4476/4662 4501/4688 4477/4663
f 4477/4663 4501/4688 4502/4689
f 4477/4663 4502/4689 4478/4664
f 4478/4664 4502/4689 4503/4690
f 4478/4664 4503/4690 4479/4665
f 4479/4665 4503/4690 4504/4691
f 4479/4665 4504/4691 4480/4666
f 4480/4666 4504/4691 4505/4692
f 4480/4666 4505/4692 4481/4667
f 4481/4667 4505/4692 4506/4693
f 4481/4667 4506/4693 4482/4668
f 4482/4668 4506/4693 4507/4694
f 4482/4668 4507/4694 4483/4669
f 4483/4669 4507/4694 4508/4695
f 4483/4669 4508/4695 4484/4670
f 4484/4670 4508/4695 4509/4696
f 4484/4670 4509/4696 4485/4671
f 4485/4671 4509/4696 4510/4697
f 4485/4671 4510/4697 4486/4672
f 4486/4672 4510/4697 4511/4698
f 4486/4672 4511/4698 4487/4673
f 4487/4673 4511/4698 4512/4699
f 4487/4673 4512/4699 4488/4674
f 4488/4674 4512/4699 4489/4700
f 4488/4674 4489/4700 4465/4675
f 4489/4676 4513/4701 4514/4702
f 4489/4676 4514/4702 4490/4677
f 4490/4677 4514/4702 4515/4703
f 4490/4677 4515/4703 4491/4678
f 4491/4678 4515/4703 4516/4704
f 4491/4678 4516/4704 4492/4679
f 4492/4679 4516/4704 4517/4705
f 4492/4679 4517/4705 4493/4680
f 4493/4680 4517/4705 4518/4706
f 4493/4680 4518/4706 4494/4681
f 4494/4681 4518/4706 4519/4707
f 4494/4681 4519/4707 4495/4682
f 4495/4682 4519/4707 4520/4708
f 4495/4682 4520/4708 4496/4683
f 4496/4683 4520/4708 4521/4709
f 4496/4683 4521/4709 4497/4684
f 4497/4684 4521/4709 4522/4710
f 4497/4684 4522/4710 4498/4685
f 4498/4685 4522/4710 4523/4711
f 4498/4685 4523/4711 4499/4686
f 4499/4686 4523/4711 4524/4712
f 4499/4686 4524/4712 4500/4687
f 4500/4687 4524/4712 4525/4713
f 4500/4687 4525/4713 4501/4688
f 4501/4688 4525/4713 4526/4714
f 4501/4688 4526/4714 4502/4689
f 4502/4689 4526/4714 4527/4715
f 4502/4689 4527/4715 4503/4690
f 4503/4690 4527/4715 4528/4716
f 4503/4690 4528/4716 4504/4691
f 4504/4691 4528/4716 4529/4717
f 4504/4691 4529/4717 4505/4692
f 4505/4692 4529/4717 4530/4718
f 4505/4692 4530/4718 4506/4693
f 4506/4693 4530/4718 4531/4719
f 4506/4693 4531/4719 4507/4694
f 4507/4694 4531/4719 4532/4720
f 4507/4694 4532/4720 4508/4695
f 4508/4695 4532/4720 4533/4721
f 4508/4695 4533/4721 4509/4696
f 4509/4696 4533/4721 4534/4722
f 4509/4696 4534/4722 4510/4697
f 4510/4697 4534/4722 4535/4723
f 4510/4697 4535/4723 4511/4698
f 4511/4698 4535/4723 4536/4724
f 4511/4698 4536/4724 4512/4699
f 4512/4699 4536/4724 4513/4725
f 4512/4699 4513/4725 4489/4700
f 4513/4701 4537/4726 4538/4727
f 4513/4701 4538/4727 4514/4702
f 4514/4702 4538/4727 4539/4728
f 4514/4702 4539/4728 4515/4703
f 4515/4703 4539/4728 4540/4729
f 4515/4703 4540/4729 4516/4704
f 4516/4704 4540/4729 4541/4730
f 4516/4704 4541/4730 4517/4705
f 4517/4705 4541/4730 4542/4731
f 4517/4705 4542/4731 4518/4706
f 4518/4706 4542/4731 4543/4732
f 4518/4706 4543/4732 4519/4707
f 4519/4707 4543/4732 4544/4733
f 4519/4707 4544/4733 4520/4708
f 4520/4708 4544/4733 4545/4734
f 4520/4708 4545/4734 4521/4709
f 4521/4709 4545/4734 4546/4735
f 4521/4709 4546/4735 4522/4710
f 4522/4710 4546/4735 4547/4736
f 4522/4710 4547/4736 4523/4711
f 4523/4711 4547/4736 4548/4737
f 4523/4711 4548/4737 4524/4712
f 4524/4712 4548/4737 4549/4738
f 4524/4712 4549/4738 4525/4713
f 4525/4713 4549/4738 4550/4739
f 4525/4713 4550/4739 4526/4714
f 4526/4714 4550/4739 4551/4740
f 4526/4714 4551/4740 4527/4715
f 4527/4715 4551/4740 4552/4741
f 4527/4715 4552/4741 4528/4716
f 4528/4716 4552/4741 4553/4742
f 4528/4716 4553/4742 4529/4717
f 4529/4717 4553/4742 4554/4743
f 4529/4717 4554/4743 4530/4718
f 4530/4718 4554/4743 4555/4744
f 4530/4718 4555/4744 4531/4719
f 4531/4719 4555/4744 4556/4745
f 4531/4719 4556/4745 4532/4720
f 4532/4720 4556/4745 4557/4746
f 4532/4720 4557/4746 4533/4721
f 4533/4721 4557/4746 4558/4747
f 4533/4721 4558/4747 4534/4722
f 4534/4722 4558/4747 4559/4748
f 4534/4722 4559/4748 4535/4723
f 4535/4723 4559/4748 4560/4749
f 4535/4723 4560/4749 4536/4724
f 4536/4724 4560/4749 4537/4750
f 4536/4724 4537/4750 4513/4725
f 4537/4726 4561/4751 4562/4752
f 4537/4726 4562/4752 4538/4727
f 4538/4727 4562/4752 4563/4753
f 4538/4727 4563/4753 4539/4728
f 4539/4728 4563/4753 4564/4754
f 4539/4728 4564/4754 4540/4729
f 4540/4729 4564/4754 4565/4755
f 4540/4729 4565/4755 4541/4730
f 4541/4730 4565/4755 4566/4756
f 4541/4730 4566/4756 4542/4731
f 4542/4731 4566/4756 4567/4757
f 4542/4731 4567/4757 4543/4732
f 4543/4732 4567/4757 4568/4758
f 4543/4732 4568/4758 4544/4733
f 4544/4733 4568/4758 4569/4759
f 4544/4733 4569/4759 4545/4734
f 4545/4734 4569/4759 4570/4760
f 4545/4734 4570/4760 4546/4735
f 4546/4735 4570/4760 4571/4761
f 4546/4735 4571/4761 4547/4736
f 4547/4736 4571/4761 4572/4762
f 4547/4736 4572/4762 4548/4737
f 4548/4737 4572/4762 4573/4763
f 4548/4737 4573/4763 4549/4738
f 4549/4738 4573/4763 4574/4764
f 4549/4738 4574/4764 4550/4739
f 4550/4739 4574/4764 4575/4765
f 4550/4739 4575/4765 4551/4740
f 4551/4740 4575/4765 4576/4766
f 4551/4740 4576/4766 4552/4741
f 4552/4741 4576/4766 4577/4767
f 4552/4741 4577/4767 4553/4742
f 4553/4742 4577/4767 4578/4768
f 4553/4742 4578/4768 4554/4743
f 4554/4743 4578/4768 4579/4769
f 4554/4743 4579/4769 4555/4744
f 4555/4744 4579/4769 4580/4770
f 4555/4744 4580/4770 4556/4745
f 4556/4745 4580/4770 4581/4771
f 4556/4745 4581/4771 4557/4746
f 4557/4746 4581/4771 4582/4772
f 4557/4746 4582/4772 4558/4747
f 4558/4747 4582/4772 4583/4773
f 4558/4747 4583/4773 4559/4748
f 4559/4748 4583/4773 4584/4774
f 4559/4748 4584/4774 4560/4749
f 4560/4749 4584/4774 4561/4775
f 4560/4749 4561/4775 4537/4750
f 4561/4751 4585/4776 4586/4777
f 4561/4751 4586/4777 4562/4752
f 4562/4752 4586/4777 4587/4778
f 4562/4752 4587/4778 4563/4753
f 4563/4753 4587/4778 4588/4779
f 4563/4753 4588/4779 4564/4754
f 4564/4754 4588/4779 4589/4780
f 4564/4754 4589/4780 4565/4755
f 4565/4755 4589/4780 4590/4781
f 4565/4755 4590/4781 4566/4756
f 4566/4756 4590/4781 4591/4782
f 4566/4756 4591/4782 4567/4757
f 4567/4757 4591/4782 4592/4783
f 4567/4757 4592/4783 4568/4758
f 4568/4758 4592/4783 4593/4784
f 4568/4758 4593/4784 4569/4759
f 4569/4759 4593/4784 4594/4785
f 4569/4759 4594/4785 4570/4760
f 4570/4760 4594/4785 4595/4786
f 4570/4760 4595/4786 4571/4761
f 4571/4761 4595/4786 4596/4787
f 4571/4761 4596/4787 4572/4762
f 4572/4762 4596/4787 4597/4788
f 4572/4762 4597/4788 4573/4763
f 4573/4763 4597/4788 4598/4789
f 4573/4763 4598/4789 4574/4764
f 4574/4764 4598/4789 4599/4790
f 4574/4764 4599/4790 4575/4765
f 4575/4765 4599/4790 4600/4791
f 4575/4765 4600/4791 4576/4766
f 4576/4766 4600/4791 4601/4792
f 4576/4766 4601/4792 4577/4767
f 4577/4767 4601/4792 4602/4793
f 4577/4767 4602/4793 4578/4768
f 4578/4768 4602/4793 4603/4794
f 4578/4768 4603/4794 4579/4769
f 4579/4769 4603/4794 4604/4795
f 4579/4769 4604/4795 4580/4770
f 4580/4770 4604/4795 4605/4796
f 4580/4770 4605/4796 4581/4771
f 4581/4771 4605/4796 4606/4797
f 4581/4771 4606/4797 4582/4772
f 4582/4772 4606/4797 4607/4798
f 4582/4772 4607/4798 4583/4773
f 4583/4773 4607/4798 4608/4799
f 4583/4773 4608/4799 4584/4774
f 4584/4774 4608/4799 4585/4800
f 4584/4774 4585/4800 4561/4775
f 4585/4776 1/4801 2/4802
f 4585/4776 2/4802 4586/4777
f 4586/4777 2/4802 3/4803
f 4586/4777 3/4803 4587/4778
f 4587/4778 3/4803 4/4804
f 4587/4778 4/4804 4588/4779
f 4588/4779 4/4804 5/4805
f 4588/4779 5/4805 4589/4780
f 4589/4780 5/4805 6/4806
f 4589/4780 6/4806 4590/4781
f 4590/4781 6/4806 7/4807
f 4590/4781 7/4807 4591/4782
f 4591/4782 7/4807 8/4808
f 4591/4782 8/4808 4592/4783
f 4592/4783 8/4808 9/4809
f 4592/4783 9/4809 4593/4784
f 4593/4784 9/4809 10/4810
f 4593/4784 10/4810 4594/4785
f 4594/4785 10/4810 11/4811
f 4594/4785 11/4811 4595/4786
f 4595/4786 11/4811 12/4812
f 4595/4786 12/4812 4596/4787
f 4596/4787 12/4812 13/4813
f 4596/4787 13/4813 4597/4788
f 4597/4788 13/4813 14/4814
f 4597/4788 14/4814 4598/4789
f 4598/4789 14/4814 15/4815
f 4598/4789 15/4815 4599/4790
f 4599/4790 15/4815 16/4816
f 4599/4790 16/4816 4600/4791
f 4600/4791 16/4816 17/4817
f 4600/4791 17/4817 4601/4792
f 4601/4792 17/4817 18/4818
f 4601/4792 18/4818 4602/4793
f 4602/4793 18/4818 19/4819
f 4602/4793 19/4819 4603/4794
f 4603/4794 19/4819 20/4820
f 4603/4794 20/4820 4604/4795
f 4604/4795 20/4820 21/4821
f 4604/4795 21/4821 4605/4796
f 4605/4796 21/4821 22/4822
f 4605/4796 22/4822 4606/4797
f 4606/4797 22/4822 23/4823
f 4606/4797 23/4823 4607/4798
f 4607/4798 23/4823 24/4824
f 4607/4798 24/4824 4608/4799
f 4608/4799 24/4824 1/4825
f 4608/4799 1/4825 4585/4800
